item,price_date,yield_pct
10年期,2023-01-03,3.79
1年期,2023-01-03,4.72
20年期,2023-01-03,4.06
2年期,2023-01-03,4.4
30年期,2023-01-03,3.88
5年期,2023-01-03,3.94
10年期,2023-01-04,3.69
1年期,2023-01-04,4.71
20年期,2023-01-04,3.97
2年期,2023-01-04,4.36
30年期,2023-01-04,3.81
5年期,2023-01-04,3.85
10年期,2023-01-05,3.71
1年期,2023-01-05,4.78
20年期,2023-01-05,3.96
2年期,2023-01-05,4.45
30年期,2023-01-05,3.78
5年期,2023-01-05,3.9
10年期,2023-01-06,3.55
1年期,2023-01-06,4.71
20年期,2023-01-06,3.84
2年期,2023-01-06,4.24
30年期,2023-01-06,3.67
5年期,2023-01-06,3.69
10年期,2023-01-09,3.53
1年期,2023-01-09,4.69
20年期,2023-01-09,3.83
2年期,2023-01-09,4.19
30年期,2023-01-09,3.66
5年期,2023-01-09,3.66
10年期,2023-01-10,3.61
1年期,2023-01-10,4.74
20年期,2023-01-10,3.91
2年期,2023-01-10,4.24
30年期,2023-01-10,3.74
5年期,2023-01-10,3.72
10年期,2023-01-11,3.54
1年期,2023-01-11,4.73
20年期,2023-01-11,3.84
2年期,2023-01-11,4.2
30年期,2023-01-11,3.67
5年期,2023-01-11,3.66
10年期,2023-01-12,3.43
1年期,2023-01-12,4.66
20年期,2023-01-12,3.73
2年期,2023-01-12,4.12
30年期,2023-01-12,3.56
5年期,2023-01-12,3.53
10年期,2023-01-13,3.49
1年期,2023-01-13,4.69
20年期,2023-01-13,3.79
2年期,2023-01-13,4.22
30年期,2023-01-13,3.61
5年期,2023-01-13,3.6
10年期,2023-01-17,3.53
1年期,2023-01-17,4.67
20年期,2023-01-17,3.81
2年期,2023-01-17,4.18
30年期,2023-01-17,3.64
5年期,2023-01-17,3.6
10年期,2023-01-18,3.37
1年期,2023-01-18,4.63
20年期,2023-01-18,3.65
2年期,2023-01-18,4.06
30年期,2023-01-18,3.54
5年期,2023-01-18,3.43
10年期,2023-01-19,3.39
1年期,2023-01-19,4.65
20年期,2023-01-19,3.69
2年期,2023-01-19,4.09
30年期,2023-01-19,3.57
5年期,2023-01-19,3.48
10年期,2023-01-20,3.48
1年期,2023-01-20,4.68
20年期,2023-01-20,3.77
2年期,2023-01-20,4.14
30年期,2023-01-20,3.66
5年期,2023-01-20,3.56
10年期,2023-01-23,3.52
1年期,2023-01-23,4.7
20年期,2023-01-23,3.8
2年期,2023-01-23,4.21
30年期,2023-01-23,3.69
5年期,2023-01-23,3.61
10年期,2023-01-24,3.46
1年期,2023-01-24,4.7
20年期,2023-01-24,3.73
2年期,2023-01-24,4.12
30年期,2023-01-24,3.62
5年期,2023-01-24,3.58
10年期,2023-01-25,3.46
1年期,2023-01-25,4.67
20年期,2023-01-25,3.74
2年期,2023-01-25,4.11
30年期,2023-01-25,3.62
5年期,2023-01-25,3.54
10年期,2023-01-26,3.49
1年期,2023-01-26,4.68
20年期,2023-01-26,3.75
2年期,2023-01-26,4.17
30年期,2023-01-26,3.62
5年期,2023-01-26,3.58
10年期,2023-01-27,3.52
1年期,2023-01-27,4.68
20年期,2023-01-27,3.77
2年期,2023-01-27,4.19
30年期,2023-01-27,3.64
5年期,2023-01-27,3.62
10年期,2023-01-30,3.55
1年期,2023-01-30,4.71
20年期,2023-01-30,3.79
2年期,2023-01-30,4.25
30年期,2023-01-30,3.66
5年期,2023-01-30,3.68
10年期,2023-01-31,3.52
1年期,2023-01-31,4.68
20年期,2023-01-31,3.78
2年期,2023-01-31,4.21
30年期,2023-01-31,3.65
5年期,2023-01-31,3.63
10年期,2023-02-01,3.39
1年期,2023-02-01,4.66
20年期,2023-02-01,3.67
2年期,2023-02-01,4.09
30年期,2023-02-01,3.55
5年期,2023-02-01,3.48
10年期,2023-02-02,3.4
1年期,2023-02-02,4.64
20年期,2023-02-02,3.67
2年期,2023-02-02,4.09
30年期,2023-02-02,3.55
5年期,2023-02-02,3.49
10年期,2023-02-03,3.53
1年期,2023-02-03,4.79
20年期,2023-02-03,3.77
2年期,2023-02-03,4.3
30年期,2023-02-03,3.63
5年期,2023-02-03,3.67
10年期,2023-02-06,3.63
1年期,2023-02-06,4.85
20年期,2023-02-06,3.82
2年期,2023-02-06,4.44
30年期,2023-02-06,3.67
5年期,2023-02-06,3.81
10年期,2023-02-07,3.67
1年期,2023-02-07,4.88
20年期,2023-02-07,3.87
2年期,2023-02-07,4.47
30年期,2023-02-07,3.72
5年期,2023-02-07,3.85
10年期,2023-02-08,3.63
1年期,2023-02-08,4.87
20年期,2023-02-08,3.86
2年期,2023-02-08,4.45
30年期,2023-02-08,3.7
5年期,2023-02-08,3.82
10年期,2023-02-09,3.67
1年期,2023-02-09,4.88
20年期,2023-02-09,3.9
2年期,2023-02-09,4.48
30年期,2023-02-09,3.75
5年期,2023-02-09,3.87
10年期,2023-02-10,3.74
1年期,2023-02-10,4.89
20年期,2023-02-10,3.96
2年期,2023-02-10,4.5
30年期,2023-02-10,3.83
5年期,2023-02-10,3.93
10年期,2023-02-13,3.72
1年期,2023-02-13,4.91
20年期,2023-02-13,3.92
2年期,2023-02-13,4.52
30年期,2023-02-13,3.79
5年期,2023-02-13,3.93
10年期,2023-02-14,3.77
1年期,2023-02-14,4.99
20年期,2023-02-14,3.94
2年期,2023-02-14,4.6
30年期,2023-02-14,3.81
5年期,2023-02-14,4.0
10年期,2023-02-15,3.81
1年期,2023-02-15,4.96
20年期,2023-02-15,3.97
2年期,2023-02-15,4.62
30年期,2023-02-15,3.85
5年期,2023-02-15,4.04
10年期,2023-02-16,3.86
1年期,2023-02-16,4.99
20年期,2023-02-16,4.05
2年期,2023-02-16,4.62
30年期,2023-02-16,3.92
5年期,2023-02-16,4.06
10年期,2023-02-17,3.82
1年期,2023-02-17,5.0
20年期,2023-02-17,4.01
2年期,2023-02-17,4.6
30年期,2023-02-17,3.88
5年期,2023-02-17,4.03
10年期,2023-02-21,3.95
1年期,2023-02-21,5.07
20年期,2023-02-21,4.12
2年期,2023-02-21,4.67
30年期,2023-02-21,3.98
5年期,2023-02-21,4.16
10年期,2023-02-22,3.93
1年期,2023-02-22,5.07
20年期,2023-02-22,4.09
2年期,2023-02-22,4.66
30年期,2023-02-22,3.94
5年期,2023-02-22,4.13
10年期,2023-02-23,3.88
1年期,2023-02-23,5.03
20年期,2023-02-23,4.04
2年期,2023-02-23,4.66
30年期,2023-02-23,3.88
5年期,2023-02-23,4.09
10年期,2023-02-24,3.95
1年期,2023-02-24,5.05
20年期,2023-02-24,4.11
2年期,2023-02-24,4.78
30年期,2023-02-24,3.93
5年期,2023-02-24,4.19
10年期,2023-02-27,3.92
1年期,2023-02-27,5.03
20年期,2023-02-27,4.11
2年期,2023-02-27,4.78
30年期,2023-02-27,3.93
5年期,2023-02-27,4.17
10年期,2023-02-28,3.92
1年期,2023-02-28,5.02
20年期,2023-02-28,4.1
2年期,2023-02-28,4.81
30年期,2023-02-28,3.93
5年期,2023-02-28,4.18
10年期,2023-03-01,4.01
1年期,2023-03-01,5.06
20年期,2023-03-01,4.17
2年期,2023-03-01,4.89
30年期,2023-03-01,3.97
5年期,2023-03-01,4.27
10年期,2023-03-02,4.08
1年期,2023-03-02,5.04
20年期,2023-03-02,4.24
2年期,2023-03-02,4.89
30年期,2023-03-02,4.03
5年期,2023-03-02,4.32
10年期,2023-03-03,3.97
1年期,2023-03-03,5.03
20年期,2023-03-03,4.12
2年期,2023-03-03,4.86
30年期,2023-03-03,3.9
5年期,2023-03-03,4.26
10年期,2023-03-06,3.98
1年期,2023-03-06,5.05
20年期,2023-03-06,4.14
2年期,2023-03-06,4.89
30年期,2023-03-06,3.92
5年期,2023-03-06,4.27
10年期,2023-03-07,3.97
1年期,2023-03-07,5.22
20年期,2023-03-07,4.11
2年期,2023-03-07,5.0
30年期,2023-03-07,3.88
5年期,2023-03-07,4.31
10年期,2023-03-08,3.98
1年期,2023-03-08,5.25
20年期,2023-03-08,4.11
2年期,2023-03-08,5.05
30年期,2023-03-08,3.88
5年期,2023-03-08,4.34
10年期,2023-03-09,3.93
1年期,2023-03-09,5.18
20年期,2023-03-09,4.09
2年期,2023-03-09,4.9
30年期,2023-03-09,3.88
5年期,2023-03-09,4.22
10年期,2023-03-10,3.7
1年期,2023-03-10,4.9
20年期,2023-03-10,3.9
2年期,2023-03-10,4.6
30年期,2023-03-10,3.7
5年期,2023-03-10,3.96
10年期,2023-03-13,3.55
1年期,2023-03-13,4.3
20年期,2023-03-13,3.85
2年期,2023-03-13,4.03
30年期,2023-03-13,3.7
5年期,2023-03-13,3.68
10年期,2023-03-14,3.64
1年期,2023-03-14,4.45
20年期,2023-03-14,3.91
2年期,2023-03-14,4.2
30年期,2023-03-14,3.77
5年期,2023-03-14,3.78
10年期,2023-03-15,3.51
1年期,2023-03-15,4.19
20年期,2023-03-15,3.82
2年期,2023-03-15,3.93
30年期,2023-03-15,3.7
5年期,2023-03-15,3.59
10年期,2023-03-16,3.56
1年期,2023-03-16,4.49
20年期,2023-03-16,3.87
2年期,2023-03-16,4.14
30年期,2023-03-16,3.71
5年期,2023-03-16,3.72
10年期,2023-03-17,3.39
1年期,2023-03-17,4.26
20年期,2023-03-17,3.76
2年期,2023-03-17,3.81
30年期,2023-03-17,3.6
5年期,2023-03-17,3.44
10年期,2023-03-20,3.47
1年期,2023-03-20,4.34
20年期,2023-03-20,3.83
2年期,2023-03-20,3.92
30年期,2023-03-20,3.65
5年期,2023-03-20,3.56
10年期,2023-03-21,3.59
1年期,2023-03-21,4.68
20年期,2023-03-21,3.9
2年期,2023-03-21,4.17
30年期,2023-03-21,3.73
5年期,2023-03-21,3.73
10年期,2023-03-22,3.48
1年期,2023-03-22,4.56
20年期,2023-03-22,3.83
2年期,2023-03-22,3.96
30年期,2023-03-22,3.68
5年期,2023-03-22,3.54
10年期,2023-03-23,3.38
1年期,2023-03-23,4.38
20年期,2023-03-23,3.78
2年期,2023-03-23,3.76
30年期,2023-03-23,3.66
5年期,2023-03-23,3.39
10年期,2023-03-24,3.38
1年期,2023-03-24,4.32
20年期,2023-03-24,3.77
2年期,2023-03-24,3.76
30年期,2023-03-24,3.64
5年期,2023-03-24,3.41
10年期,2023-03-27,3.53
1年期,2023-03-27,4.51
20年期,2023-03-27,3.9
2年期,2023-03-27,3.94
30年期,2023-03-27,3.77
5年期,2023-03-27,3.59
10年期,2023-03-28,3.55
1年期,2023-03-28,4.55
20年期,2023-03-28,3.9
2年期,2023-03-28,4.02
30年期,2023-03-28,3.77
5年期,2023-03-28,3.63
10年期,2023-03-29,3.57
1年期,2023-03-29,4.59
20年期,2023-03-29,3.91
2年期,2023-03-29,4.08
30年期,2023-03-29,3.78
5年期,2023-03-29,3.67
10年期,2023-03-30,3.55
1年期,2023-03-30,4.63
20年期,2023-03-30,3.88
2年期,2023-03-30,4.1
30年期,2023-03-30,3.74
5年期,2023-03-30,3.66
10年期,2023-03-31,3.48
1年期,2023-03-31,4.64
20年期,2023-03-31,3.81
2年期,2023-03-31,4.06
30年期,2023-03-31,3.67
5年期,2023-03-31,3.6
10年期,2023-04-03,3.43
1年期,2023-04-03,4.6
20年期,2023-04-03,3.78
2年期,2023-04-03,3.97
30年期,2023-04-03,3.64
5年期,2023-04-03,3.52
10年期,2023-04-04,3.35
1年期,2023-04-04,4.5
20年期,2023-04-04,3.72
2年期,2023-04-04,3.84
30年期,2023-04-04,3.6
5年期,2023-04-04,3.39
10年期,2023-04-05,3.3
1年期,2023-04-05,4.43
20年期,2023-04-05,3.67
2年期,2023-04-05,3.79
30年期,2023-04-05,3.56
5年期,2023-04-05,3.36
10年期,2023-04-06,3.3
1年期,2023-04-06,4.51
20年期,2023-04-06,3.66
2年期,2023-04-06,3.82
30年期,2023-04-06,3.54
5年期,2023-04-06,3.37
10年期,2023-04-07,3.39
1年期,2023-04-07,4.61
20年期,2023-04-07,3.73
2年期,2023-04-07,3.97
30年期,2023-04-07,3.61
5年期,2023-04-07,3.49
10年期,2023-04-10,3.41
1年期,2023-04-10,4.65
20年期,2023-04-10,3.74
2年期,2023-04-10,4.0
30年期,2023-04-10,3.62
5年期,2023-04-10,3.52
10年期,2023-04-11,3.43
1年期,2023-04-11,4.67
20年期,2023-04-11,3.75
2年期,2023-04-11,4.03
30年期,2023-04-11,3.62
5年期,2023-04-11,3.54
10年期,2023-04-12,3.41
1年期,2023-04-12,4.64
20年期,2023-04-12,3.75
2年期,2023-04-12,3.95
30年期,2023-04-12,3.64
5年期,2023-04-12,3.46
10年期,2023-04-13,3.45
1年期,2023-04-13,4.66
20年期,2023-04-13,3.8
2年期,2023-04-13,3.96
30年期,2023-04-13,3.69
5年期,2023-04-13,3.51
10年期,2023-04-14,3.52
1年期,2023-04-14,4.77
20年期,2023-04-14,3.85
2年期,2023-04-14,4.08
30年期,2023-04-14,3.74
5年期,2023-04-14,3.6
10年期,2023-04-17,3.6
1年期,2023-04-17,4.8
20年期,2023-04-17,3.92
2年期,2023-04-17,4.18
30年期,2023-04-17,3.81
5年期,2023-04-17,3.69
10年期,2023-04-18,3.58
1年期,2023-04-18,4.81
20年期,2023-04-18,3.91
2年期,2023-04-18,4.19
30年期,2023-04-18,3.79
5年期,2023-04-18,3.69
10年期,2023-04-19,3.6
1年期,2023-04-19,4.84
20年期,2023-04-19,3.9
2年期,2023-04-19,4.24
30年期,2023-04-19,3.79
5年期,2023-04-19,3.71
10年期,2023-04-20,3.54
1年期,2023-04-20,4.77
20年期,2023-04-20,3.87
2年期,2023-04-20,4.14
30年期,2023-04-20,3.75
5年期,2023-04-20,3.63
10年期,2023-04-21,3.57
1年期,2023-04-21,4.78
20年期,2023-04-21,3.9
2年期,2023-04-21,4.17
30年期,2023-04-21,3.78
5年期,2023-04-21,3.66
10年期,2023-04-24,3.52
1年期,2023-04-24,4.76
20年期,2023-04-24,3.85
2年期,2023-04-24,4.12
30年期,2023-04-24,3.73
5年期,2023-04-24,3.6
10年期,2023-04-25,3.4
1年期,2023-04-25,4.6
20年期,2023-04-25,3.77
2年期,2023-04-25,3.86
30年期,2023-04-25,3.65
5年期,2023-04-25,3.43
10年期,2023-04-26,3.43
1年期,2023-04-26,4.64
20年期,2023-04-26,3.81
2年期,2023-04-26,3.9
30年期,2023-04-26,3.7
5年期,2023-04-26,3.46
10年期,2023-04-27,3.53
1年期,2023-04-27,4.78
20年期,2023-04-27,3.88
2年期,2023-04-27,4.07
30年期,2023-04-27,3.76
5年期,2023-04-27,3.6
10年期,2023-04-28,3.44
1年期,2023-04-28,4.8
20年期,2023-04-28,3.8
2年期,2023-04-28,4.04
30年期,2023-04-28,3.67
5年期,2023-04-28,3.51
10年期,2023-05-01,3.59
1年期,2023-05-01,4.86
20年期,2023-05-01,3.95
2年期,2023-05-01,4.14
30年期,2023-05-01,3.84
5年期,2023-05-01,3.64
10年期,2023-05-02,3.44
1年期,2023-05-02,4.74
20年期,2023-05-02,3.82
2年期,2023-05-02,3.97
30年期,2023-05-02,3.72
5年期,2023-05-02,3.46
10年期,2023-05-03,3.38
1年期,2023-05-03,4.7
20年期,2023-05-03,3.79
30年期,2023-05-03,3.7
5年期,2023-05-03,3.37
10年期,2023-05-04,3.37
1年期,2023-05-04,4.59
20年期,2023-05-04,3.8
2年期,2023-05-04,3.75
30年期,2023-05-04,3.73
5年期,2023-05-04,3.29
10年期,2023-05-05,3.44
1年期,2023-05-05,4.73
20年期,2023-05-05,3.85
2年期,2023-05-05,3.92
30年期,2023-05-05,3.76
5年期,2023-05-05,3.41
10年期,2023-05-08,3.52
1年期,2023-05-08,4.79
20年期,2023-05-08,3.92
2年期,2023-05-08,4.0
30年期,2023-05-08,3.84
5年期,2023-05-08,3.49
10年期,2023-05-09,3.53
1年期,2023-05-09,4.81
20年期,2023-05-09,3.94
2年期,2023-05-09,4.01
30年期,2023-05-09,3.85
5年期,2023-05-09,3.51
10年期,2023-05-10,3.43
1年期,2023-05-10,4.7
20年期,2023-05-10,3.88
2年期,2023-05-10,3.9
30年期,2023-05-10,3.8
5年期,2023-05-10,3.37
10年期,2023-05-11,3.39
1年期,2023-05-11,4.7
20年期,2023-05-11,3.82
2年期,2023-05-11,3.89
30年期,2023-05-11,3.73
5年期,2023-05-11,3.36
10年期,2023-05-12,3.46
1年期,2023-05-12,4.75
20年期,2023-05-12,3.87
2年期,2023-05-12,3.98
30年期,2023-05-12,3.78
5年期,2023-05-12,3.45
10年期,2023-05-15,3.5
1年期,2023-05-15,4.73
20年期,2023-05-15,3.92
2年期,2023-05-15,3.99
30年期,2023-05-15,3.84
5年期,2023-05-15,3.46
10年期,2023-05-16,3.54
1年期,2023-05-16,4.88
20年期,2023-05-16,3.96
2年期,2023-05-16,4.06
30年期,2023-05-16,3.87
5年期,2023-05-16,3.52
10年期,2023-05-17,3.57
1年期,2023-05-17,4.92
20年期,2023-05-17,3.96
2年期,2023-05-17,4.12
30年期,2023-05-17,3.88
5年期,2023-05-17,3.58
10年期,2023-05-18,3.65
1年期,2023-05-18,5.02
20年期,2023-05-18,4.02
2年期,2023-05-18,4.24
30年期,2023-05-18,3.91
5年期,2023-05-18,3.69
10年期,2023-05-19,3.7
1年期,2023-05-19,5.02
20年期,2023-05-19,4.07
2年期,2023-05-19,4.28
30年期,2023-05-19,3.95
5年期,2023-05-19,3.76
10年期,2023-05-22,3.72
1年期,2023-05-22,5.07
20年期,2023-05-22,4.09
2年期,2023-05-22,4.29
30年期,2023-05-22,3.97
5年期,2023-05-22,3.77
10年期,2023-05-23,3.7
1年期,2023-05-23,5.06
20年期,2023-05-23,4.08
2年期,2023-05-23,4.26
30年期,2023-05-23,3.96
5年期,2023-05-23,3.76
10年期,2023-05-24,3.73
1年期,2023-05-24,5.12
20年期,2023-05-24,4.1
2年期,2023-05-24,4.31
30年期,2023-05-24,3.97
5年期,2023-05-24,3.75
10年期,2023-05-25,3.83
1年期,2023-05-25,5.24
20年期,2023-05-25,4.16
2年期,2023-05-25,4.5
30年期,2023-05-25,4.01
5年期,2023-05-25,3.9
10年期,2023-05-26,3.8
1年期,2023-05-26,5.25
20年期,2023-05-26,4.13
2年期,2023-05-26,4.54
30年期,2023-05-26,3.96
5年期,2023-05-26,3.92
10年期,2023-05-30,3.69
1年期,2023-05-30,5.22
20年期,2023-05-30,4.06
2年期,2023-05-30,4.46
30年期,2023-05-30,3.9
5年期,2023-05-30,3.81
10年期,2023-05-31,3.64
1年期,2023-05-31,5.18
20年期,2023-05-31,4.01
2年期,2023-05-31,4.4
30年期,2023-05-31,3.85
5年期,2023-05-31,3.74
10年期,2023-06-01,3.61
1年期,2023-06-01,5.11
20年期,2023-06-01,3.98
2年期,2023-06-01,4.33
30年期,2023-06-01,3.84
5年期,2023-06-01,3.7
10年期,2023-06-02,3.69
1年期,2023-06-02,5.22
20年期,2023-06-02,4.03
2年期,2023-06-02,4.5
30年期,2023-06-02,3.88
5年期,2023-06-02,3.84
10年期,2023-06-05,3.69
1年期,2023-06-05,5.17
20年期,2023-06-05,4.03
2年期,2023-06-05,4.46
30年期,2023-06-05,3.89
5年期,2023-06-05,3.82
10年期,2023-06-06,3.7
1年期,2023-06-06,5.2
20年期,2023-06-06,4.02
2年期,2023-06-06,4.51
30年期,2023-06-06,3.87
5年期,2023-06-06,3.85
10年期,2023-06-07,3.79
1年期,2023-06-07,5.16
20年期,2023-06-07,4.12
2年期,2023-06-07,4.56
30年期,2023-06-07,3.95
5年期,2023-06-07,3.93
10年期,2023-06-08,3.73
1年期,2023-06-08,5.12
20年期,2023-06-08,4.05
2年期,2023-06-08,4.52
30年期,2023-06-08,3.89
5年期,2023-06-08,3.87
10年期,2023-06-09,3.75
1年期,2023-06-09,5.17
20年期,2023-06-09,4.05
2年期,2023-06-09,4.59
30年期,2023-06-09,3.89
5年期,2023-06-09,3.92
10年期,2023-06-12,3.73
1年期,2023-06-12,5.18
20年期,2023-06-12,4.04
2年期,2023-06-12,4.55
30年期,2023-06-12,3.87
5年期,2023-06-12,3.89
10年期,2023-06-13,3.84
1年期,2023-06-13,5.26
20年期,2023-06-13,4.12
2年期,2023-06-13,4.67
30年期,2023-06-13,3.94
5年期,2023-06-13,4.01
10年期,2023-06-14,3.83
1年期,2023-06-14,5.27
20年期,2023-06-14,4.09
2年期,2023-06-14,4.74
30年期,2023-06-14,3.9
5年期,2023-06-14,4.06
10年期,2023-06-15,3.72
1年期,2023-06-15,5.21
20年期,2023-06-15,4.02
2年期,2023-06-15,4.62
30年期,2023-06-15,3.85
5年期,2023-06-15,3.91
10年期,2023-06-16,3.77
1年期,2023-06-16,5.24
20年期,2023-06-16,4.05
2年期,2023-06-16,4.7
30年期,2023-06-16,3.86
5年期,2023-06-16,3.99
10年期,2023-06-20,3.74
1年期,2023-06-20,5.24
20年期,2023-06-20,4.01
2年期,2023-06-20,4.68
30年期,2023-06-20,3.83
5年期,2023-06-20,3.96
10年期,2023-06-21,3.72
1年期,2023-06-21,5.25
20年期,2023-06-21,3.99
2年期,2023-06-21,4.68
30年期,2023-06-21,3.81
5年期,2023-06-21,3.95
10年期,2023-06-22,3.8
1年期,2023-06-22,5.29
20年期,2023-06-22,4.06
2年期,2023-06-22,4.77
30年期,2023-06-22,3.88
5年期,2023-06-22,4.03
10年期,2023-06-23,3.74
1年期,2023-06-23,5.25
20年期,2023-06-23,4.01
2年期,2023-06-23,4.71
30年期,2023-06-23,3.82
5年期,2023-06-23,3.99
10年期,2023-06-26,3.72
1年期,2023-06-26,5.27
20年期,2023-06-26,4.01
2年期,2023-06-26,4.65
30年期,2023-06-26,3.83
5年期,2023-06-26,3.96
10年期,2023-06-27,3.77
1年期,2023-06-27,5.33
20年期,2023-06-27,4.03
2年期,2023-06-27,4.74
30年期,2023-06-27,3.84
5年期,2023-06-27,4.02
10年期,2023-06-28,3.71
1年期,2023-06-28,5.32
20年期,2023-06-28,4.0
2年期,2023-06-28,4.71
30年期,2023-06-28,3.81
5年期,2023-06-28,3.97
10年期,2023-06-29,3.85
1年期,2023-06-29,5.41
20年期,2023-06-29,4.11
2年期,2023-06-29,4.87
30年期,2023-06-29,3.92
5年期,2023-06-29,4.14
10年期,2023-06-30,3.81
1年期,2023-06-30,5.4
20年期,2023-06-30,4.06
2年期,2023-06-30,4.87
30年期,2023-06-30,3.85
5年期,2023-06-30,4.13
10年期,2023-07-03,3.86
1年期,2023-07-03,5.43
20年期,2023-07-03,4.08
2年期,2023-07-03,4.94
30年期,2023-07-03,3.87
5年期,2023-07-03,4.19
10年期,2023-07-05,3.95
1年期,2023-07-05,5.4
20年期,2023-07-05,4.17
2年期,2023-07-05,4.94
30年期,2023-07-05,3.95
5年期,2023-07-05,4.25
10年期,2023-07-06,4.05
1年期,2023-07-06,5.44
20年期,2023-07-06,4.23
2年期,2023-07-06,4.99
30年期,2023-07-06,4.01
5年期,2023-07-06,4.37
10年期,2023-07-07,4.06
1年期,2023-07-07,5.41
20年期,2023-07-07,4.27
2年期,2023-07-07,4.94
30年期,2023-07-07,4.05
5年期,2023-07-07,4.35
10年期,2023-07-10,4.01
1年期,2023-07-10,5.38
20年期,2023-07-10,4.24
2年期,2023-07-10,4.85
30年期,2023-07-10,4.05
5年期,2023-07-10,4.25
10年期,2023-07-11,3.99
1年期,2023-07-11,5.44
20年期,2023-07-11,4.22
2年期,2023-07-11,4.88
30年期,2023-07-11,4.03
5年期,2023-07-11,4.24
10年期,2023-07-12,3.86
1年期,2023-07-12,5.35
20年期,2023-07-12,4.14
2年期,2023-07-12,4.72
30年期,2023-07-12,3.96
5年期,2023-07-12,4.07
10年期,2023-07-13,3.76
1年期,2023-07-13,5.27
20年期,2023-07-13,4.07
2年期,2023-07-13,4.59
30年期,2023-07-13,3.9
5年期,2023-07-13,3.93
10年期,2023-07-14,3.83
1年期,2023-07-14,5.34
20年期,2023-07-14,4.11
2年期,2023-07-14,4.74
30年期,2023-07-14,3.93
5年期,2023-07-14,4.04
10年期,2023-07-17,3.81
1年期,2023-07-17,5.33
20年期,2023-07-17,4.1
2年期,2023-07-17,4.74
30年期,2023-07-17,3.94
5年期,2023-07-17,4.02
10年期,2023-07-18,3.8
1年期,2023-07-18,5.32
20年期,2023-07-18,4.08
2年期,2023-07-18,4.74
30年期,2023-07-18,3.91
5年期,2023-07-18,4.0
10年期,2023-07-19,3.75
1年期,2023-07-19,5.32
20年期,2023-07-19,4.01
2年期,2023-07-19,4.74
30年期,2023-07-19,3.84
5年期,2023-07-19,3.98
10年期,2023-07-20,3.85
1年期,2023-07-20,5.35
20年期,2023-07-20,4.1
2年期,2023-07-20,4.8
30年期,2023-07-20,3.91
5年期,2023-07-20,4.08
10年期,2023-07-21,3.84
1年期,2023-07-21,5.35
20年期,2023-07-21,4.1
2年期,2023-07-21,4.82
30年期,2023-07-21,3.91
5年期,2023-07-21,4.09
10年期,2023-07-24,3.86
1年期,2023-07-24,5.38
20年期,2023-07-24,4.11
2年期,2023-07-24,4.81
30年期,2023-07-24,3.92
5年期,2023-07-24,4.13
10年期,2023-07-25,3.91
1年期,2023-07-25,5.38
20年期,2023-07-25,4.14
2年期,2023-07-25,4.85
30年期,2023-07-25,3.95
5年期,2023-07-25,4.15
10年期,2023-07-26,3.86
1年期,2023-07-26,5.37
20年期,2023-07-26,4.12
2年期,2023-07-26,4.82
30年期,2023-07-26,3.94
5年期,2023-07-26,4.09
10年期,2023-07-27,4.01
1年期,2023-07-27,5.4
20年期,2023-07-27,4.26
2年期,2023-07-27,4.91
30年期,2023-07-27,4.06
5年期,2023-07-27,4.24
10年期,2023-07-28,3.96
1年期,2023-07-28,5.37
20年期,2023-07-28,4.22
2年期,2023-07-28,4.87
30年期,2023-07-28,4.03
5年期,2023-07-28,4.18
10年期,2023-07-31,3.97
1年期,2023-07-31,5.37
20年期,2023-07-31,4.22
2年期,2023-07-31,4.88
30年期,2023-07-31,4.02
5年期,2023-07-31,4.18
10年期,2023-08-01,4.05
1年期,2023-08-01,5.38
20年期,2023-08-01,4.3
2年期,2023-08-01,4.92
30年期,2023-08-01,4.11
5年期,2023-08-01,4.24
10年期,2023-08-02,4.08
1年期,2023-08-02,5.36
20年期,2023-08-02,4.35
2年期,2023-08-02,4.88
30年期,2023-08-02,4.17
5年期,2023-08-02,4.24
10年期,2023-08-03,4.2
1年期,2023-08-03,5.37
20年期,2023-08-03,4.49
2年期,2023-08-03,4.9
30年期,2023-08-03,4.32
5年期,2023-08-03,4.3
10年期,2023-08-04,4.05
1年期,2023-08-04,5.33
20年期,2023-08-04,4.36
2年期,2023-08-04,4.78
30年期,2023-08-04,4.21
5年期,2023-08-04,4.15
10年期,2023-08-07,4.09
1年期,2023-08-07,5.3
20年期,2023-08-07,4.42
2年期,2023-08-07,4.76
30年期,2023-08-07,4.27
5年期,2023-08-07,4.16
10年期,2023-08-08,4.02
1年期,2023-08-08,5.35
20年期,2023-08-08,4.35
2年期,2023-08-08,4.74
30年期,2023-08-08,4.2
5年期,2023-08-08,4.1
10年期,2023-08-09,4.0
1年期,2023-08-09,5.35
20年期,2023-08-09,4.33
2年期,2023-08-09,4.79
30年期,2023-08-09,4.18
5年期,2023-08-09,4.12
10年期,2023-08-10,4.09
1年期,2023-08-10,5.33
20年期,2023-08-10,4.41
2年期,2023-08-10,4.82
30年期,2023-08-10,4.24
5年期,2023-08-10,4.21
10年期,2023-08-11,4.16
1年期,2023-08-11,5.36
20年期,2023-08-11,4.45
2年期,2023-08-11,4.89
30年期,2023-08-11,4.27
5年期,2023-08-11,4.31
10年期,2023-08-14,4.19
1年期,2023-08-14,5.37
20年期,2023-08-14,4.46
2年期,2023-08-14,4.96
30年期,2023-08-14,4.29
5年期,2023-08-14,4.36
10年期,2023-08-15,4.21
1年期,2023-08-15,5.36
20年期,2023-08-15,4.49
2年期,2023-08-15,4.92
30年期,2023-08-15,4.32
5年期,2023-08-15,4.36
10年期,2023-08-16,4.28
1年期,2023-08-16,5.37
20年期,2023-08-16,4.55
2年期,2023-08-16,4.97
30年期,2023-08-16,4.38
5年期,2023-08-16,4.42
10年期,2023-08-17,4.3
1年期,2023-08-17,5.36
20年期,2023-08-17,4.58
2年期,2023-08-17,4.94
30年期,2023-08-17,4.41
5年期,2023-08-17,4.42
10年期,2023-08-18,4.26
1年期,2023-08-18,5.35
20年期,2023-08-18,4.55
2年期,2023-08-18,4.92
30年期,2023-08-18,4.38
5年期,2023-08-18,4.38
10年期,2023-08-21,4.34
1年期,2023-08-21,5.37
20年期,2023-08-21,4.64
2年期,2023-08-21,4.97
30年期,2023-08-21,4.45
5年期,2023-08-21,4.46
10年期,2023-08-22,4.34
1年期,2023-08-22,5.39
20年期,2023-08-22,4.61
2年期,2023-08-22,5.02
30年期,2023-08-22,4.42
5年期,2023-08-22,4.49
10年期,2023-08-23,4.19
1年期,2023-08-23,5.35
20年期,2023-08-23,4.46
2年期,2023-08-23,4.95
30年期,2023-08-23,4.27
5年期,2023-08-23,4.36
10年期,2023-08-24,4.23
1年期,2023-08-24,5.39
20年期,2023-08-24,4.49
2年期,2023-08-24,4.98
30年期,2023-08-24,4.3
5年期,2023-08-24,4.39
10年期,2023-08-25,4.25
1年期,2023-08-25,5.44
20年期,2023-08-25,4.5
2年期,2023-08-25,5.03
30年期,2023-08-25,4.3
5年期,2023-08-25,4.44
10年期,2023-08-28,4.2
1年期,2023-08-28,5.44
20年期,2023-08-28,4.48
2年期,2023-08-28,4.98
30年期,2023-08-28,4.29
5年期,2023-08-28,4.38
10年期,2023-08-29,4.12
1年期,2023-08-29,5.37
20年期,2023-08-29,4.42
2年期,2023-08-29,4.87
30年期,2023-08-29,4.23
5年期,2023-08-29,4.26
10年期,2023-08-30,4.12
1年期,2023-08-30,5.39
20年期,2023-08-30,4.42
2年期,2023-08-30,4.9
30年期,2023-08-30,4.23
5年期,2023-08-30,4.27
10年期,2023-08-31,4.09
1年期,2023-08-31,5.37
20年期,2023-08-31,4.39
2年期,2023-08-31,4.85
30年期,2023-08-31,4.2
5年期,2023-08-31,4.23
10年期,2023-09-01,4.18
1年期,2023-09-01,5.36
20年期,2023-09-01,4.48
2年期,2023-09-01,4.87
30年期,2023-09-01,4.29
5年期,2023-09-01,4.29
10年期,2023-09-05,4.27
1年期,2023-09-05,5.42
20年期,2023-09-05,4.56
2年期,2023-09-05,4.94
30年期,2023-09-05,4.38
5年期,2023-09-05,4.37
10年期,2023-09-06,4.3
1年期,2023-09-06,5.44
20年期,2023-09-06,4.56
2年期,2023-09-06,5.01
30年期,2023-09-06,4.37
5年期,2023-09-06,4.44
10年期,2023-09-07,4.27
1年期,2023-09-07,5.4
20年期,2023-09-07,4.55
2年期,2023-09-07,4.94
30年期,2023-09-07,4.36
5年期,2023-09-07,4.38
10年期,2023-09-08,4.26
1年期,2023-09-08,5.42
20年期,2023-09-08,4.52
2年期,2023-09-08,4.98
30年期,2023-09-08,4.33
5年期,2023-09-08,4.39
10年期,2023-09-11,4.29
1年期,2023-09-11,5.4
20年期,2023-09-11,4.56
2年期,2023-09-11,4.97
30年期,2023-09-11,4.37
5年期,2023-09-11,4.4
10年期,2023-09-12,4.27
1年期,2023-09-12,5.42
20年期,2023-09-12,4.54
2年期,2023-09-12,4.98
30年期,2023-09-12,4.35
5年期,2023-09-12,4.41
10年期,2023-09-13,4.25
1年期,2023-09-13,5.42
20年期,2023-09-13,4.52
2年期,2023-09-13,4.96
30年期,2023-09-13,4.34
5年期,2023-09-13,4.39
10年期,2023-09-14,4.29
1年期,2023-09-14,5.42
20年期,2023-09-14,4.57
2年期,2023-09-14,5.0
30年期,2023-09-14,4.39
5年期,2023-09-14,4.42
10年期,2023-09-15,4.33
1年期,2023-09-15,5.43
20年期,2023-09-15,4.59
2年期,2023-09-15,5.02
30年期,2023-09-15,4.42
5年期,2023-09-15,4.45
10年期,2023-09-18,4.32
1年期,2023-09-18,5.44
20年期,2023-09-18,4.57
2年期,2023-09-18,5.05
30年期,2023-09-18,4.4
5年期,2023-09-18,4.46
10年期,2023-09-19,4.37
1年期,2023-09-19,5.45
20年期,2023-09-19,4.6
2年期,2023-09-19,5.08
30年期,2023-09-19,4.43
5年期,2023-09-19,4.51
10年期,2023-09-20,4.35
1年期,2023-09-20,5.47
20年期,2023-09-20,4.57
2年期,2023-09-20,5.12
30年期,2023-09-20,4.4
5年期,2023-09-20,4.52
10年期,2023-09-21,4.49
1年期,2023-09-21,5.46
20年期,2023-09-21,4.74
2年期,2023-09-21,5.12
30年期,2023-09-21,4.56
5年期,2023-09-21,4.61
10年期,2023-09-22,4.44
1年期,2023-09-22,5.46
20年期,2023-09-22,4.7
2年期,2023-09-22,5.1
30年期,2023-09-22,4.53
5年期,2023-09-22,4.57
10年期,2023-09-25,4.55
1年期,2023-09-25,5.45
20年期,2023-09-25,4.84
2年期,2023-09-25,5.09
30年期,2023-09-25,4.67
5年期,2023-09-25,4.62
10年期,2023-09-26,4.56
1年期,2023-09-26,5.45
20年期,2023-09-26,4.86
2年期,2023-09-26,5.04
30年期,2023-09-26,4.7
5年期,2023-09-26,4.62
10年期,2023-09-27,4.61
1年期,2023-09-27,5.49
20年期,2023-09-27,4.91
2年期,2023-09-27,5.1
30年期,2023-09-27,4.73
5年期,2023-09-27,4.67
10年期,2023-09-28,4.59
1年期,2023-09-28,5.46
20年期,2023-09-28,4.9
2年期,2023-09-28,5.04
30年期,2023-09-28,4.71
5年期,2023-09-28,4.62
10年期,2023-09-29,4.59
1年期,2023-09-29,5.46
20年期,2023-09-29,4.92
2年期,2023-09-29,5.03
30年期,2023-09-29,4.73
5年期,2023-09-29,4.6
10年期,2023-10-02,4.69
1年期,2023-10-02,5.49
20年期,2023-10-02,5.0
2年期,2023-10-02,5.12
30年期,2023-10-02,4.81
5年期,2023-10-02,4.72
10年期,2023-10-03,4.81
1年期,2023-10-03,5.49
20年期,2023-10-03,5.13
2年期,2023-10-03,5.15
30年期,2023-10-03,4.95
5年期,2023-10-03,4.8
10年期,2023-10-04,4.73
1年期,2023-10-04,5.42
20年期,2023-10-04,5.05
2年期,2023-10-04,5.05
30年期,2023-10-04,4.87
5年期,2023-10-04,4.72
10年期,2023-10-05,4.72
1年期,2023-10-05,5.39
20年期,2023-10-05,5.06
2年期,2023-10-05,5.03
30年期,2023-10-05,4.89
5年期,2023-10-05,4.68
10年期,2023-10-06,4.78
1年期,2023-10-06,5.43
20年期,2023-10-06,5.13
2年期,2023-10-06,5.08
30年期,2023-10-06,4.95
5年期,2023-10-06,4.75
10年期,2023-10-10,4.66
1年期,2023-10-10,5.37
20年期,2023-10-10,5.03
2年期,2023-10-10,4.96
30年期,2023-10-10,4.85
5年期,2023-10-10,4.62
10年期,2023-10-11,4.58
1年期,2023-10-11,5.38
20年期,2023-10-11,4.92
2年期,2023-10-11,4.99
30年期,2023-10-11,4.73
5年期,2023-10-11,4.59
10年期,2023-10-12,4.7
1年期,2023-10-12,5.43
20年期,2023-10-12,5.05
2年期,2023-10-12,5.06
30年期,2023-10-12,4.86
5年期,2023-10-12,4.69
10年期,2023-10-13,4.63
1年期,2023-10-13,5.41
20年期,2023-10-13,4.97
2年期,2023-10-13,5.04
30年期,2023-10-13,4.78
5年期,2023-10-13,4.65
10年期,2023-10-16,4.71
1年期,2023-10-16,5.42
20年期,2023-10-16,5.06
2年期,2023-10-16,5.09
30年期,2023-10-16,4.87
5年期,2023-10-16,4.72
10年期,2023-10-17,4.83
1年期,2023-10-17,5.48
20年期,2023-10-17,5.14
2年期,2023-10-17,5.19
30年期,2023-10-17,4.94
5年期,2023-10-17,4.86
10年期,2023-10-18,4.91
1年期,2023-10-18,5.47
20年期,2023-10-18,5.2
2年期,2023-10-18,5.19
30年期,2023-10-18,5.0
5年期,2023-10-18,4.92
10年期,2023-10-19,4.98
1年期,2023-10-19,5.44
20年期,2023-10-19,5.3
2年期,2023-10-19,5.14
30年期,2023-10-19,5.11
5年期,2023-10-19,4.95
10年期,2023-10-20,4.93
1年期,2023-10-20,5.41
20年期,2023-10-20,5.27
2年期,2023-10-20,5.07
30年期,2023-10-20,5.09
5年期,2023-10-20,4.86
10年期,2023-10-23,4.86
1年期,2023-10-23,5.42
20年期,2023-10-23,5.19
2年期,2023-10-23,5.05
30年期,2023-10-23,5.01
5年期,2023-10-23,4.81
10年期,2023-10-24,4.83
1年期,2023-10-24,5.41
20年期,2023-10-24,5.15
2年期,2023-10-24,5.02
30年期,2023-10-24,4.96
5年期,2023-10-24,4.82
10年期,2023-10-25,4.95
1年期,2023-10-25,5.43
20年期,2023-10-25,5.27
2年期,2023-10-25,5.08
30年期,2023-10-25,5.09
5年期,2023-10-25,4.89
10年期,2023-10-26,4.86
1年期,2023-10-26,5.39
20年期,2023-10-26,5.19
2年期,2023-10-26,5.02
30年期,2023-10-26,5.01
5年期,2023-10-26,4.79
10年期,2023-10-27,4.84
1年期,2023-10-27,5.39
20年期,2023-10-27,5.19
2年期,2023-10-27,4.99
30年期,2023-10-27,5.03
5年期,2023-10-27,4.76
10年期,2023-10-30,4.88
1年期,2023-10-30,5.41
20年期,2023-10-30,5.21
2年期,2023-10-30,5.03
30年期,2023-10-30,5.04
5年期,2023-10-30,4.8
10年期,2023-10-31,4.88
1年期,2023-10-31,5.44
20年期,2023-10-31,5.21
2年期,2023-10-31,5.07
30年期,2023-10-31,5.04
5年期,2023-10-31,4.82
10年期,2023-11-01,4.77
1年期,2023-11-01,5.37
20年期,2023-11-01,5.13
2年期,2023-11-01,4.95
30年期,2023-11-01,4.96
5年期,2023-11-01,4.67
10年期,2023-11-02,4.67
1年期,2023-11-02,5.38
20年期,2023-11-02,4.99
2年期,2023-11-02,4.98
30年期,2023-11-02,4.82
5年期,2023-11-02,4.65
10年期,2023-11-03,4.57
1年期,2023-11-03,5.29
20年期,2023-11-03,4.93
2年期,2023-11-03,4.83
30年期,2023-11-03,4.77
5年期,2023-11-03,4.49
10年期,2023-11-06,4.67
1年期,2023-11-06,5.33
20年期,2023-11-06,5.0
2年期,2023-11-06,4.93
30年期,2023-11-06,4.84
5年期,2023-11-06,4.6
10年期,2023-11-07,4.58
1年期,2023-11-07,5.33
20年期,2023-11-07,4.91
2年期,2023-11-07,4.91
30年期,2023-11-07,4.75
5年期,2023-11-07,4.53
10年期,2023-11-08,4.49
1年期,2023-11-08,5.34
20年期,2023-11-08,4.82
2年期,2023-11-08,4.93
30年期,2023-11-08,4.64
5年期,2023-11-08,4.51
10年期,2023-11-09,4.62
1年期,2023-11-09,5.39
20年期,2023-11-09,4.97
2年期,2023-11-09,5.03
30年期,2023-11-09,4.77
5年期,2023-11-09,4.65
10年期,2023-11-10,4.61
1年期,2023-11-10,5.38
20年期,2023-11-10,4.93
2年期,2023-11-10,5.04
30年期,2023-11-10,4.73
5年期,2023-11-10,4.65
10年期,2023-11-13,4.63
1年期,2023-11-13,5.37
20年期,2023-11-13,4.95
2年期,2023-11-13,5.02
30年期,2023-11-13,4.75
5年期,2023-11-13,4.66
10年期,2023-11-14,4.44
1年期,2023-11-14,5.24
20年期,2023-11-14,4.8
2年期,2023-11-14,4.8
30年期,2023-11-14,4.61
5年期,2023-11-14,4.42
10年期,2023-11-15,4.53
1年期,2023-11-15,5.27
20年期,2023-11-15,4.87
2年期,2023-11-15,4.9
30年期,2023-11-15,4.68
5年期,2023-11-15,4.52
10年期,2023-11-16,4.45
1年期,2023-11-16,5.23
20年期,2023-11-16,4.82
2年期,2023-11-16,4.83
30年期,2023-11-16,4.63
5年期,2023-11-16,4.43
10年期,2023-11-17,4.44
1年期,2023-11-17,5.24
20年期,2023-11-17,4.8
2年期,2023-11-17,4.88
30年期,2023-11-17,4.59
5年期,2023-11-17,4.45
10年期,2023-11-20,4.42
1年期,2023-11-20,5.25
20年期,2023-11-20,4.74
2年期,2023-11-20,4.89
30年期,2023-11-20,4.57
5年期,2023-11-20,4.44
10年期,2023-11-21,4.41
1年期,2023-11-21,5.24
20年期,2023-11-21,4.75
2年期,2023-11-21,4.86
30年期,2023-11-21,4.57
5年期,2023-11-21,4.41
10年期,2023-11-22,4.42
1年期,2023-11-22,5.26
20年期,2023-11-22,4.73
2年期,2023-11-22,4.89
30年期,2023-11-22,4.55
5年期,2023-11-22,4.44
10年期,2023-11-24,4.47
1年期,2023-11-24,5.27
20年期,2023-11-24,4.79
2年期,2023-11-24,4.92
30年期,2023-11-24,4.6
5年期,2023-11-24,4.49
10年期,2023-11-27,4.39
1年期,2023-11-27,5.24
20年期,2023-11-27,4.72
2年期,2023-11-27,4.84
30年期,2023-11-27,4.53
5年期,2023-11-27,4.38
10年期,2023-11-28,4.34
1年期,2023-11-28,5.21
20年期,2023-11-28,4.7
2年期,2023-11-28,4.73
30年期,2023-11-28,4.52
5年期,2023-11-28,4.29
10年期,2023-11-29,4.27
1年期,2023-11-29,5.12
20年期,2023-11-29,4.62
2年期,2023-11-29,4.64
30年期,2023-11-29,4.44
5年期,2023-11-29,4.22
10年期,2023-11-30,4.37
1年期,2023-11-30,5.16
20年期,2023-11-30,4.72
2年期,2023-11-30,4.73
30年期,2023-11-30,4.54
5年期,2023-11-30,4.31
10年期,2023-12-01,4.22
1年期,2023-12-01,5.05
20年期,2023-12-01,4.58
2年期,2023-12-01,4.56
30年期,2023-12-01,4.4
5年期,2023-12-01,4.14
10年期,2023-12-04,4.28
1年期,2023-12-04,5.1
20年期,2023-12-04,4.61
2年期,2023-12-04,4.64
30年期,2023-12-04,4.43
5年期,2023-12-04,4.23
10年期,2023-12-05,4.18
1年期,2023-12-05,5.06
20年期,2023-12-05,4.48
2年期,2023-12-05,4.57
30年期,2023-12-05,4.3
5年期,2023-12-05,4.14
10年期,2023-12-06,4.12
1年期,2023-12-06,5.07
20年期,2023-12-06,4.4
2年期,2023-12-06,4.6
30年期,2023-12-06,4.22
5年期,2023-12-06,4.12
10年期,2023-12-07,4.14
1年期,2023-12-07,5.05
20年期,2023-12-07,4.42
2年期,2023-12-07,4.58
30年期,2023-12-07,4.25
5年期,2023-12-07,4.11
10年期,2023-12-08,4.23
1年期,2023-12-08,5.13
20年期,2023-12-08,4.49
2年期,2023-12-08,4.71
30年期,2023-12-08,4.31
5年期,2023-12-08,4.24
10年期,2023-12-11,4.23
1年期,2023-12-11,5.14
20年期,2023-12-11,4.51
2年期,2023-12-11,4.71
30年期,2023-12-11,4.32
5年期,2023-12-11,4.25
10年期,2023-12-12,4.2
1年期,2023-12-12,5.14
20年期,2023-12-12,4.48
2年期,2023-12-12,4.73
30年期,2023-12-12,4.3
5年期,2023-12-12,4.23
10年期,2023-12-13,4.04
1年期,2023-12-13,4.94
20年期,2023-12-13,4.36
2年期,2023-12-13,4.46
30年期,2023-12-13,4.19
5年期,2023-12-13,4.0
10年期,2023-12-14,3.92
1年期,2023-12-14,4.9
20年期,2023-12-14,4.21
2年期,2023-12-14,4.37
30年期,2023-12-14,4.03
5年期,2023-12-14,3.9
10年期,2023-12-15,3.91
1年期,2023-12-15,4.95
20年期,2023-12-15,4.19
2年期,2023-12-15,4.44
30年期,2023-12-15,4.0
5年期,2023-12-15,3.91
10年期,2023-12-18,3.95
1年期,2023-12-18,4.95
20年期,2023-12-18,4.23
2年期,2023-12-18,4.43
30年期,2023-12-18,4.05
5年期,2023-12-18,3.94
10年期,2023-12-19,3.93
1年期,2023-12-19,4.93
20年期,2023-12-19,4.23
2年期,2023-12-19,4.41
30年期,2023-12-19,4.03
5年期,2023-12-19,3.94
10年期,2023-12-20,3.86
1年期,2023-12-20,4.88
20年期,2023-12-20,4.17
2年期,2023-12-20,4.34
30年期,2023-12-20,3.98
5年期,2023-12-20,3.86
10年期,2023-12-21,3.89
1年期,2023-12-21,4.84
20年期,2023-12-21,4.19
2年期,2023-12-21,4.33
30年期,2023-12-21,4.03
5年期,2023-12-21,3.87
10年期,2023-12-22,3.9
1年期,2023-12-22,4.82
20年期,2023-12-22,4.21
2年期,2023-12-22,4.31
30年期,2023-12-22,4.05
5年期,2023-12-22,3.87
10年期,2023-12-26,3.89
1年期,2023-12-26,4.83
20年期,2023-12-26,4.2
2年期,2023-12-26,4.26
30年期,2023-12-26,4.04
5年期,2023-12-26,3.89
10年期,2023-12-27,3.79
1年期,2023-12-27,4.79
20年期,2023-12-27,4.1
2年期,2023-12-27,4.2
30年期,2023-12-27,3.95
5年期,2023-12-27,3.78
10年期,2023-12-28,3.84
1年期,2023-12-28,4.82
20年期,2023-12-28,4.14
2年期,2023-12-28,4.26
30年期,2023-12-28,3.98
5年期,2023-12-28,3.83
10年期,2023-12-29,3.88
1年期,2023-12-29,4.79
20年期,2023-12-29,4.2
2年期,2023-12-29,4.23
30年期,2023-12-29,4.03
5年期,2023-12-29,3.84
10年期,2024-01-02,3.95
1年期,2024-01-02,4.8
20年期,2024-01-02,4.25
2年期,2024-01-02,4.33
30年期,2024-01-02,4.08
5年期,2024-01-02,3.93
10年期,2024-01-03,3.91
1年期,2024-01-03,4.81
20年期,2024-01-03,4.21
2年期,2024-01-03,4.33
30年期,2024-01-03,4.05
5年期,2024-01-03,3.9
10年期,2024-01-04,3.99
1年期,2024-01-04,4.85
20年期,2024-01-04,4.3
2年期,2024-01-04,4.38
30年期,2024-01-04,4.13
5年期,2024-01-04,3.97
10年期,2024-01-05,4.05
1年期,2024-01-05,4.84
20年期,2024-01-05,4.37
2年期,2024-01-05,4.4
30年期,2024-01-05,4.21
5年期,2024-01-05,4.02
10年期,2024-01-08,4.01
1年期,2024-01-08,4.82
20年期,2024-01-08,4.33
2年期,2024-01-08,4.36
30年期,2024-01-08,4.17
5年期,2024-01-08,3.97
10年期,2024-01-09,4.02
1年期,2024-01-09,4.82
20年期,2024-01-09,4.33
2年期,2024-01-09,4.36
30年期,2024-01-09,4.18
5年期,2024-01-09,3.97
10年期,2024-01-10,4.04
1年期,2024-01-10,4.82
20年期,2024-01-10,4.35
2年期,2024-01-10,4.37
30年期,2024-01-10,4.2
5年期,2024-01-10,3.99
10年期,2024-01-11,3.98
1年期,2024-01-11,4.75
20年期,2024-01-11,4.32
2年期,2024-01-11,4.26
30年期,2024-01-11,4.18
5年期,2024-01-11,3.9
10年期,2024-01-12,3.96
1年期,2024-01-12,4.65
20年期,2024-01-12,4.32
2年期,2024-01-12,4.14
30年期,2024-01-12,4.2
5年期,2024-01-12,3.84
10年期,2024-01-16,4.07
1年期,2024-01-16,4.7
20年期,2024-01-16,4.43
2年期,2024-01-16,4.22
30年期,2024-01-16,4.3
5年期,2024-01-16,3.95
10年期,2024-01-17,4.1
1年期,2024-01-17,4.8
20年期,2024-01-17,4.42
2年期,2024-01-17,4.34
30年期,2024-01-17,4.31
5年期,2024-01-17,4.02
10年期,2024-01-18,4.14
1年期,2024-01-18,4.8
20年期,2024-01-18,4.48
2年期,2024-01-18,4.34
30年期,2024-01-18,4.37
5年期,2024-01-18,4.04
10年期,2024-01-19,4.15
1年期,2024-01-19,4.84
20年期,2024-01-19,4.47
2年期,2024-01-19,4.39
30年期,2024-01-19,4.36
5年期,2024-01-19,4.08
10年期,2024-01-22,4.11
1年期,2024-01-22,4.83
20年期,2024-01-22,4.44
2年期,2024-01-22,4.37
30年期,2024-01-22,4.32
5年期,2024-01-22,4.03
10年期,2024-01-23,4.14
1年期,2024-01-23,4.81
20年期,2024-01-23,4.48
2年期,2024-01-23,4.31
30年期,2024-01-23,4.38
5年期,2024-01-23,4.06
10年期,2024-01-24,4.18
1年期,2024-01-24,4.83
20年期,2024-01-24,4.52
2年期,2024-01-24,4.34
30年期,2024-01-24,4.41
5年期,2024-01-24,4.06
10年期,2024-01-25,4.14
1年期,2024-01-25,4.76
20年期,2024-01-25,4.49
2年期,2024-01-25,4.28
30年期,2024-01-25,4.38
5年期,2024-01-25,4.01
10年期,2024-01-26,4.15
1年期,2024-01-26,4.78
20年期,2024-01-26,4.49
2年期,2024-01-26,4.34
30年期,2024-01-26,4.38
5年期,2024-01-26,4.04
10年期,2024-01-29,4.08
1年期,2024-01-29,4.76
20年期,2024-01-29,4.42
2年期,2024-01-29,4.29
30年期,2024-01-29,4.31
5年期,2024-01-29,3.97
10年期,2024-01-30,4.06
1年期,2024-01-30,4.8
20年期,2024-01-30,4.4
2年期,2024-01-30,4.36
30年期,2024-01-30,4.28
5年期,2024-01-30,4.0
10年期,2024-01-31,3.99
1年期,2024-01-31,4.73
20年期,2024-01-31,4.34
2年期,2024-01-31,4.27
30年期,2024-01-31,4.22
5年期,2024-01-31,3.91
10年期,2024-02-01,3.87
1年期,2024-02-01,4.68
20年期,2024-02-01,4.21
2年期,2024-02-01,4.2
30年期,2024-02-01,4.1
5年期,2024-02-01,3.8
10年期,2024-02-02,4.03
1年期,2024-02-02,4.81
20年期,2024-02-02,4.33
2年期,2024-02-02,4.36
30年期,2024-02-02,4.22
5年期,2024-02-02,3.99
10年期,2024-02-05,4.17
1年期,2024-02-05,4.87
20年期,2024-02-05,4.46
2年期,2024-02-05,4.46
30年期,2024-02-05,4.35
5年期,2024-02-05,4.13
10年期,2024-02-06,4.09
1年期,2024-02-06,4.82
20年期,2024-02-06,4.39
2年期,2024-02-06,4.39
30年期,2024-02-06,4.29
5年期,2024-02-06,4.03
10年期,2024-02-07,4.09
1年期,2024-02-07,4.83
20年期,2024-02-07,4.41
2年期,2024-02-07,4.41
30年期,2024-02-07,4.31
5年期,2024-02-07,4.06
10年期,2024-02-08,4.15
1年期,2024-02-08,4.83
20年期,2024-02-08,4.47
2年期,2024-02-08,4.46
30年期,2024-02-08,4.36
5年期,2024-02-08,4.12
10年期,2024-02-09,4.17
1年期,2024-02-09,4.86
20年期,2024-02-09,4.48
2年期,2024-02-09,4.48
30年期,2024-02-09,4.37
5年期,2024-02-09,4.14
10年期,2024-02-12,4.17
1年期,2024-02-12,4.87
20年期,2024-02-12,4.48
2年期,2024-02-12,4.46
30年期,2024-02-12,4.37
5年期,2024-02-12,4.13
10年期,2024-02-13,4.31
1年期,2024-02-13,4.99
20年期,2024-02-13,4.59
2年期,2024-02-13,4.64
30年期,2024-02-13,4.46
5年期,2024-02-13,4.31
10年期,2024-02-14,4.27
1年期,2024-02-14,4.94
20年期,2024-02-14,4.57
2年期,2024-02-14,4.56
30年期,2024-02-14,4.45
5年期,2024-02-14,4.25
10年期,2024-02-15,4.24
1年期,2024-02-15,4.93
20年期,2024-02-15,4.54
2年期,2024-02-15,4.56
30年期,2024-02-15,4.42
5年期,2024-02-15,4.22
10年期,2024-02-16,4.3
1年期,2024-02-16,4.98
20年期,2024-02-16,4.58
2年期,2024-02-16,4.64
30年期,2024-02-16,4.45
5年期,2024-02-16,4.29
10年期,2024-02-20,4.27
1年期,2024-02-20,4.97
20年期,2024-02-20,4.56
2年期,2024-02-20,4.59
30年期,2024-02-20,4.44
5年期,2024-02-20,4.25
10年期,2024-02-21,4.32
1年期,2024-02-21,4.98
20年期,2024-02-21,4.59
2年期,2024-02-21,4.64
30年期,2024-02-21,4.49
5年期,2024-02-21,4.3
10年期,2024-02-22,4.33
1年期,2024-02-22,5.02
20年期,2024-02-22,4.58
2年期,2024-02-22,4.69
30年期,2024-02-22,4.47
5年期,2024-02-22,4.33
10年期,2024-02-23,4.26
1年期,2024-02-23,5.0
20年期,2024-02-23,4.51
2年期,2024-02-23,4.67
30年期,2024-02-23,4.37
5年期,2024-02-23,4.28
10年期,2024-02-26,4.28
1年期,2024-02-26,5.03
20年期,2024-02-26,4.53
2年期,2024-02-26,4.69
30年期,2024-02-26,4.4
5年期,2024-02-26,4.29
10年期,2024-02-27,4.31
1年期,2024-02-27,5.03
20年期,2024-02-27,4.57
2年期,2024-02-27,4.7
30年期,2024-02-27,4.44
5年期,2024-02-27,4.32
10年期,2024-02-28,4.27
1年期,2024-02-28,5.0
20年期,2024-02-28,4.53
2年期,2024-02-28,4.64
30年期,2024-02-28,4.4
5年期,2024-02-28,4.26
10年期,2024-02-29,4.25
1年期,2024-02-29,5.01
20年期,2024-02-29,4.51
2年期,2024-02-29,4.64
30年期,2024-02-29,4.38
5年期,2024-02-29,4.26
10年期,2024-03-01,4.19
1年期,2024-03-01,4.94
20年期,2024-03-01,4.46
2年期,2024-03-01,4.54
30年期,2024-03-01,4.33
5年期,2024-03-01,4.17
10年期,2024-03-04,4.22
1年期,2024-03-04,4.98
20年期,2024-03-04,4.48
2年期,2024-03-04,4.61
30年期,2024-03-04,4.36
5年期,2024-03-04,4.21
10年期,2024-03-05,4.13
1年期,2024-03-05,4.94
20年期,2024-03-05,4.39
2年期,2024-03-05,4.54
30年期,2024-03-05,4.27
5年期,2024-03-05,4.13
10年期,2024-03-06,4.11
1年期,2024-03-06,4.95
20年期,2024-03-06,4.36
2年期,2024-03-06,4.55
30年期,2024-03-06,4.24
5年期,2024-03-06,4.12
10年期,2024-03-07,4.09
1年期,2024-03-07,4.93
20年期,2024-03-07,4.35
2年期,2024-03-07,4.5
30年期,2024-03-07,4.25
5年期,2024-03-07,4.07
10年期,2024-03-08,4.09
1年期,2024-03-08,4.92
20年期,2024-03-08,4.36
2年期,2024-03-08,4.48
30年期,2024-03-08,4.26
5年期,2024-03-08,4.06
10年期,2024-03-11,4.1
1年期,2024-03-11,4.95
20年期,2024-03-11,4.36
2年期,2024-03-11,4.51
30年期,2024-03-11,4.26
5年期,2024-03-11,4.08
10年期,2024-03-12,4.16
1年期,2024-03-12,5.0
20年期,2024-03-12,4.42
2年期,2024-03-12,4.58
30年期,2024-03-12,4.31
5年期,2024-03-12,4.15
10年期,2024-03-13,4.19
1年期,2024-03-13,5.01
20年期,2024-03-13,4.45
2年期,2024-03-13,4.61
30年期,2024-03-13,4.35
5年期,2024-03-13,4.19
10年期,2024-03-14,4.29
1年期,2024-03-14,5.04
20年期,2024-03-14,4.54
2年期,2024-03-14,4.68
30年期,2024-03-14,4.44
5年期,2024-03-14,4.29
10年期,2024-03-15,4.31
1年期,2024-03-15,5.05
20年期,2024-03-15,4.55
2年期,2024-03-15,4.72
30年期,2024-03-15,4.43
5年期,2024-03-15,4.33
10年期,2024-03-18,4.34
1年期,2024-03-18,5.06
20年期,2024-03-18,4.57
2年期,2024-03-18,4.73
30年期,2024-03-18,4.46
5年期,2024-03-18,4.36
10年期,2024-03-19,4.3
1年期,2024-03-19,5.06
20年期,2024-03-19,4.54
2年期,2024-03-19,4.68
30年期,2024-03-19,4.44
5年期,2024-03-19,4.31
10年期,2024-03-20,4.27
1年期,2024-03-20,5.01
20年期,2024-03-20,4.53
2年期,2024-03-20,4.59
30年期,2024-03-20,4.45
5年期,2024-03-20,4.25
10年期,2024-03-21,4.27
1年期,2024-03-21,5.01
20年期,2024-03-21,4.53
2年期,2024-03-21,4.62
30年期,2024-03-21,4.44
5年期,2024-03-21,4.26
10年期,2024-03-22,4.22
1年期,2024-03-22,4.98
20年期,2024-03-22,4.47
2年期,2024-03-22,4.59
30年期,2024-03-22,4.39
5年期,2024-03-22,4.2
10年期,2024-03-25,4.25
1年期,2024-03-25,5.0
20年期,2024-03-25,4.51
2年期,2024-03-25,4.54
30年期,2024-03-25,4.42
5年期,2024-03-25,4.23
10年期,2024-03-26,4.24
1年期,2024-03-26,5.0
20年期,2024-03-26,4.49
2年期,2024-03-26,4.56
30年期,2024-03-26,4.4
5年期,2024-03-26,4.22
10年期,2024-03-27,4.2
1年期,2024-03-27,4.99
20年期,2024-03-27,4.45
2年期,2024-03-27,4.54
30年期,2024-03-27,4.36
5年期,2024-03-27,4.18
10年期,2024-03-28,4.2
1年期,2024-03-28,5.03
20年期,2024-03-28,4.45
2年期,2024-03-28,4.59
30年期,2024-03-28,4.34
5年期,2024-03-28,4.21
10年期,2024-04-01,4.33
1年期,2024-04-01,5.06
20年期,2024-04-01,4.58
2年期,2024-04-01,4.72
30年期,2024-04-01,4.47
5年期,2024-04-01,4.34
10年期,2024-04-02,4.36
1年期,2024-04-02,5.05
20年期,2024-04-02,4.61
2年期,2024-04-02,4.7
30年期,2024-04-02,4.51
5年期,2024-04-02,4.35
10年期,2024-04-03,4.36
1年期,2024-04-03,5.03
20年期,2024-04-03,4.61
2年期,2024-04-03,4.68
30年期,2024-04-03,4.51
5年期,2024-04-03,4.34
10年期,2024-04-04,4.31
1年期,2024-04-04,5.0
20年期,2024-04-04,4.57
2年期,2024-04-04,4.65
30年期,2024-04-04,4.47
5年期,2024-04-04,4.3
10年期,2024-04-05,4.39
1年期,2024-04-05,5.05
20年期,2024-04-05,4.65
2年期,2024-04-05,4.73
30年期,2024-04-05,4.54
5年期,2024-04-05,4.38
10年期,2024-04-08,4.42
1年期,2024-04-08,5.07
20年期,2024-04-08,4.65
2年期,2024-04-08,4.78
30年期,2024-04-08,4.55
5年期,2024-04-08,4.43
10年期,2024-04-09,4.36
1年期,2024-04-09,5.03
20年期,2024-04-09,4.6
2年期,2024-04-09,4.74
30年期,2024-04-09,4.5
5年期,2024-04-09,4.37
10年期,2024-04-10,4.55
1年期,2024-04-10,5.19
20年期,2024-04-10,4.76
2年期,2024-04-10,4.97
30年期,2024-04-10,4.64
5年期,2024-04-10,4.61
10年期,2024-04-11,4.56
1年期,2024-04-11,5.17
20年期,2024-04-11,4.77
2年期,2024-04-11,4.93
30年期,2024-04-11,4.65
5年期,2024-04-11,4.61
10年期,2024-04-12,4.5
1年期,2024-04-12,5.13
20年期,2024-04-12,4.73
2年期,2024-04-12,4.88
30年期,2024-04-12,4.61
5年期,2024-04-12,4.54
10年期,2024-04-15,4.63
1年期,2024-04-15,5.16
20年期,2024-04-15,4.85
2年期,2024-04-15,4.93
30年期,2024-04-15,4.74
5年期,2024-04-15,4.65
10年期,2024-04-16,4.67
1年期,2024-04-16,5.18
20年期,2024-04-16,4.88
2年期,2024-04-16,4.97
30年期,2024-04-16,4.77
5年期,2024-04-16,4.69
10年期,2024-04-17,4.59
1年期,2024-04-17,5.16
20年期,2024-04-17,4.81
2年期,2024-04-17,4.93
30年期,2024-04-17,4.71
5年期,2024-04-17,4.62
10年期,2024-04-18,4.64
1年期,2024-04-18,5.18
20年期,2024-04-18,4.85
2年期,2024-04-18,4.98
30年期,2024-04-18,4.74
5年期,2024-04-18,4.68
10年期,2024-04-19,4.62
1年期,2024-04-19,5.17
20年期,2024-04-19,4.83
2年期,2024-04-19,4.97
30年期,2024-04-19,4.72
5年期,2024-04-19,4.66
10年期,2024-04-22,4.62
1年期,2024-04-22,5.16
20年期,2024-04-22,4.84
2年期,2024-04-22,4.97
30年期,2024-04-22,4.72
5年期,2024-04-22,4.66
10年期,2024-04-23,4.61
1年期,2024-04-23,5.14
20年期,2024-04-23,4.84
2年期,2024-04-23,4.86
30年期,2024-04-23,4.73
5年期,2024-04-23,4.63
10年期,2024-04-24,4.65
1年期,2024-04-24,5.17
20年期,2024-04-24,4.88
2年期,2024-04-24,4.89
30年期,2024-04-24,4.78
5年期,2024-04-24,4.64
10年期,2024-04-25,4.7
1年期,2024-04-25,5.21
20年期,2024-04-25,4.93
2年期,2024-04-25,4.96
30年期,2024-04-25,4.82
5年期,2024-04-25,4.7
10年期,2024-04-26,4.67
1年期,2024-04-26,5.21
20年期,2024-04-26,4.89
2年期,2024-04-26,4.96
30年期,2024-04-26,4.78
5年期,2024-04-26,4.68
10年期,2024-04-29,4.63
1年期,2024-04-29,5.2
20年期,2024-04-29,4.86
2年期,2024-04-29,4.97
30年期,2024-04-29,4.75
5年期,2024-04-29,4.65
10年期,2024-04-30,4.69
1年期,2024-04-30,5.25
20年期,2024-04-30,4.9
2年期,2024-04-30,5.04
30年期,2024-04-30,4.79
5年期,2024-04-30,4.72
10年期,2024-05-01,4.63
1年期,2024-05-01,5.21
20年期,2024-05-01,4.85
2年期,2024-05-01,4.96
30年期,2024-05-01,4.74
5年期,2024-05-01,4.64
10年期,2024-05-02,4.58
1年期,2024-05-02,5.16
20年期,2024-05-02,4.82
2年期,2024-05-02,4.87
30年期,2024-05-02,4.72
5年期,2024-05-02,4.57
10年期,2024-05-03,4.5
1年期,2024-05-03,5.12
20年期,2024-05-03,4.75
2年期,2024-05-03,4.81
30年期,2024-05-03,4.66
5年期,2024-05-03,4.48
10年期,2024-05-06,4.49
1年期,2024-05-06,5.12
20年期,2024-05-06,4.73
2年期,2024-05-06,4.82
30年期,2024-05-06,4.64
5年期,2024-05-06,4.48
10年期,2024-05-07,4.47
1年期,2024-05-07,5.13
20年期,2024-05-07,4.7
2年期,2024-05-07,4.82
30年期,2024-05-07,4.61
5年期,2024-05-07,4.48
10年期,2024-05-08,4.48
1年期,2024-05-08,5.13
20年期,2024-05-08,4.73
2年期,2024-05-08,4.84
30年期,2024-05-08,4.64
5年期,2024-05-08,4.5
10年期,2024-05-09,4.45
1年期,2024-05-09,5.12
20年期,2024-05-09,4.7
2年期,2024-05-09,4.8
30年期,2024-05-09,4.6
5年期,2024-05-09,4.47
10年期,2024-05-10,4.5
1年期,2024-05-10,5.17
20年期,2024-05-10,4.74
2年期,2024-05-10,4.87
30年期,2024-05-10,4.64
5年期,2024-05-10,4.52
10年期,2024-05-13,4.48
1年期,2024-05-13,5.16
20年期,2024-05-13,4.72
2年期,2024-05-13,4.85
30年期,2024-05-13,4.63
5年期,2024-05-13,4.5
10年期,2024-05-14,4.45
1年期,2024-05-14,5.16
20年期,2024-05-14,4.69
2年期,2024-05-14,4.81
30年期,2024-05-14,4.59
5年期,2024-05-14,4.46
10年期,2024-05-15,4.36
1年期,2024-05-15,5.1
20年期,2024-05-15,4.61
2年期,2024-05-15,4.73
30年期,2024-05-15,4.52
5年期,2024-05-15,4.35
10年期,2024-05-16,4.38
1年期,2024-05-16,5.13
20年期,2024-05-16,4.62
2年期,2024-05-16,4.78
30年期,2024-05-16,4.52
5年期,2024-05-16,4.4
10年期,2024-05-17,4.42
1年期,2024-05-17,5.14
20年期,2024-05-17,4.66
2年期,2024-05-17,4.83
30年期,2024-05-17,4.56
5年期,2024-05-17,4.44
10年期,2024-05-20,4.44
1年期,2024-05-20,5.15
20年期,2024-05-20,4.68
2年期,2024-05-20,4.82
30年期,2024-05-20,4.58
5年期,2024-05-20,4.46
10年期,2024-05-21,4.41
1年期,2024-05-21,5.14
20年期,2024-05-21,4.65
2年期,2024-05-21,4.82
30年期,2024-05-21,4.55
5年期,2024-05-21,4.43
10年期,2024-05-22,4.43
1年期,2024-05-22,5.16
20年期,2024-05-22,4.63
2年期,2024-05-22,4.86
30年期,2024-05-22,4.55
5年期,2024-05-22,4.47
10年期,2024-05-23,4.47
1年期,2024-05-23,5.2
20年期,2024-05-23,4.67
2年期,2024-05-23,4.91
30年期,2024-05-23,4.58
5年期,2024-05-23,4.52
10年期,2024-05-24,4.46
1年期,2024-05-24,5.21
20年期,2024-05-24,4.65
2年期,2024-05-24,4.93
30年期,2024-05-24,4.57
5年期,2024-05-24,4.53
10年期,2024-05-28,4.54
1年期,2024-05-28,5.21
20年期,2024-05-28,4.74
2年期,2024-05-28,4.94
30年期,2024-05-28,4.66
5年期,2024-05-28,4.56
10年期,2024-05-29,4.61
1年期,2024-05-29,5.22
20年期,2024-05-29,4.82
2年期,2024-05-29,4.96
30年期,2024-05-29,4.74
5年期,2024-05-29,4.63
10年期,2024-05-30,4.55
1年期,2024-05-30,5.19
20年期,2024-05-30,4.76
2年期,2024-05-30,4.92
30年期,2024-05-30,4.69
5年期,2024-05-30,4.57
10年期,2024-05-31,4.51
1年期,2024-05-31,5.18
20年期,2024-05-31,4.73
2年期,2024-05-31,4.89
30年期,2024-05-31,4.65
5年期,2024-05-31,4.52
10年期,2024-06-03,4.41
1年期,2024-06-03,5.14
20年期,2024-06-03,4.63
2年期,2024-06-03,4.82
30年期,2024-06-03,4.55
5年期,2024-06-03,4.42
10年期,2024-06-04,4.33
1年期,2024-06-04,5.11
20年期,2024-06-04,4.56
2年期,2024-06-04,4.77
30年期,2024-06-04,4.48
5年期,2024-06-04,4.35
10年期,2024-06-05,4.29
1年期,2024-06-05,5.08
20年期,2024-06-05,4.52
2年期,2024-06-05,4.72
30年期,2024-06-05,4.44
5年期,2024-06-05,4.31
10年期,2024-06-06,4.28
1年期,2024-06-06,5.08
20年期,2024-06-06,4.51
2年期,2024-06-06,4.72
30年期,2024-06-06,4.43
5年期,2024-06-06,4.29
10年期,2024-06-07,4.43
1年期,2024-06-07,5.17
20年期,2024-06-07,4.64
2年期,2024-06-07,4.87
30年期,2024-06-07,4.55
5年期,2024-06-07,4.46
10年期,2024-06-10,4.47
1年期,2024-06-10,5.16
20年期,2024-06-10,4.68
2年期,2024-06-10,4.87
30年期,2024-06-10,4.59
5年期,2024-06-10,4.48
10年期,2024-06-11,4.39
1年期,2024-06-11,5.17
20年期,2024-06-11,4.62
2年期,2024-06-11,4.81
30年期,2024-06-11,4.53
5年期,2024-06-11,4.41
10年期,2024-06-12,4.31
1年期,2024-06-12,5.13
20年期,2024-06-12,4.56
2年期,2024-06-12,4.75
30年期,2024-06-12,4.47
5年期,2024-06-12,4.32
10年期,2024-06-13,4.24
1年期,2024-06-13,5.07
20年期,2024-06-13,4.5
2年期,2024-06-13,4.68
30年期,2024-06-13,4.4
5年期,2024-06-13,4.24
10年期,2024-06-14,4.2
1年期,2024-06-14,5.07
20年期,2024-06-14,4.46
2年期,2024-06-14,4.67
30年期,2024-06-14,4.34
5年期,2024-06-14,4.22
10年期,2024-06-17,4.28
1年期,2024-06-17,5.11
20年期,2024-06-17,4.52
2年期,2024-06-17,4.75
30年期,2024-06-17,4.4
5年期,2024-06-17,4.3
10年期,2024-06-18,4.22
1年期,2024-06-18,5.09
20年期,2024-06-18,4.47
2年期,2024-06-18,4.69
30年期,2024-06-18,4.36
5年期,2024-06-18,4.24
10年期,2024-06-20,4.25
1年期,2024-06-20,5.1
20年期,2024-06-20,4.49
2年期,2024-06-20,4.7
30年期,2024-06-20,4.39
5年期,2024-06-20,4.26
10年期,2024-06-21,4.25
1年期,2024-06-21,5.1
20年期,2024-06-21,4.49
2年期,2024-06-21,4.7
30年期,2024-06-21,4.39
5年期,2024-06-21,4.26
10年期,2024-06-24,4.25
1年期,2024-06-24,5.1
20年期,2024-06-24,4.48
2年期,2024-06-24,4.71
30年期,2024-06-24,4.38
5年期,2024-06-24,4.27
10年期,2024-06-25,4.23
1年期,2024-06-25,5.1
20年期,2024-06-25,4.46
2年期,2024-06-25,4.65
30年期,2024-06-25,4.36
5年期,2024-06-25,4.25
10年期,2024-06-26,4.32
1年期,2024-06-26,5.13
20年期,2024-06-26,4.55
2年期,2024-06-26,4.71
30年期,2024-06-26,4.45
5年期,2024-06-26,4.32
10年期,2024-06-27,4.29
1年期,2024-06-27,5.1
20年期,2024-06-27,4.53
2年期,2024-06-27,4.7
30年期,2024-06-27,4.43
5年期,2024-06-27,4.29
10年期,2024-06-28,4.36
1年期,2024-06-28,5.09
20年期,2024-06-28,4.61
2年期,2024-06-28,4.71
30年期,2024-06-28,4.51
5年期,2024-06-28,4.33
10年期,2024-07-01,4.48
1年期,2024-07-01,5.1
20年期,2024-07-01,4.76
2年期,2024-07-01,4.77
30年期,2024-07-01,4.64
5年期,2024-07-01,4.44
10年期,2024-07-02,4.43
1年期,2024-07-02,5.07
20年期,2024-07-02,4.71
2年期,2024-07-02,4.74
30年期,2024-07-02,4.6
5年期,2024-07-02,4.39
10年期,2024-07-03,4.36
1年期,2024-07-03,5.04
20年期,2024-07-03,4.64
2年期,2024-07-03,4.71
30年期,2024-07-03,4.53
5年期,2024-07-03,4.33
10年期,2024-07-05,4.28
1年期,2024-07-05,4.98
20年期,2024-07-05,4.57
2年期,2024-07-05,4.6
30年期,2024-07-05,4.47
5年期,2024-07-05,4.22
10年期,2024-07-08,4.28
1年期,2024-07-08,4.99
20年期,2024-07-08,4.57
2年期,2024-07-08,4.62
30年期,2024-07-08,4.46
5年期,2024-07-08,4.23
10年期,2024-07-09,4.3
1年期,2024-07-09,5.02
20年期,2024-07-09,4.59
2年期,2024-07-09,4.62
30年期,2024-07-09,4.49
5年期,2024-07-09,4.24
10年期,2024-07-10,4.28
1年期,2024-07-10,5.01
20年期,2024-07-10,4.58
2年期,2024-07-10,4.62
30年期,2024-07-10,4.47
5年期,2024-07-10,4.24
10年期,2024-07-11,4.2
1年期,2024-07-11,4.91
20年期,2024-07-11,4.51
2年期,2024-07-11,4.5
30年期,2024-07-11,4.41
5年期,2024-07-11,4.13
10年期,2024-07-12,4.18
1年期,2024-07-12,4.87
20年期,2024-07-12,4.5
2年期,2024-07-12,4.45
30年期,2024-07-12,4.39
5年期,2024-07-12,4.1
10年期,2024-07-15,4.23
1年期,2024-07-15,4.85
20年期,2024-07-15,4.56
2年期,2024-07-15,4.44
30年期,2024-07-15,4.46
5年期,2024-07-15,4.13
10年期,2024-07-16,4.17
1年期,2024-07-16,4.85
20年期,2024-07-16,4.48
2年期,2024-07-16,4.43
30年期,2024-07-16,4.38
5年期,2024-07-16,4.09
10年期,2024-07-17,4.16
1年期,2024-07-17,4.85
20年期,2024-07-17,4.46
2年期,2024-07-17,4.42
30年期,2024-07-17,4.37
5年期,2024-07-17,4.07
10年期,2024-07-18,4.2
1年期,2024-07-18,4.86
20年期,2024-07-18,4.51
2年期,2024-07-18,4.46
30年期,2024-07-18,4.41
5年期,2024-07-18,4.11
10年期,2024-07-19,4.25
1年期,2024-07-19,4.87
20年期,2024-07-19,4.55
2年期,2024-07-19,4.49
30年期,2024-07-19,4.45
5年期,2024-07-19,4.16
10年期,2024-07-22,4.26
1年期,2024-07-22,4.88
20年期,2024-07-22,4.57
2年期,2024-07-22,4.5
30年期,2024-07-22,4.48
5年期,2024-07-22,4.17
10年期,2024-07-23,4.25
1年期,2024-07-23,4.85
20年期,2024-07-23,4.56
2年期,2024-07-23,4.4
30年期,2024-07-23,4.48
5年期,2024-07-23,4.15
10年期,2024-07-24,4.28
1年期,2024-07-24,4.82
20年期,2024-07-24,4.62
2年期,2024-07-24,4.37
30年期,2024-07-24,4.54
5年期,2024-07-24,4.12
10年期,2024-07-25,4.27
1年期,2024-07-25,4.83
20年期,2024-07-25,4.59
2年期,2024-07-25,4.41
30年期,2024-07-25,4.5
5年期,2024-07-25,4.13
10年期,2024-07-26,4.2
1年期,2024-07-26,4.79
20年期,2024-07-26,4.53
2年期,2024-07-26,4.36
30年期,2024-07-26,4.45
5年期,2024-07-26,4.06
10年期,2024-07-29,4.17
1年期,2024-07-29,4.79
20年期,2024-07-29,4.51
2年期,2024-07-29,4.36
30年期,2024-07-29,4.42
5年期,2024-07-29,4.05
10年期,2024-07-30,4.15
1年期,2024-07-30,4.78
20年期,2024-07-30,4.5
2年期,2024-07-30,4.35
30年期,2024-07-30,4.4
5年期,2024-07-30,4.03
10年期,2024-07-31,4.09
1年期,2024-07-31,4.73
20年期,2024-07-31,4.44
2年期,2024-07-31,4.29
30年期,2024-07-31,4.35
5年期,2024-07-31,3.97
10年期,2024-08-01,3.99
1年期,2024-08-01,4.62
20年期,2024-08-01,4.35
2年期,2024-08-01,4.16
30年期,2024-08-01,4.27
5年期,2024-08-01,3.84
10年期,2024-08-02,3.8
1年期,2024-08-02,4.33
20年期,2024-08-02,4.19
2年期,2024-08-02,3.88
30年期,2024-08-02,4.11
5年期,2024-08-02,3.62
10年期,2024-08-05,3.78
1年期,2024-08-05,4.34
20年期,2024-08-05,4.16
2年期,2024-08-05,3.89
30年期,2024-08-05,4.06
5年期,2024-08-05,3.62
10年期,2024-08-06,3.9
1年期,2024-08-06,4.46
20年期,2024-08-06,4.28
2年期,2024-08-06,3.99
30年期,2024-08-06,4.18
5年期,2024-08-06,3.73
10年期,2024-08-07,3.96
1年期,2024-08-07,4.45
20年期,2024-08-07,4.35
2年期,2024-08-07,4.0
30年期,2024-08-07,4.26
5年期,2024-08-07,3.79
10年期,2024-08-08,3.99
1年期,2024-08-08,4.48
20年期,2024-08-08,4.38
2年期,2024-08-08,4.04
30年期,2024-08-08,4.28
5年期,2024-08-08,3.83
10年期,2024-08-09,3.94
1年期,2024-08-09,4.5
20年期,2024-08-09,4.33
2年期,2024-08-09,4.05
30年期,2024-08-09,4.23
5年期,2024-08-09,3.8
10年期,2024-08-12,3.9
1年期,2024-08-12,4.47
20年期,2024-08-12,4.3
2年期,2024-08-12,4.01
30年期,2024-08-12,4.19
5年期,2024-08-12,3.75
10年期,2024-08-13,3.85
1年期,2024-08-13,4.4
20年期,2024-08-13,4.25
2年期,2024-08-13,3.93
30年期,2024-08-13,4.16
5年期,2024-08-13,3.68
10年期,2024-08-14,3.83
1年期,2024-08-14,4.42
20年期,2024-08-14,4.22
2年期,2024-08-14,3.94
30年期,2024-08-14,4.12
5年期,2024-08-14,3.67
10年期,2024-08-15,3.92
1年期,2024-08-15,4.52
20年期,2024-08-15,4.28
2年期,2024-08-15,4.08
30年期,2024-08-15,4.18
5年期,2024-08-15,3.79
10年期,2024-08-16,3.89
1年期,2024-08-16,4.49
20年期,2024-08-16,4.26
2年期,2024-08-16,4.06
30年期,2024-08-16,4.15
5年期,2024-08-16,3.77
10年期,2024-08-19,3.86
1年期,2024-08-19,4.48
20年期,2024-08-19,4.23
2年期,2024-08-19,4.06
30年期,2024-08-19,4.11
5年期,2024-08-19,3.75
10年期,2024-08-20,3.82
1年期,2024-08-20,4.43
20年期,2024-08-20,4.19
2年期,2024-08-20,3.99
30年期,2024-08-20,4.07
5年期,2024-08-20,3.7
10年期,2024-08-21,3.79
1年期,2024-08-21,4.36
20年期,2024-08-21,4.15
2年期,2024-08-21,3.92
30年期,2024-08-21,4.06
5年期,2024-08-21,3.64
10年期,2024-08-22,3.86
1年期,2024-08-22,4.43
20年期,2024-08-22,4.21
2年期,2024-08-22,3.99
30年期,2024-08-22,4.13
5年期,2024-08-22,3.72
10年期,2024-08-23,3.81
1年期,2024-08-23,4.36
20年期,2024-08-23,4.18
2年期,2024-08-23,3.9
30年期,2024-08-23,4.1
5年期,2024-08-23,3.65
10年期,2024-08-26,3.82
1年期,2024-08-26,4.38
20年期,2024-08-26,4.19
2年期,2024-08-26,3.91
30年期,2024-08-26,4.11
5年期,2024-08-26,3.66
10年期,2024-08-27,3.83
1年期,2024-08-27,4.34
20年期,2024-08-27,4.21
2年期,2024-08-27,3.83
30年期,2024-08-27,4.13
5年期,2024-08-27,3.66
10年期,2024-08-28,3.84
1年期,2024-08-28,4.36
20年期,2024-08-28,4.22
2年期,2024-08-28,3.83
30年期,2024-08-28,4.13
5年期,2024-08-28,3.63
10年期,2024-08-29,3.87
1年期,2024-08-29,4.38
20年期,2024-08-29,4.24
2年期,2024-08-29,3.87
30年期,2024-08-29,4.15
5年期,2024-08-29,3.66
10年期,2024-08-30,3.91
1年期,2024-08-30,4.38
20年期,2024-08-30,4.28
2年期,2024-08-30,3.91
30年期,2024-08-30,4.2
5年期,2024-08-30,3.71
10年期,2024-09-03,3.84
1年期,2024-09-03,4.35
20年期,2024-09-03,4.21
2年期,2024-09-03,3.88
30年期,2024-09-03,4.13
5年期,2024-09-03,3.65
10年期,2024-09-04,3.77
1年期,2024-09-04,4.23
20年期,2024-09-04,4.14
2年期,2024-09-04,3.76
30年期,2024-09-04,4.06
5年期,2024-09-04,3.56
10年期,2024-09-05,3.73
1年期,2024-09-05,4.21
20年期,2024-09-05,4.11
2年期,2024-09-05,3.75
30年期,2024-09-05,4.02
5年期,2024-09-05,3.54
10年期,2024-09-06,3.72
1年期,2024-09-06,4.1
20年期,2024-09-06,4.1
2年期,2024-09-06,3.66
30年期,2024-09-06,4.03
5年期,2024-09-06,3.5
10年期,2024-09-09,3.7
1年期,2024-09-09,4.12
20年期,2024-09-09,4.08
2年期,2024-09-09,3.68
30年期,2024-09-09,4.0
5年期,2024-09-09,3.49
10年期,2024-09-10,3.65
1年期,2024-09-10,4.07
20年期,2024-09-10,4.04
2年期,2024-09-10,3.59
30年期,2024-09-10,3.97
5年期,2024-09-10,3.43
10年期,2024-09-11,3.65
1年期,2024-09-11,4.12
20年期,2024-09-11,4.03
2年期,2024-09-11,3.62
30年期,2024-09-11,3.96
5年期,2024-09-11,3.45
10年期,2024-09-12,3.68
1年期,2024-09-12,4.09
20年期,2024-09-12,4.07
2年期,2024-09-12,3.64
30年期,2024-09-12,4.0
5年期,2024-09-12,3.47
10年期,2024-09-13,3.66
1年期,2024-09-13,4.0
20年期,2024-09-13,4.05
2年期,2024-09-13,3.57
30年期,2024-09-13,3.98
5年期,2024-09-13,3.43
10年期,2024-09-16,3.63
1年期,2024-09-16,3.96
20年期,2024-09-16,4.01
2年期,2024-09-16,3.56
30年期,2024-09-16,3.94
5年期,2024-09-16,3.41
10年期,2024-09-17,3.65
1年期,2024-09-17,3.99
20年期,2024-09-17,4.02
2年期,2024-09-17,3.59
30年期,2024-09-17,3.96
5年期,2024-09-17,3.44
10年期,2024-09-18,3.7
1年期,2024-09-18,3.95
20年期,2024-09-18,4.08
2年期,2024-09-18,3.61
30年期,2024-09-18,4.03
5年期,2024-09-18,3.47
10年期,2024-09-19,3.73
1年期,2024-09-19,3.93
20年期,2024-09-19,4.11
2年期,2024-09-19,3.59
30年期,2024-09-19,4.06
5年期,2024-09-19,3.49
10年期,2024-09-20,3.73
1年期,2024-09-20,3.92
20年期,2024-09-20,4.1
2年期,2024-09-20,3.55
30年期,2024-09-20,4.07
5年期,2024-09-20,3.48
10年期,2024-09-23,3.75
1年期,2024-09-23,3.91
20年期,2024-09-23,4.12
2年期,2024-09-23,3.57
30年期,2024-09-23,4.09
5年期,2024-09-23,3.51
10年期,2024-09-24,3.74
1年期,2024-09-24,3.88
20年期,2024-09-24,4.13
2年期,2024-09-24,3.49
30年期,2024-09-24,4.09
5年期,2024-09-24,3.47
10年期,2024-09-25,3.79
1年期,2024-09-25,3.89
20年期,2024-09-25,4.18
2年期,2024-09-25,3.53
30年期,2024-09-25,4.14
5年期,2024-09-25,3.52
10年期,2024-09-26,3.79
1年期,2024-09-26,3.96
20年期,2024-09-26,4.17
2年期,2024-09-26,3.6
30年期,2024-09-26,4.12
5年期,2024-09-26,3.55
10年期,2024-09-27,3.75
1年期,2024-09-27,3.9
20年期,2024-09-27,4.15
2年期,2024-09-27,3.55
30年期,2024-09-27,4.1
5年期,2024-09-27,3.5
10年期,2024-09-30,3.81
1年期,2024-09-30,3.98
20年期,2024-09-30,4.19
2年期,2024-09-30,3.66
30年期,2024-09-30,4.14
5年期,2024-09-30,3.58
10年期,2024-10-01,3.74
1年期,2024-10-01,3.96
20年期,2024-10-01,4.14
2年期,2024-10-01,3.61
30年期,2024-10-01,4.08
5年期,2024-10-01,3.51
10年期,2024-10-02,3.79
1年期,2024-10-02,3.97
20年期,2024-10-02,4.19
2年期,2024-10-02,3.63
30年期,2024-10-02,4.14
5年期,2024-10-02,3.55
10年期,2024-10-03,3.85
1年期,2024-10-03,4.02
20年期,2024-10-03,4.24
2年期,2024-10-03,3.7
30年期,2024-10-03,4.18
5年期,2024-10-03,3.62
10年期,2024-10-04,3.98
1年期,2024-10-04,4.2
20年期,2024-10-04,4.33
2年期,2024-10-04,3.93
30年期,2024-10-04,4.26
5年期,2024-10-04,3.81
10年期,2024-10-07,4.03
1年期,2024-10-07,4.24
20年期,2024-10-07,4.37
2年期,2024-10-07,3.99
30年期,2024-10-07,4.3
5年期,2024-10-07,3.86
10年期,2024-10-08,4.04
1年期,2024-10-08,4.21
20年期,2024-10-08,4.38
2年期,2024-10-08,3.98
30年期,2024-10-08,4.32
5年期,2024-10-08,3.86
10年期,2024-10-09,4.06
1年期,2024-10-09,4.24
20年期,2024-10-09,4.41
2年期,2024-10-09,3.99
30年期,2024-10-09,4.34
5年期,2024-10-09,3.91
10年期,2024-10-10,4.09
1年期,2024-10-10,4.22
20年期,2024-10-10,4.44
2年期,2024-10-10,3.98
30年期,2024-10-10,4.38
5年期,2024-10-10,3.91
10年期,2024-10-11,4.08
1年期,2024-10-11,4.18
20年期,2024-10-11,4.44
2年期,2024-10-11,3.95
30年期,2024-10-11,4.39
5年期,2024-10-11,3.88
10年期,2024-10-15,4.03
1年期,2024-10-15,4.18
20年期,2024-10-15,4.37
2年期,2024-10-15,3.95
30年期,2024-10-15,4.32
5年期,2024-10-15,3.86
10年期,2024-10-16,4.02
1年期,2024-10-16,4.17
20年期,2024-10-16,4.36
2年期,2024-10-16,3.93
30年期,2024-10-16,4.3
5年期,2024-10-16,3.84
10年期,2024-10-17,4.09
1年期,2024-10-17,4.21
20年期,2024-10-17,4.44
2年期,2024-10-17,3.96
30年期,2024-10-17,4.39
5年期,2024-10-17,3.9
10年期,2024-10-18,4.08
1年期,2024-10-18,4.19
20年期,2024-10-18,4.44
2年期,2024-10-18,3.95
30年期,2024-10-18,4.38
5年期,2024-10-18,3.88
10年期,2024-10-21,4.19
1年期,2024-10-21,4.24
20年期,2024-10-21,4.54
2年期,2024-10-21,4.02
30年期,2024-10-21,4.49
5年期,2024-10-21,3.98
10年期,2024-10-22,4.2
1年期,2024-10-22,4.24
20年期,2024-10-22,4.55
2年期,2024-10-22,4.03
30年期,2024-10-22,4.49
5年期,2024-10-22,4.0
10年期,2024-10-23,4.24
1年期,2024-10-23,4.27
20年期,2024-10-23,4.58
2年期,2024-10-23,4.07
30年期,2024-10-23,4.51
5年期,2024-10-23,4.05
10年期,2024-10-24,4.21
1年期,2024-10-24,4.25
20年期,2024-10-24,4.54
2年期,2024-10-24,4.07
30年期,2024-10-24,4.47
5年期,2024-10-24,4.03
10年期,2024-10-25,4.25
1年期,2024-10-25,4.29
20年期,2024-10-25,4.58
2年期,2024-10-25,4.11
30年期,2024-10-25,4.51
5年期,2024-10-25,4.07
10年期,2024-10-28,4.28
1年期,2024-10-28,4.28
20年期,2024-10-28,4.61
2年期,2024-10-28,4.12
30年期,2024-10-28,4.53
5年期,2024-10-28,4.11
10年期,2024-10-29,4.28
1年期,2024-10-29,4.29
20年期,2024-10-29,4.61
2年期,2024-10-29,4.11
30年期,2024-10-29,4.52
5年期,2024-10-29,4.11
10年期,2024-10-30,4.29
1年期,2024-10-30,4.28
20年期,2024-10-30,4.6
2年期,2024-10-30,4.15
30年期,2024-10-30,4.49
5年期,2024-10-30,4.14
10年期,2024-10-31,4.28
1年期,2024-10-31,4.27
20年期,2024-10-31,4.58
2年期,2024-10-31,4.16
30年期,2024-10-31,4.47
5年期,2024-10-31,4.15
10年期,2024-11-01,4.37
1年期,2024-11-01,4.28
20年期,2024-11-01,4.68
2年期,2024-11-01,4.21
30年期,2024-11-01,4.57
5年期,2024-11-01,4.22
10年期,2024-11-04,4.31
1年期,2024-11-04,4.25
20年期,2024-11-04,4.6
2年期,2024-11-04,4.17
30年期,2024-11-04,4.5
5年期,2024-11-04,4.17
10年期,2024-11-05,4.26
1年期,2024-11-05,4.27
20年期,2024-11-05,4.55
2年期,2024-11-05,4.19
30年期,2024-11-05,4.44
5年期,2024-11-05,4.16
10年期,2024-11-06,4.42
1年期,2024-11-06,4.31
20年期,2024-11-06,4.71
2年期,2024-11-06,4.27
30年期,2024-11-06,4.6
5年期,2024-11-06,4.27
10年期,2024-11-07,4.31
1年期,2024-11-07,4.28
20年期,2024-11-07,4.62
2年期,2024-11-07,4.21
30年期,2024-11-07,4.52
5年期,2024-11-07,4.17
10年期,2024-11-08,4.3
1年期,2024-11-08,4.32
20年期,2024-11-08,4.58
2年期,2024-11-08,4.26
30年期,2024-11-08,4.47
5年期,2024-11-08,4.2
10年期,2024-11-12,4.43
1年期,2024-11-12,4.38
20年期,2024-11-12,4.7
2年期,2024-11-12,4.34
30年期,2024-11-12,4.58
5年期,2024-11-12,4.32
10年期,2024-11-13,4.44
1年期,2024-11-13,4.31
20年期,2024-11-13,4.73
2年期,2024-11-13,4.27
30年期,2024-11-13,4.63
5年期,2024-11-13,4.3
10年期,2024-11-14,4.43
1年期,2024-11-14,4.36
20年期,2024-11-14,4.69
2年期,2024-11-14,4.34
30年期,2024-11-14,4.58
5年期,2024-11-14,4.32
10年期,2024-11-15,4.43
1年期,2024-11-15,4.34
20年期,2024-11-15,4.7
2年期,2024-11-15,4.31
30年期,2024-11-15,4.6
5年期,2024-11-15,4.3
10年期,2024-11-18,4.42
1年期,2024-11-18,4.33
20年期,2024-11-18,4.7
2年期,2024-11-18,4.29
30年期,2024-11-18,4.61
5年期,2024-11-18,4.28
10年期,2024-11-19,4.39
1年期,2024-11-19,4.34
20年期,2024-11-19,4.66
2年期,2024-11-19,4.27
30年期,2024-11-19,4.57
5年期,2024-11-19,4.25
10年期,2024-11-20,4.41
1年期,2024-11-20,4.37
20年期,2024-11-20,4.66
2年期,2024-11-20,4.31
30年期,2024-11-20,4.59
5年期,2024-11-20,4.28
10年期,2024-11-21,4.43
1年期,2024-11-21,4.39
20年期,2024-11-21,4.68
2年期,2024-11-21,4.34
30年期,2024-11-21,4.61
5年期,2024-11-21,4.3
10年期,2024-11-22,4.41
1年期,2024-11-22,4.42
20年期,2024-11-22,4.67
2年期,2024-11-22,4.37
30年期,2024-11-22,4.6
5年期,2024-11-22,4.3
10年期,2024-11-25,4.27
1年期,2024-11-25,4.37
20年期,2024-11-25,4.53
2年期,2024-11-25,4.21
30年期,2024-11-25,4.45
5年期,2024-11-25,4.17
10年期,2024-11-26,4.3
1年期,2024-11-26,4.37
20年期,2024-11-26,4.56
2年期,2024-11-26,4.21
30年期,2024-11-26,4.48
5年期,2024-11-26,4.17
10年期,2024-11-27,4.25
1年期,2024-11-27,4.34
20年期,2024-11-27,4.52
2年期,2024-11-27,4.19
30年期,2024-11-27,4.44
5年期,2024-11-27,4.11
10年期,2024-11-29,4.18
1年期,2024-11-29,4.3
20年期,2024-11-29,4.45
2年期,2024-11-29,4.13
30年期,2024-11-29,4.36
5年期,2024-11-29,4.05
10年期,2024-12-02,4.19
1年期,2024-12-02,4.3
20年期,2024-12-02,4.46
2年期,2024-12-02,4.17
30年期,2024-12-02,4.36
5年期,2024-12-02,4.08
10年期,2024-12-03,4.23
1年期,2024-12-03,4.27
20年期,2024-12-03,4.5
2年期,2024-12-03,4.17
30年期,2024-12-03,4.4
5年期,2024-12-03,4.11
10年期,2024-12-04,4.19
1年期,2024-12-04,4.23
20年期,2024-12-04,4.45
2年期,2024-12-04,4.13
30年期,2024-12-04,4.35
5年期,2024-12-04,4.07
10年期,2024-12-05,4.17
1年期,2024-12-05,4.23
20年期,2024-12-05,4.43
2年期,2024-12-05,4.15
30年期,2024-12-05,4.33
5年期,2024-12-05,4.07
10年期,2024-12-06,4.15
1年期,2024-12-06,4.19
20年期,2024-12-06,4.42
2年期,2024-12-06,4.1
30年期,2024-12-06,4.34
5年期,2024-12-06,4.03
10年期,2024-12-09,4.2
1年期,2024-12-09,4.2
20年期,2024-12-09,4.47
2年期,2024-12-09,4.13
30年期,2024-12-09,4.39
5年期,2024-12-09,4.07
10年期,2024-12-10,4.22
1年期,2024-12-10,4.22
20年期,2024-12-10,4.49
2年期,2024-12-10,4.15
30年期,2024-12-10,4.41
5年期,2024-12-10,4.09
10年期,2024-12-11,4.26
1年期,2024-12-11,4.21
20年期,2024-12-11,4.55
2年期,2024-12-11,4.15
30年期,2024-12-11,4.48
5年期,2024-12-11,4.13
10年期,2024-12-12,4.32
1年期,2024-12-12,4.22
20年期,2024-12-12,4.62
2年期,2024-12-12,4.18
30年期,2024-12-12,4.55
5年期,2024-12-12,4.18
10年期,2024-12-13,4.4
1年期,2024-12-13,4.24
20年期,2024-12-13,4.69
2年期,2024-12-13,4.25
30年期,2024-12-13,4.61
5年期,2024-12-13,4.25
10年期,2024-12-16,4.39
1年期,2024-12-16,4.24
20年期,2024-12-16,4.68
2年期,2024-12-16,4.25
30年期,2024-12-16,4.6
5年期,2024-12-16,4.25
10年期,2024-12-17,4.4
1年期,2024-12-17,4.25
20年期,2024-12-17,4.68
2年期,2024-12-17,4.25
30年期,2024-12-17,4.59
5年期,2024-12-17,4.26
10年期,2024-12-18,4.5
1年期,2024-12-18,4.3
20年期,2024-12-18,4.74
2年期,2024-12-18,4.35
30年期,2024-12-18,4.65
5年期,2024-12-18,4.4
10年期,2024-12-19,4.57
1年期,2024-12-19,4.28
20年期,2024-12-19,4.82
2年期,2024-12-19,4.32
30年期,2024-12-19,4.74
5年期,2024-12-19,4.43
10年期,2024-12-20,4.52
1年期,2024-12-20,4.27
20年期,2024-12-20,4.79
2年期,2024-12-20,4.3
30年期,2024-12-20,4.72
5年期,2024-12-20,4.37
10年期,2024-12-23,4.59
1年期,2024-12-23,4.26
20年期,2024-12-23,4.85
2年期,2024-12-23,4.3
30年期,2024-12-23,4.78
5年期,2024-12-23,4.44
10年期,2024-12-24,4.59
1年期,2024-12-24,4.24
20年期,2024-12-24,4.84
2年期,2024-12-24,4.29
30年期,2024-12-24,4.76
5年期,2024-12-24,4.43
10年期,2024-12-26,4.58
1年期,2024-12-26,4.23
20年期,2024-12-26,4.83
2年期,2024-12-26,4.3
30年期,2024-12-26,4.76
5年期,2024-12-26,4.42
10年期,2024-12-27,4.62
1年期,2024-12-27,4.2
20年期,2024-12-27,4.89
2年期,2024-12-27,4.31
30年期,2024-12-27,4.82
5年期,2024-12-27,4.45
10年期,2024-12-30,4.55
1年期,2024-12-30,4.17
20年期,2024-12-30,4.84
2年期,2024-12-30,4.24
30年期,2024-12-30,4.77
5年期,2024-12-30,4.37
10年期,2024-12-31,4.58
1年期,2024-12-31,4.16
20年期,2024-12-31,4.86
2年期,2024-12-31,4.25
30年期,2024-12-31,4.78
5年期,2024-12-31,4.38
10年期,2025-01-02,4.57
1年期,2025-01-02,4.17
20年期,2025-01-02,4.86
2年期,2025-01-02,4.25
30年期,2025-01-02,4.79
5年期,2025-01-02,4.38
10年期,2025-01-03,4.6
1年期,2025-01-03,4.18
20年期,2025-01-03,4.88
2年期,2025-01-03,4.28
30年期,2025-01-03,4.82
5年期,2025-01-03,4.41
10年期,2025-01-06,4.62
1年期,2025-01-06,4.17
20年期,2025-01-06,4.91
2年期,2025-01-06,4.28
30年期,2025-01-06,4.85
5年期,2025-01-06,4.42
10年期,2025-01-07,4.67
1年期,2025-01-07,4.19
20年期,2025-01-07,4.97
2年期,2025-01-07,4.3
30年期,2025-01-07,4.91
5年期,2025-01-07,4.46
10年期,2025-01-08,4.67
1年期,2025-01-08,4.19
20年期,2025-01-08,4.97
2年期,2025-01-08,4.28
30年期,2025-01-08,4.91
5年期,2025-01-08,4.45
10年期,2025-01-09,4.68
1年期,2025-01-09,4.16
20年期,2025-01-09,4.98
2年期,2025-01-09,4.27
30年期,2025-01-09,4.92
5年期,2025-01-09,4.46
10年期,2025-01-10,4.77
1年期,2025-01-10,4.25
20年期,2025-01-10,5.04
2年期,2025-01-10,4.4
30年期,2025-01-10,4.96
5年期,2025-01-10,4.59
10年期,2025-01-13,4.79
1年期,2025-01-13,4.24
20年期,2025-01-13,5.05
2年期,2025-01-13,4.4
30年期,2025-01-13,4.97
5年期,2025-01-13,4.61
10年期,2025-01-14,4.78
1年期,2025-01-14,4.22
20年期,2025-01-14,5.06
2年期,2025-01-14,4.37
30年期,2025-01-14,4.98
5年期,2025-01-14,4.59
10年期,2025-01-15,4.66
1年期,2025-01-15,4.19
20年期,2025-01-15,4.95
2年期,2025-01-15,4.27
30年期,2025-01-15,4.88
5年期,2025-01-15,4.45
10年期,2025-01-16,4.61
1年期,2025-01-16,4.18
20年期,2025-01-16,4.91
2年期,2025-01-16,4.23
30年期,2025-01-16,4.84
5年期,2025-01-16,4.39
10年期,2025-01-17,4.61
1年期,2025-01-17,4.21
20年期,2025-01-17,4.91
2年期,2025-01-17,4.27
30年期,2025-01-17,4.84
5年期,2025-01-17,4.42
10年期,2025-01-21,4.57
1年期,2025-01-21,4.21
20年期,2025-01-21,4.87
2年期,2025-01-21,4.29
30年期,2025-01-21,4.8
5年期,2025-01-21,4.4
10年期,2025-01-22,4.6
1年期,2025-01-22,4.2
20年期,2025-01-22,4.89
2年期,2025-01-22,4.29
30年期,2025-01-22,4.82
5年期,2025-01-22,4.43
10年期,2025-01-23,4.65
1年期,2025-01-23,4.18
20年期,2025-01-23,4.92
2年期,2025-01-23,4.29
30年期,2025-01-23,4.87
5年期,2025-01-23,4.45
10年期,2025-01-24,4.63
1年期,2025-01-24,4.17
20年期,2025-01-24,4.91
2年期,2025-01-24,4.27
30年期,2025-01-24,4.85
5年期,2025-01-24,4.43
10年期,2025-01-27,4.53
1年期,2025-01-27,4.13
20年期,2025-01-27,4.82
2年期,2025-01-27,4.17
30年期,2025-01-27,4.76
5年期,2025-01-27,4.32
10年期,2025-01-28,4.55
1年期,2025-01-28,4.14
20年期,2025-01-28,4.84
2年期,2025-01-28,4.19
30年期,2025-01-28,4.78
5年期,2025-01-28,4.33
10年期,2025-01-29,4.55
1年期,2025-01-29,4.17
20年期,2025-01-29,4.85
2年期,2025-01-29,4.21
30年期,2025-01-29,4.79
5年期,2025-01-29,4.35
10年期,2025-01-30,4.52
1年期,2025-01-30,4.16
20年期,2025-01-30,4.81
2年期,2025-01-30,4.18
30年期,2025-01-30,4.76
5年期,2025-01-30,4.31
10年期,2025-01-31,4.58
1年期,2025-01-31,4.17
20年期,2025-01-31,4.88
2年期,2025-01-31,4.22
30年期,2025-01-31,4.83
5年期,2025-01-31,4.36
10年期,2025-02-03,4.54
1年期,2025-02-03,4.2
20年期,2025-02-03,4.82
2年期,2025-02-03,4.26
30年期,2025-02-03,4.77
5年期,2025-02-03,4.35
10年期,2025-02-04,4.52
1年期,2025-02-04,4.18
20年期,2025-02-04,4.81
2年期,2025-02-04,4.21
30年期,2025-02-04,4.75
5年期,2025-02-04,4.31
10年期,2025-02-05,4.43
1年期,2025-02-05,4.17
20年期,2025-02-05,4.69
2年期,2025-02-05,4.17
30年期,2025-02-05,4.64
5年期,2025-02-05,4.24
10年期,2025-02-06,4.45
1年期,2025-02-06,4.19
20年期,2025-02-06,4.7
2年期,2025-02-06,4.21
30年期,2025-02-06,4.65
5年期,2025-02-06,4.28
10年期,2025-02-07,4.49
1年期,2025-02-07,4.25
20年期,2025-02-07,4.75
2年期,2025-02-07,4.29
30年期,2025-02-07,4.69
5年期,2025-02-07,4.34
10年期,2025-02-10,4.51
1年期,2025-02-10,4.24
20年期,2025-02-10,4.76
2年期,2025-02-10,4.28
30年期,2025-02-10,4.71
5年期,2025-02-10,4.34
10年期,2025-02-11,4.54
1年期,2025-02-11,4.25
20年期,2025-02-11,4.8
2年期,2025-02-11,4.29
30年期,2025-02-11,4.75
5年期,2025-02-11,4.37
10年期,2025-02-12,4.62
1年期,2025-02-12,4.3
20年期,2025-02-12,4.9
2年期,2025-02-12,4.36
30年期,2025-02-12,4.83
5年期,2025-02-12,4.48
10年期,2025-02-13,4.52
1年期,2025-02-13,4.27
20年期,2025-02-13,4.79
2年期,2025-02-13,4.31
30年期,2025-02-13,4.72
5年期,2025-02-13,4.39
10年期,2025-02-14,4.47
1年期,2025-02-14,4.23
20年期,2025-02-14,4.75
2年期,2025-02-14,4.26
30年期,2025-02-14,4.69
5年期,2025-02-14,4.33
10年期,2025-02-18,4.55
1年期,2025-02-18,4.24
20年期,2025-02-18,4.83
2年期,2025-02-18,4.29
30年期,2025-02-18,4.77
5年期,2025-02-18,4.4
10年期,2025-02-19,4.53
1年期,2025-02-19,4.22
20年期,2025-02-19,4.79
2年期,2025-02-19,4.28
30年期,2025-02-19,4.76
5年期,2025-02-19,4.37
10年期,2025-02-20,4.5
1年期,2025-02-20,4.2
20年期,2025-02-20,4.77
2年期,2025-02-20,4.28
30年期,2025-02-20,4.74
5年期,2025-02-20,4.34
10年期,2025-02-21,4.42
1年期,2025-02-21,4.15
20年期,2025-02-21,4.69
2年期,2025-02-21,4.19
30年期,2025-02-21,4.67
5年期,2025-02-21,4.26
10年期,2025-02-24,4.4
1年期,2025-02-24,4.15
20年期,2025-02-24,4.69
2年期,2025-02-24,4.13
30年期,2025-02-24,4.66
5年期,2025-02-24,4.23
10年期,2025-02-25,4.3
1年期,2025-02-25,4.12
20年期,2025-02-25,4.59
2年期,2025-02-25,4.07
30年期,2025-02-25,4.55
5年期,2025-02-25,4.12
10年期,2025-02-26,4.25
1年期,2025-02-26,4.12
20年期,2025-02-26,4.55
2年期,2025-02-26,4.05
30年期,2025-02-26,4.51
5年期,2025-02-26,4.06
10年期,2025-02-27,4.29
1年期,2025-02-27,4.13
20年期,2025-02-27,4.59
2年期,2025-02-27,4.07
30年期,2025-02-27,4.56
5年期,2025-02-27,4.09
10年期,2025-02-28,4.24
1年期,2025-02-28,4.08
20年期,2025-02-28,4.55
2年期,2025-02-28,3.99
30年期,2025-02-28,4.51
5年期,2025-02-28,4.03
10年期,2025-03-03,4.16
1年期,2025-03-03,4.06
20年期,2025-03-03,4.49
2年期,2025-03-03,3.96
30年期,2025-03-03,4.45
5年期,2025-03-03,3.97
10年期,2025-03-04,4.22
1年期,2025-03-04,4.04
20年期,2025-03-04,4.56
2年期,2025-03-04,3.96
30年期,2025-03-04,4.53
5年期,2025-03-04,4.01
10年期,2025-03-05,4.28
1年期,2025-03-05,4.06
20年期,2025-03-05,4.61
2年期,2025-03-05,3.99
30年期,2025-03-05,4.57
5年期,2025-03-05,4.08
10年期,2025-03-06,4.29
1年期,2025-03-06,4.02
20年期,2025-03-06,4.63
2年期,2025-03-06,3.96
30年期,2025-03-06,4.58
5年期,2025-03-06,4.06
10年期,2025-03-07,4.32
1年期,2025-03-07,4.05
20年期,2025-03-07,4.66
2年期,2025-03-07,3.99
30年期,2025-03-07,4.62
5年期,2025-03-07,4.09
10年期,2025-03-10,4.22
1年期,2025-03-10,3.98
20年期,2025-03-10,4.58
2年期,2025-03-10,3.89
30年期,2025-03-10,4.54
5年期,2025-03-10,3.98
10年期,2025-03-11,4.28
1年期,2025-03-11,4.03
20年期,2025-03-11,4.63
2年期,2025-03-11,3.94
30年期,2025-03-11,4.59
5年期,2025-03-11,4.03
10年期,2025-03-12,4.32
1年期,2025-03-12,4.07
20年期,2025-03-12,4.67
2年期,2025-03-12,4.01
30年期,2025-03-12,4.63
5年期,2025-03-12,4.09
10年期,2025-03-13,4.27
1年期,2025-03-13,4.03
20年期,2025-03-13,4.63
2年期,2025-03-13,3.94
30年期,2025-03-13,4.59
5年期,2025-03-13,4.02
10年期,2025-03-14,4.31
1年期,2025-03-14,4.09
20年期,2025-03-14,4.65
2年期,2025-03-14,4.02
30年期,2025-03-14,4.62
5年期,2025-03-14,4.09
10年期,2025-03-17,4.31
1年期,2025-03-17,4.11
20年期,2025-03-17,4.64
2年期,2025-03-17,4.06
30年期,2025-03-17,4.6
5年期,2025-03-17,4.11
10年期,2025-03-18,4.29
1年期,2025-03-18,4.13
20年期,2025-03-18,4.61
2年期,2025-03-18,4.04
30年期,2025-03-18,4.58
5年期,2025-03-18,4.07
10年期,2025-03-19,4.25
1年期,2025-03-19,4.1
20年期,2025-03-19,4.58
2年期,2025-03-19,3.99
30年期,2025-03-19,4.56
5年期,2025-03-19,4.03
10年期,2025-03-20,4.24
1年期,2025-03-20,4.06
20年期,2025-03-20,4.57
2年期,2025-03-20,3.95
30年期,2025-03-20,4.55
5年期,2025-03-20,4.01
10年期,2025-03-21,4.25
1年期,2025-03-21,4.04
20年期,2025-03-21,4.6
2年期,2025-03-21,3.94
30年期,2025-03-21,4.59
5年期,2025-03-21,4.0
10年期,2025-03-24,4.34
1年期,2025-03-24,4.11
20年期,2025-03-24,4.68
2年期,2025-03-24,4.04
30年期,2025-03-24,4.66
5年期,2025-03-24,4.09
10年期,2025-03-25,4.31
1年期,2025-03-25,4.09
20年期,2025-03-25,4.67
2年期,2025-03-25,3.96
30年期,2025-03-25,4.65
5年期,2025-03-25,4.07
10年期,2025-03-26,4.35
1年期,2025-03-26,4.1
20年期,2025-03-26,4.71
2年期,2025-03-26,3.98
30年期,2025-03-26,4.69
5年期,2025-03-26,4.08
10年期,2025-03-27,4.38
1年期,2025-03-27,4.1
20年期,2025-03-27,4.75
2年期,2025-03-27,3.97
30年期,2025-03-27,4.73
5年期,2025-03-27,4.09
10年期,2025-03-28,4.27
1年期,2025-03-28,4.04
20年期,2025-03-28,4.65
2年期,2025-03-28,3.89
30年期,2025-03-28,4.64
5年期,2025-03-28,3.98
10年期,2025-03-31,4.23
1年期,2025-03-31,4.03
20年期,2025-03-31,4.62
2年期,2025-03-31,3.89
30年期,2025-03-31,4.59
5年期,2025-03-31,3.96
10年期,2025-04-01,4.17
1年期,2025-04-01,4.01
20年期,2025-04-01,4.56
2年期,2025-04-01,3.87
30年期,2025-04-01,4.52
5年期,2025-04-01,3.91
10年期,2025-04-02,4.2
1年期,2025-04-02,4.04
20年期,2025-04-02,4.58
2年期,2025-04-02,3.91
30年期,2025-04-02,4.54
5年期,2025-04-02,3.95
10年期,2025-04-03,4.06
1年期,2025-04-03,3.92
20年期,2025-04-03,4.51
2年期,2025-04-03,3.71
30年期,2025-04-03,4.49
5年期,2025-04-03,3.75
10年期,2025-04-04,4.01
1年期,2025-04-04,3.86
20年期,2025-04-04,4.44
2年期,2025-04-04,3.68
30年期,2025-04-04,4.41
5年期,2025-04-04,3.72
10年期,2025-04-07,4.15
1年期,2025-04-07,3.86
20年期,2025-04-07,4.61
2年期,2025-04-07,3.73
30年期,2025-04-07,4.58
5年期,2025-04-07,3.82
10年期,2025-04-08,4.26
1年期,2025-04-08,3.83
20年期,2025-04-08,4.76
2年期,2025-04-08,3.71
30年期,2025-04-08,4.71
5年期,2025-04-08,3.88
10年期,2025-04-09,4.34
1年期,2025-04-09,4.03
20年期,2025-04-09,4.78
2年期,2025-04-09,3.91
30年期,2025-04-09,4.72
5年期,2025-04-09,4.06
10年期,2025-04-10,4.4
1年期,2025-04-10,3.97
20年期,2025-04-10,4.9
2年期,2025-04-10,3.84
30年期,2025-04-10,4.86
5年期,2025-04-10,4.04
10年期,2025-04-11,4.48
1年期,2025-04-11,4.04
20年期,2025-04-11,4.91
2年期,2025-04-11,3.96
30年期,2025-04-11,4.85
5年期,2025-04-11,4.15
10年期,2025-04-14,4.38
1年期,2025-04-14,3.99
20年期,2025-04-14,4.84
2年期,2025-04-14,3.84
30年期,2025-04-14,4.8
5年期,2025-04-14,4.02
10年期,2025-04-15,4.35
1年期,2025-04-15,3.99
20年期,2025-04-15,4.82
2年期,2025-04-15,3.84
30年期,2025-04-15,4.79
5年期,2025-04-15,3.98
10年期,2025-04-16,4.29
1年期,2025-04-16,3.96
20年期,2025-04-16,4.77
2年期,2025-04-16,3.77
30年期,2025-04-16,4.74
5年期,2025-04-16,3.91
10年期,2025-04-17,4.34
1年期,2025-04-17,3.99
20年期,2025-04-17,4.82
2年期,2025-04-17,3.81
30年期,2025-04-17,4.8
5年期,2025-04-17,3.95
10年期,2025-04-21,4.42
1年期,2025-04-21,3.95
20年期,2025-04-21,4.94
2年期,2025-04-21,3.75
30年期,2025-04-21,4.91
5年期,2025-04-21,3.97
10年期,2025-04-22,4.41
1年期,2025-04-22,3.98
20年期,2025-04-22,4.9
2年期,2025-04-22,3.76
30年期,2025-04-22,4.88
5年期,2025-04-22,3.98
10年期,2025-04-23,4.4
1年期,2025-04-23,4.01
20年期,2025-04-23,4.86
2年期,2025-04-23,3.81
30年期,2025-04-23,4.83
5年期,2025-04-23,4.0
10年期,2025-04-24,4.32
1年期,2025-04-24,3.97
20年期,2025-04-24,4.79
2年期,2025-04-24,3.77
30年期,2025-04-24,4.77
5年期,2025-04-24,3.91
10年期,2025-04-25,4.29
1年期,2025-04-25,3.95
20年期,2025-04-25,4.75
2年期,2025-04-25,3.74
30年期,2025-04-25,4.74
5年期,2025-04-25,3.88
10年期,2025-04-28,4.23
1年期,2025-04-28,3.92
20年期,2025-04-28,4.71
2年期,2025-04-28,3.67
30年期,2025-04-28,4.69
5年期,2025-04-28,3.81
10年期,2025-04-29,4.19
1年期,2025-04-29,3.89
20年期,2025-04-29,4.66
2年期,2025-04-29,3.65
30年期,2025-04-29,4.64
5年期,2025-04-29,3.77
10年期,2025-04-30,4.17
1年期,2025-04-30,3.85
20年期,2025-04-30,4.68
2年期,2025-04-30,3.6
30年期,2025-04-30,4.66
5年期,2025-04-30,3.72
10年期,2025-05-01,4.25
1年期,2025-05-01,3.92
20年期,2025-05-01,4.75
2年期,2025-05-01,3.7
30年期,2025-05-01,4.74
5年期,2025-05-01,3.81
10年期,2025-05-02,4.33
1年期,2025-05-02,4.0
20年期,2025-05-02,4.81
2年期,2025-05-02,3.83
30年期,2025-05-02,4.79
5年期,2025-05-02,3.92
10年期,2025-05-05,4.36
1年期,2025-05-05,4.02
20年期,2025-05-05,4.84
2年期,2025-05-05,3.83
30年期,2025-05-05,4.83
5年期,2025-05-05,3.95
10年期,2025-05-06,4.3
1年期,2025-05-06,3.98
20年期,2025-05-06,4.82
2年期,2025-05-06,3.78
30年期,2025-05-06,4.81
5年期,2025-05-06,3.9
10年期,2025-05-07,4.26
1年期,2025-05-07,4.0
20年期,2025-05-07,4.78
2年期,2025-05-07,3.78
30年期,2025-05-07,4.77
5年期,2025-05-07,3.87
10年期,2025-05-08,4.37
1年期,2025-05-08,4.05
20年期,2025-05-08,4.86
2年期,2025-05-08,3.9
30年期,2025-05-08,4.83
5年期,2025-05-08,4.0
10年期,2025-05-09,4.37
1年期,2025-05-09,4.05
20年期,2025-05-09,4.86
2年期,2025-05-09,3.88
30年期,2025-05-09,4.83
5年期,2025-05-09,4.0
10年期,2025-05-12,4.45
1年期,2025-05-12,4.11
20年期,2025-05-12,4.92
2年期,2025-05-12,3.98
30年期,2025-05-12,4.89
5年期,2025-05-12,4.09
10年期,2025-05-13,4.49
1年期,2025-05-13,4.11
20年期,2025-05-13,4.97
2年期,2025-05-13,4.02
30年期,2025-05-13,4.94
5年期,2025-05-13,4.12
10年期,2025-05-14,4.53
1年期,2025-05-14,4.14
20年期,2025-05-14,5.0
2年期,2025-05-14,4.05
30年期,2025-05-14,4.97
5年期,2025-05-14,4.17
10年期,2025-05-15,4.45
1年期,2025-05-15,4.1
20年期,2025-05-15,4.93
2年期,2025-05-15,3.96
30年期,2025-05-15,4.91
5年期,2025-05-15,4.07
10年期,2025-05-16,4.43
1年期,2025-05-16,4.13
20年期,2025-05-16,4.92
2年期,2025-05-16,3.98
30年期,2025-05-16,4.89
5年期,2025-05-16,4.06
10年期,2025-05-19,4.46
1年期,2025-05-19,4.12
20年期,2025-05-19,4.95
2年期,2025-05-19,3.97
30年期,2025-05-19,4.92
5年期,2025-05-19,4.07
10年期,2025-05-20,4.48
1年期,2025-05-20,4.12
20年期,2025-05-20,4.99
2年期,2025-05-20,3.97
30年期,2025-05-20,4.96
5年期,2025-05-20,4.07
10年期,2025-05-21,4.58
1年期,2025-05-21,4.13
20年期,2025-05-21,5.08
2年期,2025-05-21,4.0
30年期,2025-05-21,5.08
5年期,2025-05-21,4.15
10年期,2025-05-22,4.54
1年期,2025-05-22,4.13
20年期,2025-05-22,5.05
2年期,2025-05-22,4.0
30年期,2025-05-22,5.05
5年期,2025-05-22,4.11
10年期,2025-05-23,4.51
1年期,2025-05-23,4.15
20年期,2025-05-23,5.03
2年期,2025-05-23,4.0
30年期,2025-05-23,5.04
5年期,2025-05-23,4.08
10年期,2025-05-27,4.43
1年期,2025-05-27,4.14
20年期,2025-05-27,4.95
2年期,2025-05-27,3.92
30年期,2025-05-27,4.94
5年期,2025-05-27,4.04
10年期,2025-05-28,4.47
1年期,2025-05-28,4.16
20年期,2025-05-28,4.99
2年期,2025-05-28,3.96
30年期,2025-05-28,4.97
5年期,2025-05-28,4.05
10年期,2025-05-29,4.43
1年期,2025-05-29,4.13
20年期,2025-05-29,4.94
2年期,2025-05-29,3.92
30年期,2025-05-29,4.92
5年期,2025-05-29,4.0
10年期,2025-05-30,4.41
1年期,2025-05-30,4.11
20年期,2025-05-30,4.93
2年期,2025-05-30,3.89
30年期,2025-05-30,4.92
5年期,2025-05-30,3.96
10年期,2025-06-02,4.46
1年期,2025-06-02,4.12
20年期,2025-06-02,5.0
2年期,2025-06-02,3.94
30年期,2025-06-02,4.99
5年期,2025-06-02,4.01
10年期,2025-06-03,4.46
1年期,2025-06-03,4.12
20年期,2025-06-03,5.0
2年期,2025-06-03,3.96
30年期,2025-06-03,4.98
5年期,2025-06-03,4.04
10年期,2025-06-04,4.37
1年期,2025-06-04,4.06
20年期,2025-06-04,4.9
2年期,2025-06-04,3.87
30年期,2025-06-04,4.89
5年期,2025-06-04,3.93
10年期,2025-06-05,4.4
1年期,2025-06-05,4.08
20年期,2025-06-05,4.9
2年期,2025-06-05,3.92
30年期,2025-06-05,4.88
5年期,2025-06-05,3.99
10年期,2025-06-06,4.51
1年期,2025-06-06,4.14
20年期,2025-06-06,4.99
2年期,2025-06-06,4.04
30年期,2025-06-06,4.97
5年期,2025-06-06,4.13
10年期,2025-06-09,4.49
1年期,2025-06-09,4.13
20年期,2025-06-09,4.98
2年期,2025-06-09,4.01
30年期,2025-06-09,4.95
5年期,2025-06-09,4.09
10年期,2025-06-10,4.47
1年期,2025-06-10,4.12
20年期,2025-06-10,4.96
2年期,2025-06-10,4.01
30年期,2025-06-10,4.93
5年期,2025-06-10,4.08
10年期,2025-06-11,4.41
1年期,2025-06-11,4.08
20年期,2025-06-11,4.93
2年期,2025-06-11,3.94
30年期,2025-06-11,4.91
5年期,2025-06-11,4.02
10年期,2025-06-12,4.36
1年期,2025-06-12,4.06
20年期,2025-06-12,4.86
2年期,2025-06-12,3.9
30年期,2025-06-12,4.84
5年期,2025-06-12,3.97
10年期,2025-06-13,4.41
1年期,2025-06-13,4.09
20年期,2025-06-13,4.93
2年期,2025-06-13,3.96
30年期,2025-06-13,4.9
5年期,2025-06-13,4.02
10年期,2025-06-16,4.46
1年期,2025-06-16,4.1
20年期,2025-06-16,4.97
2年期,2025-06-16,3.97
30年期,2025-06-16,4.96
5年期,2025-06-16,4.04
10年期,2025-06-17,4.39
1年期,2025-06-17,4.1
20年期,2025-06-17,4.89
2年期,2025-06-17,3.94
30年期,2025-06-17,4.88
5年期,2025-06-17,3.99
10年期,2025-06-18,4.38
1年期,2025-06-18,4.1
20年期,2025-06-18,4.89
2年期,2025-06-18,3.94
30年期,2025-06-18,4.88
5年期,2025-06-18,3.98
10年期,2025-06-20,4.38
1年期,2025-06-20,4.07
20年期,2025-06-20,4.9
2年期,2025-06-20,3.9
30年期,2025-06-20,4.89
5年期,2025-06-20,3.96
10年期,2025-06-23,4.34
1年期,2025-06-23,4.0
20年期,2025-06-23,4.87
2年期,2025-06-23,3.84
30年期,2025-06-23,4.87
5年期,2025-06-23,3.91
10年期,2025-06-24,4.3
1年期,2025-06-24,3.99
20年期,2025-06-24,4.83
2年期,2025-06-24,3.75
30年期,2025-06-24,4.83
5年期,2025-06-24,3.86
10年期,2025-06-25,4.29
1年期,2025-06-25,3.99
20年期,2025-06-25,4.83
2年期,2025-06-25,3.74
30年期,2025-06-25,4.83
5年期,2025-06-25,3.83
10年期,2025-06-26,4.26
1年期,2025-06-26,3.96
20年期,2025-06-26,4.81
2年期,2025-06-26,3.7
30年期,2025-06-26,4.81
5年期,2025-06-26,3.79
10年期,2025-06-27,4.29
1年期,2025-06-27,3.97
20年期,2025-06-27,4.85
2年期,2025-06-27,3.73
30年期,2025-06-27,4.85
5年期,2025-06-27,3.83
10年期,2025-06-30,4.24
1年期,2025-06-30,3.96
20年期,2025-06-30,4.79
2年期,2025-06-30,3.72
30年期,2025-06-30,4.78
5年期,2025-06-30,3.79
10年期,2025-07-01,4.26
1年期,2025-07-01,3.98
20年期,2025-07-01,4.79
2年期,2025-07-01,3.78
30年期,2025-07-01,4.78
5年期,2025-07-01,3.84
10年期,2025-07-02,4.3
1年期,2025-07-02,3.99
20年期,2025-07-02,4.84
2年期,2025-07-02,3.78
30年期,2025-07-02,4.82
5年期,2025-07-02,3.87
10年期,2025-07-03,4.35
1年期,2025-07-03,4.07
20年期,2025-07-03,4.87
2年期,2025-07-03,3.88
30年期,2025-07-03,4.86
5年期,2025-07-03,3.94
10年期,2025-07-07,4.4
1年期,2025-07-07,4.08
20年期,2025-07-07,4.93
2年期,2025-07-07,3.9
30年期,2025-07-07,4.92
5年期,2025-07-07,3.96
10年期,2025-07-08,4.42
1年期,2025-07-08,4.11
20年期,2025-07-08,4.95
2年期,2025-07-08,3.9
30年期,2025-07-08,4.94
5年期,2025-07-08,3.99
10年期,2025-07-09,4.34
1年期,2025-07-09,4.07
20年期,2025-07-09,4.87
2年期,2025-07-09,3.86
30年期,2025-07-09,4.87
5年期,2025-07-09,3.92
10年期,2025-07-10,4.35
1年期,2025-07-10,4.07
20年期,2025-07-10,4.87
2年期,2025-07-10,3.86
30年期,2025-07-10,4.86
5年期,2025-07-10,3.93
10年期,2025-07-11,4.43
1年期,2025-07-11,4.09
20年期,2025-07-11,4.96
2年期,2025-07-11,3.9
30年期,2025-07-11,4.96
5年期,2025-07-11,3.99
10年期,2025-07-14,4.43
1年期,2025-07-14,4.08
20年期,2025-07-14,4.97
2年期,2025-07-14,3.9
30年期,2025-07-14,4.97
5年期,2025-07-14,3.98
10年期,2025-07-15,4.5
1年期,2025-07-15,4.12
20年期,2025-07-15,5.02
2年期,2025-07-15,3.95
30年期,2025-07-15,5.01
5年期,2025-07-15,4.05
10年期,2025-07-16,4.46
1年期,2025-07-16,4.08
20年期,2025-07-16,5.01
2年期,2025-07-16,3.88
30年期,2025-07-16,5.01
5年期,2025-07-16,3.99
10年期,2025-07-17,4.47
1年期,2025-07-17,4.1
20年期,2025-07-17,5.01
2年期,2025-07-17,3.91
30年期,2025-07-17,5.01
5年期,2025-07-17,4.01
10年期,2025-07-18,4.44
1年期,2025-07-18,4.08
20年期,2025-07-18,4.99
2年期,2025-07-18,3.88
30年期,2025-07-18,5.0
5年期,2025-07-18,3.96
10年期,2025-07-21,4.38
1年期,2025-07-21,4.06
20年期,2025-07-21,4.93
2年期,2025-07-21,3.85
30年期,2025-07-21,4.94
5年期,2025-07-21,3.91
10年期,2025-07-22,4.35
1年期,2025-07-22,4.05
20年期,2025-07-22,4.9
2年期,2025-07-22,3.83
30年期,2025-07-22,4.9
5年期,2025-07-22,3.88
10年期,2025-07-23,4.4
1年期,2025-07-23,4.08
20年期,2025-07-23,4.93
2年期,2025-07-23,3.88
30年期,2025-07-23,4.95
5年期,2025-07-23,3.94
10年期,2025-07-24,4.43
1年期,2025-07-24,4.1
20年期,2025-07-24,4.95
2年期,2025-07-24,3.91
30年期,2025-07-24,4.96
5年期,2025-07-24,3.98
10年期,2025-07-25,4.4
1年期,2025-07-25,4.09
20年期,2025-07-25,4.92
2年期,2025-07-25,3.91
30年期,2025-07-25,4.92
5年期,2025-07-25,3.95
10年期,2025-07-28,4.42
1年期,2025-07-28,4.09
20年期,2025-07-28,4.95
2年期,2025-07-28,3.91
30年期,2025-07-28,4.96
5年期,2025-07-28,3.96
10年期,2025-07-29,4.34
1年期,2025-07-29,4.07
20年期,2025-07-29,4.86
2年期,2025-07-29,3.86
30年期,2025-07-29,4.86
5年期,2025-07-29,3.9
10年期,2025-07-30,4.38
1年期,2025-07-30,4.12
20年期,2025-07-30,4.9
2年期,2025-07-30,3.94
30年期,2025-07-30,4.89
5年期,2025-07-30,3.96
10年期,2025-07-31,4.37
1年期,2025-07-31,4.1
20年期,2025-07-31,4.89
2年期,2025-07-31,3.94
30年期,2025-07-31,4.89
5年期,2025-07-31,3.96
10年期,2025-08-01,4.23
1年期,2025-08-01,3.87
20年期,2025-08-01,4.79
2年期,2025-08-01,3.69
30年期,2025-08-01,4.81
5年期,2025-08-01,3.77
10年期,2025-08-04,4.22
1年期,2025-08-04,3.82
20年期,2025-08-04,4.78
2年期,2025-08-04,3.69
30年期,2025-08-04,4.8
5年期,2025-08-04,3.75
10年期,2025-08-05,4.22
1年期,2025-08-05,3.92
20年期,2025-08-05,4.77
2年期,2025-08-05,3.72
30年期,2025-08-05,4.78
5年期,2025-08-05,3.77
10年期,2025-08-06,4.22
1年期,2025-08-06,3.9
20年期,2025-08-06,4.8
2年期,2025-08-06,3.69
30年期,2025-08-06,4.81
5年期,2025-08-06,3.77
10年期,2025-08-07,4.23
1年期,2025-08-07,3.92
20年期,2025-08-07,4.81
2年期,2025-08-07,3.72
30年期,2025-08-07,4.81
5年期,2025-08-07,3.79
10年期,2025-08-08,4.27
1年期,2025-08-08,3.93
20年期,2025-08-08,4.84
2年期,2025-08-08,3.76
30年期,2025-08-08,4.85
5年期,2025-08-08,3.84
10年期,2025-08-11,4.27
1年期,2025-08-11,3.93
20年期,2025-08-11,4.83
2年期,2025-08-11,3.76
30年期,2025-08-11,4.84
5年期,2025-08-11,3.83
10年期,2025-08-12,4.29
1年期,2025-08-12,3.9
20年期,2025-08-12,4.87
2年期,2025-08-12,3.72
30年期,2025-08-12,4.88
5年期,2025-08-12,3.83
10年期,2025-08-13,4.24
1年期,2025-08-13,3.86
20年期,2025-08-13,4.81
2年期,2025-08-13,3.67
30年期,2025-08-13,4.83
5年期,2025-08-13,3.77
10年期,2025-08-14,4.29
1年期,2025-08-14,3.91
20年期,2025-08-14,4.86
2年期,2025-08-14,3.74
30年期,2025-08-14,4.88
5年期,2025-08-14,3.82
10年期,2025-08-15,4.33
1年期,2025-08-15,3.93
20年期,2025-08-15,4.91
2年期,2025-08-15,3.75
30年期,2025-08-15,4.92
5年期,2025-08-15,3.85
10年期,2025-08-18,4.34
1年期,2025-08-18,3.93
20年期,2025-08-18,4.92
2年期,2025-08-18,3.77
30年期,2025-08-18,4.94
5年期,2025-08-18,3.86
10年期,2025-08-19,4.3
1年期,2025-08-19,3.91
20年期,2025-08-19,4.89
2年期,2025-08-19,3.75
30年期,2025-08-19,4.9
5年期,2025-08-19,3.82
10年期,2025-08-20,4.29
1年期,2025-08-20,3.9
20年期,2025-08-20,4.86
2年期,2025-08-20,3.74
30年期,2025-08-20,4.89
5年期,2025-08-20,3.81
10年期,2025-08-21,4.33
1年期,2025-08-21,3.95
20年期,2025-08-21,4.89
2年期,2025-08-21,3.79
30年期,2025-08-21,4.92
5年期,2025-08-21,3.86
10年期,2025-08-22,4.26
1年期,2025-08-22,3.87
20年期,2025-08-22,4.84
2年期,2025-08-22,3.68
30年期,2025-08-22,4.88
5年期,2025-08-22,3.76
10年期,2025-08-25,4.28
1年期,2025-08-25,3.88
20年期,2025-08-25,4.86
2年期,2025-08-25,3.73
30年期,2025-08-25,4.89
5年期,2025-08-25,3.8
10年期,2025-08-26,4.26
1年期,2025-08-26,3.85
20年期,2025-08-26,4.86
2年期,2025-08-26,3.61
30年期,2025-08-26,4.9
5年期,2025-08-26,3.75
10年期,2025-08-27,4.24
1年期,2025-08-27,3.83
20年期,2025-08-27,4.87
2年期,2025-08-27,3.59
30年期,2025-08-27,4.91
5年期,2025-08-27,3.69
10年期,2025-08-28,4.22
1年期,2025-08-28,3.85
20年期,2025-08-28,4.83
2年期,2025-08-28,3.62
30年期,2025-08-28,4.88
5年期,2025-08-28,3.69
10年期,2025-08-29,4.23
1年期,2025-08-29,3.83
20年期,2025-08-29,4.86
2年期,2025-08-29,3.59
30年期,2025-08-29,4.92
5年期,2025-08-29,3.68
10年期,2025-09-02,4.28
1年期,2025-09-02,3.82
20年期,2025-09-02,4.92
2年期,2025-09-02,3.66
30年期,2025-09-02,4.97
5年期,2025-09-02,3.74
10年期,2025-09-03,4.22
1年期,2025-09-03,3.77
20年期,2025-09-03,4.85
2年期,2025-09-03,3.61
30年期,2025-09-03,4.9
5年期,2025-09-03,3.69
10年期,2025-09-04,4.17
1年期,2025-09-04,3.76
20年期,2025-09-04,4.81
2年期,2025-09-04,3.59
30年期,2025-09-04,4.86
5年期,2025-09-04,3.65
10年期,2025-09-05,4.1
1年期,2025-09-05,3.65
20年期,2025-09-05,4.72
2年期,2025-09-05,3.51
30年期,2025-09-05,4.78
5年期,2025-09-05,3.59
10年期,2025-09-08,4.05
1年期,2025-09-08,3.64
20年期,2025-09-08,4.65
2年期,2025-09-08,3.49
30年期,2025-09-08,4.69
5年期,2025-09-08,3.57
10年期,2025-09-09,4.08
1年期,2025-09-09,3.68
20年期,2025-09-09,4.68
2年期,2025-09-09,3.54
30年期,2025-09-09,4.72
5年期,2025-09-09,3.61
10年期,2025-09-10,4.04
1年期,2025-09-10,3.66
20年期,2025-09-10,4.65
2年期,2025-09-10,3.54
30年期,2025-09-10,4.69
5年期,2025-09-10,3.59
10年期,2025-09-11,4.01
1年期,2025-09-11,3.63
20年期,2025-09-11,4.61
2年期,2025-09-11,3.52
30年期,2025-09-11,4.65
5年期,2025-09-11,3.59
10年期,2025-09-12,4.06
1年期,2025-09-12,3.66
20年期,2025-09-12,4.65
2年期,2025-09-12,3.56
30年期,2025-09-12,4.68
5年期,2025-09-12,3.63
10年期,2025-09-15,4.05
1年期,2025-09-15,3.64
20年期,2025-09-15,4.63
2年期,2025-09-15,3.54
30年期,2025-09-15,4.66
5年期,2025-09-15,3.61
10年期,2025-09-16,4.04
1年期,2025-09-16,3.62
20年期,2025-09-16,4.61
2年期,2025-09-16,3.51
30年期,2025-09-16,4.65
5年期,2025-09-16,3.59
10年期,2025-09-17,4.06
1年期,2025-09-17,3.6
20年期,2025-09-17,4.62
2年期,2025-09-17,3.52
30年期,2025-09-17,4.66
5年期,2025-09-17,3.62
10年期,2025-09-18,4.11
1年期,2025-09-18,3.61
20年期,2025-09-18,4.68
2年期,2025-09-18,3.57
30年期,2025-09-18,4.72
5年期,2025-09-18,3.67
10年期,2025-09-19,4.14
1年期,2025-09-19,3.6
20年期,2025-09-19,4.71
2年期,2025-09-19,3.57
30年期,2025-09-19,4.75
5年期,2025-09-19,3.68
10年期,2025-09-22,4.15
1年期,2025-09-22,3.61
20年期,2025-09-22,4.73
2年期,2025-09-22,3.61
30年期,2025-09-22,4.77
5年期,2025-09-22,3.71
10年期,2025-09-23,4.12
1年期,2025-09-23,3.61
20年期,2025-09-23,4.7
2年期,2025-09-23,3.53
30年期,2025-09-23,4.73
5年期,2025-09-23,3.68
10年期,2025-09-24,4.16
1年期,2025-09-24,3.63
20年期,2025-09-24,4.73
2年期,2025-09-24,3.57
30年期,2025-09-24,4.76
5年期,2025-09-24,3.7
10年期,2025-09-25,4.18
1年期,2025-09-25,3.68
20年期,2025-09-25,4.73
2年期,2025-09-25,3.64
30年期,2025-09-25,4.75
5年期,2025-09-25,3.75
10年期,2025-09-26,4.2
1年期,2025-09-26,3.67
20年期,2025-09-26,4.74
2年期,2025-09-26,3.63
30年期,2025-09-26,4.77
5年期,2025-09-26,3.76
10年期,2025-09-29,4.15
1年期,2025-09-29,3.65
20年期,2025-09-29,4.69
2年期,2025-09-29,3.63
30年期,2025-09-29,4.71
5年期,2025-09-29,3.74
10年期,2025-09-30,4.16
1年期,2025-09-30,3.68
20年期,2025-09-30,4.71
2年期,2025-09-30,3.6
30年期,2025-09-30,4.73
5年期,2025-09-30,3.74
10年期,2025-10-01,4.12
1年期,2025-10-01,3.62
20年期,2025-10-01,4.69
2年期,2025-10-01,3.55
30年期,2025-10-01,4.72
5年期,2025-10-01,3.68
10年期,2025-10-02,4.1
1年期,2025-10-02,3.62
20年期,2025-10-02,4.66
2年期,2025-10-02,3.55
30年期,2025-10-02,4.69
5年期,2025-10-02,3.67
10年期,2025-10-03,4.13
1年期,2025-10-03,3.64
20年期,2025-10-03,4.69
2年期,2025-10-03,3.58
30年期,2025-10-03,4.71
5年期,2025-10-03,3.72
10年期,2025-10-06,4.18
1年期,2025-10-06,3.66
20年期,2025-10-06,4.73
2年期,2025-10-06,3.6
30年期,2025-10-06,4.76
5年期,2025-10-06,3.75
10年期,2025-10-07,4.14
1年期,2025-10-07,3.65
20年期,2025-10-07,4.7
2年期,2025-10-07,3.57
30年期,2025-10-07,4.73
5年期,2025-10-07,3.71
10年期,2025-10-08,4.13
1年期,2025-10-08,3.66
20年期,2025-10-08,4.69
2年期,2025-10-08,3.58
30年期,2025-10-08,4.72
5年期,2025-10-08,3.72
10年期,2025-10-09,4.14
1年期,2025-10-09,3.66
20年期,2025-10-09,4.7
2年期,2025-10-09,3.6
30年期,2025-10-09,4.72
5年期,2025-10-09,3.74
10年期,2025-10-10,4.05
1年期,2025-10-10,3.6
20年期,2025-10-10,4.6
2年期,2025-10-10,3.52
30年期,2025-10-10,4.63
5年期,2025-10-10,3.65
10年期,2025-10-14,4.03
1年期,2025-10-14,3.58
20年期,2025-10-14,4.59
2年期,2025-10-14,3.48
30年期,2025-10-14,4.62
5年期,2025-10-14,3.6
10年期,2025-10-15,4.05
1年期,2025-10-15,3.61
20年期,2025-10-15,4.61
2年期,2025-10-15,3.5
30年期,2025-10-15,4.64
5年期,2025-10-15,3.63
10年期,2025-10-16,3.99
1年期,2025-10-16,3.54
20年期,2025-10-16,4.56
2年期,2025-10-16,3.41
30年期,2025-10-16,4.58
5年期,2025-10-16,3.55
10年期,2025-10-17,4.02
1年期,2025-10-17,3.56
20年期,2025-10-17,4.58
2年期,2025-10-17,3.46
30年期,2025-10-17,4.6
5年期,2025-10-17,3.59
10年期,2025-10-20,4.0
1年期,2025-10-20,3.55
20年期,2025-10-20,4.56
2年期,2025-10-20,3.46
30年期,2025-10-20,4.58
5年期,2025-10-20,3.58
10年期,2025-10-21,3.98
1年期,2025-10-21,3.56
20年期,2025-10-21,4.53
2年期,2025-10-21,3.45
30年期,2025-10-21,4.55
5年期,2025-10-21,3.56
10年期,2025-10-22,3.97
1年期,2025-10-22,3.55
20年期,2025-10-22,4.52
2年期,2025-10-22,3.45
30年期,2025-10-22,4.54
5年期,2025-10-22,3.56
10年期,2025-10-23,4.01
1年期,2025-10-23,3.59
20年期,2025-10-23,4.55
2年期,2025-10-23,3.48
30年期,2025-10-23,4.58
5年期,2025-10-23,3.61
10年期,2025-10-24,4.02
1年期,2025-10-24,3.58
20年期,2025-10-24,4.56
2年期,2025-10-24,3.48
30年期,2025-10-24,4.59
5年期,2025-10-24,3.61
10年期,2025-10-27,4.01
1年期,2025-10-27,3.59
20年期,2025-10-27,4.55
2年期,2025-10-27,3.48
30年期,2025-10-27,4.57
5年期,2025-10-27,3.61
10年期,2025-10-28,3.99
1年期,2025-10-28,3.59
20年期,2025-10-28,4.53
2年期,2025-10-28,3.47
30年期,2025-10-28,4.55
5年期,2025-10-28,3.6
10年期,2025-10-29,4.08
1年期,2025-10-29,3.7
20年期,2025-10-29,4.59
2年期,2025-10-29,3.59
30年期,2025-10-29,4.61
5年期,2025-10-29,3.7
10年期,2025-10-30,4.11
1年期,2025-10-30,3.7
20年期,2025-10-30,4.64
2年期,2025-10-30,3.61
30年期,2025-10-30,4.65
5年期,2025-10-30,3.72
10年期,2025-10-31,4.11
1年期,2025-10-31,3.7
20年期,2025-10-31,4.65
2年期,2025-10-31,3.6
30年期,2025-10-31,4.67
5年期,2025-10-31,3.71
10年期,2025-11-03,4.13
1年期,2025-11-03,3.7
20年期,2025-11-03,4.67
2年期,2025-11-03,3.6
30年期,2025-11-03,4.69
5年期,2025-11-03,3.72
10年期,2025-11-04,4.1
1年期,2025-11-04,3.67
20年期,2025-11-04,4.65
2年期,2025-11-04,3.58
30年期,2025-11-04,4.67
5年期,2025-11-04,3.69
10年期,2025-11-05,4.17
1年期,2025-11-05,3.71
20年期,2025-11-05,4.72
2年期,2025-11-05,3.63
30年期,2025-11-05,4.74
5年期,2025-11-05,3.76
10年期,2025-11-06,4.11
1年期,2025-11-06,3.65
20年期,2025-11-06,4.67
2年期,2025-11-06,3.57
30年期,2025-11-06,4.69
5年期,2025-11-06,3.69
10年期,2025-11-07,4.11
1年期,2025-11-07,3.63
20年期,2025-11-07,4.68
2年期,2025-11-07,3.55
30年期,2025-11-07,4.7
5年期,2025-11-07,3.67
10年期,2025-11-10,4.13
1年期,2025-11-10,3.66
20年期,2025-11-10,4.69
2年期,2025-11-10,3.58
30年期,2025-11-10,4.71
5年期,2025-11-10,3.72
10年期,2025-11-12,4.08
1年期,2025-11-12,3.65
20年期,2025-11-12,4.65
2年期,2025-11-12,3.56
30年期,2025-11-12,4.67
5年期,2025-11-12,3.68
10年期,2025-11-13,4.11
1年期,2025-11-13,3.68
20年期,2025-11-13,4.69
2年期,2025-11-13,3.58
30年期,2025-11-13,4.7
5年期,2025-11-13,3.71
10年期,2025-11-14,4.14
1年期,2025-11-14,3.7
20年期,2025-11-14,4.73
2年期,2025-11-14,3.62
30年期,2025-11-14,4.74
5年期,2025-11-14,3.74
10年期,2025-11-17,4.13
1年期,2025-11-17,3.69
20年期,2025-11-17,4.71
2年期,2025-11-17,3.6
30年期,2025-11-17,4.73
5年期,2025-11-17,3.72
10年期,2025-11-18,4.12
1年期,2025-11-18,3.67
20年期,2025-11-18,4.72
2年期,2025-11-18,3.58
30年期,2025-11-18,4.74
5年期,2025-11-18,3.7
10年期,2025-11-19,4.13
1年期,2025-11-19,3.68
20年期,2025-11-19,4.71
2年期,2025-11-19,3.58
30年期,2025-11-19,4.75
5年期,2025-11-19,3.71
10年期,2025-11-20,4.1
1年期,2025-11-20,3.65
20年期,2025-11-20,4.68
2年期,2025-11-20,3.55
30年期,2025-11-20,4.73
5年期,2025-11-20,3.68
10年期,2025-11-21,4.06
1年期,2025-11-21,3.62
20年期,2025-11-21,4.67
2年期,2025-11-21,3.51
30年期,2025-11-21,4.71
5年期,2025-11-21,3.62
10年期,2025-11-24,4.04
1年期,2025-11-24,3.61
20年期,2025-11-24,4.64
2年期,2025-11-24,3.46
30年期,2025-11-24,4.68
5年期,2025-11-24,3.61
10年期,2025-11-25,4.01
1年期,2025-11-25,3.6
20年期,2025-11-25,4.62
2年期,2025-11-25,3.43
30年期,2025-11-25,4.67
5年期,2025-11-25,3.55
10年期,2025-11-26,4.0
1年期,2025-11-26,3.61
20年期,2025-11-26,4.6
2年期,2025-11-26,3.45
30年期,2025-11-26,4.64
5年期,2025-11-26,3.56
10年期,2025-11-28,4.02
1年期,2025-11-28,3.61
20年期,2025-11-28,4.62
2年期,2025-11-28,3.47
30年期,2025-11-28,4.67
5年期,2025-11-28,3.59
10年期,2025-12-01,4.09
1年期,2025-12-01,3.62
20年期,2025-12-01,4.71
2年期,2025-12-01,3.54
30年期,2025-12-01,4.74
5年期,2025-12-01,3.67
10年期,2025-12-02,4.09
1年期,2025-12-02,3.59
20年期,2025-12-02,4.7
2年期,2025-12-02,3.51
30年期,2025-12-02,4.74
5年期,2025-12-02,3.66
10年期,2025-12-03,4.06
1年期,2025-12-03,3.57
20年期,2025-12-03,4.68
2年期,2025-12-03,3.49
30年期,2025-12-03,4.73
5年期,2025-12-03,3.62
10年期,2025-12-04,4.11
1年期,2025-12-04,3.6
20年期,2025-12-04,4.72
2年期,2025-12-04,3.52
30年期,2025-12-04,4.76
5年期,2025-12-04,3.68
10年期,2025-12-05,4.14
1年期,2025-12-05,3.61
20年期,2025-12-05,4.75
2年期,2025-12-05,3.56
30年期,2025-12-05,4.79
5年期,2025-12-05,3.72
10年期,2025-12-08,4.17
1年期,2025-12-08,3.61
20年期,2025-12-08,4.78
2年期,2025-12-08,3.57
30年期,2025-12-08,4.81
5年期,2025-12-08,3.75
10年期,2025-12-09,4.18
1年期,2025-12-09,3.63
20年期,2025-12-09,4.77
2年期,2025-12-09,3.61
30年期,2025-12-09,4.8
5年期,2025-12-09,3.78
10年期,2025-12-10,4.13
1年期,2025-12-10,3.58
20年期,2025-12-10,4.74
2年期,2025-12-10,3.54
30年期,2025-12-10,4.78
5年期,2025-12-10,3.72
10年期,2025-12-11,4.14
1年期,2025-12-11,3.56
20年期,2025-12-11,4.75
2年期,2025-12-11,3.52
30年期,2025-12-11,4.79
5年期,2025-12-11,3.72
10年期,2025-12-12,4.19
1年期,2025-12-12,3.54
20年期,2025-12-12,4.82
2年期,2025-12-12,3.52
30年期,2025-12-12,4.85
5年期,2025-12-12,3.75
10年期,2025-12-15,4.18
1年期,2025-12-15,3.52
20年期,2025-12-15,4.8
2年期,2025-12-15,3.51
30年期,2025-12-15,4.84
5年期,2025-12-15,3.73
10年期,2025-12-16,4.15
1年期,2025-12-16,3.51
20年期,2025-12-16,4.77
2年期,2025-12-16,3.48
30年期,2025-12-16,4.82
5年期,2025-12-16,3.69
10年期,2025-12-17,4.16
1年期,2025-12-17,3.51
20年期,2025-12-17,4.78
2年期,2025-12-17,3.49
30年期,2025-12-17,4.83
5年期,2025-12-17,3.7
10年期,2025-12-18,4.12
1年期,2025-12-18,3.49
20年期,2025-12-18,4.74
2年期,2025-12-18,3.46
30年期,2025-12-18,4.8
5年期,2025-12-18,3.66
10年期,2025-12-19,4.16
1年期,2025-12-19,3.51
20年期,2025-12-19,4.77
2年期,2025-12-19,3.48
30年期,2025-12-19,4.82
5年期,2025-12-19,3.7
10年期,2025-12-22,4.17
1年期,2025-12-22,3.53
20年期,2025-12-22,4.78
2年期,2025-12-22,3.44
30年期,2025-12-22,4.84
5年期,2025-12-22,3.71
10年期,2025-12-23,4.18
1年期,2025-12-23,3.52
20年期,2025-12-23,4.78
2年期,2025-12-23,3.48
30年期,2025-12-23,4.83
5年期,2025-12-23,3.72
10年期,2025-12-24,4.15
1年期,2025-12-24,3.5
20年期,2025-12-24,4.75
2年期,2025-12-24,3.47
30年期,2025-12-24,4.79
5年期,2025-12-24,3.7
10年期,2025-12-26,4.14
1年期,2025-12-26,3.49
20年期,2025-12-26,4.76
2年期,2025-12-26,3.46
30年期,2025-12-26,4.81
5年期,2025-12-26,3.68
10年期,2025-12-29,4.12
1年期,2025-12-29,3.48
20年期,2025-12-29,4.75
2年期,2025-12-29,3.45
30年期,2025-12-29,4.8
5年期,2025-12-29,3.67
10年期,2025-12-30,4.14
1年期,2025-12-30,3.47
20年期,2025-12-30,4.76
2年期,2025-12-30,3.45
30年期,2025-12-30,4.81
5年期,2025-12-30,3.68
10年期,2025-12-31,4.18
1年期,2025-12-31,3.48
20年期,2025-12-31,4.79
2年期,2025-12-31,3.47
30年期,2025-12-31,4.84
5年期,2025-12-31,3.73
10年期,2026-01-02,4.19
1年期,2026-01-02,3.47
20年期,2026-01-02,4.81
2年期,2026-01-02,3.47
30年期,2026-01-02,4.86
5年期,2026-01-02,3.74
10年期,2026-01-05,4.17
1年期,2026-01-05,3.47
20年期,2026-01-05,4.79
2年期,2026-01-05,3.46
30年期,2026-01-05,4.85
5年期,2026-01-05,3.71
10年期,2026-01-06,4.18
1年期,2026-01-06,3.48
20年期,2026-01-06,4.8
2年期,2026-01-06,3.47
30年期,2026-01-06,4.86
5年期,2026-01-06,3.72
10年期,2026-01-07,4.15
1年期,2026-01-07,3.48
20年期,2026-01-07,4.76
2年期,2026-01-07,3.47
30年期,2026-01-07,4.82
5年期,2026-01-07,3.7
10年期,2026-01-08,4.19
1年期,2026-01-08,3.48
20年期,2026-01-08,4.79
2年期,2026-01-08,3.49
30年期,2026-01-08,4.85
5年期,2026-01-08,3.74
10年期,2026-01-09,4.18
1年期,2026-01-09,3.52
20年期,2026-01-09,4.76
2年期,2026-01-09,3.54
30年期,2026-01-09,4.82
5年期,2026-01-09,3.75
10年期,2026-01-12,4.19
1年期,2026-01-12,3.53
20年期,2026-01-12,4.78
2年期,2026-01-12,3.54
30年期,2026-01-12,4.83
5年期,2026-01-12,3.77
10年期,2026-01-13,4.18
1年期,2026-01-13,3.51
20年期,2026-01-13,4.77
2年期,2026-01-13,3.53
30年期,2026-01-13,4.83
5年期,2026-01-13,3.75
10年期,2026-01-14,4.15
1年期,2026-01-14,3.5
20年期,2026-01-14,4.73
2年期,2026-01-14,3.51
30年期,2026-01-14,4.79
5年期,2026-01-14,3.72
10年期,2026-01-15,4.17
1年期,2026-01-15,3.54
20年期,2026-01-15,4.74
2年期,2026-01-15,3.56
30年期,2026-01-15,4.79
5年期,2026-01-15,3.77
10年期,2026-01-16,4.24
1年期,2026-01-16,3.55
20年期,2026-01-16,4.79
2年期,2026-01-16,3.59
30年期,2026-01-16,4.83
5年期,2026-01-16,3.82
10年期,2026-01-20,4.3
1年期,2026-01-20,3.53
20年期,2026-01-20,4.87
2年期,2026-01-20,3.6
30年期,2026-01-20,4.91
5年期,2026-01-20,3.86
10年期,2026-01-21,4.26
1年期,2026-01-21,3.53
20年期,2026-01-21,4.82
2年期,2026-01-21,3.6
30年期,2026-01-21,4.87
5年期,2026-01-21,3.83
10年期,2026-01-22,4.26
1年期,2026-01-22,3.53
20年期,2026-01-22,4.79
2年期,2026-01-22,3.61
30年期,2026-01-22,4.84
5年期,2026-01-22,3.85
10年期,2026-01-23,4.24
1年期,2026-01-23,3.53
20年期,2026-01-23,4.78
2年期,2026-01-23,3.6
30年期,2026-01-23,4.82
5年期,2026-01-23,3.84
10年期,2026-01-26,4.22
1年期,2026-01-26,3.52
20年期,2026-01-26,4.75
2年期,2026-01-26,3.56
30年期,2026-01-26,4.8
5年期,2026-01-26,3.82
10年期,2026-01-27,4.24
1年期,2026-01-27,3.5
20年期,2026-01-27,4.79
2年期,2026-01-27,3.53
30年期,2026-01-27,4.83
5年期,2026-01-27,3.81
10年期,2026-01-28,4.26
1年期,2026-01-28,3.52
20年期,2026-01-28,4.81
2年期,2026-01-28,3.56
30年期,2026-01-28,4.85
5年期,2026-01-28,3.83
10年期,2026-01-29,4.24
1年期,2026-01-29,3.5
20年期,2026-01-29,4.8
2年期,2026-01-29,3.53
30年期,2026-01-29,4.85
5年期,2026-01-29,3.8
10年期,2026-01-30,4.26
1年期,2026-01-30,3.48
20年期,2026-01-30,4.82
2年期,2026-01-30,3.52
30年期,2026-01-30,4.87
5年期,2026-01-30,3.79
10年期,2026-02-02,4.29
1年期,2026-02-02,3.49
20年期,2026-02-02,4.85
2年期,2026-02-02,3.57
30年期,2026-02-02,4.9
5年期,2026-02-02,3.83
10年期,2026-02-03,4.28
1年期,2026-02-03,3.49
20年期,2026-02-03,4.85
2年期,2026-02-03,3.57
30年期,2026-02-03,4.9
5年期,2026-02-03,3.83
10年期,2026-02-04,4.29
1年期,2026-02-04,3.49
20年期,2026-02-04,4.86
2年期,2026-02-04,3.57
30年期,2026-02-04,4.91
5年期,2026-02-04,3.83
10年期,2026-02-05,4.21
1年期,2026-02-05,3.44
20年期,2026-02-05,4.79
2年期,2026-02-05,3.47
30年期,2026-02-05,4.85
5年期,2026-02-05,3.74
10年期,2026-02-06,4.22
1年期,2026-02-06,3.45
20年期,2026-02-06,4.8
2年期,2026-02-06,3.5
30年期,2026-02-06,4.85
5年期,2026-02-06,3.76
10年期,2026-02-09,4.22
1年期,2026-02-09,3.43
20年期,2026-02-09,4.79
2年期,2026-02-09,3.48
30年期,2026-02-09,4.85
5年期,2026-02-09,3.75
10年期,2026-02-10,4.16
1年期,2026-02-10,3.4
20年期,2026-02-10,4.73
2年期,2026-02-10,3.45
30年期,2026-02-10,4.78
5年期,2026-02-10,3.7
10年期,2026-02-11,4.18
1年期,2026-02-11,3.47
20年期,2026-02-11,4.76
2年期,2026-02-11,3.52
30年期,2026-02-11,4.82
5年期,2026-02-11,3.75
10年期,2026-02-12,4.09
1年期,2026-02-12,3.45
20年期,2026-02-12,4.68
2年期,2026-02-12,3.47
30年期,2026-02-12,4.72
5年期,2026-02-12,3.67
10年期,2026-02-13,4.04
1年期,2026-02-13,3.42
20年期,2026-02-13,4.64
2年期,2026-02-13,3.4
30年期,2026-02-13,4.69
5年期,2026-02-13,3.61
10年期,2026-02-17,4.05
1年期,2026-02-17,3.48
20年期,2026-02-17,4.63
2年期,2026-02-17,3.43
30年期,2026-02-17,4.68
5年期,2026-02-17,3.63
10年期,2026-02-18,4.09
1年期,2026-02-18,3.49
20年期,2026-02-18,4.65
2年期,2026-02-18,3.47
30年期,2026-02-18,4.71
5年期,2026-02-18,3.66
10年期,2026-02-19,4.08
1年期,2026-02-19,3.5
20年期,2026-02-19,4.64
2年期,2026-02-19,3.47
30年期,2026-02-19,4.7
5年期,2026-02-19,3.65
10年期,2026-02-20,4.08
1年期,2026-02-20,3.51
20年期,2026-02-20,4.66
2年期,2026-02-20,3.48
30年期,2026-02-20,4.72
5年期,2026-02-20,3.65
10年期,2026-02-23,4.03
1年期,2026-02-23,3.5
20年期,2026-02-23,4.63
2年期,2026-02-23,3.43
30年期,2026-02-23,4.7
5年期,2026-02-23,3.59
10年期,2026-02-24,4.04
1年期,2026-02-24,3.52
20年期,2026-02-24,4.63
2年期,2026-02-24,3.43
30年期,2026-02-24,4.7
5年期,2026-02-24,3.61
10年期,2026-02-25,4.05
1年期,2026-02-25,3.53
20年期,2026-02-25,4.63
2年期,2026-02-25,3.45
30年期,2026-02-25,4.7
5年期,2026-02-25,3.61
10年期,2026-02-26,4.02
1年期,2026-02-26,3.52
20年期,2026-02-26,4.6
2年期,2026-02-26,3.42
30年期,2026-02-26,4.67
5年期,2026-02-26,3.57
10年期,2026-02-27,3.97
1年期,2026-02-27,3.48
20年期,2026-02-27,4.57
2年期,2026-02-27,3.38
30年期,2026-02-27,4.64
5年期,2026-02-27,3.51
10年期,2026-03-02,4.05
1年期,2026-03-02,3.54
20年期,2026-03-02,4.64
2年期,2026-03-02,3.47
30年期,2026-03-02,4.7
5年期,2026-03-02,3.62
10年期,2026-03-03,4.06
1年期,2026-03-03,3.55
20年期,2026-03-03,4.65
2年期,2026-03-03,3.51
30年期,2026-03-03,4.7
5年期,2026-03-03,3.63
10年期,2026-03-04,4.09
1年期,2026-03-04,3.58
20年期,2026-03-04,4.67
2年期,2026-03-04,3.54
30年期,2026-03-04,4.72
5年期,2026-03-04,3.67
10年期,2026-03-05,4.13
1年期,2026-03-05,3.59
20年期,2026-03-05,4.71
2年期,2026-03-05,3.57
30年期,2026-03-05,4.74
5年期,2026-03-05,3.72
10年期,2026-03-06,4.15
1年期,2026-03-06,3.55
20年期,2026-03-06,4.74
2年期,2026-03-06,3.56
30年期,2026-03-06,4.77
5年期,2026-03-06,3.72
10年期,2026-03-09,4.12
1年期,2026-03-09,3.56
20年期,2026-03-09,4.7
2年期,2026-03-09,3.56
30年期,2026-03-09,4.72
5年期,2026-03-09,3.71
10年期,2026-03-10,4.15
1年期,2026-03-10,3.56
20年期,2026-03-10,4.74
2年期,2026-03-10,3.57
30年期,2026-03-10,4.78
5年期,2026-03-10,3.73
10年期,2026-03-11,4.21
1年期,2026-03-11,3.6
20年期,2026-03-11,4.82
2年期,2026-03-11,3.64
30年期,2026-03-11,4.86
5年期,2026-03-11,3.79
10年期,2026-03-12,4.27
1年期,2026-03-12,3.66
20年期,2026-03-12,4.86
2年期,2026-03-12,3.76
30年期,2026-03-12,4.88
5年期,2026-03-12,3.88
10年期,2026-03-13,4.28
1年期,2026-03-13,3.66
20年期,2026-03-13,4.89
2年期,2026-03-13,3.73
30年期,2026-03-13,4.9
5年期,2026-03-13,3.87
10年期,2026-03-16,4.23
1年期,2026-03-16,3.64
20年期,2026-03-16,4.83
2年期,2026-03-16,3.68
30年期,2026-03-16,4.86
5年期,2026-03-16,3.8
10年期,2026-03-17,4.2
1年期,2026-03-17,3.63
20年期,2026-03-17,4.81
2年期,2026-03-17,3.68
30年期,2026-03-17,4.85
5年期,2026-03-17,3.79
10年期,2026-03-18,4.26
1年期,2026-03-18,3.68
20年期,2026-03-18,4.84
2年期,2026-03-18,3.76
30年期,2026-03-18,4.88
5年期,2026-03-18,3.87
10年期,2026-03-19,4.25
1年期,2026-03-19,3.73
20年期,2026-03-19,4.82
2年期,2026-03-19,3.79
30年期,2026-03-19,4.83
5年期,2026-03-19,3.88
10年期,2026-03-20,4.39
1年期,2026-03-20,3.8
20年期,2026-03-20,4.97
2年期,2026-03-20,3.88
30年期,2026-03-20,4.96
5年期,2026-03-20,4.01
10年期,2026-03-23,4.34
1年期,2026-03-23,3.76
20年期,2026-03-23,4.93
2年期,2026-03-23,3.83
30年期,2026-03-23,4.91
5年期,2026-03-23,3.95
10年期,2026-03-24,4.39
1年期,2026-03-24,3.81
20年期,2026-03-24,4.95
2年期,2026-03-24,3.9
30年期,2026-03-24,4.94
5年期,2026-03-24,4.03
10年期,2026-03-25,4.33
1年期,2026-03-25,3.77
20年期,2026-03-25,4.9
2年期,2026-03-25,3.84
30年期,2026-03-25,4.89
5年期,2026-03-25,3.96
10年期,2026-03-26,4.42
1年期,2026-03-26,3.83
20年期,2026-03-26,4.96
2年期,2026-03-26,3.96
30年期,2026-03-26,4.93
5年期,2026-03-26,4.08
10年期,2026-03-27,4.44
1年期,2026-03-27,3.77
20年期,2026-03-27,4.99
2年期,2026-03-27,3.88
30年期,2026-03-27,4.98
5年期,2026-03-27,4.06
10年期,2026-03-30,4.35
1年期,2026-03-30,3.71
20年期,2026-03-30,4.92
2年期,2026-03-30,3.82
30年期,2026-03-30,4.91
5年期,2026-03-30,3.97
10年期,2026-03-31,4.3
1年期,2026-03-31,3.68
20年期,2026-03-31,4.88
2年期,2026-03-31,3.79
30年期,2026-03-31,4.88
5年期,2026-03-31,3.92
10年期,2026-04-01,4.33
1年期,2026-04-01,3.68
20年期,2026-04-01,4.91
2年期,2026-04-01,3.81
30年期,2026-04-01,4.91
5年期,2026-04-01,3.97
10年期,2026-04-02,4.31
1年期,2026-04-02,3.68
20年期,2026-04-02,4.88
2年期,2026-04-02,3.79
30年期,2026-04-02,4.88
5年期,2026-04-02,3.94
10年期,2026-04-03,4.35
1年期,2026-04-03,3.72
20年期,2026-04-03,4.91
2年期,2026-04-03,3.84
30年期,2026-04-03,4.91
5年期,2026-04-03,3.99
10年期,2026-04-06,4.34
1年期,2026-04-06,3.72
20年期,2026-04-06,4.89
2年期,2026-04-06,3.84
30年期,2026-04-06,4.89
5年期,2026-04-06,3.98
10年期,2026-04-07,4.33
1年期,2026-04-07,3.68
20年期,2026-04-07,4.9
2年期,2026-04-07,3.81
30年期,2026-04-07,4.9
5年期,2026-04-07,3.95
10年期,2026-04-08,4.29
1年期,2026-04-08,3.69
20年期,2026-04-08,4.87
2年期,2026-04-08,3.79
30年期,2026-04-08,4.89
5年期,2026-04-08,3.92
10年期,2026-04-09,4.29
1年期,2026-04-09,3.68
20年期,2026-04-09,4.88
2年期,2026-04-09,3.78
30年期,2026-04-09,4.9
5年期,2026-04-09,3.91
10年期,2026-04-10,4.31
1年期,2026-04-10,3.7
20年期,2026-04-10,4.89
2年期,2026-04-10,3.81
30年期,2026-04-10,4.91
5年期,2026-04-10,3.94
10年期,2026-04-13,4.3
1年期,2026-04-13,3.7
20年期,2026-04-13,4.88
2年期,2026-04-13,3.78
30年期,2026-04-13,4.9
5年期,2026-04-13,3.92
10年期,2026-04-14,4.26
1年期,2026-04-14,3.71
20年期,2026-04-14,4.84
2年期,2026-04-14,3.76
30年期,2026-04-14,4.87
5年期,2026-04-14,3.87
10年期,2026-04-15,4.29
1年期,2026-04-15,3.7
20年期,2026-04-15,4.87
2年期,2026-04-15,3.76
30年期,2026-04-15,4.89
5年期,2026-04-15,3.9
10年期,2026-04-16,4.32
1年期,2026-04-16,3.69
20年期,2026-04-16,4.9
2年期,2026-04-16,3.78
30年期,2026-04-16,4.93
5年期,2026-04-16,3.91
10年期,2026-04-17,4.26
1年期,2026-04-17,3.64
20年期,2026-04-17,4.85
2年期,2026-04-17,3.71
30年期,2026-04-17,4.88
5年期,2026-04-17,3.84
10年期,2026-04-20,4.26
1年期,2026-04-20,3.65
20年期,2026-04-20,4.85
2年期,2026-04-20,3.72
30年期,2026-04-20,4.88
5年期,2026-04-20,3.86
10年期,2026-04-21,4.3
1年期,2026-04-21,3.69
20年期,2026-04-21,4.87
2年期,2026-04-21,3.78
30年期,2026-04-21,4.89
5年期,2026-04-21,3.91
10年期,2026-04-22,4.3
1年期,2026-04-22,3.69
20年期,2026-04-22,4.87
2年期,2026-04-22,3.79
30年期,2026-04-22,4.9
5年期,2026-04-22,3.91
10年期,2026-04-23,4.34
1年期,2026-04-23,3.7
20年期,2026-04-23,4.9
2年期,2026-04-23,3.83
30年期,2026-04-23,4.92
5年期,2026-04-23,3.96
10年期,2026-04-24,4.31
1年期,2026-04-24,3.67
20年期,2026-04-24,4.88
2年期,2026-04-24,3.78
30年期,2026-04-24,4.91
5年期,2026-04-24,3.92
10年期,2026-04-27,4.35
1年期,2026-04-27,3.69
20年期,2026-04-27,4.92
2年期,2026-04-27,3.78
30年期,2026-04-27,4.94
5年期,2026-04-27,3.94
10年期,2026-04-28,4.36
1年期,2026-04-28,3.71
20年期,2026-04-28,4.92
2年期,2026-04-28,3.84
30年期,2026-04-28,4.94
5年期,2026-04-28,3.97
10年期,2026-04-29,4.42
1年期,2026-04-29,3.75
20年期,2026-04-29,4.97
2年期,2026-04-29,3.92
30年期,2026-04-29,4.98
5年期,2026-04-29,4.05
10年期,2026-04-30,4.4
1年期,2026-04-30,3.72
20年期,2026-04-30,4.97
2年期,2026-04-30,3.88
30年期,2026-04-30,4.98
5年期,2026-04-30,4.02
10年期,2026-05-01,4.39
1年期,2026-05-01,3.73
20年期,2026-05-01,4.96
2年期,2026-05-01,3.88
30年期,2026-05-01,4.97
5年期,2026-05-01,4.02
10年期,2026-05-04,4.45
1年期,2026-05-04,3.78
20年期,2026-05-04,5.01
2年期,2026-05-04,3.95
30年期,2026-05-04,5.02
5年期,2026-05-04,4.08
10年期,2026-05-05,4.43
1年期,2026-05-05,3.77
20年期,2026-05-05,4.98
2年期,2026-05-05,3.93
30年期,2026-05-05,4.98
5年期,2026-05-05,4.08
10年期,2026-05-06,4.36
1年期,2026-05-06,3.73
20年期,2026-05-06,4.92
2年期,2026-05-06,3.87
30年期,2026-05-06,4.94
5年期,2026-05-06,3.99
10年期,2026-05-07,4.41
1年期,2026-05-07,3.76
20年期,2026-05-07,4.96
2年期,2026-05-07,3.92
30年期,2026-05-07,4.97
5年期,2026-05-07,4.04
10年期,2026-05-08,4.38
1年期,2026-05-08,3.75
20年期,2026-05-08,4.93
2年期,2026-05-08,3.9
30年期,2026-05-08,4.95
5年期,2026-05-08,4.02
10年期,2026-05-11,4.42
1年期,2026-05-11,3.79
20年期,2026-05-11,4.97
2年期,2026-05-11,3.95
30年期,2026-05-11,4.98
5年期,2026-05-11,4.07
10年期,2026-05-12,4.46
1年期,2026-05-12,3.8
20年期,2026-05-12,5.02
2年期,2026-05-12,4.0
30年期,2026-05-12,5.03
5年期,2026-05-12,4.12
10年期,2026-05-13,4.46
1年期,2026-05-13,3.79
20年期,2026-05-13,5.03
2年期,2026-05-13,3.98
30年期,2026-05-13,5.03
5年期,2026-05-13,4.12
10年期,2026-05-14,4.47
1年期,2026-05-14,3.79
20年期,2026-05-14,5.01
2年期,2026-05-14,4.0
30年期,2026-05-14,5.02
5年期,2026-05-14,4.13
10年期,2026-05-15,4.59
1年期,2026-05-15,3.82
20年期,2026-05-15,5.14
2年期,2026-05-15,4.09
30年期,2026-05-15,5.12
5年期,2026-05-15,4.26
10年期,2026-05-18,4.61
1年期,2026-05-18,3.81
20年期,2026-05-18,5.14
2年期,2026-05-18,4.07
30年期,2026-05-18,5.14
5年期,2026-05-18,4.27
10年期,2026-05-19,4.67
1年期,2026-05-19,3.83
20年期,2026-05-19,5.19
2年期,2026-05-19,4.13
30年期,2026-05-19,5.18
5年期,2026-05-19,4.32
10年期,2026-05-20,4.57
1年期,2026-05-20,3.79
20年期,2026-05-20,5.1
2年期,2026-05-20,4.04
30年期,2026-05-20,5.11
5年期,2026-05-20,4.22
10年期,2026-05-21,4.57
1年期,2026-05-21,3.83
20年期,2026-05-21,5.09
2年期,2026-05-21,4.08
30年期,2026-05-21,5.1
5年期,2026-05-21,4.25
10年期,2026-05-22,4.56
1年期,2026-05-22,3.86
20年期,2026-05-22,5.06
2年期,2026-05-22,4.13
30年期,2026-05-22,5.07
5年期,2026-05-22,4.27
10年期,2026-05-26,4.5
1年期,2026-05-26,3.82
20年期,2026-05-26,5.03
2年期,2026-05-26,4.01
30年期,2026-05-26,5.03
5年期,2026-05-26,4.19
10年期,2026-05-27,4.48
1年期,2026-05-27,3.8
20年期,2026-05-27,5.01
2年期,2026-05-27,4.0
30年期,2026-05-27,5.01
5年期,2026-05-27,4.17
10年期,2026-05-28,4.45
1年期,2026-05-28,3.8
20年期,2026-05-28,4.98
2年期,2026-05-28,3.99
30年期,2026-05-28,4.98
5年期,2026-05-28,4.15
10年期,2026-05-29,4.45
1年期,2026-05-29,3.79
20年期,2026-05-29,4.98
2年期,2026-05-29,3.98
30年期,2026-05-29,4.99
5年期,2026-05-29,4.13
10年期,2026-06-01,4.47
1年期,2026-06-01,3.83
20年期,2026-06-01,4.99
2年期,2026-06-01,4.05
30年期,2026-06-01,4.99
5年期,2026-06-01,4.18
10年期,2026-06-02,4.46
1年期,2026-06-02,3.82
20年期,2026-06-02,4.97
2年期,2026-06-02,4.05
30年期,2026-06-02,4.97
5年期,2026-06-02,4.17
10年期,2026-06-03,4.49
1年期,2026-06-03,3.84
20年期,2026-06-03,5.0
2年期,2026-06-03,4.08
30年期,2026-06-03,4.99
5年期,2026-06-03,4.21
10年期,2026-06-04,4.47
1年期,2026-06-04,3.82
20年期,2026-06-04,4.98
2年期,2026-06-04,4.05
30年期,2026-06-04,4.97
5年期,2026-06-04,4.18
10年期,2026-06-05,4.55
1年期,2026-06-05,3.88
20年期,2026-06-05,5.03
2年期,2026-06-05,4.17
30年期,2026-06-05,5.01
5年期,2026-06-05,4.29
10年期,2026-06-08,4.56
1年期,2026-06-08,3.85
20年期,2026-06-08,5.05
2年期,2026-06-08,4.15
30年期,2026-06-08,5.03
5年期,2026-06-08,4.29
10年期,2026-06-09,4.53
1年期,2026-06-09,3.9
20年期,2026-06-09,5.02
2年期,2026-06-09,4.13
30年期,2026-06-09,5.01
5年期,2026-06-09,4.26
10年期,2026-06-10,4.55
1年期,2026-06-10,3.9
20年期,2026-06-10,5.04
2年期,2026-06-10,4.13
30年期,2026-06-10,5.03
5年期,2026-06-10,4.27
10年期,2026-06-11,4.45
1年期,2026-06-11,3.85
20年期,2026-06-11,4.96
2年期,2026-06-11,4.05
30年期,2026-06-11,4.95
5年期,2026-06-11,4.18
10年期,2026-06-12,4.48
1年期,2026-06-12,3.86
20年期,2026-06-12,4.98
2年期,2026-06-12,4.09
30年期,2026-06-12,4.97
5年期,2026-06-12,4.21
10年期,2026-06-15,4.47
1年期,2026-06-15,3.84
20年期,2026-06-15,4.97
2年期,2026-06-15,4.07
30年期,2026-06-15,4.97
5年期,2026-06-15,4.18
10年期,2026-06-16,4.43
1年期,2026-06-16,3.84
20年期,2026-06-16,4.92
2年期,2026-06-16,4.05
30年期,2026-06-16,4.93
5年期,2026-06-16,4.16
10年期,2026-06-17,4.49
1年期,2026-06-17,3.98
20年期,2026-06-17,4.95
2年期,2026-06-17,4.2
30年期,2026-06-17,4.93
5年期,2026-06-17,4.27
10年期,2026-06-18,4.46
1年期,2026-06-18,4.0
20年期,2026-06-18,4.91
2年期,2026-06-18,4.19
30年期,2026-06-18,4.9
5年期,2026-06-18,4.23
10年期,2026-06-22,4.51
1年期,2026-06-22,4.04
20年期,2026-06-22,4.97
2年期,2026-06-22,4.24
30年期,2026-06-22,4.95
5年期,2026-06-22,4.29
10年期,2026-06-23,4.5
1年期,2026-06-23,4.01
20年期,2026-06-23,4.96
2年期,2026-06-23,4.16
30年期,2026-06-23,4.94
5年期,2026-06-23,4.27
10年期,2026-06-24,4.41
1年期,2026-06-24,3.99
20年期,2026-06-24,4.87
2年期,2026-06-24,4.11
30年期,2026-06-24,4.86
5年期,2026-06-24,4.17
10年期,2026-06-25,4.4
1年期,2026-06-25,3.96
20年期,2026-06-25,4.87
2年期,2026-06-25,4.09
30年期,2026-06-25,4.86
5年期,2026-06-25,4.15
10年期,2026-06-26,4.38
1年期,2026-06-26,3.94
20年期,2026-06-26,4.87
2年期,2026-06-26,4.07
30年期,2026-06-26,4.87
5年期,2026-06-26,4.12
10年期,2026-06-29,4.38
1年期,2026-06-29,3.97
20年期,2026-06-29,4.86
2年期,2026-06-29,4.1
30年期,2026-06-29,4.86
5年期,2026-06-29,4.14
10年期,2026-06-30,4.44
1年期,2026-06-30,3.98
20年期,2026-06-30,4.93
2年期,2026-06-30,4.14
30年期,2026-06-30,4.91
5年期,2026-06-30,4.19
10年期,2026-07-01,4.48
1年期,2026-07-01,4.0
20年期,2026-07-01,4.97
2年期,2026-07-01,4.17
30年期,2026-07-01,4.97
5年期,2026-07-01,4.24
10年期,2026-07-02,4.49
1年期,2026-07-02,3.96
20年期,2026-07-02,4.99
2年期,2026-07-02,4.14
30年期,2026-07-02,4.98
5年期,2026-07-02,4.23
10年期,2026-07-06,4.48
1年期,2026-07-06,3.95
20年期,2026-07-06,4.99
2年期,2026-07-06,4.13
30年期,2026-07-06,4.99
5年期,2026-07-06,4.21
10年期,2026-07-07,4.55
1年期,2026-07-07,4.06
20年期,2026-07-07,5.05
2年期,2026-07-07,4.19
30年期,2026-07-07,5.05
5年期,2026-07-07,4.27
10年期,2026-07-08,4.56
1年期,2026-07-08,4.06
20年期,2026-07-08,5.07
2年期,2026-07-08,4.21
30年期,2026-07-08,5.06
5年期,2026-07-08,4.31
10年期,2026-07-09,4.54
1年期,2026-07-09,4.02
20年期,2026-07-09,5.06
2年期,2026-07-09,4.16
30年期,2026-07-09,5.05
5年期,2026-07-09,4.27
10年期,2026-07-10,4.56
1年期,2026-07-10,4.06
20年期,2026-07-10,5.08
2年期,2026-07-10,4.21
30年期,2026-07-10,5.06
5年期,2026-07-10,4.3
10年期,2026-07-13,4.62
1年期,2026-07-13,4.12
20年期,2026-07-13,5.11
2年期,2026-07-13,4.26
30年期,2026-07-13,5.1
5年期,2026-07-13,4.37
10年期,2026-07-14,4.58
1年期,2026-07-14,4.02
20年期,2026-07-14,5.09
2年期,2026-07-14,4.18
30年期,2026-07-14,5.08
5年期,2026-07-14,4.31
10年期,2026-07-15,4.55
1年期,2026-07-15,3.97
20年期,2026-07-15,5.07
2年期,2026-07-15,4.13
30年期,2026-07-15,5.08
5年期,2026-07-15,4.26
10年期,2026-07-16,4.57
1年期,2026-07-16,3.99
20年期,2026-07-16,5.09
2年期,2026-07-16,4.16
30年期,2026-07-16,5.09
5年期,2026-07-16,4.28
10年期,2026-07-17,4.55
1年期,2026-07-17,4.01
20年期,2026-07-17,5.07
2年期,2026-07-17,4.18
30年期,2026-07-17,5.06
5年期,2026-07-17,4.28
10年期,2026-07-20,4.6
1年期,2026-07-20,4.03
20年期,2026-07-20,5.12
2年期,2026-07-20,4.21
30年期,2026-07-20,5.11
5年期,2026-07-20,4.33
10年期,2026-07-21,4.63
1年期,2026-07-21,4.08
20年期,2026-07-21,5.14
2年期,2026-07-21,4.26
30年期,2026-07-21,5.13
5年期,2026-07-21,4.37
10年期,2026-07-22,4.67
1年期,2026-07-22,4.11
20年期,2026-07-22,5.17
2年期,2026-07-22,4.31
30年期,2026-07-22,5.15
5年期,2026-07-22,4.41
10年期,2026-07-23,4.71
1年期,2026-07-23,4.15
20年期,2026-07-23,5.2
2年期,2026-07-23,4.37
30年期,2026-07-23,5.17
5年期,2026-07-23,4.46
10年期,2026-07-24,4.69
1年期,2026-07-24,4.14
20年期,2026-07-24,5.18
2年期,2026-07-24,4.33
30年期,2026-07-24,5.16
5年期,2026-07-24,4.43
10年期,2026-07-27,4.65
1年期,2026-07-27,4.14
20年期,2026-07-27,5.15
2年期,2026-07-27,4.31
30年期,2026-07-27,5.12
5年期,2026-07-27,4.4
10年期,2026-07-28,4.61
1年期,2026-07-28,4.09
20年期,2026-07-28,5.11
2年期,2026-07-28,4.26
30年期,2026-07-28,5.09
5年期,2026-07-28,4.35
10年期,2026-07-29,4.67
1年期,2026-07-29,4.04
20年期,2026-07-29,5.21
2年期,2026-07-29,4.22
30年期,2026-07-29,5.2
5年期,2026-07-29,4.37
10年期,2026-07-30,4.68
1年期,2026-07-30,4.04
20年期,2026-07-30,5.22
2年期,2026-07-30,4.23
30年期,2026-07-30,5.21
5年期,2026-07-30,4.38
10年期,2026-07-31,4.75
1年期,2026-07-31,4.08
20年期,2026-07-31,5.28
2年期,2026-07-31,4.28
30年期,2026-07-31,5.27
5年期,2026-07-31,4.45
10年期,2026-08-03,4.7
1年期,2026-08-03,4.07
20年期,2026-08-03,5.23
2年期,2026-08-03,4.25
30年期,2026-08-03,5.23
5年期,2026-08-03,4.4
10年期,2026-08-04,4.63
1年期,2026-08-04,4.04
20年期,2026-08-04,5.18
2年期,2026-08-04,4.2
30年期,2026-08-04,5.18
5年期,2026-08-04,4.33
10年期,2026-08-05,4.63
1年期,2026-08-05,4.03
20年期,2026-08-05,5.18
2年期,2026-08-05,4.18
30年期,2026-08-05,5.17
5年期,2026-08-05,4.33
10年期,2026-08-06,4.69
1年期,2026-08-06,4.06
20年期,2026-08-06,5.22
2年期,2026-08-06,4.25
30年期,2026-08-06,5.22
5年期,2026-08-06,4.4
10年期,2026-08-07,4.65
1年期,2026-08-07,4.01
20年期,2026-08-07,5.2
2年期,2026-08-07,4.19
30年期,2026-08-07,5.19
5年期,2026-08-07,4.35
10年期,2026-08-10,4.72
1年期,2026-08-10,4.04
20年期,2026-08-10,5.25
2年期,2026-08-10,4.25
30年期,2026-08-10,5.25
5年期,2026-08-10,4.41
10年期,2026-08-11,4.7
1年期,2026-08-11,4.03
20年期,2026-08-11,5.25
2年期,2026-08-11,4.22
30年期,2026-08-11,5.24
5年期,2026-08-11,4.39
10年期,2026-08-12,4.68
1年期,2026-08-12,4.0
20年期,2026-08-12,5.24
2年期,2026-08-12,4.2
30年期,2026-08-12,5.24
5年期,2026-08-12,4.38
10年期,2026-08-13,4.63
1年期,2026-08-13,3.97
20年期,2026-08-13,5.2
2年期,2026-08-13,4.15
30年期,2026-08-13,5.21
5年期,2026-08-13,4.32
10年期,2026-08-14,4.68
1年期,2026-08-14,3.98
20年期,2026-08-14,5.25
2年期,2026-08-14,4.17
30年期,2026-08-14,5.25
5年期,2026-08-14,4.36
10年期,2026-08-17,4.72
1年期,2026-08-17,4.0
20年期,2026-08-17,5.3
2年期,2026-08-17,4.19
30年期,2026-08-17,5.31
5年期,2026-08-17,4.38
10年期,2026-08-18,4.71
1年期,2026-08-18,3.99
20年期,2026-08-18,5.28
2年期,2026-08-18,4.19
30年期,2026-08-18,5.28
5年期,2026-08-18,4.37
10年期,2026-08-19,4.65
1年期,2026-08-19,4.0
20年期,2026-08-19,5.17
2年期,2026-08-19,4.19
30年期,2026-08-19,5.19
5年期,2026-08-19,4.35
10年期,2026-08-20,4.69
1年期,2026-08-20,3.99
20年期,2026-08-20,5.2
2年期,2026-08-20,4.19
30年期,2026-08-20,5.23
5年期,2026-08-20,4.39
10年期,2026-08-21,4.74
1年期,2026-08-21,4.03
20年期,2026-08-21,5.25
2年期,2026-08-21,4.24
30年期,2026-08-21,5.27
5年期,2026-08-21,4.43
10年期,2026-08-24,4.7
1年期,2026-08-24,4.04
20年期,2026-08-24,5.21
2年期,2026-08-24,4.24
30年期,2026-08-24,5.23
5年期,2026-08-24,4.41
10年期,2026-08-25,4.64
1年期,2026-08-25,4.01
20年期,2026-08-25,5.16
2年期,2026-08-25,4.17
30年期,2026-08-25,5.17
5年期,2026-08-25,4.35
10年期,2026-08-26,4.66
1年期,2026-08-26,4.02
20年期,2026-08-26,5.17
2年期,2026-08-26,4.19
30年期,2026-08-26,5.18
5年期,2026-08-26,4.37
10年期,2026-08-27,4.67
1年期,2026-08-27,4.04
20年期,2026-08-27,5.18
2年期,2026-08-27,4.2
30年期,2026-08-27,5.19
5年期,2026-08-27,4.38
10年期,2026-08-28,4.73
1年期,2026-08-28,4.15
20年期,2026-08-28,5.21
2年期,2026-08-28,4.34
30年期,2026-08-28,5.22
5年期,2026-08-28,4.48
10年期,2026-08-31,4.75
1年期,2026-08-31,4.16
20年期,2026-08-31,5.24
2年期,2026-08-31,4.34
30年期,2026-08-31,5.25
5年期,2026-08-31,4.49
10年期,2026-09-01,4.79
1年期,2026-09-01,4.18
20年期,2026-09-01,5.27
2年期,2026-09-01,4.39
30年期,2026-09-01,5.27
5年期,2026-09-01,4.55
