code,chain,stage,node,sub
1101,水泥,上游,石灰石,
1101,水泥,中游,水泥成品,
1101,水泥,中游,水泥熟料,
1101,水泥,中游,水泥生料,
1102,水泥,中游,水泥熟料,
1102,風力發電,,發電營運,
1102,風力發電,,風場開發,
1103,交通運輸及航運,,貨櫃運輸集散及倉儲,
1103,建材營造,中游,建設業,
1103,水泥,中游,水泥成品,
1103,金融,,租賃業,
1104,水泥,中游,水泥成品,
1108,水泥,上游,石灰石,
1108,水泥,中游,水泥成品,
1108,水泥,中游,水泥熟料,
1108,水泥,中游,水泥生料,
1109,水泥,上游,石灰石,
1109,水泥,中游,水泥成品,
1109,水泥,中游,水泥熟料,
1109,水泥,中游,水泥生料,
1110,水泥,中游,水泥成品,
1201,食品,,乳製品,
1201,食品,,冷凍、罐頭、脫水、醃漬食品,
1203,食品,,冷凍、罐頭、脫水、醃漬食品,
1210,食品,,冷凍、罐頭、脫水、醃漬食品,
1210,食品,上游,原物料,
1210,食品,中游,加工食品,
1213,其他,,其他,
1215,食品,,冷凍、罐頭、脫水、醃漬食品,
1215,食品,上游,原物料,
1215,食品,中游,加工食品,
1216,食品,,乳製品,
1216,食品,,冷凍、罐頭、脫水、醃漬食品,
1216,食品,上游,原物料,
1216,食品,中游,加工食品,
1217,食品,,冷凍、罐頭、脫水、醃漬食品,
1218,食品,,冷凍、罐頭、脫水、醃漬食品,
1218,食品,中游,加工食品,
1219,食品,中游,加工食品,
1220,貿易百貨,中游,貿易商、代理商、經銷商,
1220,食品,上游,原物料,
1220,食品,中游,加工食品,
1225,食品,上游,原物料,
1225,食品,中游,加工食品,
1227,食品,,營養食品,
1229,雲端運算,下游,系統整合,
1229,食品,中游,加工食品,
1231,食品,,冷凍、罐頭、脫水、醃漬食品,
1232,食品,上游,原物料,
1232,食品,中游,加工食品,
1233,食品,,餐飲連鎖,
1233,食品,上游,原物料,
1234,食品,,冷凍、罐頭、脫水、醃漬食品,
1235,食品,上游,原物料,
1236,食品,,乳製品,
1240,其他,,農業科技業,
1259,食品,,餐飲連鎖,
1264,食品,上游,原物料,
1268,食品,,餐飲連鎖,
1294,食品,上游,原物料,
1294,食品,中游,加工食品,
1295,食品,上游,原物料,
1301,石化及塑橡膠,下游,人造纖維,
1301,石化及塑橡膠,下游,塑膠製品,
1301,紡織,上游,石化原料(例如純對苯二甲酸、乙二醇、己內醯胺、丙烯腈等),
1303,印刷電路板,上游,玻璃纖維/玻纖布,
1303,印刷電路板,上游,環氧樹脂,
1303,印刷電路板,上游,酚醛樹脂,
1303,印刷電路板,上游,銅箔,
1303,印刷電路板,中游,銅箔基板,
1303,石化及塑橡膠,上游,石化上游原料及相關鑽探設備,
1303,石化及塑橡膠,下游,人造纖維,
1303,紡織,上游,石化原料(例如純對苯二甲酸、乙二醇、己內醯胺、丙烯腈等),
1303,紡織,下游,染整,
1303,紡織,中游,人造纖維產品(例如尼龍纖維、聚酯纖維、嫘縈纖維等,
1303,電機機械,上游,機械設備之沖壓零組件,
1303,電機機械,上游,電控元件,
1304,石化及塑橡膠,中游,石化中間原料(例如乙烯、丙烯、丁二烯、苯、酚等),工業用合成樹脂
1305,石化及塑橡膠,下游,塑膠製品,
1307,石化及塑橡膠,下游,塑膠製品,
1308,石化及塑橡膠,中游,石化中間原料(例如乙烯、丙烯、丁二烯、苯、酚等),工業用合成樹脂
1309,石化及塑橡膠,下游,塑膠製品,
1310,石化及塑橡膠,下游,塑膠製品,
1312,石化及塑橡膠,下游,塑膠製品,
1313,石化及塑橡膠,下游,塑化劑(可塑劑),
1314,石化及塑橡膠,中游,石化中間原料(例如乙烯、丙烯、丁二烯、苯、酚等),PTA(對苯二甲酸)觸媒
1314,石化及塑橡膠,中游,石化中間原料(例如乙烯、丙烯、丁二烯、苯、酚等),工業用合成樹脂
1314,紡織,上游,石化原料(例如純對苯二甲酸、乙二醇、己內醯胺、丙烯腈等),
1315,石化及塑橡膠,下游,塑膠製品,
1315,紡織,下游,成衣及其它家居紡織類品,
1315,電機機械,下游,手工具機,
1316,石化及塑橡膠,下游,塑膠製品,
1319,汽車,上游,保險桿,
1319,汽車,上游,引擎蓋,
1319,汽車,上游,鈑金,
1319,石化及塑橡膠,下游,塑膠製品,
1321,石化及塑橡膠,下游,塑膠製品,
1323,石化及塑橡膠,下游,塑膠製品,
1324,石化及塑橡膠,下游,塑膠製品,
1325,石化及塑橡膠,下游,塑膠製品,
1326,石化及塑橡膠,下游,人造纖維,
1326,石化及塑橡膠,下游,塑膠製品,
1326,石化及塑橡膠,中游,石化中間原料(例如乙烯、丙烯、丁二烯、苯、酚等),PTA(對苯二甲酸)觸媒
1326,紡織,上游,石化原料(例如純對苯二甲酸、乙二醇、己內醯胺、丙烯腈等),
1326,紡織,下游,染整,
1326,紡織,中游,人造纖維產品(例如尼龍纖維、聚酯纖維、嫘縈纖維等,
1326,紡織,中游,紡紗,
1326,紡織,中游,織布,
1336,平面顯示器,上游,塑膠框,
1336,通信網路,上游,塑膠/金屬機殼,
1336,電腦及週邊設備,上游,金屬、塑膠模具,
1339,汽車,上游,保險桿,
1339,石化及塑橡膠,下游,塑膠製品,
1342,其他,,其他,
1402,建材營造,中游,工程承攬,
1402,建材營造,中游,建設業,
1402,石化及塑橡膠,下游,塑膠製品,
1402,石化及塑橡膠,中游,石化中間原料(例如乙烯、丙烯、丁二烯、苯、酚等),PTA(對苯二甲酸)觸媒
1402,紡織,上游,石化原料(例如純對苯二甲酸、乙二醇、己內醯胺、丙烯腈等),
1402,紡織,下游,成衣及其它家居紡織類品,
1402,紡織,下游,染整,
1402,紡織,中游,人造纖維產品(例如尼龍纖維、聚酯纖維、嫘縈纖維等,
1409,石化及塑橡膠,下游,人造纖維,
1409,紡織,中游,人造纖維產品(例如尼龍纖維、聚酯纖維、嫘縈纖維等,
1410,半導體,下游,IC封裝測試,
1410,石化及塑橡膠,下游,塑膠製品,
1410,紡織,下游,染整,
1413,紡織,中游,人造纖維產品(例如尼龍纖維、聚酯纖維、嫘縈纖維等,
1413,紡織,中游,紡紗,
1414,紡織,中游,紡紗,
1416,其他,,其他,
1416,建材營造,中游,建設業,
1416,軟體服務,,應用/系統軟體設計開發,
1417,紡織,下游,成衣及其它家居紡織類品,
1418,紡織,中游,人造纖維產品(例如尼龍纖維、聚酯纖維、嫘縈纖維等,
1419,紡織,下游,染整,
1419,紡織,中游,織布,
1419,貿易百貨,下游,零售通路,
1419,貿易百貨,中游,貿易商、代理商、經銷商,
1423,紡織,中游,天然纖維產品(例如純棉、純羊毛等),
1432,休閒娛樂,,娛樂服務業,
1432,紡織,下游,染整,
1434,半導體,下游,IC封裝測試,
1434,半導體,下游,IC模組,
1434,油電燃氣,,加油站,
1434,石化及塑橡膠,下游,塑膠製品,
1434,紡織,下游,染整,
1434,紡織,中游,紡紗,
1434,紡織,中游,織布,
1435,其他,,其他,
1436,建材營造,中游,建設業,
1437,其他,,其他,
1438,建材營造,中游,建設業,
1439,建材營造,中游,建設業,
1440,紡織,中游,人造纖維產品(例如尼龍纖維、聚酯纖維、嫘縈纖維等,
1440,紡織,中游,紡紗,
1441,紡織,中游,紡紗,
1442,建材營造,中游,建設業,
1443,其他,,其他,
1444,紡織,中游,人造纖維產品(例如尼龍纖維、聚酯纖維、嫘縈纖維等,
1445,紡織,中游,紡紗,
1445,紡織,中游,織布,
1446,紡織,下游,成衣及其它家居紡織類品,
1446,紡織,中游,織布,
1447,紡織,下游,染整,
1447,紡織,中游,人造纖維產品(例如尼龍纖維、聚酯纖維、嫘縈纖維等,
1447,紡織,中游,紡紗,
1447,紡織,中游,織布,
1449,紡織,下游,染整,
1449,紡織,中游,紡紗,
1449,紡織,中游,織布,
1451,紡織,下游,成衣及其它家居紡織類品,
1451,紡織,下游,染整,
1451,紡織,中游,紡紗,
1451,紡織,中游,織布,
1452,紡織,中游,人造纖維產品(例如尼龍纖維、聚酯纖維、嫘縈纖維等,
1453,建材營造,中游,建設業,
1453,紡織,中游,紡紗,
1454,紡織,下游,成衣及其它家居紡織類品,
1454,紡織,中游,紡紗,
1454,紡織,中游,織布,
1455,紡織,中游,人造纖維產品(例如尼龍纖維、聚酯纖維、嫘縈纖維等,
1456,建材營造,中游,建設業,
1456,紡織,中游,人造纖維產品(例如尼龍纖維、聚酯纖維、嫘縈纖維等,
1456,紡織,中游,天然纖維產品(例如純棉、純羊毛等),
1456,紡織,中游,紡紗,
1456,紡織,中游,織布,
1457,紡織,下游,染整,
1457,紡織,中游,人造纖維產品(例如尼龍纖維、聚酯纖維、嫘縈纖維等,
1457,紡織,中游,紡紗,
1459,紡織,中游,人造纖維產品(例如尼龍纖維、聚酯纖維、嫘縈纖維等,
1460,紡織,下游,成衣及其它家居紡織類品,
1460,紡織,下游,染整,
1460,紡織,中游,紡紗,
1460,紡織,中游,織布,
1463,紡織,下游,染整,
1464,紡織,下游,染整,
1464,紡織,中游,人造纖維產品(例如尼龍纖維、聚酯纖維、嫘縈纖維等,
1464,紡織,中游,紡紗,
1464,紡織,中游,織布,
1465,紡織,中游,人造纖維產品(例如尼龍纖維、聚酯纖維、嫘縈纖維等,
1465,紡織,中游,織布,
1466,紡織,中游,人造纖維產品(例如尼龍纖維、聚酯纖維、嫘縈纖維等,
1467,紡織,下游,成衣及其它家居紡織類品,
1467,紡織,下游,染整,
1468,紡織,下游,成衣及其它家居紡織類品,
1468,紡織,下游,染整,
1468,紡織,中游,人造纖維產品(例如尼龍纖維、聚酯纖維、嫘縈纖維等,
1468,紡織,中游,化學助劑,
1468,紡織,中游,織布,
1470,紡織,下游,染整,
1471,電腦及週邊設備,上游,機殼,
1471,電腦及週邊設備,上游,電源供應器,
1472,建材營造,上游,機電工程,
1472,建材營造,上游,結構工程,
1472,建材營造,中游,工程承攬,
1472,建材營造,中游,營造業,
1473,紡織,下游,成衣及其它家居紡織類品,
1474,紡織,中游,織布,
1475,紡織,下游,染整,
1476,紡織,下游,成衣及其它家居紡織類品,
1476,紡織,中游,織布,
1477,紡織,下游,成衣及其它家居紡織類品,
1503,建材營造,上游,機電工程,
1503,汽車,上游,其他,
1503,電動車輛產業,中游,零組件,
1503,電機機械,下游,冷凍空調設備及零件,
1503,電機機械,下游,機電系統工程,
1503,電機機械,下游,車用機械傳動設備及零配件,
1503,電機機械,下游,輸送機械及零配件,
1503,電腦及週邊設備,下游,安全監控系統,
1503,風力發電,,電力系統,
1504,人工智慧,核心技術,移動控制,
1504,建材營造,上游,機電工程,
1504,電動車輛產業,中游,零組件,
1504,電機機械,上游,傳動元件,
1504,電機機械,上游,電控元件,
1504,電機機械,下游,冷凍空調設備及零件,
1504,電機機械,下游,機電系統工程,
1504,風力發電,,監控系統,
1504,風力發電,,電力系統,
1506,汽車,上游,其他,
1506,電機機械,下游,冷凍空調設備及零件,
1506,電機機械,下游,車用機械傳動設備及零配件,
1506,電機機械,下游,金屬加工處理,
1512,汽車,上游,其他,
1512,電機機械,下游,車用機械傳動設備及零配件,
1513,太陽能產業,下游,太陽能發電設備/系統及系統工程,
1513,太陽能產業,下游,太陽能電廠,
1513,建材營造,下游,物業管理,
1513,建材營造,中游,建設業,
1513,智慧電網,,系統整合服務,
1513,智慧電網,,能源管理服務,
1513,智慧電網,,配電管理設施,
1513,智慧電網,,高/低壓輸電設施,
1513,電機機械,下游,冷凍空調設備及零件,
1513,電機機械,下游,機電系統工程,
1513,電機機械,下游,金屬加工用機械,
1513,電機機械,下游,金屬加工處理,
1513,風力發電,,風場營造,
1513,風力發電,,風場規劃,
1514,汽電共生,,配電系統,
1514,電機機械,下游,機電系統工程,
1514,風力發電,,電力系統,
1515,電機機械,下游,手工具機,
1516,其他,,其他,
1517,電機機械,下游,車用機械傳動設備及零配件,
1519,智慧電網,,配電管理設施,
1519,智慧電網,,電網營造,
1519,智慧電網,,高/低壓輸電設施,
1519,汽電共生,,變壓器,
1519,汽電共生,,配電系統,
1519,電動車輛產業,中游,零組件,
1519,電機機械,下游,機電系統工程,
1519,風力發電,,電力系統,
1521,汽車,上游,車燈,
1522,汽車,上游,車燈,
1524,汽車,上游,鈑金,
1525,汽車,上游,其他,
1526,電機機械,上游,傳動元件,
1527,電機機械,下游,手工具機,
1528,印刷電路板,上游,生產製程及檢測設備,
1528,貿易百貨,中游,貿易商、代理商、經銷商,
1528,電機機械,下游,專用機械(如紡織成衣生產用機械、食品飲料生產用機械、農林用機械等),
1529,太陽能產業,下游,太陽能發電設備/系統及系統工程,
1529,太陽能產業,下游,太陽能電廠,
1529,電機機械,下游,機電系統工程,
1530,電機機械,下游,金屬加工用機械,
1531,電機機械,下游,專用機械(如紡織成衣生產用機械、食品飲料生產用機械、農林用機械等),
1532,休閒娛樂,,娛樂服務業,
1532,休閒娛樂,,旅館服務業,
1532,建材營造,中游,建設業,
1532,貿易百貨,下游,零售通路,
1532,電機機械,上游,鋼鑄鐵元件,
1533,汽車,上游,其他,
1533,電動車輛產業,中游,零組件,
1533,電機機械,上游,電控元件,
1533,電機機械,下游,手工具機,
1533,電機機械,下游,車用機械傳動設備及零配件,
1535,電機機械,下游,機電系統工程,
1536,汽車,上游,其他,
1536,電動車輛產業,中游,零組件,
1536,電機機械,上游,傳動元件,
1537,電動車輛產業,中游,零組件,
1537,電機機械,上游,五金元件及零配件,
1537,電機機械,下游,機電系統工程,
1537,電機機械,下游,車用機械傳動設備及零配件,
1537,電腦及週邊設備,上游,其他電腦及週邊設備之零組件,
1538,LED照明產業,下游,燈具/應用,
1538,汽車,上游,車燈,
1538,電機機械,下游,手工具機,
1539,電機機械,下游,手工具機,
1540,電機機械,下游,金屬加工用機械,
1541,電機機械,下游,手工具機,
1558,電機機械,下游,專用機械(如紡織成衣生產用機械、食品飲料生產用機械、農林用機械等),
1558,電機機械,下游,手工具機,
1560,電機機械,上游,五金元件及零配件,
1563,汽車,上游,鋁合金鋼圈,
1563,電機機械,下游,車用機械傳動設備及零配件,
1565,醫療器材,中游,醫療器材研發、設計、製造,隱型眼鏡、光學鏡片
1568,汽車,上游,其他,
1568,電機機械,下游,車用機械傳動設備及零配件,
1569,電腦及週邊設備,上游,其他電腦及週邊設備之零組件,
1569,電腦及週邊設備,上游,機殼,
1570,電機機械,下游,手工具機,
1580,電機機械,下游,專用機械(如紡織成衣生產用機械、食品飲料生產用機械、農林用機械等),
1582,電腦及週邊設備,上游,機構樞紐,
1582,電腦及週邊設備,上游,金屬、塑膠模具,
1583,電機機械,下游,金屬加工用機械,
1584,其他,,其他,
1586,電機機械,上游,機械設備之沖壓零組件,
1586,電機機械,下游,車用機械傳動設備及零配件,
1586,電腦及週邊設備,上游,其他電腦及週邊設備之零組件,
1586,電腦及週邊設備,上游,金屬、塑膠模具,
1587,汽車,上游,其他,
1593,運動科技,上游,裝置/器材零組件,
1593,醫療器材,上游,電子零組件、塑化材料、五金零件,塑化材料
1593,醫療器材,上游,電子零組件、塑化材料、五金零件,金屬零件
1595,半導體,下游,生產製程及檢測設備,
1595,印刷電路板,上游,生產製程及檢測設備,
1595,平面顯示器,中游,生產製程及檢測,
1597,電機機械,上游,傳動元件,
1597,電機機械,上游,電控元件,
1598,其他,,其他,
1598,運動科技,中游,健身器材,
1599,休閒娛樂,,休閒車業,
1599,電動車輛產業,下游,電動汽車、電動機車、電動自行車,
1603,其他,,其他,
1603,建材營造,上游,建材原料,
1603,建材營造,中游,工程承攬,
1603,智慧電網,,高/低壓輸電設施,
1604,其他,,其他,
1604,平面顯示器,下游,電視,
1605,太陽能產業,下游,太陽能發電設備/系統及系統工程,
1605,建材營造,中游,建設業,
1605,智慧電網,,高/低壓輸電設施,
1605,電動車輛產業,上游,鋰電池材料,
1605,電動車輛產業,中游,零組件,
1605,風力發電,,電纜,
1608,其他,,其他,
1608,通信網路,下游,光通訊設備,
1609,其他,,其他,
1609,太陽能產業,下游,太陽能電廠,
1609,智慧電網,,高/低壓輸電設施,
1609,風力發電,,電纜,
1611,LED照明產業,下游,燈具/應用,
1611,其他,,其他,
1611,其他,,特殊照明業,
1611,太陽能產業,下游,太陽能發電設備/系統及系統工程,
1611,電動車輛產業,上游,鋰電池材料,
1612,其他,,其他,
1612,建材營造,上游,建材原料,
1612,智慧電網,,高/低壓輸電設施,
1612,汽電共生,,電纜,
1612,風力發電,,電纜,
1614,其他,,其他電子產品及電子服務產業,
1614,平面顯示器,下游,監視器/顯示器,
1614,平面顯示器,下游,電視,
1614,貿易百貨,上游,製造商,
1614,貿易百貨,下游,零售通路,
1614,貿易百貨,中游,貿易商、代理商、經銷商,
1614,通信網路,下游,有線通訊設備,
1614,電機機械,下游,冷凍空調設備及零件,
1615,其他,,其他,
1615,智慧電網,,高/低壓輸電設施,
1615,汽電共生,,電纜,
1615,通信網路,上游,線材,
1616,其他,,其他,
1617,其他,,其他,
1617,通信網路,上游,線材,
1617,連接器,上游,金屬材料,
1617,電機機械,下游,金屬加工處理,
1618,其他,,其他,
1618,智慧電網,,高/低壓輸電設施,
1618,汽電共生,,電纜,
1618,通信網路,上游,線材,
1618,通信網路,下游,光通訊設備,
1618,風力發電,,電纜,
1623,智慧電網,,高/低壓輸電設施,
1623,汽電共生,,電纜,
1623,風力發電,,電纜,
1702,食品,,餐飲連鎖,
1702,食品,上游,原物料,
1702,食品,中游,加工食品,
1707,食品生技,下游,保健食品代理銷售及通路,
1707,食品生技,中游,加工製成品,
1708,其他,,其他,
1709,石化及塑橡膠,中游,石化中間原料(例如乙烯、丙烯、丁二烯、苯、酚等),界面活性劑
1710,其他,,其他,
1710,紡織,上游,石化原料(例如純對苯二甲酸、乙二醇、己內醯胺、丙烯腈等),
1711,半導體,中游,化學品,
1711,太陽能產業,上游,材料,
1711,平面顯示器,上游,化學品(如光阻劑、靶材等),
1711,石化及塑橡膠,下游,接著劑(合成樹脂),
1711,石化及塑橡膠,下游,顏染料,
1711,石化及塑橡膠,中游,石化中間原料(例如乙烯、丙烯、丁二烯、苯、酚等),橡塑膠添加劑
1711,製藥,中游,中藥材、西藥原料藥,
1711,電腦及週邊設備,上游,其他電腦及週邊設備之零組件,
1712,石化及塑橡膠,下游,塑膠製品,
1712,石化及塑橡膠,下游,農藥,
1713,紡織,中游,化學助劑,
1714,石化及塑橡膠,中游,石化中間原料(例如乙烯、丙烯、丁二烯、苯、酚等),界面活性劑
1717,半導體,中游,化學品,
1717,印刷電路板,上游,環氧樹脂,
1717,印刷電路板,上游,聚亞醯胺樹脂,
1717,印刷電路板,上游,酚醛樹脂,
1717,印刷電路板,中游,銅箔基板,
1717,太陽能產業,上游,材料,
1717,平面顯示器,上游,化學品(如光阻劑、靶材等),
1717,平面顯示器,上游,擴散膜、增亮膜、導光板,
1717,石化及塑橡膠,下游,接著劑(合成樹脂),
1717,石化及塑橡膠,中游,石化中間原料(例如乙烯、丙烯、丁二烯、苯、酚等),工業用合成樹脂
1717,觸控面板,上游,膠材,
1718,其他,,其他,
1720,製藥,下游,中、西藥製劑,
1720,食品生技,下游,保健食品代理銷售及通路,
1721,石化及塑橡膠,下游,接著劑(合成樹脂),
1721,石化及塑橡膠,中游,石化中間原料(例如乙烯、丙烯、丁二烯、苯、酚等),工業用合成樹脂
1721,石化及塑橡膠,中游,石化中間原料(例如乙烯、丙烯、丁二烯、苯、酚等),橡塑膠添加劑
1722,其他,,其他,
1723,石化及塑橡膠,上游,石化上游原料及相關鑽探設備,
1723,能源元件,上游,原材料,
1723,電動車輛產業,上游,鋰電池材料,
1725,石化及塑橡膠,中游,石化中間原料(例如乙烯、丙烯、丁二烯、苯、酚等),PTA(對苯二甲酸)觸媒
1725,石化及塑橡膠,中游,石化中間原料(例如乙烯、丙烯、丁二烯、苯、酚等),工業用合成樹脂
1725,石化及塑橡膠,中游,石化中間原料(例如乙烯、丙烯、丁二烯、苯、酚等),橡塑膠添加劑
1725,石化及塑橡膠,中游,石化中間原料(例如乙烯、丙烯、丁二烯、苯、酚等),界面活性劑
1726,其他,,其他,
1727,半導體,中游,化學品,
1727,石化及塑橡膠,中游,石化中間原料(例如乙烯、丙烯、丁二烯、苯、酚等),PTA(對苯二甲酸)觸媒
1727,石化及塑橡膠,中游,石化中間原料(例如乙烯、丙烯、丁二烯、苯、酚等),工業用合成樹脂
1727,石化及塑橡膠,中游,石化中間原料(例如乙烯、丙烯、丁二烯、苯、酚等),界面活性劑
1727,紡織,中游,化學助劑,
1730,石化及塑橡膠,下游,塑膠製品,
1730,石化及塑橡膠,下游,清潔用品,
1730,貿易百貨,中游,貿易商、代理商、經銷商,
1731,石化及塑橡膠,下游,清潔用品,
1731,製藥,下游,藥品代理銷售及通路,
1731,食品生技,下游,保健食品代理銷售及通路,
1732,石化及塑橡膠,下游,清潔用品,
1733,醫療器材,中游,醫療器材研發、設計、製造,醫療耗材
1733,醫療器材,中游,醫療器材研發、設計、製造,體溫計、血壓計
1734,製藥,下游,中、西藥製劑,
1735,石化及塑橡膠,下游,塑膠製品,
1735,石化及塑橡膠,下游,接著劑(合成樹脂),
1735,石化及塑橡膠,中游,石化中間原料(例如乙烯、丙烯、丁二烯、苯、酚等),工業用合成樹脂
1736,其他,,其他,
1736,運動科技,中游,健身器材,
1737,石化及塑橡膠,下游,化妝品,
1737,食品,,營養食品,
1737,食品,上游,原物料,
1742,半導體,中游,化學品,
1742,貿易百貨,中游,貿易商、代理商、經銷商,
1752,製藥,下游,中、西藥製劑,
1760,石化及塑橡膠,下游,化妝品,
1760,製藥,下游,中、西藥製劑,
1760,製藥,下游,藥品代理銷售及通路,
1760,醫療器材,中游,醫療器材研發、設計、製造,生物檢測
1760,醫療器材,中游,醫療器材研發、設計、製造,醫療耗材
1760,食品生技,下游,保健食品代理銷售及通路,
1760,食品生技,中游,加工製成品,
1762,製藥,中游,中藥材、西藥原料藥,
1773,平面顯示器,上游,化學品(如光阻劑、靶材等),
1773,石化及塑橡膠,下游,接著劑(合成樹脂),
1776,石化及塑橡膠,下游,塑膠製品,
1776,石化及塑橡膠,下游,接著劑(合成樹脂),
1776,石化及塑橡膠,中游,石化中間原料(例如乙烯、丙烯、丁二烯、苯、酚等),工業用合成樹脂
1777,製藥,中游,中藥材、西藥原料藥,
1780,食品生技,上游,原料,
1780,食品生技,中游,加工製成品,
1781,醫療器材,中游,醫療器材研發、設計、製造,體溫計、血壓計
1783,醫療器材,中游,醫療器材研發、設計、製造,醫療耗材
1784,再生醫療,上游,幹細胞收集儲存,
1784,再生醫療,下游,臨床實驗、移植技術、疾病治療,
1784,再生醫療,中游,幹細胞開發,
1785,其他,,環保潔能服務產業,
1785,半導體,中游,化學品,
1785,印刷電路板,上游,生產製程及檢測設備,
1785,太陽能產業,上游,材料,
1785,平面顯示器,上游,化學品(如光阻劑、靶材等),
1785,汽車,上游,其他,
1785,被動元件,上游,濾波器、振盪器材料,
1785,觸控面板,上游,ITO靶材,
1785,電腦及週邊設備,上游,硬碟機,
1786,製藥,上游,原材料,
1786,製藥,下游,中、西藥製劑,
1786,醫療器材,中游,醫療器材研發、設計、製造,醫療耗材
1788,製藥,下游,藥品代理銷售及通路,
1788,醫療器材,下游,醫療器材代理銷售及通路,醫療器材代理
1788,食品生技,下游,保健食品代理銷售及通路,
1789,製藥,中游,中藥材、西藥原料藥,
1795,製藥,下游,中、西藥製劑,
1795,食品生技,下游,保健食品代理銷售及通路,
1795,食品生技,中游,加工製成品,
1796,食品生技,上游,原料,
1796,食品生技,下游,保健食品代理銷售及通路,
1796,食品生技,中游,加工製成品,
1799,製藥,下游,中、西藥製劑,
1799,醫療器材,中游,醫療器材研發、設計、製造,體溫計、血壓計
1802,印刷電路板,上游,玻璃纖維/玻纖布,
1802,建材營造,上游,建材原料,
1805,建材營造,中游,建設業,
1806,建材營造,上游,建材原料,
1808,建材營造,中游,建設業,
1809,LED照明產業,下游,封裝/模組,
1809,建材營造,上游,建材原料,
1809,建材營造,下游,個人、民間企業、政府機構,
1810,建材營造,上游,建材原料,
1813,醫療器材,中游,醫療器材研發、設計、製造,隱型眼鏡、光學鏡片
1815,印刷電路板,上游,玻璃纖維/玻纖布,
1817,建材營造,上游,建材原料,
1817,貿易百貨,中游,貿易商、代理商、經銷商,
1903,造紙,中游,工業用紙,
1904,造紙,上游,紙漿、紙類原料,
1904,造紙,下游,銷售、進出口業務,
1904,造紙,中游,家庭用紙,
1904,造紙,中游,工業用紙,
1904,造紙,中游,文化用紙,
1905,造紙,上游,紙漿、紙類原料,
1905,造紙,下游,銷售、進出口業務,
1905,造紙,中游,文化用紙,
1906,造紙,下游,銷售、進出口業務,
1907,其他,,文化印刷業,
1907,造紙,下游,銷售、進出口業務,
1907,造紙,中游,家庭用紙,
1907,造紙,中游,工業用紙,
1907,造紙,中游,文化用紙,
1909,造紙,上游,紙漿、紙類原料,
2002,鋼鐵,上游,鋼胚,
2002,鋼鐵,中游,冷熱軋鋼板捲,
2002,鋼鐵,中游,棒鋼盤元(捲狀條鋼),
2002,鋼鐵,中游,線材盤元,
2006,鋼鐵,上游,鋼胚,
2006,鋼鐵,中游,鋼筋,
2007,鋼鐵,中游,棒鋼盤元(捲狀條鋼),
2007,鋼鐵,中游,線材盤元,
2007,鋼鐵,中游,鋼筋,
2008,鋼鐵,中游,冷熱軋鋼板捲,
2009,鋼鐵,中游,冷熱軋鋼板捲,
2010,建材營造,上游,結構工程,
2010,鋼鐵,中游,冷熱軋鋼板捲,
2010,鋼鐵,中游,棒鋼盤元(捲狀條鋼),
2012,鋼鐵,中游,線材盤元,
2012,風力發電,,其他配件,
2013,風力發電,,鋼材,
2014,鋼鐵,中游,冷熱軋鋼板捲,
2015,鋼鐵,上游,鋼胚,
2015,鋼鐵,中游,棒鋼盤元(捲狀條鋼),
2015,鋼鐵,中游,鋼筋,
2017,鋼鐵,中游,線材盤元,
2017,鋼鐵,中游,鋼筋,
2020,建材營造,上游,建材原料,
2020,建材營造,中游,建設業,
2022,鋼鐵,中游,線材盤元,
2023,鋼鐵,中游,冷熱軋鋼板捲,
2028,鋼鐵,上游,鋼胚,
2028,鋼鐵,中游,棒鋼盤元(捲狀條鋼),
2028,鋼鐵,中游,線材盤元,
2028,鋼鐵,中游,鋼筋,
2029,鋼鐵,中游,冷熱軋鋼板捲,
2031,太陽能產業,下游,太陽能發電設備/系統及系統工程,
2031,建材營造,上游,基礎工程,
2031,建材營造,上游,結構工程,
2031,風力發電,,其他配件,
2031,風力發電,,塔架,
2031,風力發電,,鋼材,
2038,鋼鐵,中游,鋼筋,
2049,自動化,下游,工業型機器人,
2049,電機機械,上游,傳動元件,
2059,其他,,其他電子產品及電子服務產業,
2059,電腦及週邊設備,上游,其他電腦及週邊設備之零組件,
2061,其他,,其他,
2062,其他,,其他,
2064,鋼鐵,中游,棒鋼盤元(捲狀條鋼),
2064,鋼鐵,中游,線材盤元,
2066,電動車輛產業,中游,零組件,
2066,電機機械,上游,五金元件及零配件,
2066,電機機械,上游,機械設備之沖壓零組件,
2066,電機機械,下游,車用機械傳動設備及零配件,
2067,電機機械,上游,鋼鑄鐵元件,
2067,電機機械,下游,金屬加工處理,
2070,電機機械,下游,專用機械(如紡織成衣生產用機械、食品飲料生產用機械、農林用機械等),
2072,風力發電,,其他配件,
2073,鋼鐵,中游,冷熱軋鋼板捲,
2073,鋼鐵,中游,棒鋼盤元(捲狀條鋼),
2073,鋼鐵,中游,線材盤元,
2073,鋼鐵,中游,鋼筋,
2101,汽車,上游,輪胎,
2102,其他,,其他,
2102,汽車,上游,輪胎,
2102,石化及塑橡膠,下游,橡膠製品,
2103,石化及塑橡膠,下游,橡膠製品,
2104,石化及塑橡膠,中游,石化中間原料(例如乙烯、丙烯、丁二烯、苯、酚等),橡塑膠添加劑
2105,石化及塑橡膠,下游,橡膠製品,
2106,其他,,其他,
2106,汽車,上游,輪胎,
2106,石化及塑橡膠,下游,橡膠製品,
2106,運動科技,中游,運動用品,
2106,電動車輛產業,中游,零組件,
2107,石化及塑橡膠,下游,橡膠製品,
2108,石化及塑橡膠,下游,橡膠製品,
2109,石化及塑橡膠,下游,橡膠製品,
2114,石化及塑橡膠,下游,橡膠製品,
2201,汽車,中游,整車組裝、修理及技術服務,
2204,汽車,下游,銷售、進出口業務,
2204,汽車,中游,整車組裝、修理及技術服務,
2206,汽車,下游,銷售、進出口業務,
2206,汽車,中游,整車組裝、修理及技術服務,
2207,汽車,下游,銷售、進出口業務,
2207,電動車輛產業,下游,電動汽車、電動機車、電動自行車,
2207,電動車輛產業,中游,零組件,
2208,其他,,其他,
2208,風力發電,,風場營造,
2227,汽車,下游,銷售、進出口業務,
2227,汽車,中游,整車組裝、修理及技術服務,
2228,汽車,上游,其他,
2230,貿易百貨,中游,貿易商、代理商、經銷商,
2230,電機機械,下游,車用機械傳動設備及零配件,
2231,汽車,中游,整車組裝、修理及技術服務,
2233,電機機械,上游,五金元件及零配件,
2233,電機機械,上游,傳動元件,
2233,電機機械,下游,車用機械傳動設備及零配件,
2233,電機機械,下游,輸送機械及零配件,
2233,電機機械,下游,金屬加工處理,
2235,汽車,上游,其他,
2235,電機機械,下游,車用機械傳動設備及零配件,
2237,電動車輛產業,下游,電動汽車、電動機車、電動自行車,
2241,汽車,上游,保險桿,
2241,汽車,上游,其他,
2241,汽車,上游,引擎蓋,
2241,汽車,上游,車燈,
2241,汽車,上游,輪胎,
2241,汽車,上游,鈑金,
2241,汽車,上游,鋁合金鋼圈,
2241,汽車,下游,銷售、進出口業務,
2241,汽車,中游,整車組裝、修理及技術服務,
2247,汽車,下游,銷售、進出口業務,
2254,汽車,上游,車燈,
2254,電機機械,下游,車用機械傳動設備及零配件,
2301,LED照明產業,下游,封裝/模組,
2301,LED照明產業,下游,燈具/應用,
2301,其他,,其他電子產品及電子服務產業,
2301,智慧電網,,配電管理設施,
2301,汽車,上游,其他,
2301,汽車,上游,車燈,
2301,汽車,下游,銷售、進出口業務,
2301,通信網路,下游,無線通訊設備,
2301,通信網路,下游,網路設備,
2301,醫療器材,中游,醫療器材研發、設計、製造,生物檢測
2301,醫療器材,中游,醫療器材研發、設計、製造,醫療耗材
2301,雲端運算,上游,冷卻設備,
2301,雲端運算,上游,電力設備,
2301,雲端運算,下游,系統整合,
2301,雲端運算,下游,設備安裝服務,
2301,雲端運算,下游,雲端應用服務,IaaS
2301,雲端運算,下游,雲端應用服務,PaaS
2301,雲端運算,下游,雲端應用服務,SaaS
2301,雲端運算,下游,顧問諮詢,
2301,電動車輛產業,中游,零組件,
2301,電腦及週邊設備,上游,機殼,
2301,電腦及週邊設備,上游,電源供應器,
2301,電腦及週邊設備,下游,伺服器,
2301,電腦及週邊設備,下游,其他電腦及週邊設備,
2301,電腦及週邊設備,下游,安全監控系統,
2301,體驗科技,,感測器/模組,手勢/動作
2301,體驗科技,,感測器/模組,深度感測
2301,體驗科技,,感測器/模組,環境感知
2301,體驗科技,,感測器/模組,視覺
2302,半導體,中游,IC/晶圓製造,其他IC/二極體製造
2303,半導體,中游,IC/晶圓製造,晶圓製造
2305,電腦及週邊設備,下游,印表機、傳真機、掃瞄器、多功能事務機、投影機,
2308,LED照明產業,下游,燈具/應用,
2308,人工智慧,應用與服務,智慧設備,
2308,人工智慧,應用與服務,系統整合,
2308,人工智慧,應用與服務,領域解決方案,
2308,人工智慧,應用與服務,顧問諮詢,
2308,人工智慧,核心技術,機器學習,
2308,人工智慧,核心技術,電腦視覺,
2308,人工智慧,運算資源,運算設備,
2308,休閒娛樂,,休閒車業,
2308,其他,,特殊照明業,
2308,半導體,上游,IC設計,LED驅動IC
2308,半導體,上游,IC設計,微控制器IC
2308,半導體,上游,IC設計,消費性IC
2308,半導體,上游,IC設計,電源管理IC
2308,半導體,下游,IC模組,
2308,半導體,下游,IC通路,
2308,半導體,下游,生產製程及檢測設備,
2308,大數據,基礎資源,運算元件與設備,
2308,大數據,應用與服務,系統整合,
2308,大數據,應用與服務,領域解決方案,
2308,大數據,應用與服務,顧問諮詢,
2308,太空衛星科技,上游,零組件/材料,天線/射頻基頻
2308,太陽能產業,下游,太陽能發電設備/系統及系統工程,
2308,太陽能產業,下游,太陽能電廠,
2308,平面顯示器,上游,其他零組件,
2308,建材營造,上游,機電工程,
2308,智慧電網,,系統整合服務,
2308,智慧電網,,能源管理服務,
2308,智慧電網,,配電管理設施,
2308,智慧電網,,高/低壓輸電設施,
2308,汽車,上游,其他,
2308,能源元件,下游,電池模組,
2308,能源元件,中游,電池芯,
2308,被動元件,中游,電容器,
2308,被動元件,中游,電感器,
2308,被動元件,中游,電阻器,
2308,軟體服務,,應用/系統軟體設計開發,
2308,通信網路,下游,光通訊設備,
2308,通信網路,下游,無線通訊設備,
2308,通信網路,下游,網路設備,
2308,醫療器材,上游,電子零組件、塑化材料、五金零件,塑化材料
2308,醫療器材,下游,醫療器材代理銷售及通路,醫療器材代理
2308,醫療器材,中游,醫療器材研發、設計、製造,其他
2308,醫療器材,中游,醫療器材研發、設計、製造,生物檢測
2308,雲端運算,上游,冷卻設備,
2308,雲端運算,上游,電力設備,
2308,雲端運算,上游,電腦設備,伺服器
2308,雲端運算,下游,系統整合,
2308,雲端運算,下游,設備安裝服務,
2308,雲端運算,下游,雲端應用服務,SaaS
2308,雲端運算,下游,顧問諮詢,
2308,雲端運算,中游,設備管理軟體,
2308,電動車輛產業,上游,鋰電池材料,
2308,電動車輛產業,下游,電動汽車、電動機車、電動自行車,
2308,電動車輛產業,中游,零組件,
2308,電機機械,上游,傳動元件,
2308,電機機械,上游,電控元件,
2308,電機機械,下游,專用機械(如紡織成衣生產用機械、食品飲料生產用機械、農林用機械等),
2308,電機機械,下游,輸送機械及零配件,
2308,電腦及週邊設備,上游,散熱片、風扇馬達、散熱模組,
2308,電腦及週邊設備,上游,電源供應器,
2308,電腦及週邊設備,下游,安全監控系統,
2308,電腦及週邊設備,下游,桌上型電腦,
2308,電腦及週邊設備,下游,筆記型電腦,
2308,電腦及週邊設備,下游,精簡型電腦,
2308,風力發電,,監控系統,
2308,風力發電,,電力系統,
2308,體驗科技,,其他,電池模組
2312,其他,,其他電子產品及電子服務產業,
2312,通信網路,下游,無線通訊設備,
2312,電腦及週邊設備,上游,主機板,
2312,電腦及週邊設備,上游,硬碟機,
2312,電腦及週邊設備,下游,印表機、傳真機、掃瞄器、多功能事務機、投影機,
2313,印刷電路板,中游,基板組裝加工及相關製造,
2313,印刷電路板,中游,硬板、軟板、IC載板製造,
2314,太空衛星科技,上游,零組件/材料,天線/射頻基頻
2314,通信網路,下游,無線通訊設備,
2316,印刷電路板,中游,基板組裝加工及相關製造,
2316,印刷電路板,中游,硬板、軟板、IC載板製造,
2317,通信網路,下游,無線通訊設備,
2317,通信網路,下游,網路設備,
2317,連接器,中游,連接器設計、組裝及製造,
2317,電動車輛產業,中游,零組件,
2317,電腦及週邊設備,上游,主機板,
2317,電腦及週邊設備,上游,光學鏡片、鏡頭,
2317,電腦及週邊設備,上游,機殼,
2317,電腦及週邊設備,上游,金屬、塑膠模具,
2317,電腦及週邊設備,下游,伺服器,
2317,電腦及週邊設備,下游,其他電腦及週邊設備,
2317,電腦及週邊設備,下游,印表機、傳真機、掃瞄器、多功能事務機、投影機,
2317,電腦及週邊設備,下游,安全監控系統,
2317,電腦及週邊設備,下游,桌上型電腦,
2317,電腦及週邊設備,下游,筆記型電腦,
2321,通信網路,下游,光通訊設備,
2321,通信網路,下游,有線通訊設備,
2321,通信網路,下游,無線通訊設備,
2323,電腦及週邊設備,上游,光碟片,
2323,電腦及週邊設備,下游,其他電腦及週邊設備,
2324,平面顯示器,下游,電視,
2324,通信網路,下游,無線通訊設備,
2324,通信網路,下游,網路設備,
2324,運動科技,下游,健身平台/APP,
2324,運動科技,中游,穿戴式裝置,
2324,電腦及週邊設備,下游,伺服器,
2324,電腦及週邊設備,下游,其他電腦及週邊設備,
2324,電腦及週邊設備,下游,工業電腦,
2324,電腦及週邊設備,下游,筆記型電腦,
2327,被動元件,中游,濾波器、振盪器,
2327,被動元件,中游,電容器,
2327,被動元件,中游,電感器,
2327,被動元件,中游,電阻器,
2328,印刷電路板,中游,基板組裝加工及相關製造,
2328,印刷電路板,中游,硬板、軟板、IC載板製造,
2328,印刷電路板,中游,銅箔基板,
2328,電腦及週邊設備,上游,其他電腦及週邊設備之零組件,
2328,電腦及週邊設備,上游,連接線,
2329,半導體,下游,IC封裝測試,
2330,半導體,中游,IC/晶圓製造,晶圓製造
2331,電腦及週邊設備,上游,主機板,
2331,電腦及週邊設備,下游,其他電腦及週邊設備,
2331,電腦及週邊設備,下游,桌上型電腦,
2331,電腦及週邊設備,下游,筆記型電腦,
2332,通信網路,下游,網路設備,
2337,半導體,上游,IC設計,記憶體IC
2337,半導體,下游,IC封裝測試,
2337,半導體,中游,IC/晶圓製造,晶圓製造
2338,半導體,中游,光罩,
2340,LED照明產業,中游,光源/磊晶,
2340,半導體,下游,IC封裝測試,
2340,半導體,中游,IC/晶圓製造,其他IC/二極體製造
2340,半導體,中游,IC/晶圓製造,晶圓製造
2340,平面顯示器,上游,ITO導電基板,
2340,平面顯示器,上游,擴散膜、增亮膜、導光板,
2340,汽車,上游,其他,
2340,汽車,上游,車燈,
2340,運動科技,上游,感測裝置,
2340,體驗科技,,感測器/模組,SLAM
2340,體驗科技,,感測器/模組,使用者感知
2340,體驗科技,,感測器/模組,其他
2340,體驗科技,,感測器/模組,手勢/動作
2340,體驗科技,,感測器/模組,深度感測
2340,體驗科技,,感測器/模組,環境感知
2340,體驗科技,,感測器/模組,視覺
2342,半導體,中游,IC/晶圓製造,其他IC/二極體製造
2344,半導體,上游,IC設計,記憶體IC
2344,半導體,中游,IC/晶圓製造,DRAM製造
2344,半導體,中游,IC/晶圓製造,晶圓製造
2344,通信網路,上游,記憶體,
2344,電腦及週邊設備,上游,記憶體,
2345,通信網路,下游,網路設備,
2347,半導體,下游,IC通路,
2348,其他,,其他,
2349,電腦及週邊設備,上游,光碟片,
2351,半導體,下游,導線架,
2351,石化及塑橡膠,下游,塑膠製品,
2352,人工智慧,應用與服務,領域解決方案,
2352,大數據,基礎資源,雲端平台,
2352,大數據,應用與服務,系統整合,
2352,大數據,應用與服務,領域解決方案,
2352,大數據,軟體暨工具,應用軟體,
2352,太空衛星科技,上游,零組件/材料,天線/射頻基頻
2352,平面顯示器,上游,其他零組件,
2352,平面顯示器,下游,監視器/顯示器,
2352,智慧電網,,能源管理服務,
2352,能源元件,上游,原材料,
2352,資通訊安全,資安服務,資安營運管理服務,
2352,資通訊安全,資安產品,網路基礎設施,
2352,軟體服務,,系統整合服務,
2352,通信網路,下游,光通訊設備,
2352,通信網路,下游,無線通訊設備,
2352,通信網路,下游,網路設備,
2352,連接器,中游,連接器設計、組裝及製造,
2352,醫療器材,下游,醫療器材代理銷售及通路,醫療器材代理
2352,醫療器材,下游,醫療器材代理銷售及通路,醫療院所、醫療器材專賣店、藥局等通路
2352,醫療器材,中游,醫療器材研發、設計、製造,醫療耗材
2352,醫療器材,中游,醫療器材研發、設計、製造,顯示器
2352,雲端運算,上游,電腦設備,伺服器
2352,雲端運算,上游,電腦設備,網路
2352,雲端運算,下游,系統整合,
2352,電動車輛產業,上游,鋰電池材料,
2352,電子商務,,資料分析處理服務,
2352,電子商務,,資訊系統建置服務,
2352,電子商務,,資訊聚合,
2352,電機機械,下游,手工具機,
2352,電機機械,下游,機電系統工程,
2352,電腦及週邊設備,上游,其他電腦及週邊設備之零組件,
2352,電腦及週邊設備,下游,伺服器,
2352,電腦及週邊設備,下游,其他電腦及週邊設備,
2352,電腦及週邊設備,下游,印表機、傳真機、掃瞄器、多功能事務機、投影機,
2352,電腦及週邊設備,下游,安全監控系統,
2352,電腦及週邊設備,下游,工業電腦,
2353,電腦及週邊設備,下游,伺服器,
2353,電腦及週邊設備,下游,其他電腦及週邊設備,
2353,電腦及週邊設備,下游,印表機、傳真機、掃瞄器、多功能事務機、投影機,
2353,電腦及週邊設備,下游,桌上型電腦,
2353,電腦及週邊設備,下游,筆記型電腦,
2354,其他,,其他電子產品及電子服務產業,
2354,電腦及週邊設備,上游,散熱片、風扇馬達、散熱模組,
2354,電腦及週邊設備,上游,機殼,
2354,電腦及週邊設備,上游,金屬、塑膠模具,
2355,印刷電路板,中游,硬板、軟板、IC載板製造,
2356,電腦及週邊設備,下游,筆記型電腦,
2357,人工智慧,應用與服務,智慧設備,
2357,人工智慧,核心技術,移動控制,
2357,通信網路,下游,無線通訊設備,
2357,通信網路,下游,網路設備,
2357,運動科技,中游,穿戴式裝置,
2357,電腦及週邊設備,上游,BIOS(嵌入式軟體),
2357,電腦及週邊設備,上游,主機板,
2357,電腦及週邊設備,上游,光碟機,
2357,電腦及週邊設備,上游,硬碟機,
2357,電腦及週邊設備,上游,磁碟儲存系統,
2357,電腦及週邊設備,上游,網路卡,
2357,電腦及週邊設備,上游,輸出入模組/介面卡,
2357,電腦及週邊設備,上游,隨身碟、記憶卡讀卡機,
2357,電腦及週邊設備,上游,顯示卡,
2357,電腦及週邊設備,下游,伺服器,
2357,電腦及週邊設備,下游,其他電腦及週邊設備,
2357,電腦及週邊設備,下游,桌上型電腦,
2357,電腦及週邊設備,下游,筆記型電腦,
2357,電腦及週邊設備,下游,精簡型電腦,
2358,其他,,其他,
2359,其他,,其他電子產品及電子服務產業,
2360,LED照明產業,中游,生產製程、檢測設備及原物料,
2360,其他,,其他電子產品及電子服務產業,
2360,半導體,下游,生產製程及檢測設備,
2360,半導體,中游,生產製程及檢測設備,
2360,平面顯示器,中游,生產製程及檢測,
2360,智慧電網,,配電管理設施,
2360,智慧電網,,高/低壓輸電設施,
2360,能源元件,下游,電池模組,
2360,能源元件,中游,電池芯,
2360,軟體服務,,系統整合服務,
2360,電動車輛產業,中游,零組件,
2360,電腦及週邊設備,上游,電源供應器,
2362,電腦及週邊設備,下游,筆記型電腦,
2364,電腦及週邊設備,下游,其他電腦及週邊設備,
2364,電腦及週邊設備,下游,工業電腦,
2364,電腦及週邊設備,下游,筆記型電腦,
2364,電腦及週邊設備,下游,精簡型電腦,
2365,電腦及週邊設備,下游,其他電腦及週邊設備,
2367,印刷電路板,中游,硬板、軟板、IC載板製造,
2368,印刷電路板,中游,硬板、軟板、IC載板製造,
2369,半導體,下游,IC封裝測試,
2371,LED照明產業,上游,藍寶石晶圓/晶片,
2371,LED照明產業,下游,封裝/模組,
2371,其他,,其他電子產品及電子服務產業,
2371,半導體,中游,IC/晶圓製造,晶圓製造
2371,太陽能產業,上游,矽晶圓/矽晶片,
2371,太陽能產業,下游,太陽能發電設備/系統及系統工程,
2371,平面顯示器,上游,塑膠框,
2371,平面顯示器,上游,擴散膜、增亮膜、導光板,
2371,平面顯示器,上游,背光模組,
2371,平面顯示器,下游,監視器/顯示器,
2371,平面顯示器,下游,筆記型電腦,
2371,平面顯示器,下游,電視,
2371,平面顯示器,中游,面板,
2371,平面顯示器,中游,顯示器模組,
2371,建材營造,上游,機電工程,
2371,建材營造,下游,物業管理,
2371,智慧電網,,能源管理服務,
2371,被動元件,中游,電阻器,
2371,貿易百貨,上游,製造商,
2371,貿易百貨,下游,零售通路,
2371,貿易百貨,中游,貿易商、代理商、經銷商,
2371,軟體服務,,應用/系統軟體設計開發,
2371,軟體服務,,系統整合服務,
2371,軟體服務,,資料處理服務,
2371,軟體服務,,通路經銷,
2371,通信網路,下游,有線通訊設備,
2371,通信網路,下游,網路設備,
2371,醫療器材,下游,醫療器材代理銷售及通路,醫療器材代理
2371,電動車輛產業,上游,鋰電池材料,
2371,電動車輛產業,中游,零組件,
2371,電機機械,上游,機械設備之沖壓零組件,
2371,電機機械,上游,鋼鑄鐵元件,
2371,電機機械,下游,冷凍空調設備及零件,
2371,電機機械,下游,機電系統工程,
2371,電腦及週邊設備,上游,其他電腦及週邊設備之零組件,
2371,電腦及週邊設備,下游,伺服器,
2371,電腦及週邊設備,下游,其他電腦及週邊設備,
2371,電腦及週邊設備,下游,印表機、傳真機、掃瞄器、多功能事務機、投影機,
2371,電腦及週邊設備,下游,安全監控系統,
2371,電腦及週邊設備,下游,桌上型電腦,
2371,電腦及週邊設備,下游,筆記型電腦,
2373,其他,,其他電子產品及電子服務產業,
2374,電腦及週邊設備,上游,光學鏡片、鏡頭,
2375,被動元件,中游,電容器,
2376,電動車輛產業,中游,零組件,
2376,電腦及週邊設備,上游,主機板,
2376,電腦及週邊設備,上游,散熱片、風扇馬達、散熱模組,
2376,電腦及週邊設備,上游,機殼,
2376,電腦及週邊設備,上游,電源供應器,
2376,電腦及週邊設備,上游,顯示卡,
2376,電腦及週邊設備,上游,顯示器模組,
2376,電腦及週邊設備,下游,伺服器,
2376,電腦及週邊設備,下游,其他電腦及週邊設備,
2376,電腦及週邊設備,下游,工業電腦,
2376,電腦及週邊設備,下游,桌上型電腦,
2376,電腦及週邊設備,下游,筆記型電腦,
2376,電腦及週邊設備,下游,精簡型電腦,
2377,電腦及週邊設備,上游,主機板,
2377,電腦及週邊設備,上游,輸出入模組/介面卡,
2377,電腦及週邊設備,上游,顯示卡,
2377,電腦及週邊設備,下游,伺服器,
2377,電腦及週邊設備,下游,其他電腦及週邊設備,
2377,電腦及週邊設備,下游,工業電腦,
2377,電腦及週邊設備,下游,桌上型電腦,
2377,電腦及週邊設備,下游,筆記型電腦,
2379,半導體,上游,IC設計,網路通訊IC
2380,電腦及週邊設備,下游,印表機、傳真機、掃瞄器、多功能事務機、投影機,
2382,運動科技,中游,穿戴式裝置,
2382,雲端運算,上游,電腦設備,伺服器
2382,雲端運算,上游,電腦設備,儲存
2382,雲端運算,上游,電腦設備,網路
2382,電腦及週邊設備,上游,其他電腦及週邊設備之零組件,
2382,電腦及週邊設備,下游,筆記型電腦,
2383,印刷電路板,中游,銅箔基板,
2385,電腦及週邊設備,上游,其他電腦及週邊設備之零組件,
2385,電腦及週邊設備,上游,電源供應器,
2387,電腦及週邊設備,上游,其他電腦及週邊設備之零組件,
2388,人工智慧,應用與服務,領域解決方案,
2388,人工智慧,核心技術,機器學習,
2388,人工智慧,核心技術,電腦視覺,
2388,電腦及週邊設備,上游,中央處理器,
2388,電腦及週邊設備,上游,主機板,
2388,電腦及週邊設備,上游,晶片組,
2390,LED照明產業,下游,燈具/應用,
2390,其他,,其他電子產品及電子服務產業,
2390,大數據,基礎資源,儲存處理,
2390,大數據,基礎資源,運算元件與設備,
2390,大數據,基礎資源,雲端平台,
2390,大數據,應用與服務,系統整合,
2390,大數據,應用與服務,領域解決方案,
2390,大數據,應用與服務,顧問諮詢,
2390,大數據,軟體暨工具,分析工具,
2390,大數據,軟體暨工具,應用軟體,
2390,大數據,軟體暨工具,資料庫,
2390,雲端運算,上游,冷卻設備,
2390,雲端運算,上游,電力設備,
2390,雲端運算,上游,電腦設備,伺服器
2390,雲端運算,上游,電腦設備,儲存
2390,雲端運算,上游,電腦設備,網路
2390,雲端運算,下游,系統整合,
2390,雲端運算,下游,設備安裝服務,
2390,雲端運算,下游,雲端應用服務,IaaS
2390,雲端運算,下游,雲端應用服務,PaaS
2390,雲端運算,下游,雲端應用服務,SaaS
2390,雲端運算,下游,顧問諮詢,
2390,雲端運算,中游,營運管理軟體,
2390,雲端運算,中游,虛擬化軟體,
2390,雲端運算,中游,設備管理軟體,
2390,雲端運算,中游,資安防護軟體,
2390,雲端運算,中游,雲端作業系統,
2392,平面顯示器,上游,其他零組件,
2392,通信網路,上游,線材,
2392,連接器,中游,連接器設計、組裝及製造,
2392,運動科技,中游,穿戴式裝置,
2392,電動車輛產業,中游,零組件,
2392,電腦及週邊設備,上游,其他電腦及週邊設備之零組件,
2392,電腦及週邊設備,上游,連接線,
2392,體驗科技,,組裝廠,ODM/OEM
2393,LED照明產業,下游,封裝/模組,
2393,LED照明產業,下游,燈具/應用,
2393,平面顯示器,上游,背光源(發光二極體、冷陰極管),
2393,平面顯示器,中游,顯示器模組,
2395,智慧電網,,系統整合服務,
2395,運動科技,上游,軟體開發,
2395,雲端運算,下游,雲端應用服務,IaaS
2395,雲端運算,下游,雲端應用服務,PaaS
2395,雲端運算,下游,雲端應用服務,SaaS
2395,電腦及週邊設備,下游,工業電腦,
2397,資通訊安全,資安產品,網路基礎設施,
2397,通信網路,下游,網路設備,
2397,電機機械,下游,手工具機,
2397,電機機械,下游,機電系統工程,
2397,電腦及週邊設備,下游,其他電腦及週邊設備,
2397,電腦及週邊設備,下游,工業電腦,
2399,區塊鏈,運算資源,元件裝置,
2399,電腦及週邊設備,上游,主機板,
2401,半導體,上游,IC設計,光儲存控制IC
2401,半導體,上游,IC設計,影像感測IC
2401,半導體,上游,IC設計,消費性IC
2401,半導體,上游,IC設計,磁碟儲存控制器IC
2401,半導體,上游,IC設計,輸出入介面IC
2401,半導體,上游,IP設計/IC設計代工服務,
2401,電動車輛產業,中游,零組件,
2402,印刷電路板,中游,硬板、軟板、IC載板製造,
2404,其他,,其他電子產品及電子服務產業,
2405,電腦及週邊設備,下游,其他電腦及週邊設備,
2405,電腦及週邊設備,下游,工業電腦,
2405,電腦及週邊設備,下游,桌上型電腦,
2406,太陽能產業,下游,太陽能發電設備/系統及系統工程,
2406,太陽能產業,下游,太陽能電廠,
2408,半導體,上游,IC設計,記憶體IC
2408,半導體,中游,IC/晶圓製造,DRAM製造
2408,半導體,中游,IC/晶圓製造,晶圓製造
2408,通信網路,上游,記憶體,
2408,電腦及週邊設備,上游,記憶體,
2409,太陽能產業,上游,矽晶圓/矽晶片,
2409,平面顯示器,中游,面板,
2412,智慧電網,,系統整合服務,
2412,智慧電網,,能源管理服務,
2412,通信網路,下游,電信服務業,
2413,被動元件,中游,電容器,
2413,通信網路,下游,光通訊設備,
2413,電腦及週邊設備,上游,電源供應器,
2414,其他,,其他電子產品及電子服務產業,
2415,其他,,其他電子產品及電子服務產業,
2417,電腦及週邊設備,上游,其他電腦及週邊設備之零組件,
2417,電腦及週邊設備,上游,多功能視訊卡,
2417,電腦及週邊設備,上游,顯示卡,
2417,電腦及週邊設備,下游,其他電腦及週邊設備,
2417,電腦及週邊設備,下游,安全監控系統,
2419,通信網路,下游,網路設備,
2420,電腦及週邊設備,上游,其他電腦及週邊設備之零組件,
2420,電腦及週邊設備,上游,電源供應器,
2420,電腦及週邊設備,下游,其他電腦及週邊設備,
2421,雲端運算,上游,冷卻設備,
2421,電動車輛產業,中游,零組件,
2421,電機機械,下游,車用機械傳動設備及零配件,
2421,電腦及週邊設備,上游,散熱片、風扇馬達、散熱模組,
2421,體驗科技,,其他,散熱元件/模組
2423,其他,,其他電子產品及電子服務產業,
2424,建材營造,中游,建設業,
2424,通信網路,下游,無線通訊設備,
2424,電腦及週邊設備,下游,安全監控系統,
2425,電腦及週邊設備,上游,主機板,
2425,電腦及週邊設備,上游,顯示卡,
2425,電腦及週邊設備,下游,伺服器,
2425,電腦及週邊設備,下游,其他電腦及週邊設備,
2426,LED照明產業,下游,燈具/應用,
2426,LED照明產業,中游,生產製程、檢測設備及原物料,
2426,電腦及週邊設備,下游,精簡型電腦,
2427,觸控面板,下游,自動售票機,
2427,觸控面板,下游,金融提款機,
2427,軟體服務,,應用/系統軟體設計開發,
2427,軟體服務,,系統整合服務,
2427,軟體服務,,資料處理服務,
2427,軟體服務,,通路經銷,
2428,被動元件,中游,電阻器,
2429,平面顯示器,上游,其他零組件,
2429,觸控面板,中游,觸控面板,
2430,貿易百貨,下游,零售通路,
2430,電腦及週邊設備,下游,伺服器,
2430,電腦及週邊設備,下游,其他電腦及週邊設備,
2430,電腦及週邊設備,下游,印表機、傳真機、掃瞄器、多功能事務機、投影機,
2430,電腦及週邊設備,下游,桌上型電腦,
2430,電腦及週邊設備,下游,筆記型電腦,
2430,電腦及週邊設備,下游,精簡型電腦,
2431,電腦及週邊設備,上游,電源供應器,
2433,其他,,其他電子產品及電子服務產業,
2434,半導體,中游,IC/晶圓製造,其他IC/二極體製造
2434,半導體,中游,IC/晶圓製造,晶圓製造
2434,太陽能產業,上游,矽晶圓/矽晶片,
2436,半導體,上游,IC設計,微控制器IC
2436,半導體,上游,IC設計,消費性IC
2436,半導體,上游,IC設計,電源管理IC
2438,LED照明產業,下游,燈具/應用,
2438,半導體,中游,光罩,
2439,能源元件,下游,電池模組,
2439,通信網路,下游,無線通訊設備,
2439,電腦及週邊設備,上游,其他電腦及週邊設備之零組件,
2440,電腦及週邊設備,上游,連接線,
2441,半導體,下游,IC封裝測試,
2442,建材營造,中游,建設業,
2444,電腦及週邊設備,上游,其他電腦及週邊設備之零組件,
2449,半導體,下游,IC封裝測試,
2450,通信網路,下游,無線通訊設備,
2451,半導體,下游,IC模組,
2451,電腦及週邊設備,上游,記憶體,
2451,電腦及週邊設備,上游,隨身碟、記憶卡讀卡機,
2453,人工智慧,應用與服務,系統整合,
2453,人工智慧,應用與服務,領域解決方案,
2453,區塊鏈,基礎技術開發,底層平台,
2453,區塊鏈,基礎技術開發,監控管理,
2453,區塊鏈,基礎技術開發,開發工具,
2453,區塊鏈,應用服務,交易平台,
2453,區塊鏈,應用服務,商業應用,
2453,區塊鏈,應用服務,錢包/資產管理,
2453,區塊鏈,支援服務,創投,
2453,區塊鏈,支援服務,媒體推廣,
2453,區塊鏈,支援服務,資安審計,
2453,區塊鏈,支援服務,顧問諮詢,
2453,區塊鏈,解決方案提供,BaaS,
2453,區塊鏈,解決方案提供,系統整合,
2453,區塊鏈,解決方案提供,領域方案,
2453,大數據,基礎資源,儲存處理,
2453,大數據,應用與服務,系統整合,
2453,大數據,應用與服務,領域解決方案,
2453,大數據,應用與服務,顧問諮詢,
2453,大數據,軟體暨工具,分析工具,
2453,大數據,軟體暨工具,應用軟體,
2453,大數據,軟體暨工具,資料庫,
2453,太空衛星科技,下游,導航定位,
2453,太空衛星科技,下游,影像遙測,
2453,太空衛星科技,下游,通訊,
2453,資通訊安全,資安服務,資安顧問服務,
2453,軟體服務,,應用/系統軟體設計開發,
2453,軟體服務,,系統整合服務,
2453,軟體服務,,資料處理服務,
2453,軟體服務,,通路經銷,
2453,金融科技,中介工具,數位身分,
2453,金融科技,中介工具,數據分析,
2453,金融科技,中介工具,資料聚合,
2453,金融科技,領域應用,保險,
2453,金融科技,領域應用,加密資產,
2453,金融科技,領域應用,支付,
2453,金融科技,領域應用,數位銀行,
2453,金融科技,領域應用,理財投資,
2453,金融科技,領域應用,監理法遵,
2453,雲端運算,下游,系統整合,
2453,雲端運算,下游,設備安裝服務,
2454,半導體,上游,IC設計,光儲存控制IC
2454,半導體,上游,IC設計,平面顯示器控制IC
2454,半導體,上游,IC設計,消費性IC
2454,半導體,上游,IC設計,網路通訊IC
2454,半導體,上游,IC設計,電源管理IC
2455,半導體,中游,IC/晶圓製造,晶圓製造
2457,電動車輛產業,中游,零組件,
2457,電腦及週邊設備,上游,電源供應器,
2458,半導體,上游,IC設計,微控制器IC
2458,半導體,上游,IC設計,消費性IC
2458,觸控面板,上游,控制IC,
2458,電腦及週邊設備,上游,其他電腦及週邊設備之零組件,
2459,LED照明產業,中游,生產製程、檢測設備及原物料,
2459,其他,,其他電子產品及電子服務產業,
2459,其他,,特殊照明業,
2459,其他,,農業科技業,
2459,半導體,下游,IC通路,
2459,半導體,下游,基板,
2459,平面顯示器,上游,其他零組件,
2459,平面顯示器,上游,驅動IC,
2459,平面顯示器,中游,面板,
2459,智慧電網,,配電管理設施,
2459,智慧電網,,高/低壓輸電設施,
2459,汽車,上游,其他,
2459,汽車,上游,車燈,
2459,能源元件,下游,電池模組,
2459,被動元件,上游,電感器材料,
2459,被動元件,中游,濾波器、振盪器,
2459,觸控面板,上游,控制IC,
2459,觸控面板,中游,觸控面板,
2459,通信網路,上游,主/被動元件,
2459,通信網路,上游,其他零組件,
2459,通信網路,上游,塑膠/金屬機殼,
2459,通信網路,上游,網路IC,
2459,通信網路,上游,線材,
2459,連接器,中游,連接器設計、組裝及製造,
2459,運動科技,上游,感測裝置,
2459,運動科技,上游,裝置/器材零組件,
2459,運動科技,上游,裝置/器材顯示器,
2459,醫療器材,上游,電子零組件、塑化材料、五金零件,塑化材料
2459,雲端運算,上游,電力設備,
2459,電動車輛產業,中游,零組件,
2459,電機機械,上游,機械設備之沖壓零組件,
2459,電機機械,上游,電控元件,
2459,電機機械,下游,冷凍空調設備及零件,
2459,電機機械,下游,輸送機械及零配件,
2459,電腦及週邊設備,上游,光學鏡片、鏡頭,
2459,電腦及週邊設備,上游,其他電腦及週邊設備之零組件,
2459,電腦及週邊設備,上游,散熱片、風扇馬達、散熱模組,
2459,電腦及週邊設備,上游,連接線,
2459,電腦及週邊設備,上游,金屬、塑膠模具,
2459,電腦及週邊設備,上游,面板,
2459,體驗科技,,近眼顯示,光學元件/模組
2459,體驗科技,,近眼顯示,微型顯示器/光機引擎(LightEngine)
2460,連接器,中游,連接器設計、組裝及製造,
2461,其他,,其他,
2462,連接器,中游,連接器設計、組裝及製造,
2464,電機機械,下游,機電系統工程,
2464,電機機械,下游,輸送機械及零配件,
2464,電腦及週邊設備,下游,其他電腦及週邊設備,
2465,休閒娛樂,,線上遊戲業,營運發行
2465,醫療器材,中游,醫療器材研發、設計、製造,生物檢測
2465,電腦及週邊設備,上游,顯示卡,
2465,電腦及週邊設備,下游,精簡型電腦,
2466,其他,,其他,
2466,其他,,環保潔能服務產業,
2466,通信網路,上游,主/被動元件,
2467,半導體,下游,生產製程及檢測設備,
2467,半導體,中游,生產製程及檢測設備,
2467,印刷電路板,上游,生產製程及檢測設備,
2467,平面顯示器,中游,生產製程及檢測,
2468,軟體服務,,應用/系統軟體設計開發,
2468,軟體服務,,系統整合服務,
2468,軟體服務,,資料處理服務,
2468,軟體服務,,通路經銷,
2471,人工智慧,應用與服務,系統整合,
2471,大數據,應用與服務,系統整合,
2471,大數據,軟體暨工具,資料庫,
2471,資通訊安全,資安產品,端點安全防護,
2471,資通訊安全,資安產品,資料安全,
2471,軟體服務,,應用/系統軟體設計開發,
2471,軟體服務,,系統整合服務,
2471,金融科技,領域應用,監理法遵,
2471,雲端運算,下游,系統整合,
2472,被動元件,中游,電容器,
2474,電腦及週邊設備,上游,機殼,
2476,平面顯示器,上游,其他零組件,
2476,通信網路,上游,主/被動元件,
2476,通信網路,上游,塑膠/金屬機殼,
2476,連接器,上游,塑膠材料,
2476,連接器,上游,金屬材料,
2476,連接器,上游,電鍍材料,
2476,醫療器材,上游,電子零組件、塑化材料、五金零件,塑化材料
2477,其他,,其他電子產品及電子服務產業,
2478,平面顯示器,上游,其他零組件,
2478,被動元件,中游,電阻器,
2478,通信網路,上游,主/被動元件,
2478,電腦及週邊設備,上游,其他電腦及週邊設備之零組件,
2480,人工智慧,應用與服務,系統整合,
2480,人工智慧,應用與服務,顧問諮詢,
2480,人工智慧,運算資源,資料處理,
2480,人工智慧,運算資源,運算設備,
2480,人工智慧,運算資源,雲端平台,
2480,區塊鏈,應用服務,交易平台,
2480,區塊鏈,應用服務,商業應用,
2480,大數據,基礎資源,儲存處理,
2480,大數據,基礎資源,運算元件與設備,
2480,大數據,基礎資源,雲端平台,
2480,大數據,應用與服務,系統整合,
2480,大數據,應用與服務,顧問諮詢,
2480,大數據,軟體暨工具,分析工具,
2480,大數據,軟體暨工具,應用軟體,
2480,大數據,軟體暨工具,資料庫,
2480,資通訊安全,資安服務,資安防護能力分析與鑑識服務,
2480,資通訊安全,資安服務,資安顧問服務,
2480,資通訊安全,資安產品,安全營運與事件回應,
2480,資通訊安全,資安產品,物聯網安全,
2480,資通訊安全,資安產品,端點安全防護,
2480,資通訊安全,資安產品,網路基礎設施,
2480,資通訊安全,資安產品,網路安全防護,
2480,資通訊安全,資安產品,網頁內容安全,
2480,資通訊安全,資安產品,行動安全,
2480,資通訊安全,資安產品,資安治理,
2480,資通訊安全,資安產品,資料安全,
2480,資通訊安全,資安產品,身分認證與訪問管理,
2480,資通訊安全,資安產品,雲端安全,
2480,軟體服務,,應用/系統軟體設計開發,
2480,軟體服務,,系統整合服務,
2480,金融科技,中介工具,數位身分,
2480,金融科技,中介工具,數據分析,
2480,金融科技,中介工具,資料聚合,
2480,雲端運算,上游,電腦設備,伺服器
2480,雲端運算,上游,電腦設備,儲存
2480,雲端運算,上游,電腦設備,網路
2480,雲端運算,下游,系統整合,
2480,雲端運算,下游,設備安裝服務,
2480,雲端運算,下游,雲端應用服務,IaaS
2480,雲端運算,下游,雲端應用服務,PaaS
2480,雲端運算,下游,雲端應用服務,SaaS
2480,雲端運算,下游,顧問諮詢,
2480,雲端運算,中游,營運管理軟體,
2480,雲端運算,中游,虛擬化軟體,
2480,雲端運算,中游,設備管理軟體,
2480,雲端運算,中游,資安防護軟體,
2480,雲端運算,中游,雲端作業系統,
2481,半導體,中游,IC/晶圓製造,其他IC/二極體製造
2482,其他,,其他電子產品及電子服務產業,
2483,LED照明產業,下游,燈具/應用,
2483,半導體,下游,導線架,
2483,平面顯示器,上游,其他零組件,
2483,通信網路,下游,光通訊設備,
2483,通信網路,下游,有線通訊設備,
2483,通信網路,下游,無線通訊設備,
2483,通信網路,下游,網路設備,
2483,連接器,中游,連接器設計、組裝及製造,
2483,醫療器材,中游,醫療器材研發、設計、製造,體溫計、血壓計
2483,電動車輛產業,中游,零組件,
2483,電機機械,上游,鋼鑄鐵元件,
2483,電機機械,上游,電控元件,
2483,電腦及週邊設備,上游,主機板,
2483,電腦及週邊設備,上游,光學鏡片、鏡頭,
2483,電腦及週邊設備,上游,其他電腦及週邊設備之零組件,
2483,電腦及週邊設備,上游,連接線,
2483,電腦及週邊設備,上游,金屬、塑膠模具,
2483,電腦及週邊設備,上游,電源供應器,
2483,電腦及週邊設備,下游,其他電腦及週邊設備,
2483,電腦及週邊設備,下游,印表機、傳真機、掃瞄器、多功能事務機、投影機,
2483,電腦及週邊設備,下游,安全監控系統,
2483,電腦及週邊設備,下游,工業電腦,
2483,電腦及週邊設備,下游,筆記型電腦,
2483,電腦及週邊設備,下游,精簡型電腦,
2484,被動元件,中游,濾波器、振盪器,
2485,平面顯示器,中游,顯示器模組,
2485,通信網路,下游,光通訊設備,
2485,通信網路,下游,無線通訊設備,
2485,通信網路,下游,網路設備,
2486,半導體,下游,導線架,
2486,平面顯示器,上游,背光源(發光二極體、冷陰極管),
2488,其他,,其他電子產品及電子服務產業,
2489,平面顯示器,下游,監視器/顯示器,
2489,平面顯示器,下游,電視,
2491,LED照明產業,上游,藍寶石晶圓/晶片,
2491,LED照明產業,下游,封裝/模組,
2491,LED照明產業,下游,燈具/應用,
2491,LED照明產業,中游,光源/磊晶,
2491,LED照明產業,中游,生產製程、檢測設備及原物料,
2491,電腦及週邊設備,上游,光碟片,
2492,被動元件,上游,電容器材料,
2492,被動元件,中游,濾波器、振盪器,
2492,被動元件,中游,電容器,
2492,被動元件,中游,電感器,
2492,被動元件,中游,電阻器,
2493,半導體,中游,化學品,
2493,印刷電路板,上游,生產製程及檢測設備,
2495,人工智慧,應用與服務,系統整合,
2495,人工智慧,運算資源,運算設備,
2495,人工智慧,運算資源,雲端平台,
2495,大數據,基礎資源,儲存處理,
2495,大數據,基礎資源,運算元件與設備,
2495,大數據,基礎資源,雲端平台,
2495,大數據,應用與服務,系統整合,
2495,雲端運算,上游,電腦設備,伺服器
2495,雲端運算,上游,電腦設備,儲存
2495,雲端運算,下游,系統整合,
2495,雲端運算,下游,雲端應用服務,IaaS
2495,雲端運算,下游,雲端應用服務,SaaS
2495,電腦及週邊設備,上游,磁碟儲存系統,
2495,電腦及週邊設備,下游,安全監控系統,
2496,其他,,其他,
2497,其他,,其他電子產品及電子服務產業,
2497,汽車,上游,其他,
2498,人工智慧,應用與服務,領域解決方案,
2498,人工智慧,核心技術,機器學習,
2498,人工智慧,運算資源,資料處理,
2498,人工智慧,運算資源,雲端平台,
2498,區塊鏈,基礎技術開發,開發工具,
2498,區塊鏈,應用服務,商業應用,
2498,文化創意業,,廣播電視/電影產業,
2498,文化創意業,,數位內容產業,
2498,文化創意業,,流行音樂及文化內容產業,
2498,通信網路,下游,無線通訊設備,
2498,運動科技,中游,數位內容,
2498,運動科技,中游,穿戴式裝置,
2498,體驗科技,,應用軟體/內容,其他
2498,體驗科技,,應用軟體/內容,地圖
2498,體驗科技,,應用軟體/內容,培訓
2498,體驗科技,,應用軟體/內容,工作流程引導
2498,體驗科技,,應用軟體/內容,會議
2498,體驗科技,,應用軟體/內容,遊戲
2498,體驗科技,,技術標準/聯盟,
2498,體驗科技,,硬體開發工具,QualcommXRPlatform
2498,體驗科技,,軟體開發工具,3D工具
2498,體驗科技,,軟體開發工具,內容管理與創建
2498,體驗科技,,軟體開發工具,工作流程創建
2498,體驗科技,,頭顯裝置品牌廠,ARSmartGlasses
2498,體驗科技,,頭顯裝置品牌廠,MRHeadset&SG
2498,體驗科技,,頭顯裝置品牌廠,VRHeadset
2501,建材營造,中游,建設業,
2504,建材營造,上游,建材原料,
2505,建材營造,中游,建設業,
2506,建材營造,中游,建設業,
2509,建材營造,中游,建設業,
2511,建材營造,下游,物業管理,
2511,建材營造,中游,工程承攬,
2511,建材營造,中游,建設業,
2511,建材營造,中游,營造業,
2514,其他,,其他,
2514,建材營造,中游,建設業,
2515,建材營造,中游,建設業,
2515,建材營造,中游,營造業,
2516,建材營造,中游,營造業,
2520,建材營造,中游,建設業,
2524,建材營造,中游,建設業,
2527,建材營造,中游,工程承攬,
2527,建材營造,中游,建設業,
2528,建材營造,中游,建設業,
2530,建材營造,中游,建設業,
2534,建材營造,中游,建設業,
2535,建材營造,中游,工程承攬,
2535,建材營造,中游,建設業,
2535,建材營造,中游,營造業,
2536,建材營造,中游,建設業,
2537,建材營造,中游,建設業,
2538,建材營造,中游,建設業,
2539,建材營造,中游,建設業,
2540,其他,,其他,
2542,建材營造,中游,建設業,
2543,建材營造,中游,營造業,
2545,建材營造,中游,建設業,
2546,建材營造,中游,營造業,
2547,建材營造,中游,建設業,
2548,建材營造,中游,建設業,
2596,建材營造,中游,建設業,
2597,建材營造,上游,基礎工程,
2597,建材營造,上游,工程設計,
2597,建材營造,上游,建材原料,
2597,建材營造,上游,機電工程,
2597,建材營造,上游,結構工程,
2597,建材營造,下游,裝潢業,
2597,建材營造,中游,營造業,
2601,交通運輸及航運,,散裝航運,
2601,貿易百貨,下游,零售通路,
2603,交通運輸及航運,,貨櫃航運,
2605,交通運輸及航運,,散裝航運,
2606,交通運輸及航運,,散裝航運,
2607,交通運輸及航運,,海陸空大眾運輸,
2607,交通運輸及航運,,海陸空貨運承攬,
2607,交通運輸及航運,,貨櫃航運,
2607,交通運輸及航運,,貨櫃運輸集散及倉儲,
2608,交通運輸及航運,,海陸空貨運承攬,
2609,交通運輸及航運,,貨櫃航運,
2610,交通運輸及航運,,海陸空大眾運輸,
2611,交通運輸及航運,,貨櫃運輸集散及倉儲,
2612,交通運輸及航運,,散裝航運,
2612,交通運輸及航運,,海陸空大眾運輸,
2612,交通運輸及航運,,海陸空貨運承攬,
2612,交通運輸及航運,,貨櫃運輸集散及倉儲,
2613,交通運輸及航運,,貨櫃運輸集散及倉儲,
2614,交通運輸及航運,,散裝航運,
2614,貿易百貨,下游,零售通路,
2615,交通運輸及航運,,貨櫃航運,
2616,交通運輸及航運,,貨櫃運輸集散及倉儲,
2616,油電燃氣,,加油站,
2617,交通運輸及航運,,散裝航運,
2618,交通運輸及航運,,海陸空大眾運輸,
2630,交通運輸及航運,,貨櫃運輸集散及倉儲,
2633,交通運輸及航運,,海陸空大眾運輸,
2634,其他,,其他,
2636,交通運輸及航運,,海陸空貨運承攬,
2640,電子商務,,交易撮(媒)合,
2641,交通運輸及航運,,散裝航運,
2642,交通運輸及航運,,海陸空貨運承攬,
2643,交通運輸及航運,,海陸空貨運承攬,
2645,交通運輸及航運,,海陸空大眾運輸,
2646,交通運輸及航運,,海陸空大眾運輸,
2701,休閒娛樂,,娛樂服務業,
2702,休閒娛樂,,旅館服務業,
2704,休閒娛樂,,旅館服務業,
2705,休閒娛樂,,娛樂服務業,
2705,休閒娛樂,,旅館服務業,
2706,休閒娛樂,,旅館服務業,
2707,休閒娛樂,,旅館服務業,
2712,休閒娛樂,,旅館服務業,
2718,建材營造,中游,建設業,
2719,休閒娛樂,,旅遊服務業,
2722,休閒娛樂,,旅館服務業,
2727,食品,,餐飲連鎖,
2729,食品,,餐飲連鎖,
2731,休閒娛樂,,旅遊服務業,
2732,食品,,餐飲連鎖,
2734,休閒娛樂,,旅遊服務業,
2736,休閒娛樂,,旅館服務業,
2739,休閒娛樂,,旅館服務業,
2740,食品,,餐飲連鎖,
2743,休閒娛樂,,旅遊服務業,
2745,休閒娛樂,,旅遊服務業,
2748,休閒娛樂,,旅館服務業,
2751,食品,,餐飲連鎖,
2752,食品,,餐飲連鎖,
2753,食品,,餐飲連鎖,
2753,食品,中游,加工食品,
2754,食品,,餐飲連鎖,
2755,食品,,餐飲連鎖,
2756,食品,,餐飲連鎖,
2801,金融,,金控業/銀行業/保險業,
2809,金融,,金控業/銀行業/保險業,
2812,金融,,租賃業,
2812,金融,,證券業,
2812,金融,,金控業/銀行業/保險業,
2816,金融,,金控業/銀行業/保險業,
2820,金融,,金控業/銀行業/保險業,
2832,金融,,金控業/銀行業/保險業,
2834,金融,,租賃業,
2834,金融,,證券業,
2834,金融,,金控業/銀行業/保險業,
2836,金融,,金控業/銀行業/保險業,
2838,金融,,證券業,
2838,金融,,金控業/銀行業/保險業,
2845,金融,,金控業/銀行業/保險業,
2849,金融,,金控業/銀行業/保險業,
2850,金融,,金控業/銀行業/保險業,
2851,金融,,金控業/銀行業/保險業,
2852,金融,,金控業/銀行業/保險業,
2855,金融,,證券業,
2856,金融,,證券業,
2867,金融,,金控業/銀行業/保險業,
2867,金融科技,領域應用,保險,
2880,金融,,金控業/銀行業/保險業,
2881,金融,,金控業/銀行業/保險業,
2882,金融,,金控業/銀行業/保險業,
2883,金融,,金控業/銀行業/保險業,
2884,金融,,金控業/銀行業/保險業,
2885,金融,,金控業/銀行業/保險業,
2886,金融,,金控業/銀行業/保險業,
2887,金融,,金控業/銀行業/保險業,
2888,金融,,金控業/銀行業/保險業,
2889,金融,,金控業/銀行業/保險業,
2890,金融,,金控業/銀行業/保險業,
2891,金融,,金控業/銀行業/保險業,
2892,金融,,金控業/銀行業/保險業,
2897,金融,,金控業/銀行業/保險業,
2901,貿易百貨,下游,零售通路,
2903,貿易百貨,下游,零售通路,
2904,其他,,其他,
2905,貿易百貨,下游,零售通路,
2906,貿易百貨,中游,貿易商、代理商、經銷商,
2908,貿易百貨,中游,貿易商、代理商、經銷商,
2910,建材營造,中游,建設業,
2910,貿易百貨,下游,零售通路,
2911,貿易百貨,下游,零售通路,
2912,貿易百貨,下游,零售通路,
2913,其他,,其他,
2913,貿易百貨,下游,零售通路,
2913,貿易百貨,中游,貿易商、代理商、經銷商,
2913,食品,,冷凍、罐頭、脫水、醃漬食品,
2913,食品,上游,原物料,
2913,食品,中游,加工食品,
2915,貿易百貨,下游,零售通路,
2915,貿易百貨,中游,貿易商、代理商、經銷商,
2916,貿易百貨,上游,製造商,
2916,貿易百貨,中游,貿易商、代理商、經銷商,
2926,文化創意業,,創意生活產業,
2926,貿易百貨,下游,零售通路,
2926,貿易百貨,中游,貿易商、代理商、經銷商,
2937,貿易百貨,下游,零售通路,
2938,貿易百貨,上游,製造商,
2938,貿易百貨,下游,零售通路,
2938,貿易百貨,中游,貿易商、代理商、經銷商,
2941,貿易百貨,下游,零售通路,
2945,貿易百貨,下游,零售通路,
2947,貿易百貨,下游,零售通路,
2948,貿易百貨,中游,貿易商、代理商、經銷商,
2949,電子商務,,一般零售,
2949,電子商務,,店點開設管理,
2949,電子商務,,物流倉儲服務,
2949,電子商務,,行銷廣告服務,
2949,電子商務,,資料分析處理服務,
2949,電子商務,,資訊系統建置服務,
2949,電子商務,,金流串接處理服務,
3002,其他,,其他電子產品及電子服務產業,
3002,通信網路,下游,網路設備,
3002,電腦及週邊設備,下游,其他電腦及週邊設備,
3002,電腦及週邊設備,下游,安全監控系統,
3002,電腦及週邊設備,下游,工業電腦,
3003,其他,,其他,
3003,其他,,其他電子產品及電子服務產業,
3003,連接器,中游,連接器設計、組裝及製造,
3003,電動車輛產業,中游,零組件,
3005,電腦及週邊設備,上游,機殼,
3005,電腦及週邊設備,上游,電源供應器,
3005,電腦及週邊設備,下游,工業電腦,
3005,電腦及週邊設備,下游,筆記型電腦,
3006,半導體,上游,IC設計,記憶體IC
3008,電腦及週邊設備,上游,光學鏡片、鏡頭,
3010,半導體,下游,IC通路,
3010,半導體,中游,化學品,
3010,印刷電路板,上游,生產製程及檢測設備,
3010,印刷電路板,中游,銅箔基板,
3010,太陽能產業,上游,矽晶圓/矽晶片,
3010,太陽能產業,下游,太陽能發電設備/系統及系統工程,
3010,太陽能產業,下游,太陽能電廠,
3010,平面顯示器,上游,其他零組件,
3010,平面顯示器,上游,化學品(如光阻劑、靶材等),
3010,能源元件,上游,原材料,
3010,連接器,上游,塑膠材料,
3010,醫療器材,上游,電子零組件、塑化材料、五金零件,塑化材料
3010,電動車輛產業,上游,鋰電池材料,
3010,電腦及週邊設備,上游,其他電腦及週邊設備之零組件,
3011,通信網路,上游,線材,
3011,連接器,中游,連接器設計、組裝及製造,
3011,電腦及週邊設備,上游,連接線,
3013,電腦及週邊設備,上游,機殼,
3014,半導體,上游,IC設計,LED驅動IC
3014,半導體,上游,IC設計,微控制器IC
3014,半導體,上游,IC設計,消費性IC
3014,半導體,上游,IC設計,輸出入介面IC
3015,LED照明產業,下游,燈具/應用,
3015,能源元件,下游,電池模組,
3015,電動車輛產業,下游,電動汽車、電動機車、電動自行車,
3015,電動車輛產業,中游,零組件,
3015,電腦及週邊設備,上游,機殼,
3015,電腦及週邊設備,上游,電池,
3015,電腦及週邊設備,上游,電源供應器,
3016,半導體,中游,IC/晶圓製造,晶圓製造
3017,電腦及週邊設備,上游,散熱片、風扇馬達、散熱模組,
3018,建材營造,上游,機電工程,
3018,電機機械,下游,機電系統工程,
3019,電腦及週邊設備,上游,光學鏡片、鏡頭,
3019,電腦及週邊設備,下游,印表機、傳真機、掃瞄器、多功能事務機、投影機,
3021,軟體服務,,系統整合服務,
3021,連接器,中游,連接器設計、組裝及製造,
3022,電腦及週邊設備,上游,主機板,
3022,電腦及週邊設備,上游,其他電腦及週邊設備之零組件,
3022,電腦及週邊設備,下游,其他電腦及週邊設備,
3022,電腦及週邊設備,下游,工業電腦,
3023,LED照明產業,下游,燈具/應用,
3023,太陽能產業,下游,太陽能發電設備/系統及系統工程,
3023,平面顯示器,上游,其他零組件,
3023,通信網路,上游,線材,
3023,連接器,中游,連接器設計、組裝及製造,
3023,電動車輛產業,中游,零組件,
3023,電腦及週邊設備,上游,連接線,
3023,風力發電,,其他配件,
3024,平面顯示器,下游,監視器/顯示器,
3024,平面顯示器,中游,顯示器模組,
3024,貿易百貨,下游,零售通路,
3024,電腦及週邊設備,上游,其他電腦及週邊設備之零組件,
3024,電腦及週邊設備,上游,顯示器模組,
3025,通信網路,下游,網路設備,
3026,LED照明產業,下游,封裝/模組,
3026,LED照明產業,下游,燈具/應用,
3026,半導體,下游,IC通路,
3026,能源元件,下游,電池模組,
3026,被動元件,中游,濾波器、振盪器,
3026,被動元件,中游,電容器,
3026,通信網路,上游,主/被動元件,
3026,電腦及週邊設備,上游,其他電腦及週邊設備之零組件,
3026,電腦及週邊設備,上游,電池,
3027,通信網路,下游,光通訊設備,
3027,通信網路,下游,無線通訊設備,
3027,通信網路,下游,網路設備,
3028,半導體,下游,IC通路,
3028,電腦及週邊設備,上游,隨身碟、記憶卡讀卡機,
3029,人工智慧,應用與服務,系統整合,
3029,人工智慧,應用與服務,顧問諮詢,
3029,人工智慧,核心技術,機器學習,
3029,人工智慧,運算資源,運算設備,
3029,人工智慧,運算資源,雲端平台,
3029,大數據,基礎資源,儲存處理,
3029,大數據,基礎資源,運算元件與設備,
3029,大數據,基礎資源,雲端平台,
3029,大數據,應用與服務,系統整合,
3029,大數據,應用與服務,顧問諮詢,
3029,大數據,軟體暨工具,分析工具,
3029,大數據,軟體暨工具,應用軟體,
3029,資通訊安全,資安服務,資安營運管理服務,
3029,資通訊安全,資安服務,資安防護能力分析與鑑識服務,
3029,資通訊安全,資安服務,資安顧問服務,
3029,資通訊安全,資安產品,安全營運與事件回應,
3029,資通訊安全,資安產品,物聯網安全,
3029,資通訊安全,資安產品,端點安全防護,
3029,資通訊安全,資安產品,網路基礎設施,
3029,資通訊安全,資安產品,網路安全防護,
3029,資通訊安全,資安產品,網頁內容安全,
3029,資通訊安全,資安產品,行動安全,
3029,資通訊安全,資安產品,資料安全,
3029,資通訊安全,資安產品,身分認證與訪問管理,
3029,資通訊安全,資安產品,雲端安全,
3029,軟體服務,,系統整合服務,
3029,軟體服務,,通路經銷,
3029,雲端運算,上游,電腦設備,伺服器
3029,雲端運算,上游,電腦設備,儲存
3029,雲端運算,上游,電腦設備,網路
3029,雲端運算,下游,系統整合,
3029,雲端運算,下游,設備安裝服務,
3029,雲端運算,下游,雲端應用服務,IaaS
3029,雲端運算,下游,雲端應用服務,PaaS
3029,雲端運算,下游,雲端應用服務,SaaS
3029,雲端運算,下游,顧問諮詢,
3029,雲端運算,中游,虛擬化軟體,
3029,雲端運算,中游,設備管理軟體,
3029,雲端運算,中游,資安防護軟體,
3029,雲端運算,中游,雲端作業系統,
3030,半導體,下游,生產製程及檢測設備,
3030,半導體,中游,生產製程及檢測設備,
3030,印刷電路板,上游,生產製程及檢測設備,
3031,LED照明產業,下游,封裝/模組,
3031,LED照明產業,下游,燈具/應用,
3031,平面顯示器,上游,背光源(發光二極體、冷陰極管),
3032,電腦及週邊設備,上游,機殼,
3032,電腦及週邊設備,上游,電源供應器,
3033,半導體,下游,IC通路,
3034,半導體,上游,IC設計,平面顯示器控制IC
3034,半導體,上游,IC設計,平面顯示器驅動IC
3034,半導體,上游,IC設計,影像感測IC
3034,半導體,上游,IC設計,微控制器IC
3034,半導體,上游,IC設計,消費性IC
3034,半導體,上游,IC設計,電源管理IC
3035,半導體,上游,IP設計/IC設計代工服務,
3036,半導體,下游,IC通路,
3037,印刷電路板,中游,硬板、軟板、IC載板製造,
3038,其他,,其他電子產品及電子服務產業,
3038,平面顯示器,中游,面板,
3038,平面顯示器,中游,顯示器模組,
3038,觸控面板,中游,觸控面板,
3038,醫療器材,中游,醫療器材研發、設計、製造,顯示器
3038,電腦及週邊設備,上游,面板,
3038,電腦及週邊設備,上游,顯示器模組,
3040,其他,,其他電子產品及電子服務產業,
3041,半導體,上游,IC設計,消費性IC
3042,被動元件,中游,濾波器、振盪器,
3043,其他,,其他電子產品及電子服務產業,
3043,太陽能產業,中游,太陽能電池模組,
3044,印刷電路板,中游,硬板、軟板、IC載板製造,
3045,通信網路,下游,電信服務業,
3046,電腦及週邊設備,上游,其他電腦及週邊設備之零組件,
3046,電腦及週邊設備,下游,其他電腦及週邊設備,
3047,通信網路,下游,網路設備,
3048,半導體,下游,IC通路,
3049,觸控面板,中游,觸控面板,
3050,太陽能產業,下游,太陽能電廠,
3050,電腦及週邊設備,上游,光碟片,
3051,平面顯示器,上游,其他零組件,
3052,LED照明產業,下游,封裝/模組,
3052,建材營造,中游,工程承攬,
3052,建材營造,中游,建設業,
3054,半導體,下游,IC模組,
3054,食品生技,下游,保健食品代理銷售及通路,
3055,其他,,其他電子產品及電子服務產業,
3055,半導體,下游,生產製程及檢測設備,
3056,建材營造,中游,建設業,
3057,大數據,基礎資源,儲存處理,
3057,大數據,基礎資源,運算元件與設備,
3057,大數據,基礎資源,雲端平台,
3057,大數據,應用與服務,系統整合,
3057,大數據,應用與服務,領域解決方案,
3057,大數據,應用與服務,顧問諮詢,
3057,大數據,軟體暨工具,分析工具,
3057,大數據,軟體暨工具,應用軟體,
3057,大數據,軟體暨工具,資料庫,
3057,軟體服務,,應用/系統軟體設計開發,
3057,軟體服務,,系統整合服務,
3057,雲端運算,上游,電腦設備,伺服器
3057,雲端運算,上游,電腦設備,儲存
3057,雲端運算,上游,電腦設備,網路
3057,雲端運算,下游,系統整合,
3057,雲端運算,下游,設備安裝服務,
3057,雲端運算,下游,雲端應用服務,IaaS
3057,雲端運算,下游,雲端應用服務,PaaS
3057,雲端運算,下游,雲端應用服務,SaaS
3057,雲端運算,下游,顧問諮詢,
3057,雲端運算,中游,營運管理軟體,
3057,雲端運算,中游,虛擬化軟體,
3057,雲端運算,中游,設備管理軟體,
3057,雲端運算,中游,資安防護軟體,
3057,雲端運算,中游,雲端作業系統,
3057,電腦及週邊設備,上游,磁碟儲存系統,
3057,電腦及週邊設備,下游,其他電腦及週邊設備,
3057,電腦及週邊設備,下游,安全監控系統,
3058,通信網路,上游,其他零組件,
3058,電動車輛產業,中游,零組件,
3058,電腦及週邊設備,上游,其他電腦及週邊設備之零組件,
3058,電腦及週邊設備,上游,電源供應器,
3059,電腦及週邊設備,上游,光學鏡片、鏡頭,
3060,電腦及週邊設備,上游,其他電腦及週邊設備之零組件,
3062,通信網路,下游,無線通訊設備,
3062,通信網路,下游,網路設備,
3064,休閒娛樂,,線上遊戲業,營運發行
3064,休閒娛樂,,線上遊戲業,設計開發
3064,文化創意業,,數位內容產業,
3066,LED照明產業,下游,封裝/模組,
3066,LED照明產業,下游,燈具/應用,
3067,其他,,其他電子產品及電子服務產業,
3071,電腦及週邊設備,上游,散熱片、風扇馬達、散熱模組,
3073,半導體,上游,IC設計,消費性IC
3073,太陽能產業,下游,太陽能發電設備/系統及系統工程,
3073,太陽能產業,下游,太陽能電廠,
3078,電腦及週邊設備,上游,電源供應器,
3081,通信網路,上游,主/被動元件,
3083,休閒娛樂,,線上遊戲業,營運發行
3083,休閒娛樂,,線上遊戲業,設計開發
3083,文化創意業,,數位內容產業,
3085,電子商務,,一般零售,
3085,電子商務,,物流倉儲服務,
3085,電子商務,,自有產品(服務)銷售,
3085,電子商務,,行銷廣告服務,
3086,休閒娛樂,,線上遊戲業,營運發行
3086,休閒娛樂,,線上遊戲業,設計開發
3086,文化創意業,,數位內容產業,
3088,觸控面板,下游,工業用設備,
3088,觸控面板,下游,資訊收集設備,
3088,電腦及週邊設備,下游,其他電腦及週邊設備,
3088,電腦及週邊設備,下游,工業電腦,
3090,平面顯示器,上游,背光源(發光二極體、冷陰極管),
3090,被動元件,中游,電容器,
3092,電腦及週邊設備,上游,連接線,
3093,半導體,下游,生產製程及檢測設備,
3093,印刷電路板,上游,生產製程及檢測設備,
3094,半導體,上游,IC設計,網路通訊IC
3095,通信網路,上游,塑膠/金屬機殼,
3095,電腦及週邊設備,上游,機殼,
3095,電腦及週邊設備,上游,金屬、塑膠模具,
3105,半導體,中游,IC/晶圓製造,晶圓製造
3105,太空衛星科技,上游,零組件/材料,天線/射頻基頻
3114,LED照明產業,中游,生產製程、檢測設備及原物料,
3114,半導體,中游,生產製程及檢測設備,
3114,印刷電路板,中游,硬板、軟板、IC載板製造,
3114,連接器,中游,連接器設計、組裝及製造,
3114,電腦及週邊設備,上游,其他電腦及週邊設備之零組件,
3114,電腦及週邊設備,上游,連接線,
3115,印刷電路板,中游,硬板、軟板、IC載板製造,
3118,再生醫療,下游,臨床實驗、移植技術、疾病治療,
3118,製藥,下游,中、西藥製劑,
3118,醫療器材,下游,醫療器材代理銷售及通路,醫療器材代理
3118,食品生技,中游,加工製成品,
3122,半導體,上游,IC設計,微控制器IC
3122,半導體,上游,IC設計,消費性IC
3122,半導體,上游,IC設計,電源管理IC
3128,人工智慧,應用與服務,系統整合,
3128,平面顯示器,下游,監視器/顯示器,
3128,汽車,上游,其他,
3128,電腦及週邊設備,上游,磁碟儲存系統,
3128,電腦及週邊設備,下游,安全監控系統,
3130,軟體服務,,應用/系統軟體設計開發,
3130,軟體服務,,系統整合服務,
3130,電子商務,,行銷廣告服務,
3130,電子商務,,資訊聚合,
3131,半導體,下游,生產製程及檢測設備,
3135,半導體,下游,IC模組,
3135,大數據,基礎資源,運算元件與設備,
3135,電腦及週邊設備,上游,記憶體,
3138,通信網路,上游,其他零組件,
3141,半導體,上游,IC設計,平面顯示器驅動IC
3147,軟體服務,,系統整合服務,
3147,軟體服務,,通路經銷,
3147,電腦及週邊設備,上游,其他電腦及週邊設備之零組件,
3147,電腦及週邊設備,下游,伺服器,
3149,建材營造,上游,建材原料,
3149,觸控面板,上游,玻璃基板,
3150,半導體,上游,IC設計,消費性IC
3150,半導體,下游,IC模組,
3152,通信網路,上游,主/被動元件,
3152,通信網路,下游,無線通訊設備,
3152,通信網路,下游,網路設備,
3158,軟體服務,,應用/系統軟體設計開發,
3158,軟體服務,,系統整合服務,
3158,金融科技,領域應用,理財投資,
3162,休閒娛樂,,休閒車業,
3162,汽車,上游,其他,
3162,醫療器材,上游,電子零組件、塑化材料、五金零件,塑化材料
3162,醫療器材,上游,電子零組件、塑化材料、五金零件,金屬零件
3162,電機機械,下游,金屬加工用機械,
3162,電腦及週邊設備,下游,其他電腦及週邊設備,
3163,通信網路,下游,光通訊設備,
3164,食品生技,下游,保健食品代理銷售及通路,
3167,電機機械,下游,專用機械(如紡織成衣生產用機械、食品飲料生產用機械、農林用機械等),
3168,平面顯示器,中游,顯示器模組,
3169,半導體,上游,IC設計,網路通訊IC
3169,通信網路,上游,網路IC,
3169,電腦及週邊設備,上游,網路卡,
3171,貿易百貨,中游,貿易商、代理商、經銷商,
3176,製藥,上游,原材料,
3176,製藥,下游,中、西藥製劑,
3176,製藥,下游,藥品代理銷售及通路,
3176,醫療器材,中游,醫療器材研發、設計、製造,生物檢測
3178,半導體,中游,生產製程及檢測設備,
3178,太空衛星科技,上游,零組件/材料,金屬/燃料
3188,建材營造,中游,建設業,
3189,半導體,下游,基板,
3191,電腦及週邊設備,上游,其他電腦及週邊設備之零組件,
3202,電腦及週邊設備,上游,連接線,
3205,製藥,下游,中、西藥製劑,
3205,食品生技,下游,保健食品代理銷售及通路,
3206,其他,,其他電子產品及電子服務產業,
3206,電腦及週邊設備,上游,其他電腦及週邊設備之零組件,
3207,被動元件,中游,電感器,
3209,半導體,下游,IC通路,
3211,能源元件,下游,電池模組,
3211,電動車輛產業,中游,零組件,
3211,電腦及週邊設備,上游,電池,
3213,電腦及週邊設備,下游,工業電腦,
3213,電腦及週邊設備,下游,桌上型電腦,
3213,電腦及週邊設備,下游,筆記型電腦,
3213,電腦及週邊設備,下游,精簡型電腦,
3217,連接器,中游,連接器設計、組裝及製造,
3217,電腦及週邊設備,上游,其他電腦及週邊設備之零組件,
3218,醫療器材,下游,醫療器材代理銷售及通路,醫療器材代理
3218,醫療器材,下游,醫療器材代理銷售及通路,醫療院所、醫療器材專賣店、藥局等通路
3219,其他,,其他電子產品及電子服務產業,
3219,半導體,下游,生產製程及檢測設備,
3219,自動化,下游,自動化機台,
3221,被動元件,中游,濾波器、振盪器,
3221,通信網路,上游,主/被動元件,
3224,再生醫療,下游,臨床實驗、移植技術、疾病治療,
3224,半導體,下游,IC通路,
3226,汽車,上游,其他,
3226,汽車,上游,車燈,
3226,電機機械,下游,車用機械傳動設備及零配件,
3227,人工智慧,核心技術,機器學習,
3227,人工智慧,核心技術,移動控制,
3227,人工智慧,核心技術,電腦視覺,
3227,半導體,上游,IC設計,影像感測IC
3227,太空衛星科技,上游,零組件/材料,感測器
3227,汽車,上游,其他,
3227,觸控面板,上游,控制IC,
3227,運動科技,上游,感測裝置,
3227,電腦及週邊設備,上游,其他電腦及週邊設備之零組件,
3227,體驗科技,,感測器/模組,SLAM
3227,體驗科技,,感測器/模組,使用者感知
3227,體驗科技,,感測器/模組,其他
3227,體驗科技,,感測器/模組,手勢/動作
3227,體驗科技,,感測器/模組,深度感測
3227,體驗科技,,感測器/模組,環境感知
3227,體驗科技,,感測器/模組,視覺
3227,體驗科技,,感測器/模組,觸覺
3227,體驗科技,,處理器/IC,IC
3228,半導體,上游,IC設計,微控制器IC
3229,印刷電路板,中游,硬板、軟板、IC載板製造,
3229,貿易百貨,中游,貿易商、代理商、經銷商,
3230,電腦及週邊設備,上游,機構樞紐,
3230,電腦及週邊設備,上游,機殼,
3231,電腦及週邊設備,下游,其他電腦及週邊設備,
3231,電腦及週邊設備,下游,桌上型電腦,
3231,電腦及週邊設備,下游,筆記型電腦,
3232,半導體,下游,IC通路,
3234,半導體,中游,IC/晶圓製造,其他IC/二極體製造
3234,通信網路,上游,主/被動元件,
3234,通信網路,下游,光通訊設備,
3236,被動元件,中游,電感器,
3252,休閒娛樂,,旅館服務業,
3252,建材營造,中游,建設業,
3257,半導體,上游,IC設計,電源管理IC
3259,半導體,上游,IC設計,記憶體控制IC
3260,LED照明產業,下游,燈具/應用,
3260,半導體,下游,IC模組,
3260,通信網路,上游,記憶體,
3260,電腦及週邊設備,上游,記憶體,
3260,電腦及週邊設備,上游,隨身碟、記憶卡讀卡機,
3264,半導體,下游,IC封裝測試,
3265,半導體,下游,IC封裝測試,
3266,建材營造,中游,建設業,
3268,半導體,上游,IC設計,消費性IC
3272,電腦及週邊設備,上游,多功能視訊卡,
3272,電腦及週邊設備,上游,輸出入模組/介面卡,
3272,電腦及週邊設備,上游,連接線,
3272,電腦及週邊設備,上游,隨身碟、記憶卡讀卡機,
3272,電腦及週邊設備,下游,其他電腦及週邊設備,
3276,印刷電路板,中游,硬板、軟板、IC載板製造,
3284,其他,,文化印刷業,
3285,電腦及週邊設備,下游,其他電腦及週邊設備,
3287,電腦及週邊設備,上游,其他電腦及週邊設備之零組件,
3288,半導體,上游,IC設計,LED驅動IC
3288,半導體,上游,IC設計,消費性IC
3288,半導體,上游,IC設計,電源管理IC
3289,其他,,其他電子產品及電子服務產業,
3290,汽車,上游,其他,
3290,通信網路,上游,塑膠/金屬機殼,
3290,電腦及週邊設備,上游,其他電腦及週邊設備之零組件,
3293,休閒娛樂,,線上遊戲業,營運發行
3293,休閒娛樂,,線上遊戲業,設計開發
3293,文化創意業,,數位內容產業,
3293,體驗科技,,應用軟體/內容,其他
3293,體驗科技,,應用軟體/內容,地圖
3293,體驗科技,,應用軟體/內容,培訓
3293,體驗科技,,應用軟體/內容,工作流程引導
3293,體驗科技,,應用軟體/內容,會議
3293,體驗科技,,應用軟體/內容,遊戲
3294,其他,,其他電子產品及電子服務產業,
3294,通信網路,上游,塑膠/金屬機殼,
3294,醫療器材,上游,電子零組件、塑化材料、五金零件,塑化材料
3294,醫療器材,中游,醫療器材研發、設計、製造,醫療耗材
3294,電腦及週邊設備,上游,機殼,
3294,電腦及週邊設備,上游,金屬、塑膠模具,
3294,電腦及週邊設備,下游,其他電腦及週邊設備,
3296,電腦及週邊設備,上游,其他電腦及週邊設備之零組件,
3297,人工智慧,應用與服務,智慧設備,
3297,人工智慧,應用與服務,領域解決方案,
3297,電腦及週邊設備,下游,安全監控系統,
3303,其他,,其他,
3303,其他,,其他電子產品及電子服務產業,
3303,觸控面板,上游,PET膜,
3303,醫療器材,上游,電子零組件、塑化材料、五金零件,塑化材料
3305,半導體,中游,化學品,
3305,太陽能產業,中游,太陽能電池,
3305,太陽能產業,中游,太陽能電池模組,
3306,通信網路,下游,無線通訊設備,
3308,電腦及週邊設備,上游,電源供應器,
3310,半導體,下游,導線架,
3310,建材營造,中游,建設業,
3310,汽車,上游,其他,
3310,連接器,上游,金屬材料,
3310,醫療器材,上游,電子零組件、塑化材料、五金零件,金屬零件
3310,電動車輛產業,中游,零組件,
3310,電腦及週邊設備,上游,金屬、塑膠模具,
3311,其他,,其他電子產品及電子服務產業,
3311,平面顯示器,上游,其他零組件,
3311,汽車,上游,其他,
3311,石化及塑橡膠,下游,塑膠製品,
3311,石化及塑橡膠,下游,橡膠製品,
3312,半導體,下游,IC通路,
3313,建材營造,中游,建設業,
3317,半導體,上游,IC設計,電源管理IC
3321,印刷電路板,中游,硬板、軟板、IC載板製造,
3322,連接器,中游,連接器設計、組裝及製造,
3322,電腦及週邊設備,上游,隨身碟、記憶卡讀卡機,
3323,能源元件,下游,電池模組,
3323,電動車輛產業,中游,零組件,
3323,電腦及週邊設備,上游,電池,
3324,電腦及週邊設備,上游,散熱片、風扇馬達、散熱模組,
3325,電腦及週邊設備,上游,機殼,
3332,電腦及週邊設備,上游,電源供應器,
3338,電腦及週邊設備,上游,其他電腦及週邊設備之零組件,
3338,電腦及週邊設備,上游,散熱片、風扇馬達、散熱模組,
3339,LED照明產業,中游,光源/磊晶,
3339,半導體,上游,IP設計/IC設計代工服務,
3339,半導體,下游,IC模組,
3339,半導體,下游,IC通路,
3339,半導體,下游,生產製程及檢測設備,
3339,半導體,中游,生產製程及檢測設備,
3346,LED照明產業,下游,封裝/模組,
3346,LED照明產業,下游,燈具/應用,
3349,電腦及週邊設備,下游,伺服器,
3349,電腦及週邊設備,下游,其他電腦及週邊設備,
3354,印刷電路板,中游,銅箔基板,
3356,電腦及週邊設備,下游,安全監控系統,
3357,被動元件,上游,電感器材料,
3357,被動元件,中游,電感器,
3360,半導體,下游,IC模組,
3360,半導體,下游,IC通路,
3362,電腦及週邊設備,上游,光學鏡片、鏡頭,
3363,通信網路,下游,光通訊設備,
3372,半導體,下游,IC封裝測試,
3373,醫療器材,中游,醫療器材研發、設計、製造,體溫計、血壓計
3374,半導體,下游,IC封裝測試,
3376,電腦及週邊設備,上游,機構樞紐,
3379,電機機械,下游,專用機械(如紡織成衣生產用機械、食品飲料生產用機械、農林用機械等),
3380,太空衛星科技,上游,零組件/材料,天線/射頻基頻
3380,通信網路,下游,網路設備,
3380,雲端運算,上游,電腦設備,網路
3383,LED照明產業,上游,藍寶石晶圓/晶片,
3383,LED照明產業,下游,封裝/模組,
3383,LED照明產業,中游,光源/磊晶,
3388,LED照明產業,中游,生產製程、檢測設備及原物料,
3388,印刷電路板,上游,玻璃纖維/玻纖布,
3388,印刷電路板,上游,銅箔,
3388,平面顯示器,上游,擴散膜、增亮膜、導光板,
3388,建材營造,上游,建材原料,
3388,能源元件,上游,原材料,
3388,觸控面板,上游,膠材,
3388,通信網路,上游,其他零組件,
3388,通信網路,上游,線材,
3388,食品,上游,原物料,
3388,食品生技,上游,原料,
3390,印刷電路板,中游,硬板、軟板、IC載板製造,
3390,觸控面板,上游,軟性電路板,
3402,其他,,其他電子產品及電子服務產業,
3402,半導體,下游,生產製程及檢測設備,
3402,半導體,中游,生產製程及檢測設備,
3402,太陽能產業,下游,太陽能發電設備/系統及系統工程,
3406,LED照明產業,下游,燈具/應用,
3406,電腦及週邊設備,上游,光學鏡片、鏡頭,
3413,LED照明產業,下游,燈具/應用,
3413,半導體,中游,生產製程及檢測設備,
3416,觸控面板,中游,觸控面板,
3416,電腦及週邊設備,下游,工業電腦,
3419,平面顯示器,上游,其他零組件,
3419,通信網路,下游,無線通訊設備,
3419,通信網路,下游,網路設備,
3419,連接器,中游,連接器設計、組裝及製造,
3426,電機機械,上游,五金元件及零配件,
3426,電機機械,上游,傳動元件,
3426,電機機械,上游,油空壓元件,
3426,電機機械,上游,電控元件,
3430,其他,,其他,
3430,太陽能產業,上游,材料,
3430,石化及塑橡膠,下游,顏染料,
3430,石化及塑橡膠,中游,石化中間原料(例如乙烯、丙烯、丁二烯、苯、酚等),橡塑膠添加劑
3430,紡織,中游,化學助劑,
3430,觸控面板,上游,膠材,
3432,連接器,中游,連接器設計、組裝及製造,
3434,平面顯示器,下游,監視器/顯示器,
3434,電腦及週邊設備,下游,安全監控系統,
3434,電腦及週邊設備,下游,工業電腦,
3437,LED照明產業,下游,封裝/模組,
3437,平面顯示器,上游,背光源(發光二極體、冷陰極管),
3437,汽車,上游,車燈,
3438,半導體,上游,IC設計,電源管理IC
3441,電腦及週邊設備,上游,光學鏡片、鏡頭,
3443,半導體,上游,IP設計/IC設計代工服務,
3444,LED照明產業,下游,封裝/模組,
3444,半導體,下游,IC封裝測試,
3444,半導體,下游,IC模組,
3444,半導體,下游,IC通路,
3444,半導體,下游,基板,
3444,半導體,下游,導線架,
3444,平面顯示器,上游,驅動IC,
3444,觸控面板,上游,印刷材料,
3447,通信網路,下游,網路設備,
3450,半導體,下游,IC封裝測試,
3450,通信網路,上游,主/被動元件,
3454,電腦及週邊設備,下游,安全監控系統,
3455,人工智慧,應用與服務,智慧設備,
3455,半導體,下游,生產製程及檢測設備,
3455,半導體,中游,生產製程及檢測設備,
3455,印刷電路板,上游,生產製程及檢測設備,
3455,平面顯示器,中游,生產製程及檢測,
3465,其他,,其他電子產品及電子服務產業,
3466,通信網路,下游,無線通訊設備,
3467,半導體,中游,生產製程及檢測設備,
3479,電腦及週邊設備,下游,工業電腦,
3481,平面顯示器,中游,面板,
3481,觸控面板,中游,觸控面板,
3481,運動科技,中游,穿戴式裝置,
3483,LED照明產業,下游,燈具/應用,
3483,電腦及週邊設備,上游,散熱片、風扇馬達、散熱模組,
3484,電腦及週邊設備,上游,其他電腦及週邊設備之零組件,
3485,半導體,中游,生產製程及檢測設備,
3485,印刷電路板,上游,生產製程及檢測設備,
3485,平面顯示器,中游,生產製程及檢測,
3489,建材營造,中游,建設業,
3490,LED照明產業,中游,生產製程、檢測設備及原物料,
3490,半導體,下游,IC封裝測試,
3490,半導體,下游,生產製程及檢測設備,
3490,太陽能產業,下游,太陽能發電設備/系統及系統工程,
3491,太空衛星科技,上游,零組件/材料,天線/射頻基頻
3491,太空衛星科技,上游,零組件/材料,太陽能板/電池
3491,太空衛星科技,上游,零組件/材料,微電子
3491,太空衛星科技,上游,零組件/材料,感測器
3491,太空衛星科技,上游,零組件/材料,金屬/燃料
3491,通信網路,上游,主/被動元件,
3491,通信網路,下游,無線通訊設備,
3492,連接器,中游,連接器設計、組裝及製造,
3494,電腦及週邊設備,下游,其他電腦及週邊設備,
3498,印刷電路板,上游,生產製程及檢測設備,
3498,平面顯示器,中游,生產製程及檢測,
3498,觸控面板,下游,工業用設備,
3498,電機機械,下游,專用機械(如紡織成衣生產用機械、食品飲料生產用機械、農林用機械等),
3499,通信網路,下游,無線通訊設備,
3501,連接器,中游,連接器設計、組裝及製造,
3501,電動車輛產業,中游,零組件,
3504,平面顯示器,上游,其他零組件,
3504,平面顯示器,上游,稜鏡片,
3504,電腦及週邊設備,上游,光學鏡片、鏡頭,
3504,電腦及週邊設備,上游,其他電腦及週邊設備之零組件,
3504,電腦及週邊設備,上游,金屬、塑膠模具,
3508,其他,,其他電子產品及電子服務產業,
3511,連接器,中游,連接器設計、組裝及製造,
3512,建材營造,中游,建設業,
3512,電腦及週邊設備,上游,散熱片、風扇馬達、散熱模組,
3515,區塊鏈,運算資源,元件裝置,
3515,電腦及週邊設備,上游,主機板,
3515,電腦及週邊設備,上游,顯示卡,
3515,電腦及週邊設備,下游,伺服器,
3515,電腦及週邊設備,下游,工業電腦,
3516,LED照明產業,下游,燈具/應用,
3516,平面顯示器,上游,背光源(發光二極體、冷陰極管),
3516,電腦及週邊設備,上游,顯示器模組,
3518,電腦及週邊設備,上游,機殼,
3520,印刷電路板,中游,基板組裝加工及相關製造,
3520,太陽能產業,下游,太陽能發電設備/系統及系統工程,
3520,太陽能產業,下游,太陽能電廠,
3520,連接器,中游,連接器設計、組裝及製造,
3521,建材營造,中游,建設業,
3521,電腦及週邊設備,下游,工業電腦,
3522,食品,,餐飲連鎖,
3523,平面顯示器,上游,稜鏡片,
3526,連接器,中游,連接器設計、組裝及製造,
3527,半導體,上游,IC設計,LED驅動IC
3527,半導體,上游,IC設計,平面顯示器控制IC
3527,半導體,上游,IC設計,平面顯示器驅動IC
3527,半導體,上游,IC設計,消費性IC
3527,半導體,上游,IC設計,電源管理IC
3528,半導體,下游,IC通路,
3529,半導體,上游,IP設計/IC設計代工服務,
3530,半導體,上游,IC設計,消費性IC
3531,平面顯示器,上游,背光模組,
3532,半導體,中游,IC/晶圓製造,晶圓製造
3533,連接器,中游,連接器設計、組裝及製造,
3535,半導體,中游,生產製程及檢測設備,
3535,印刷電路板,上游,生產製程及檢測設備,
3535,平面顯示器,中游,生產製程及檢測,
3536,半導體,中游,IC/晶圓製造,其他IC/二極體製造
3536,平面顯示器,上游,背光源(發光二極體、冷陰極管),
3537,半導體,下游,IC通路,
3537,被動元件,中游,電容器,
3540,電腦及週邊設備,上游,機殼,
3540,電腦及週邊設備,上游,電源供應器,
3541,平面顯示器,下游,監視器/顯示器,
3541,平面顯示器,下游,電視,
3541,觸控面板,下游,公共資訊查詢站,
3541,通信網路,下游,無線通訊設備,
3541,電腦及週邊設備,下游,其他電腦及週邊設備,
3543,其他,,其他,
3543,平面顯示器,上游,其他零組件,
3543,醫療器材,上游,電子零組件、塑化材料、五金零件,塑化材料
3543,醫療器材,上游,電子零組件、塑化材料、五金零件,金屬零件
3543,醫療器材,下游,醫療器材代理銷售及通路,醫療器材代理
3543,醫療器材,下游,醫療器材代理銷售及通路,醫療院所、醫療器材專賣店、藥局等通路
3543,醫療器材,中游,醫療器材研發、設計、製造,其他
3543,醫療器材,中游,醫療器材研發、設計、製造,醫療耗材
3545,半導體,上游,IC設計,平面顯示器驅動IC
3546,休閒娛樂,,線上遊戲業,設計開發
3546,文化創意業,,數位內容產業,
3548,電腦及週邊設備,上游,機構樞紐,
3550,電腦及週邊設備,上游,連接線,
3551,LED照明產業,中游,生產製程、檢測設備及原物料,
3551,其他,,其他電子產品及電子服務產業,
3551,其他,,環保潔能服務產業,
3551,半導體,下游,生產製程及檢測設備,
3551,半導體,中游,生產製程及檢測設備,
3551,平面顯示器,中游,生產製程及檢測,
3551,觸控面板,下游,工業用設備,
3552,汽車,上游,其他,
3555,半導體,下游,IC通路,
3555,食品生技,下游,保健食品代理銷售及通路,
3556,半導體,上游,IC設計,消費性IC
3556,觸控面板,上游,控制IC,
3556,觸控面板,中游,觸控面板,
3557,其他,,其他,
3558,通信網路,下游,有線通訊設備,
3558,通信網路,下游,網路設備,
3563,印刷電路板,上游,生產製程及檢測設備,
3564,資通訊安全,資安產品,網路基礎設施,
3564,通信網路,下游,網路設備,
3564,電腦及週邊設備,下游,其他電腦及週邊設備,
3567,半導體,下游,IC封裝測試,
3570,軟體服務,,系統整合服務,
3576,太陽能產業,中游,太陽能電池,
3576,太陽能產業,中游,太陽能電池模組,
3577,電腦及週邊設備,上游,輸出入模組/介面卡,
3577,電腦及週邊設備,下游,工業電腦,
3580,其他,,其他電子產品及電子服務產業,
3581,半導體,下游,生產製程及檢測設備,
3583,LED照明產業,中游,生產製程、檢測設備及原物料,
3583,半導體,下游,生產製程及檢測設備,
3583,半導體,中游,生產製程及檢測設備,
3583,太陽能產業,下游,太陽能發電設備/系統及系統工程,
3583,平面顯示器,中游,生產製程及檢測,
3587,其他,,其他電子產品及電子服務產業,
3588,半導體,上游,IC設計,電源管理IC
3591,LED照明產業,下游,封裝/模組,
3591,LED照明產業,下游,燈具/應用,
3592,半導體,上游,IC設計,平面顯示器驅動IC
3592,半導體,上游,IC設計,電源管理IC
3593,電腦及週邊設備,上游,其他電腦及週邊設備之零組件,
3594,電腦及週邊設備,下游,工業電腦,
3596,通信網路,下游,網路設備,
3597,其他,,其他,
3597,其他,,其他電子產品及電子服務產業,
3597,連接器,中游,連接器設計、組裝及製造,
3605,連接器,中游,連接器設計、組裝及製造,
3607,通信網路,上游,塑膠/金屬機殼,
3607,電腦及週邊設備,上游,機殼,
3609,LED照明產業,下游,燈具/應用,
3609,汽車,下游,銷售、進出口業務,
3611,自動化,上游,HMI,
3611,自動化,上游,感測器,
3611,自動化,上游,控制器,
3611,電腦及週邊設備,下游,印表機、傳真機、掃瞄器、多功能事務機、投影機,
3611,電腦及週邊設備,下游,工業電腦,
3615,LED照明產業,上游,藍寶石晶圓/晶片,
3615,平面顯示器,上游,ITO導電基板,
3615,觸控面板,上游,ITO導電玻璃,
3617,電腦及週邊設備,下游,其他電腦及週邊設備,
3622,智慧電網,,系統整合服務,
3622,智慧電網,,能源管理服務,
3622,智慧電網,,配電管理設施,
3622,智慧電網,,電力零售業,
3622,智慧電網,,電網營造,
3622,智慧電網,,電網維運,
3622,智慧電網,,高/低壓輸電設施,
3622,觸控面板,中游,觸控面板,
3623,自動化,上游,HMI,
3623,自動化,上游,感測器,
3623,自動化,上游,控制器,
3623,自動化,下游,自動化機台,
3623,觸控面板,中游,觸控面板,
3624,被動元件,中游,電感器,
3624,被動元件,中游,電阻器,
3625,能源元件,下游,電池模組,
3625,電動車輛產業,中游,零組件,
3625,電腦及週邊設備,上游,電池,
3628,其他,,其他電子產品及電子服務產業,
3629,文化創意業,,創意生活產業,
3629,文化創意業,,數位內容產業,
3630,電腦及週邊設備,上游,光學鏡片、鏡頭,
3631,電腦及週邊設備,上游,其他電腦及週邊設備之零組件,
3632,人工智慧,應用與服務,系統整合,
3632,人工智慧,核心技術,電腦視覺,
3632,太空衛星科技,下游,導航定位,
3632,觸控面板,下游,衛星定位系統,
3632,通信網路,下游,無線通訊設備,
3632,雲端運算,下游,雲端應用服務,SaaS
3632,雲端運算,中游,雲端作業系統,
3645,印刷電路板,上游,聚亞醯胺樹脂,
3646,連接器,中游,連接器設計、組裝及製造,
3652,電腦及週邊設備,下游,工業電腦,
3653,半導體,下游,導線架,
3663,其他,,環保潔能服務產業,
3663,半導體,中游,化學品,
3663,太陽能產業,上游,材料,
3663,平面顯示器,上游,化學品(如光阻劑、靶材等),
3663,被動元件,上游,電阻器材料,
3663,被動元件,中游,濾波器、振盪器,
3663,被動元件,中游,電阻器,
3663,觸控面板,上游,ITO導電薄膜,
3663,電腦及週邊設備,下游,其他電腦及週邊設備,
3666,平面顯示器,上游,稜鏡片,
3669,人工智慧,核心技術,電腦視覺,
3669,通信網路,下游,光通訊設備,
3669,電腦及週邊設備,下游,其他電腦及週邊設備,
3672,通信網路,下游,網路設備,
3675,半導體,中游,IC/晶圓製造,其他IC/二極體製造
3679,其他,,其他電子產品及電子服務產業,
3679,平面顯示器,上游,其他零組件,
3679,汽車,上游,其他,
3679,電腦及週邊設備,上游,其他電腦及週邊設備之零組件,
3679,電腦及週邊設備,上游,金屬、塑膠模具,
3680,半導體,中游,生產製程及檢測設備,
3682,通信網路,下游,電信服務業,
3684,通信網路,下游,無線通訊設備,
3685,太陽能產業,下游,太陽能發電設備/系統及系統工程,
3685,平面顯示器,上游,擴散膜、增亮膜、導光板,
3685,汽車,上游,車燈,
3685,汽車,上游,鈑金,
3686,太陽能產業,上游,矽晶圓/矽晶片,
3687,休閒娛樂,,線上遊戲業,營運發行
3687,休閒娛樂,,線上遊戲業,設計開發
3687,電子商務,,金流串接處理服務,
3689,連接器,中游,連接器設計、組裝及製造,
3691,太陽能產業,上游,材料,
3693,電腦及週邊設備,上游,磁碟儲存系統,
3693,電腦及週邊設備,下游,伺服器,
3693,電腦及週邊設備,下游,工業電腦,
3694,通信網路,下游,網路設備,
3701,電腦及週邊設備,上游,其他電腦及週邊設備之零組件,
3701,電腦及週邊設備,下游,工業電腦,
3702,半導體,下游,IC通路,
3703,其他,,環保潔能服務產業,
3703,建材營造,中游,工程承攬,
3703,建材營造,中游,建設業,
3703,建材營造,中游,營造業,
3704,資通訊安全,資安產品,網路基礎設施,
3704,資通訊安全,資安產品,網路安全防護,
3704,資通訊安全,資安產品,行動安全,
3704,通信網路,下游,光通訊設備,
3704,通信網路,下游,有線通訊設備,
3704,通信網路,下游,無線通訊設備,
3704,通信網路,下游,網路設備,
3705,製藥,下游,中、西藥製劑,
3706,人工智慧,運算資源,運算設備,
3706,汽車,上游,其他,
3706,通信網路,下游,無線通訊設備,
3706,雲端運算,上游,電腦設備,伺服器
3706,雲端運算,上游,電腦設備,儲存
3706,電腦及週邊設備,下游,伺服器,
3706,電腦及週邊設備,下游,其他電腦及週邊設備,
3707,半導體,中游,IC/晶圓製造,DRAM製造
3707,半導體,中游,IC/晶圓製造,其他IC/二極體製造
3707,半導體,中游,IC/晶圓製造,晶圓製造
3708,風力發電,,樹酯,
3708,風力發電,,玻/碳纖,
3709,電腦及週邊設備,上游,BIOS(嵌入式軟體),
3709,電腦及週邊設備,上游,中央處理器,
3709,電腦及週邊設備,上游,主機板,
3709,電腦及週邊設備,上游,光學鏡片、鏡頭,
3709,電腦及週邊設備,上游,光碟機,
3709,電腦及週邊設備,上游,光碟片,
3709,電腦及週邊設備,上游,其他電腦及週邊設備之零組件,
3709,電腦及週邊設備,上游,多功能視訊卡,
3709,電腦及週邊設備,上游,散熱片、風扇馬達、散熱模組,
3709,電腦及週邊設備,上游,晶片組,
3709,電腦及週邊設備,上游,機構樞紐,
3709,電腦及週邊設備,上游,機殼,
3709,電腦及週邊設備,上游,硬碟機,
3709,電腦及週邊設備,上游,磁碟儲存系統,
3709,電腦及週邊設備,上游,網路卡,
3709,電腦及週邊設備,上游,記憶體,
3709,電腦及週邊設備,上游,輸出入模組/介面卡,
3709,電腦及週邊設備,上游,連接線,
3709,電腦及週邊設備,上游,金屬、塑膠模具,
3709,電腦及週邊設備,上游,隨身碟、記憶卡讀卡機,
3709,電腦及週邊設備,上游,電池,
3709,電腦及週邊設備,上游,電源供應器,
3709,電腦及週邊設備,上游,面板,
3709,電腦及週邊設備,上游,顯示卡,
3709,電腦及週邊設備,上游,顯示器模組,
3709,電腦及週邊設備,下游,伺服器,
3709,電腦及週邊設備,下游,其他電腦及週邊設備,
3709,電腦及週邊設備,下游,印表機、傳真機、掃瞄器、多功能事務機、投影機,
3709,電腦及週邊設備,下游,安全監控系統,
3709,電腦及週邊設備,下游,工業電腦,
3709,電腦及週邊設備,下游,桌上型電腦,
3709,電腦及週邊設備,下游,筆記型電腦,
3709,電腦及週邊設備,下游,精簡型電腦,
3710,智慧電網,,能源管理服務,
3710,通信網路,上游,主/被動元件,
3710,連接器,中游,連接器設計、組裝及製造,
3711,半導體,下游,IC封裝測試,
3712,其他,,其他電子產品及電子服務產業,
3712,太陽能產業,下游,太陽能發電設備/系統及系統工程,
3712,太陽能產業,下游,太陽能電廠,
3712,電腦及週邊設備,下游,印表機、傳真機、掃瞄器、多功能事務機、投影機,
3712,風力發電,,發電營運,
3712,風力發電,,風場營造,
3712,風力發電,,風場規劃,
3712,風力發電,,風場開發,
3712,風力發電,,風機維護,
3713,太陽能產業,下游,太陽能發電設備/系統及系統工程,
3713,太陽能產業,下游,太陽能電廠,
3713,太陽能產業,中游,太陽能電池模組,
3714,LED照明產業,下游,封裝/模組,
3714,LED照明產業,中游,光源/磊晶,
3715,印刷電路板,中游,硬板、軟板、IC載板製造,
3716,製藥,下游,中、西藥製劑,
3718,人工智慧,應用與服務,系統整合,
3718,人工智慧,應用與服務,領域解決方案,
3718,平面顯示器,上游,背光模組,
3718,自動化,下游,整體解決方案,
3718,電腦及週邊設備,下游,印表機、傳真機、掃瞄器、多功能事務機、投影機,
3718,體驗科技,,垂直應用方案,其他
3718,體驗科技,,垂直應用方案,安防
3718,體驗科技,,垂直應用方案,物流
3718,體驗科技,,垂直應用方案,製造
3718,體驗科技,,垂直應用方案,醫療
3718,體驗科技,,垂直應用方案,重工業
3718,體驗科技,,組裝廠,ODM/OEM
3718,體驗科技,,近眼顯示,LCoS
3718,體驗科技,,近眼顯示,MicroLED
3718,體驗科技,,近眼顯示,OLED
3718,體驗科技,,近眼顯示,光學元件/模組
3718,體驗科技,,近眼顯示,微型顯示器/光機引擎(LightEngine)
3718,體驗科技,,近眼顯示,顯示技術
4102,製藥,中游,中藥材、西藥原料藥,
4104,製藥,下游,藥品代理銷售及通路,
4104,製藥,下游,醫療院所,
4104,醫療器材,下游,醫療器材代理銷售及通路,醫療器材代理
4104,醫療器材,下游,醫療器材代理銷售及通路,醫療院所、醫療器材專賣店、藥局等通路
4105,製藥,上游,原材料,
4105,製藥,下游,中、西藥製劑,
4105,製藥,下游,藥品代理銷售及通路,
4106,醫療器材,中游,醫療器材研發、設計、製造,其他
4107,醫療器材,中游,醫療器材研發、設計、製造,醫療耗材
4108,製藥,下游,中、西藥製劑,
4108,製藥,中游,中藥材、西藥原料藥,
4108,食品生技,上游,原料,
4109,食品生技,下游,保健食品代理銷售及通路,
4109,食品生技,中游,加工製成品,
4111,製藥,下游,中、西藥製劑,
4113,建材營造,中游,建設業,
4114,製藥,下游,中、西藥製劑,
4114,製藥,下游,藥品代理銷售及通路,
4116,醫療器材,下游,醫療器材代理銷售及通路,醫療器材代理
4116,醫療器材,中游,醫療器材研發、設計、製造,其他
4119,製藥,中游,中藥材、西藥原料藥,
4120,製藥,下游,中、西藥製劑,
4120,製藥,下游,藥品代理銷售及通路,
4120,食品生技,下游,保健食品代理銷售及通路,
4121,製藥,下游,藥品代理銷售及通路,
4121,醫療器材,下游,醫療器材代理銷售及通路,醫療院所、醫療器材專賣店、藥局等通路
4121,醫療器材,中游,醫療器材研發、設計、製造,體溫計、血壓計
4121,食品生技,下游,保健食品代理銷售及通路,
4123,製藥,下游,中、西藥製劑,
4126,醫療器材,中游,醫療器材研發、設計、製造,醫療耗材
4127,製藥,下游,中、西藥製劑,
4127,製藥,下游,藥品代理銷售及通路,
4127,食品生技,下游,保健食品代理銷售及通路,
4127,食品生技,中游,加工製成品,
4128,製藥,上游,原材料,
4128,製藥,下游,中、西藥製劑,
4128,食品生技,下游,保健食品代理銷售及通路,
4128,食品生技,中游,加工製成品,
4129,醫療器材,中游,醫療器材研發、設計、製造,人工關節
4130,製藥,下游,中、西藥製劑,
4130,製藥,下游,藥品代理銷售及通路,
4131,醫療器材,中游,醫療器材研發、設計、製造,生物檢測
4133,醫療器材,中游,醫療器材研發、設計、製造,生物檢測
4138,醫療器材,下游,醫療器材代理銷售及通路,醫療器材代理
4138,醫療器材,下游,醫療器材代理銷售及通路,醫療院所、醫療器材專賣店、藥局等通路
4142,製藥,中游,中藥材、西藥原料藥,
4147,製藥,上游,原材料,
4153,醫療器材,中游,醫療器材研發、設計、製造,顯示器
4155,醫療器材,中游,醫療器材研發、設計、製造,醫療耗材
4160,大數據,應用與服務,系統整合,
4160,大數據,應用與服務,領域解決方案,
4160,大數據,應用與服務,顧問諮詢,
4160,大數據,軟體暨工具,分析工具,
4160,大數據,軟體暨工具,應用軟體,
4160,大數據,軟體暨工具,資料庫,
4160,軟體服務,,應用/系統軟體設計開發,
4160,軟體服務,,系統整合服務,
4160,軟體服務,,資料處理服務,
4160,醫療器材,中游,醫療器材研發、設計、製造,生物檢測
4161,醫療器材,中游,醫療器材研發、設計、製造,生物檢測
4161,醫療器材,中游,醫療器材研發、設計、製造,衛生用品
4161,醫療器材,中游,醫療器材研發、設計、製造,醫療耗材
4162,製藥,上游,原材料,
4163,汽車,上游,其他,
4163,通信網路,上游,主/被動元件,
4163,通信網路,下游,無線通訊設備,
4163,醫療器材,中游,醫療器材研發、設計、製造,其他
4164,其他,,其他,
4164,醫療器材,下游,醫療器材代理銷售及通路,醫療器材代理
4164,醫療器材,下游,醫療器材代理銷售及通路,醫療院所、醫療器材專賣店、藥局等通路
4166,製藥,下游,中、西藥製劑,
4167,製藥,下游,中、西藥製劑,
4167,製藥,中游,中藥材、西藥原料藥,
4168,製藥,下游,中、西藥製劑,
4169,製藥,上游,原材料,
4169,製藥,下游,藥品代理銷售及通路,
4169,醫療器材,下游,醫療器材代理銷售及通路,醫療器材代理
4169,醫療器材,中游,醫療器材研發、設計、製造,生物檢測
4169,醫療器材,中游,醫療器材研發、設計、製造,醫療耗材
4169,食品生技,上游,原料,
4169,食品生技,下游,保健食品代理銷售及通路,
4171,其他,,農業科技業,
4171,醫療器材,中游,醫療器材研發、設計、製造,生物檢測
4173,製藥,下游,藥品代理銷售及通路,
4174,製藥,上游,原材料,
4175,製藥,下游,藥品代理銷售及通路,
4175,醫療器材,下游,醫療器材代理銷售及通路,醫療器材代理
4175,醫療器材,下游,醫療器材代理銷售及通路,醫療院所、醫療器材專賣店、藥局等通路
4175,食品生技,下游,保健食品代理銷售及通路,
4183,醫療器材,上游,電子零組件、塑化材料、五金零件,塑化材料
4183,醫療器材,上游,電子零組件、塑化材料、五金零件,金屬零件
4183,醫療器材,中游,醫療器材研發、設計、製造,其他
4183,醫療器材,中游,醫療器材研發、設計、製造,生物檢測
4183,醫療器材,中游,醫療器材研發、設計、製造,醫療耗材
4188,醫療器材,中游,醫療器材研發、設計、製造,其他
4192,製藥,下游,藥品代理銷售及通路,
4192,製藥,中游,中藥材、西藥原料藥,
4195,其他,,其他,
4195,醫療器材,下游,醫療器材代理銷售及通路,醫療器材代理
4195,醫療器材,下游,醫療器材代理銷售及通路,醫療院所、醫療器材專賣店、藥局等通路
4195,醫療器材,中游,醫療器材研發、設計、製造,生物檢測
4198,醫療器材,中游,醫療器材研發、設計、製造,生物檢測
4205,食品,中游,加工食品,
4207,食品,中游,加工食品,
4303,石化及塑橡膠,下游,人造纖維,
4303,石化及塑橡膠,下游,塑膠製品,
4304,石化及塑橡膠,下游,塑膠製品,
4305,石化及塑橡膠,下游,塑膠製品,
4306,石化及塑橡膠,下游,塑膠製品,
4401,紡織,下游,染整,
4401,紡織,中游,人造纖維產品(例如尼龍纖維、聚酯纖維、嫘縈纖維等,
4401,紡織,中游,紡紗,
4401,運動科技,中游,運動用品,
4402,紡織,中游,人造纖維產品(例如尼龍纖維、聚酯纖維、嫘縈纖維等,
4406,紡織,中游,人造纖維產品(例如尼龍纖維、聚酯纖維、嫘縈纖維等,
4413,紡織,下游,成衣及其它家居紡織類品,
4414,紡織,下游,成衣及其它家居紡織類品,
4416,建材營造,中游,建設業,
4417,紡織,下游,成衣及其它家居紡織類品,
4419,食品,,餐飲連鎖,
4420,紡織,中游,人造纖維產品(例如尼龍纖維、聚酯纖維、嫘縈纖維等,
4426,紡織,中游,織布,
4430,其他,,其他,
4432,紡織,下游,成衣及其它家居紡織類品,
4433,紡織,下游,成衣及其它家居紡織類品,
4433,紡織,下游,染整,
4438,紡織,下游,成衣及其它家居紡織類品,
4438,醫療器材,中游,醫療器材研發、設計、製造,衛生用品
4440,紡織,中游,人造纖維產品(例如尼龍纖維、聚酯纖維、嫘縈纖維等,
4441,紡織,下游,成衣及其它家居紡織類品,
4502,汽車,上游,鋁合金鋼圈,
4502,電機機械,下游,車用機械傳動設備及零配件,
4503,電動車輛產業,中游,零組件,
4503,電機機械,下游,自動販賣機,
4503,電機機械,下游,金屬加工處理,
4506,電機機械,下游,機電系統工程,
4510,電機機械,下游,金屬加工用機械,
4513,電機機械,下游,金屬加工用機械,
4523,電機機械,下游,冷凍空調設備及零件,
4523,電機機械,下游,車用機械傳動設備及零配件,
4526,電機機械,下游,金屬加工用機械,
4527,電機機械,下游,冷凍空調設備及零件,
4528,電機機械,上游,五金元件及零配件,
4528,電機機械,上游,傳動元件,
4528,電機機械,下游,車用機械傳動設備及零配件,
4528,電機機械,下游,金屬加工處理,
4529,其他,,其他,
4530,食品,,餐飲連鎖,
4532,電機機械,下游,冷凍空調設備及零件,
4533,電機機械,下游,金屬加工用機械,
4534,電機機械,上游,五金元件及零配件,
4534,電機機械,上游,傳動元件,
4534,電機機械,下游,手工具機,
4534,電機機械,下游,車用機械傳動設備及零配件,
4535,電動車輛產業,中游,零組件,
4535,電機機械,上游,機械設備之沖壓零組件,
4535,電機機械,下游,車用機械傳動設備及零配件,
4536,休閒娛樂,,休閒車業,
4536,其他,,其他,
4538,電機機械,上游,鋼鑄鐵元件,
4540,電機機械,上游,傳動元件,
4541,其他,,其他,
4542,印刷電路板,上游,生產製程及檢測設備,
4542,觸控面板,下游,工業用設備,
4543,電機機械,上游,五金元件及零配件,
4543,電機機械,下游,冷凍空調設備及零件,
4543,電機機械,下游,金屬加工處理,
4545,通信網路,上游,其他零組件,
4545,電腦及週邊設備,上游,其他電腦及週邊設備之零組件,
4545,電腦及週邊設備,上游,金屬、塑膠模具,
4549,電機機械,上游,電控元件,
4549,電機機械,下游,機電系統工程,
4550,電機機械,下游,機電系統工程,
4551,汽車,上游,其他,
4554,汽車,上游,其他,
4555,電機機械,上游,油空壓元件,
4555,電機機械,上游,電控元件,
4556,其他,,其他,
4558,運動科技,上游,裝置/器材零組件,
4558,電機機械,下游,金屬加工處理,
4561,電機機械,上游,傳動元件,
4562,電機機械,下游,金屬加工用機械,
4563,電機機械,下游,金屬加工用機械,
4564,電機機械,下游,金屬加工處理,
4566,電機機械,下游,車用機械傳動設備及零配件,
4568,電機機械,上游,傳動元件,
4568,電機機械,上游,油空壓元件,
4572,電機機械,下游,金屬加工處理,
4576,電機機械,上游,傳動元件,
4577,其他,,其他電子產品及電子服務產業,
4577,印刷電路板,上游,生產製程及檢測設備,
4580,電機機械,上游,傳動元件,
4580,電機機械,上游,鋼鑄鐵元件,
4582,太陽能產業,下游,太陽能發電設備/系統及系統工程,
4582,電機機械,下游,機電系統工程,
4583,電機機械,上游,傳動元件,
4584,電機機械,上游,傳動元件,
4584,電機機械,上游,油空壓元件,
4584,電機機械,上游,電控元件,
4584,電機機械,下游,車用機械傳動設備及零配件,
4585,人工智慧,應用與服務,智慧設備,
4585,人工智慧,應用與服務,系統整合,
4585,人工智慧,核心技術,機器學習,
4585,人工智慧,核心技術,電腦視覺,
4585,其他,,其他電子產品及電子服務產業,
4585,軟體服務,,應用/系統軟體設計開發,
4585,軟體服務,,系統整合服務,
4588,其他,,其他電子產品及電子服務產業,
4588,智慧電網,,系統整合服務,
4588,智慧電網,,能源管理服務,
4590,汽車,上游,其他,
4590,電機機械,上游,傳動元件,
4609,貿易百貨,下游,零售通路,
4702,貿易百貨,中游,貿易商、代理商、經銷商,
4706,其他,,其他,
4706,石化及塑橡膠,下游,顏染料,
4706,紡織,中游,化學助劑,
4707,石化及塑橡膠,中游,石化中間原料(例如乙烯、丙烯、丁二烯、苯、酚等),界面活性劑
4711,石化及塑橡膠,下游,接著劑(合成樹脂),
4714,建材營造,中游,建設業,
4714,石化及塑橡膠,下游,人造纖維,
4714,石化及塑橡膠,下游,塑膠製品,
4714,石化及塑橡膠,下游,接著劑(合成樹脂),
4716,石化及塑橡膠,中游,石化中間原料(例如乙烯、丙烯、丁二烯、苯、酚等),工業用合成樹脂
4720,半導體,中游,化學品,
4720,平面顯示器,上游,化學品(如光阻劑、靶材等),
4720,石化及塑橡膠,下游,接著劑(合成樹脂),
4720,觸控面板,上游,ITO導電薄膜,
4720,醫療器材,下游,醫療器材代理銷售及通路,醫療器材代理
4720,電機機械,下游,輸送機械及零配件,
4721,石化及塑橡膠,中游,石化中間原料(例如乙烯、丙烯、丁二烯、苯、酚等),PTA(對苯二甲酸)觸媒
4721,電動車輛產業,上游,鋰電池材料,
4722,半導體,中游,化學品,
4722,平面顯示器,上游,化學品(如光阻劑、靶材等),
4726,製藥,下游,中、西藥製劑,
4726,製藥,中游,中藥材、西藥原料藥,
4728,醫療器材,中游,醫療器材研發、設計、製造,醫療耗材
4729,觸控面板,中游,觸控面板,
4729,醫療器材,中游,醫療器材研發、設計、製造,隱型眼鏡、光學鏡片
4735,醫療器材,中游,醫療器材研發、設計、製造,體溫計、血壓計
4736,醫療器材,中游,醫療器材研發、設計、製造,體溫計、血壓計
4737,醫療器材,中游,醫療器材研發、設計、製造,生物檢測
4739,石化及塑橡膠,下游,接著劑(合成樹脂),
4739,石化及塑橡膠,中游,石化中間原料(例如乙烯、丙烯、丁二烯、苯、酚等),PTA(對苯二甲酸)觸媒
4739,紡織,中游,化學助劑,
4739,能源元件,上游,原材料,
4739,被動元件,上游,濾波器、振盪器材料,
4739,電動車輛產業,上游,鋰電池材料,
4741,石化及塑橡膠,下游,顏染料,
4743,製藥,下游,中、西藥製劑,
4743,製藥,下游,藥品代理銷售及通路,
4743,製藥,中游,中藥材、西藥原料藥,
4744,醫療器材,中游,醫療器材研發、設計、製造,其他
4746,製藥,中游,中藥材、西藥原料藥,
4747,製藥,下游,中、西藥製劑,
4747,製藥,下游,藥品代理銷售及通路,
4749,LED照明產業,中游,生產製程、檢測設備及原物料,
4749,半導體,中游,化學品,
4749,平面顯示器,上游,化學品(如光阻劑、靶材等),
4754,其他,,其他,
4755,LED照明產業,中游,生產製程、檢測設備及原物料,
4755,半導體,中游,化學品,
4755,平面顯示器,上游,化學品(如光阻劑、靶材等),
4755,連接器,上游,塑膠材料,
4755,食品,上游,原物料,
4760,LED照明產業,下游,封裝/模組,
4760,半導體,下游,IC封裝測試,
4760,太陽能產業,上游,材料,
4760,被動元件,上游,電容器材料,
4760,被動元件,上游,電感器材料,
4760,被動元件,上游,電阻器材料,
4764,其他,,其他電子產品及電子服務產業,
4764,其他,,農業科技業,
4764,半導體,中游,化學品,
4764,印刷電路板,上游,環氧樹脂,
4764,印刷電路板,上游,聚亞醯胺樹脂,
4764,石化及塑橡膠,中游,石化中間原料(例如乙烯、丙烯、丁二烯、苯、酚等),工業用合成樹脂
4764,石化及塑橡膠,中游,石化中間原料(例如乙烯、丙烯、丁二烯、苯、酚等),橡塑膠添加劑
4764,紡織,中游,化學助劑,
4764,製藥,上游,原材料,
4764,觸控面板,上游,膠材,
4766,石化及塑橡膠,下游,接著劑(合成樹脂),
4767,石化及塑橡膠,下游,接著劑(合成樹脂),
4768,LED照明產業,中游,光源/磊晶,
4768,半導體,中游,化學品,
4768,太陽能產業,中游,太陽能電池,
4768,平面顯示器,上游,化學品(如光阻劑、靶材等),
4770,半導體,下游,生產製程及檢測設備,
4770,平面顯示器,中游,生產製程及檢測,
4770,石化及塑橡膠,中游,石化中間原料(例如乙烯、丙烯、丁二烯、苯、酚等),工業用合成樹脂
4771,醫療器材,中游,醫療器材研發、設計、製造,隱型眼鏡、光學鏡片
4772,半導體,下游,生產製程及檢測設備,
4772,半導體,中游,化學品,
4772,半導體,中游,生產製程及檢測設備,
4772,平面顯示器,上游,化學品(如光阻劑、靶材等),
4806,文化創意業,,廣播電視/電影產業,
4903,通信網路,下游,光通訊設備,
4904,大數據,基礎資源,雲端平台,
4904,通信網路,下游,無線通訊設備,
4904,通信網路,下游,電信服務業,
4904,雲端運算,下游,雲端應用服務,IaaS
4904,雲端運算,下游,雲端應用服務,PaaS
4904,雲端運算,下游,雲端應用服務,SaaS
4905,通信網路,下游,光通訊設備,
4905,通信網路,下游,網路設備,
4906,通信網路,下游,網路設備,
4907,建材營造,中游,建設業,
4908,通信網路,上游,主/被動元件,
4909,印刷電路板,中游,硬板、軟板、IC載板製造,
4909,太空衛星科技,上游,零組件/材料,天線/射頻基頻
4909,太空衛星科技,上游,零組件/材料,太陽能板/電池
4909,太空衛星科技,上游,零組件/材料,微電子
4909,太空衛星科技,上游,零組件/材料,感測器
4909,太空衛星科技,上游,零組件/材料,金屬/燃料
4909,通信網路,上游,印刷電路板,
4909,通信網路,下游,網路設備,
4911,製藥,上游,原材料,
4911,食品生技,上游,原料,
4911,食品生技,中游,加工製成品,
4915,電腦及週邊設備,上游,其他電腦及週邊設備之零組件,
4915,電腦及週邊設備,下游,其他電腦及週邊設備,
4915,電腦及週邊設備,下游,印表機、傳真機、掃瞄器、多功能事務機、投影機,
4916,電腦及週邊設備,上游,機殼,
4916,電腦及週邊設備,下游,其他電腦及週邊設備,
4916,電腦及週邊設備,下游,工業電腦,
4919,半導體,上游,IC設計,消費性IC
4919,半導體,中游,IC/晶圓製造,晶圓製造
4923,半導體,上游,IC設計,電源管理IC
4930,貿易百貨,上游,製造商,
4930,貿易百貨,中游,貿易商、代理商、經銷商,
4930,食品,上游,原物料,
4931,能源元件,下游,電池模組,
4931,雲端運算,上游,電力設備,
4931,電動車輛產業,中游,零組件,
4931,電腦及週邊設備,上游,電池,
4933,平面顯示器,上游,擴散膜、增亮膜、導光板,
4933,平面顯示器,上游,稜鏡片,
4934,太陽能產業,中游,太陽能電池,
4934,太陽能產業,中游,太陽能電池模組,
4938,半導體,下游,基板,
4938,平面顯示器,上游,其他零組件,
4938,通信網路,下游,無線通訊設備,
4938,通信網路,下游,網路設備,
4938,電腦及週邊設備,上游,主機板,
4938,電腦及週邊設備,上游,機殼,
4938,電腦及週邊設備,下游,桌上型電腦,
4938,電腦及週邊設備,下游,筆記型電腦,
4939,印刷電路板,中游,銅箔基板,
4942,平面顯示器,上游,其他零組件,
4945,半導體,上游,IC設計,微控制器IC
4945,半導體,下游,IC通路,
4946,休閒娛樂,,線上遊戲業,營運發行
4946,文化創意業,,數位內容產業,
4949,半導體,中游,生產製程及檢測設備,
4949,太陽能產業,下游,太陽能發電設備/系統及系統工程,
4949,太陽能產業,中游,太陽能電池模組,
4951,半導體,上游,IC設計,輸出入介面IC
4952,人工智慧,核心技術,機器學習,
4952,人工智慧,核心技術,電腦視覺,
4952,半導體,上游,IC設計,平面顯示器控制IC
4952,半導體,上游,IC設計,微控制器IC
4952,半導體,上游,IC設計,消費性IC
4952,半導體,上游,IC設計,電源管理IC
4952,電動車輛產業,下游,電動汽車、電動機車、電動自行車,
4953,人工智慧,應用與服務,系統整合,
4953,人工智慧,應用與服務,領域解決方案,
4953,半導體,上游,IP設計/IC設計代工服務,
4953,大數據,應用與服務,系統整合,
4953,大數據,應用與服務,領域解決方案,
4953,軟體服務,,應用/系統軟體設計開發,
4953,金融科技,領域應用,數位銀行,
4953,雲端運算,下游,系統整合,
4956,LED照明產業,中游,光源/磊晶,
4960,平面顯示器,上游,其他零組件,
4961,半導體,上游,IC設計,LED驅動IC
4961,半導體,上游,IC設計,平面顯示器驅動IC
4961,半導體,上游,IC設計,電源管理IC
4967,電腦及週邊設備,上游,記憶體,
4967,電腦及週邊設備,上游,隨身碟、記憶卡讀卡機,
4968,半導體,上游,IC設計,網路通訊IC
4972,LED照明產業,下游,燈具/應用,
4973,半導體,下游,IC模組,
4973,通信網路,上游,記憶體,
4973,電腦及週邊設備,上游,記憶體,
4973,電腦及週邊設備,上游,隨身碟、記憶卡讀卡機,
4974,電腦及週邊設備,下游,印表機、傳真機、掃瞄器、多功能事務機、投影機,
4976,汽車,上游,其他,
4976,電腦及週邊設備,上游,光學鏡片、鏡頭,
4976,電腦及週邊設備,上游,金屬、塑膠模具,
4979,通信網路,上游,主/被動元件,
4987,電腦及週邊設備,下游,印表機、傳真機、掃瞄器、多功能事務機、投影機,
4989,印刷電路板,上游,銅箔,
4994,休閒娛樂,,線上遊戲業,營運發行
4994,休閒娛樂,,線上遊戲業,設計開發
4995,平面顯示器,下游,監視器/顯示器,
4995,平面顯示器,中游,顯示器模組,
4995,觸控面板,下游,公共資訊查詢站,
4995,觸控面板,下游,自動售票機,
4995,觸控面板,下游,金融提款機,
4995,觸控面板,中游,觸控面板,
4999,電腦及週邊設備,上游,機構樞紐,
5007,電機機械,下游,金屬加工用機械,
5009,鋼鐵,上游,鋼胚,
5201,軟體服務,,應用/系統軟體設計開發,
5201,軟體服務,,系統整合服務,
5202,軟體服務,,應用/系統軟體設計開發,
5202,軟體服務,,系統整合服務,
5202,軟體服務,,通路經銷,
5203,人工智慧,應用與服務,領域解決方案,
5203,軟體服務,,應用/系統軟體設計開發,
5205,其他,,其他,
5205,其他,,環保潔能服務產業,
5206,建材營造,中游,建設業,
5206,軟體服務,,系統整合服務,
5209,人工智慧,應用與服務,智慧設備,
5209,人工智慧,應用與服務,系統整合,
5209,人工智慧,應用與服務,領域解決方案,
5209,人工智慧,應用與服務,顧問諮詢,
5209,人工智慧,核心技術,機器學習,
5209,人工智慧,核心技術,移動控制,
5209,人工智慧,核心技術,自然語言處理,
5209,人工智慧,核心技術,電腦視覺,
5209,人工智慧,運算資源,資料處理,
5209,人工智慧,運算資源,運算設備,
5209,人工智慧,運算資源,雲端平台,
5209,大數據,基礎資源,儲存處理,
5209,大數據,基礎資源,運算元件與設備,
5209,大數據,基礎資源,雲端平台,
5209,大數據,應用與服務,系統整合,
5209,大數據,應用與服務,領域解決方案,
5209,大數據,應用與服務,顧問諮詢,
5209,大數據,軟體暨工具,分析工具,
5209,大數據,軟體暨工具,應用軟體,
5209,大數據,軟體暨工具,資料庫,
5209,軟體服務,,系統整合服務,
5210,太陽能產業,下游,太陽能發電設備/系統及系統工程,
5210,軟體服務,,應用/系統軟體設計開發,
5210,軟體服務,,系統整合服務,
5211,軟體服務,,應用/系統軟體設計開發,
5212,軟體服務,,系統整合服務,
5213,建材營造,中游,建設業,
5220,觸控面板,中游,觸控面板,
5222,半導體,上游,IP設計/IC設計代工服務,
5222,半導體,下游,IC模組,
5222,半導體,中游,IC/晶圓製造,晶圓製造
5222,半導體,中游,生產製程及檢測設備,
5228,被動元件,中游,電感器,
5230,LED照明產業,下游,封裝/模組,
5230,LED照明產業,下游,燈具/應用,
5230,汽車,上游,車燈,
5230,電腦及週邊設備,上游,散熱片、風扇馬達、散熱模組,
5234,半導體,中游,化學品,
5234,太陽能產業,上游,材料,
5234,平面顯示器,上游,化學品(如光阻劑、靶材等),
5234,石化及塑橡膠,下游,接著劑(合成樹脂),
5234,石化及塑橡膠,中游,石化中間原料(例如乙烯、丙烯、丁二烯、苯、酚等),工業用合成樹脂
5234,能源元件,上游,原材料,
5234,觸控面板,上游,膠材,
5234,電動車輛產業,上游,鋰電池材料,
5236,人工智慧,核心技術,機器學習,
5236,人工智慧,核心技術,電腦視覺,
5236,半導體,上游,IC設計,微控制器IC
5236,半導體,上游,IC設計,消費性IC
5244,LED照明產業,下游,封裝/模組,
5245,平面顯示器,中游,面板,
5245,平面顯示器,中游,顯示器模組,
5251,電腦及週邊設備,下游,安全監控系統,
5258,電腦及週邊設備,下游,其他電腦及週邊設備,
5263,休閒娛樂,,娛樂服務業,
5263,文化創意業,,數位內容產業,
5263,軟體服務,,應用/系統軟體設計開發,
5263,體驗科技,,垂直應用方案,其他
5263,體驗科技,,垂直應用方案,安防
5263,體驗科技,,垂直應用方案,物流
5263,體驗科技,,垂直應用方案,製造
5263,體驗科技,,垂直應用方案,醫療
5263,體驗科技,,垂直應用方案,重工業
5263,體驗科技,,應用軟體/內容,其他
5263,體驗科技,,應用軟體/內容,地圖
5263,體驗科技,,應用軟體/內容,培訓
5263,體驗科技,,應用軟體/內容,工作流程引導
5263,體驗科技,,應用軟體/內容,會議
5263,體驗科技,,應用軟體/內容,遊戲
5263,體驗科技,,資服,IT服務
5263,體驗科技,,資服,系統整合
5269,半導體,上游,IC設計,輸出入介面IC
5272,半導體,上游,IC設計,消費性IC
5274,半導體,上游,IC設計,網路通訊IC
5278,電子商務,,交易撮(媒)合,
5278,電子商務,,資訊聚合,
5283,其他,,其他電子產品及電子服務產業,
5285,半導體,下游,導線架,
5287,電子商務,,交易撮(媒)合,
5287,電子商務,,行銷廣告服務,
5287,電子商務,,資訊聚合,
5289,電腦及週邊設備,下游,其他電腦及週邊設備,
5291,LED照明產業,下游,燈具/應用,
5291,印刷電路板,中游,硬板、軟板、IC載板製造,
5292,其他,,環保潔能服務產業,
5299,半導體,上游,IC設計,電源管理IC
5301,休閒娛樂,,旅遊服務業,
5301,貿易百貨,下游,零售通路,
5301,貿易百貨,中游,貿易商、代理商、經銷商,
5302,半導體,上游,IC設計,消費性IC
5306,休閒娛樂,,休閒車業,
5306,其他,,其他,
5306,電機機械,下游,車用機械傳動設備及零配件,
5309,能源元件,下游,電池模組,
5309,電腦及週邊設備,下游,其他電腦及週邊設備,
5310,休閒娛樂,,線上遊戲業,營運發行
5310,休閒娛樂,,線上遊戲業,設計開發
5310,軟體服務,,系統整合服務,
5312,醫療器材,下游,醫療器材代理銷售及通路,醫療院所、醫療器材專賣店、藥局等通路
5314,建材營造,下游,裝潢業,
5315,平面顯示器,中游,面板,
5315,平面顯示器,中游,顯示器模組,
5315,電腦及週邊設備,上游,面板,
5315,電腦及週邊設備,上游,顯示器模組,
5321,印刷電路板,中游,硬板、軟板、IC載板製造,
5321,電子商務,,自有產品(服務)銷售,
5324,休閒娛樂,,旅館服務業,
5324,建材營造,中游,建設業,
5328,被動元件,中游,電容器,
5340,印刷電路板,上游,玻璃纖維/玻纖布,
5344,LED照明產業,下游,燈具/應用,
5344,半導體,下游,IC封裝測試,
5345,其他,,其他電子產品及電子服務產業,
5347,半導體,中游,IC/晶圓製造,晶圓製造
5348,通信網路,下游,無線通訊設備,
5348,運動科技,上游,裝置/器材零組件,
5348,運動科技,上游,軟體開發,
5348,運動科技,下游,運動服務/顧問,
5348,運動科技,下游,運動行銷/媒體,
5348,運動科技,中游,數位內容,
5348,運動科技,中游,穿戴式裝置,
5348,運動科技,中游,通訊服務,
5348,運動科技,中游,運動用品,
5351,人工智慧,應用與服務,系統整合,
5351,人工智慧,應用與服務,領域解決方案,
5351,人工智慧,核心技術,電腦視覺,
5351,半導體,上游,IC設計,記憶體IC
5351,體驗科技,,感測器/模組,SLAM
5351,體驗科技,,感測器/模組,使用者感知
5351,體驗科技,,感測器/模組,其他
5351,體驗科技,,感測器/模組,手勢/動作
5351,體驗科技,,感測器/模組,深度感測
5351,體驗科技,,感測器/模組,環境感知
5351,體驗科技,,感測器/模組,視覺
5351,體驗科技,,感測器/模組,觸覺
5351,體驗科技,,感測器/模組,語音
5351,體驗科技,,處理器/IC,CPU
5351,體驗科技,,處理器/IC,GPU
5351,體驗科技,,處理器/IC,HPU
5351,體驗科技,,處理器/IC,IC
5351,體驗科技,,處理器/IC,SoC
5351,體驗科技,,頭顯裝置品牌廠,ARSmartGlasses
5351,體驗科技,,頭顯裝置品牌廠,MRHeadset&SG
5351,體驗科技,,頭顯裝置品牌廠,VRHeadset
5353,通信網路,下游,有線通訊設備,
5353,通信網路,下游,無線通訊設備,
5353,通信網路,下游,網路設備,
5353,電腦及週邊設備,下游,工業電腦,
5355,印刷電路板,中游,基板組裝加工及相關製造,
5355,印刷電路板,中游,硬板、軟板、IC載板製造,
5356,平面顯示器,下游,電視,
5356,汽車,上游,其他,
5356,石化及塑橡膠,下游,塑膠製品,
5356,通信網路,下游,無線通訊設備,
5356,醫療器材,上游,電子零組件、塑化材料、五金零件,塑化材料
5356,醫療器材,上游,電子零組件、塑化材料、五金零件,金屬零件
5356,電腦及週邊設備,下游,印表機、傳真機、掃瞄器、多功能事務機、投影機,
5356,電腦及週邊設備,下游,安全監控系統,
5364,休閒娛樂,,旅館服務業,
5371,人工智慧,應用與服務,系統整合,
5371,人工智慧,應用與服務,領域解決方案,
5371,平面顯示器,上游,背光模組,
5371,自動化,下游,整體解決方案,
5371,電腦及週邊設備,下游,印表機、傳真機、掃瞄器、多功能事務機、投影機,
5371,體驗科技,,垂直應用方案,其他
5371,體驗科技,,垂直應用方案,安防
5371,體驗科技,,垂直應用方案,物流
5371,體驗科技,,垂直應用方案,製造
5371,體驗科技,,垂直應用方案,醫療
5371,體驗科技,,垂直應用方案,重工業
5371,體驗科技,,組裝廠,ODM/OEM
5371,體驗科技,,近眼顯示,LCoS
5371,體驗科技,,近眼顯示,MicroLED
5371,體驗科技,,近眼顯示,OLED
5371,體驗科技,,近眼顯示,光學元件/模組
5371,體驗科技,,近眼顯示,微型顯示器/光機引擎(LightEngine)
5371,體驗科技,,近眼顯示,顯示技術
5381,印刷電路板,中游,基板組裝加工及相關製造,
5381,印刷電路板,中游,硬板、軟板、IC載板製造,
5381,印刷電路板,中游,銅箔基板,
5381,智慧電網,,高/低壓輸電設施,
5381,電機機械,上游,電控元件,
5386,平面顯示器,中游,顯示器模組,
5386,觸控面板,下游,工業用設備,
5386,觸控面板,下游,電子觸控白板,
5386,電腦及週邊設備,上游,主機板,
5386,電腦及週邊設備,上游,記憶體,
5386,電腦及週邊設備,上游,顯示卡,
5386,電腦及週邊設備,上游,顯示器模組,
5388,通信網路,下游,網路設備,
5392,電腦及週邊設備,上游,機殼,
5398,製藥,下游,藥品代理銷售及通路,
5398,連接器,中游,連接器設計、組裝及製造,
5398,醫療器材,下游,醫療器材代理銷售及通路,醫療器材代理
5398,醫療器材,下游,醫療器材代理銷售及通路,醫療院所、醫療器材專賣店、藥局等通路
5398,醫療器材,中游,醫療器材研發、設計、製造,醫療耗材
5398,食品生技,下游,保健食品代理銷售及通路,
5403,軟體服務,,應用/系統軟體設計開發,
5403,軟體服務,,系統整合服務,
5410,軟體服務,,應用/系統軟體設計開發,
5410,軟體服務,,系統整合服務,
5425,半導體,中游,IC/晶圓製造,其他IC/二極體製造
5426,電腦及週邊設備,上游,其他電腦及週邊設備之零組件,
5432,太陽能產業,下游,太陽能發電設備/系統及系統工程,
5432,平面顯示器,中游,顯示器模組,
5434,LED照明產業,下游,封裝/模組,
5434,LED照明產業,中游,生產製程、檢測設備及原物料,
5434,半導體,中游,化學品,
5434,半導體,中游,生產製程及檢測設備,
5434,太陽能產業,上游,材料,
5434,太陽能產業,下游,太陽能發電設備/系統及系統工程,
5434,太陽能產業,中游,太陽能電池模組,
5434,被動元件,上游,電阻器材料,
5434,被動元件,中游,電感器,
5434,貿易百貨,中游,貿易商、代理商、經銷商,
5438,電腦及週邊設備,下游,印表機、傳真機、掃瞄器、多功能事務機、投影機,
5439,印刷電路板,中游,硬板、軟板、IC載板製造,
5439,通信網路,上游,印刷電路板,
5439,電動車輛產業,中游,零組件,
5443,半導體,下游,生產製程及檢測設備,
5443,平面顯示器,中游,生產製程及檢測,
5450,紡織,下游,成衣及其它家居紡織類品,
5452,其他,,其他電子產品及電子服務產業,
5455,建材營造,中游,建設業,
5457,太空衛星科技,上游,零組件/材料,天線/射頻基頻
5457,太空衛星科技,上游,零組件/材料,太陽能板/電池
5457,太空衛星科技,上游,零組件/材料,微電子
5457,太空衛星科技,上游,零組件/材料,感測器
5457,太空衛星科技,上游,零組件/材料,金屬/燃料
5457,通信網路,上游,塑膠/金屬機殼,
5457,通信網路,上游,線材,
5457,通信網路,下游,網路設備,
5457,連接器,中游,連接器設計、組裝及製造,
5457,運動科技,中游,穿戴式裝置,
5457,醫療器材,中游,醫療器材研發、設計、製造,人工關節
5457,醫療器材,中游,醫療器材研發、設計、製造,其他
5457,醫療器材,中游,醫療器材研發、設計、製造,生物檢測
5457,醫療器材,中游,醫療器材研發、設計、製造,衛生用品
5457,醫療器材,中游,醫療器材研發、設計、製造,醫療耗材
5457,醫療器材,中游,醫療器材研發、設計、製造,隱型眼鏡、光學鏡片
5457,醫療器材,中游,醫療器材研發、設計、製造,顯示器
5457,醫療器材,中游,醫療器材研發、設計、製造,體溫計、血壓計
5457,電動車輛產業,下游,電動汽車、電動機車、電動自行車,
5457,電動車輛產業,中游,零組件,
5457,電腦及週邊設備,上游,其他電腦及週邊設備之零組件,
5457,電腦及週邊設備,上游,散熱片、風扇馬達、散熱模組,
5457,電腦及週邊設備,上游,機殼,
5457,電腦及週邊設備,上游,連接線,
5457,電腦及週邊設備,上游,金屬、塑膠模具,
5460,LED照明產業,下游,燈具/應用,
5460,平面顯示器,上游,其他零組件,
5460,通信網路,上游,其他零組件,
5460,通信網路,上游,塑膠/金屬機殼,
5460,連接器,中游,連接器設計、組裝及製造,
5460,醫療器材,上游,電子零組件、塑化材料、五金零件,金屬零件
5460,電腦及週邊設備,上游,金屬、塑膠模具,
5464,休閒娛樂,,旅館服務業,
5464,印刷電路板,中游,硬板、軟板、IC載板製造,
5465,電腦及週邊設備,上游,機殼,
5468,半導體,上游,IC設計,光通訊IC
5469,印刷電路板,中游,硬板、軟板、IC載板製造,
5471,半導體,上游,IC設計,微控制器IC
5474,人工智慧,應用與服務,系統整合,
5474,人工智慧,核心技術,機器學習,
5474,電腦及週邊設備,上游,其他電腦及週邊設備之零組件,
5474,電腦及週邊設備,上游,多功能視訊卡,
5474,電腦及週邊設備,下游,安全監控系統,
5475,印刷電路板,上游,玻璃纖維/玻纖布,
5478,休閒娛樂,,線上遊戲業,營運發行
5478,休閒娛樂,,線上遊戲業,設計開發
5478,文化創意業,,數位內容產業,
5478,金融科技,領域應用,支付,
5478,電子商務,,自有產品(服務)銷售,
5478,電子商務,,資訊系統建置服務,
5478,電子商務,,金流串接處理服務,
5481,文化創意業,,其他,
5483,半導體,中游,IC/晶圓製造,晶圓製造
5483,半導體,中游,化學品,
5483,太陽能產業,上游,矽晶圓/矽晶片,
5483,太陽能產業,中游,太陽能電池,
5483,太陽能產業,中游,太陽能電池模組,
5483,智慧電網,,能源管理服務,
5483,智慧電網,,電力零售業,
5483,電機機械,下游,車用機械傳動設備及零配件,
5484,電腦及週邊設備,下游,安全監控系統,
5487,半導體,上游,IC設計,微控制器IC
5487,半導體,上游,IC設計,消費性IC
5488,電腦及週邊設備,上游,連接線,
5489,平面顯示器,中游,生產製程及檢測,
5489,電腦及週邊設備,下游,安全監控系統,
5490,觸控面板,下游,工業用設備,
5490,電腦及週邊設備,下游,工業電腦,
5493,半導體,下游,生產製程及檢測設備,
5493,半導體,中游,生產製程及檢測設備,
5493,平面顯示器,下游,監視器/顯示器,
5493,觸控面板,下游,工業用設備,
5493,軟體服務,,應用/系統軟體設計開發,
5493,軟體服務,,系統整合服務,
5493,軟體服務,,資料處理服務,
5493,軟體服務,,通路經銷,
5493,運動科技,上游,感測裝置,
5498,印刷電路板,中游,基板組裝加工及相關製造,
5498,印刷電路板,中游,銅箔基板,
5508,建材營造,中游,建設業,
5511,建材營造,中游,營造業,
5512,建材營造,中游,建設業,
5514,建材營造,中游,建設業,
5515,建材營造,上游,建材原料,
5515,建材營造,中游,營造業,
5516,建材營造,中游,營造業,
5519,建材營造,中游,建設業,
5519,建材營造,中游,營造業,
5521,建材營造,中游,營造業,
5522,建材營造,中游,建設業,
5523,建材營造,中游,建設業,
5525,建材營造,中游,建設業,
5529,建材營造,中游,建設業,
5530,其他,,其他,
5530,建材營造,中游,建設業,
5531,建材營造,中游,建設業,
5533,建材營造,中游,建設業,
5534,建材營造,上游,建材原料,
5536,LED照明產業,中游,生產製程、檢測設備及原物料,
5536,其他,,其他電子產品及電子服務產業,
5536,半導體,下游,生產製程及檢測設備,
5536,半導體,中游,生產製程及檢測設備,
5536,印刷電路板,上游,生產製程及檢測設備,
5536,太陽能產業,下游,太陽能發電設備/系統及系統工程,
5536,平面顯示器,中游,生產製程及檢測,
5536,建材營造,上游,工程設計,
5536,建材營造,上游,機電工程,
5536,建材營造,中游,工程承攬,
5536,雲端運算,上游,冷卻設備,
5536,雲端運算,上游,電力設備,
5536,雲端運算,下游,系統整合,
5536,雲端運算,下游,設備安裝服務,
5536,雲端運算,下游,顧問諮詢,
5536,電機機械,下游,冷凍空調設備及零件,
5536,電機機械,下游,機電系統工程,
5547,建材營造,中游,營造業,
5548,建材營造,中游,營造業,
5601,交通運輸及航運,,貨櫃運輸集散及倉儲,
5603,交通運輸及航運,,貨櫃運輸集散及倉儲,
5604,其他,,其他,
5607,交通運輸及航運,,貨櫃運輸集散及倉儲,
5608,交通運輸及航運,,散裝航運,
5609,交通運輸及航運,,海陸空貨運承攬,
5701,休閒娛樂,,娛樂服務業,
5701,休閒娛樂,,旅館服務業,
5703,休閒娛樂,,旅館服務業,
5704,休閒娛樂,,旅館服務業,
5706,休閒娛樂,,旅遊服務業,
5864,金融,,證券業,
5876,金融,,金控業/銀行業/保險業,
5878,金融,,金控業/銀行業/保險業,
5880,金融,,金控業/銀行業/保險業,
5902,貿易百貨,中游,貿易商、代理商、經銷商,
5903,貿易百貨,下游,零售通路,
5904,貿易百貨,下游,零售通路,
5905,休閒娛樂,,旅館服務業,
5905,貿易百貨,下游,零售通路,
6005,金融,,證券業,
6015,金融,,證券業,
6016,金融,,證券業,
6020,金融,,證券業,
6021,金融,,證券業,
6023,金融,,期貨業,
6024,金融,,期貨業,
6026,金融,,證券業,
6028,金融,,金控業/銀行業/保險業,
6101,文化創意業,,流行音樂及文化內容產業,
6103,半導體,上游,IC設計,消費性IC
6104,半導體,上游,IC設計,輸出入介面IC
6108,印刷電路板,中游,硬板、軟板、IC載板製造,
6109,通信網路,下游,無線通訊設備,
6109,電腦及週邊設備,上游,電源供應器,
6111,休閒娛樂,,線上遊戲業,營運發行
6111,休閒娛樂,,線上遊戲業,設計開發
6111,文化創意業,,數位內容產業,
6112,人工智慧,應用與服務,系統整合,
6112,人工智慧,應用與服務,領域解決方案,
6112,人工智慧,應用與服務,顧問諮詢,
6112,人工智慧,核心技術,機器學習,
6112,人工智慧,核心技術,自然語言處理,
6112,人工智慧,核心技術,電腦視覺,
6112,人工智慧,運算資源,資料處理,
6112,人工智慧,運算資源,運算設備,
6112,人工智慧,運算資源,雲端平台,
6112,大數據,基礎資源,儲存處理,
6112,大數據,基礎資源,運算元件與設備,
6112,大數據,基礎資源,雲端平台,
6112,大數據,應用與服務,系統整合,
6112,大數據,應用與服務,領域解決方案,
6112,大數據,應用與服務,顧問諮詢,
6112,大數據,軟體暨工具,分析工具,
6112,大數據,軟體暨工具,應用軟體,
6112,大數據,軟體暨工具,資料庫,
6112,資通訊安全,資安服務,資安營運管理服務,
6112,資通訊安全,資安服務,資安防護能力分析與鑑識服務,
6112,資通訊安全,資安服務,資安顧問服務,
6112,資通訊安全,資安產品,安全營運與事件回應,
6112,資通訊安全,資安產品,物聯網安全,
6112,資通訊安全,資安產品,端點安全防護,
6112,資通訊安全,資安產品,網路基礎設施,
6112,資通訊安全,資安產品,網路安全防護,
6112,資通訊安全,資安產品,網頁內容安全,
6112,資通訊安全,資安產品,行動安全,
6112,資通訊安全,資安產品,資安治理,
6112,資通訊安全,資安產品,資料安全,
6112,資通訊安全,資安產品,身分認證與訪問管理,
6112,資通訊安全,資安產品,雲端安全,
6112,軟體服務,,應用/系統軟體設計開發,
6112,軟體服務,,系統整合服務,
6112,軟體服務,,資料處理服務,
6112,軟體服務,,通路經銷,
6112,雲端運算,上游,電腦設備,伺服器
6112,雲端運算,上游,電腦設備,儲存
6112,雲端運算,上游,電腦設備,網路
6112,雲端運算,下游,系統整合,
6112,雲端運算,下游,設備安裝服務,
6112,雲端運算,下游,雲端應用服務,IaaS
6112,雲端運算,下游,雲端應用服務,PaaS
6112,雲端運算,下游,雲端應用服務,SaaS
6112,雲端運算,下游,顧問諮詢,
6112,雲端運算,中游,營運管理軟體,
6112,雲端運算,中游,虛擬化軟體,
6112,雲端運算,中游,設備管理軟體,
6112,雲端運算,中游,資安防護軟體,
6112,雲端運算,中游,雲端作業系統,
6113,半導體,下游,IC通路,
6114,電腦及週邊設備,上游,其他電腦及週邊設備之零組件,
6115,連接器,中游,連接器設計、組裝及製造,
6115,電腦及週邊設備,上游,連接線,
6116,平面顯示器,中游,面板,
6116,平面顯示器,中游,顯示器模組,
6117,電腦及週邊設備,上游,機殼,
6117,電腦及週邊設備,上游,電源供應器,
6118,其他,,其他電子產品及電子服務產業,
6120,平面顯示器,上游,其他零組件,
6120,平面顯示器,上游,塑膠框,
6120,平面顯示器,上游,擴散膜、增亮膜、導光板,
6120,平面顯示器,上游,背光模組,
6120,平面顯示器,下游,監視器/顯示器,
6120,平面顯示器,中游,顯示器模組,
6121,能源元件,下游,電池模組,
6121,電動車輛產業,中游,零組件,
6121,電腦及週邊設備,上游,電池,
6122,建材營造,上游,機電工程,
6122,建材營造,中游,工程承攬,
6122,電機機械,下游,機電系統工程,
6123,軟體服務,,系統整合服務,
6123,軟體服務,,通路經銷,
6123,雲端運算,下游,系統整合,
6123,雲端運算,下游,設備安裝服務,
6123,雲端運算,下游,雲端應用服務,IaaS
6123,雲端運算,下游,雲端應用服務,PaaS
6123,雲端運算,下游,雲端應用服務,SaaS
6123,雲端運算,下游,顧問諮詢,
6123,雲端運算,中游,營運管理軟體,
6123,雲端運算,中游,虛擬化軟體,
6123,雲端運算,中游,資安防護軟體,
6123,雲端運算,中游,雲端作業系統,
6124,LED照明產業,下游,燈具/應用,
6124,電腦及週邊設備,上游,散熱片、風扇馬達、散熱模組,
6125,太陽能產業,下游,太陽能發電設備/系統及系統工程,
6125,平面顯示器,中游,生產製程及檢測,
6125,自動化,下游,整體解決方案,
6125,電機機械,下游,機電系統工程,
6125,電機機械,下游,輸送機械及零配件,
6126,連接器,中游,連接器設計、組裝及製造,
6127,被動元件,上游,電阻器材料,
6128,休閒娛樂,,旅館服務業,
6128,電腦及週邊設備,上游,其他電腦及週邊設備之零組件,
6129,半導體,上游,IC設計,LED驅動IC
6129,半導體,上游,IC設計,平面顯示器控制IC
6129,半導體,上游,IC設計,平面顯示器驅動IC
6129,半導體,上游,IC設計,微控制器IC
6129,半導體,上游,IC設計,消費性IC
6129,半導體,上游,IC設計,電源管理IC
6130,半導體,上游,IC設計,電源管理IC
6130,太陽能產業,下游,太陽能電廠,
6130,製藥,下游,藥品代理銷售及通路,
6130,醫療器材,下游,醫療器材代理銷售及通路,醫療器材代理
6131,電腦及週邊設備,下游,安全監控系統,
6133,連接器,中游,連接器設計、組裝及製造,
6134,電腦及週邊設備,上游,連接線,
6136,通信網路,下游,電信服務業,
6138,半導體,上游,IC設計,LED驅動IC
6138,半導體,上游,IC設計,網路通訊IC
6138,半導體,上游,IC設計,電源管理IC
6138,電動車輛產業,中游,零組件,
6139,其他,,其他電子產品及電子服務產業,
6140,人工智慧,應用與服務,系統整合,
6140,人工智慧,運算資源,運算設備,
6140,軟體服務,,應用/系統軟體設計開發,
6140,軟體服務,,系統整合服務,
6140,軟體服務,,通路經銷,
6140,通信網路,下游,有線通訊設備,
6140,通信網路,下游,網路設備,
6140,雲端運算,下游,系統整合,
6140,雲端運算,下游,設備安裝服務,
6140,雲端運算,下游,顧問諮詢,
6140,雲端運算,中游,營運管理軟體,
6140,雲端運算,中游,虛擬化軟體,
6140,雲端運算,中游,設備管理軟體,
6140,雲端運算,中游,資安防護軟體,
6140,電腦及週邊設備,下游,伺服器,
6140,電腦及週邊設備,下游,其他電腦及週邊設備,
6140,電腦及週邊設備,下游,桌上型電腦,
6140,電腦及週邊設備,下游,筆記型電腦,
6141,印刷電路板,中游,硬板、軟板、IC載板製造,
6142,通信網路,下游,網路設備,
6143,平面顯示器,下游,電子書,
6143,通信網路,下游,光通訊設備,
6143,通信網路,下游,無線通訊設備,
6143,通信網路,下游,網路設備,
6143,電腦及週邊設備,上游,網路卡,
6143,電腦及週邊設備,下游,工業電腦,
6144,其他,,其他,
6144,文化創意業,,廣播電視/電影產業,
6146,其他,,其他電子產品及電子服務產業,
6147,半導體,下游,IC封裝測試,
6147,平面顯示器,上游,驅動IC,
6148,大數據,應用與服務,系統整合,
6148,軟體服務,,系統整合服務,
6148,雲端運算,下游,系統整合,
6150,區塊鏈,運算資源,元件裝置,
6150,電腦及週邊設備,上游,顯示卡,
6151,連接器,上游,塑膠材料,
6151,醫療器材,上游,電子零組件、塑化材料、五金零件,塑化材料
6152,通信網路,下游,無線通訊設備,
6152,通信網路,下游,網路設備,
6153,印刷電路板,中游,硬板、軟板、IC載板製造,
6154,其他,,其他電子產品及電子服務產業,
6154,貿易百貨,下游,零售通路,
6154,軟體服務,,通路經銷,
6154,電腦及週邊設備,上游,其他電腦及週邊設備之零組件,
6154,電腦及週邊設備,下游,伺服器,
6154,電腦及週邊設備,下游,印表機、傳真機、掃瞄器、多功能事務機、投影機,
6154,電腦及週邊設備,下游,安全監控系統,
6154,電腦及週邊設備,下游,工業電腦,
6154,電腦及週邊設備,下游,桌上型電腦,
6154,電腦及週邊設備,下游,筆記型電腦,
6154,電腦及週邊設備,下游,精簡型電腦,
6155,被動元件,上游,電感器材料,
6155,被動元件,中游,濾波器、振盪器,
6155,被動元件,中游,電感器,
6156,印刷電路板,中游,硬板、軟板、IC載板製造,
6156,被動元件,中游,電感器,
6158,連接器,中游,連接器設計、組裝及製造,
6160,電腦及週邊設備,下游,工業電腦,
6161,電腦及週邊設備,上游,主機板,
6161,電腦及週邊設備,上游,顯示卡,
6163,人工智慧,應用與服務,智慧設備,
6163,人工智慧,應用與服務,系統整合,
6163,人工智慧,應用與服務,領域解決方案,
6163,人工智慧,核心技術,機器學習,
6163,人工智慧,核心技術,電腦視覺,
6163,人工智慧,運算資源,資料處理,
6163,智慧電網,,系統整合服務,
6163,智慧電網,,能源管理服務,
6163,資通訊安全,資安服務,資安防護能力分析與鑑識服務,
6163,資通訊安全,資安服務,資安顧問服務,
6163,資通訊安全,資安產品,物聯網安全,
6163,資通訊安全,資安產品,端點安全防護,
6163,資通訊安全,資安產品,網路基礎設施,
6163,資通訊安全,資安產品,網路安全防護,
6163,資通訊安全,資安產品,網頁內容安全,
6163,資通訊安全,資安產品,資安治理,
6163,資通訊安全,資安產品,雲端安全,
6163,軟體服務,,應用/系統軟體設計開發,
6163,軟體服務,,系統整合服務,
6163,通信網路,下游,光通訊設備,
6163,通信網路,下游,無線通訊設備,
6163,通信網路,下游,網路設備,
6164,LED照明產業,下游,封裝/模組,
6164,LED照明產業,下游,燈具/應用,
6165,連接器,中游,連接器設計、組裝及製造,
6166,電腦及週邊設備,下游,工業電腦,
6167,平面顯示器,中游,顯示器模組,
6167,電腦及週邊設備,上游,面板,
6167,電腦及週邊設備,上游,顯示器模組,
6168,LED照明產業,下游,封裝/模組,
6168,平面顯示器,上游,背光源(發光二極體、冷陰極管),
6169,休閒娛樂,,線上遊戲業,營運發行
6169,休閒娛樂,,線上遊戲業,設計開發
6169,文化創意業,,數位內容產業,
6170,通信網路,下游,電信服務業,
6171,建材營造,中游,建設業,
6172,通信網路,下游,網路設備,
6172,電腦及週邊設備,上游,網路卡,
6172,電腦及週邊設備,上游,輸出入模組/介面卡,
6172,電腦及週邊設備,上游,隨身碟、記憶卡讀卡機,
6173,被動元件,上游,電容器材料,
6173,被動元件,中游,電容器,
6173,被動元件,中游,電感器,
6173,被動元件,中游,電阻器,
6174,被動元件,中游,濾波器、振盪器,
6175,被動元件,上游,電容器材料,
6176,平面顯示器,上游,背光模組,
6177,建材營造,中游,建設業,
6179,建材營造,中游,工程承攬,
6180,休閒娛樂,,線上遊戲業,營運發行
6180,休閒娛樂,,線上遊戲業,設計開發
6180,文化創意業,,數位內容產業,
6182,半導體,中游,IC/晶圓製造,晶圓製造
6183,大數據,基礎資源,儲存處理,
6183,大數據,基礎資源,運算元件與設備,
6183,大數據,基礎資源,雲端平台,
6183,大數據,應用與服務,系統整合,
6183,大數據,應用與服務,領域解決方案,
6183,大數據,應用與服務,顧問諮詢,
6183,大數據,軟體暨工具,分析工具,
6183,大數據,軟體暨工具,應用軟體,
6183,大數據,軟體暨工具,資料庫,
6183,資通訊安全,資安服務,資安營運管理服務,
6183,資通訊安全,資安服務,資安防護能力分析與鑑識服務,
6183,資通訊安全,資安服務,資安顧問服務,
6183,資通訊安全,資安產品,安全營運與事件回應,
6183,資通訊安全,資安產品,物聯網安全,
6183,資通訊安全,資安產品,端點安全防護,
6183,資通訊安全,資安產品,網路基礎設施,
6183,資通訊安全,資安產品,網路安全防護,
6183,資通訊安全,資安產品,網頁內容安全,
6183,資通訊安全,資安產品,行動安全,
6183,資通訊安全,資安產品,資安治理,
6183,資通訊安全,資安產品,資料安全,
6183,資通訊安全,資安產品,身分認證與訪問管理,
6183,資通訊安全,資安產品,雲端安全,
6183,軟體服務,,應用/系統軟體設計開發,
6183,軟體服務,,系統整合服務,
6183,軟體服務,,資料處理服務,
6183,電子商務,,資料分析處理服務,
6183,電子商務,,資訊系統建置服務,
6183,電子商務,,金流串接處理服務,
6184,文化創意業,,廣播電視/電影產業,
6185,連接器,中游,連接器設計、組裝及製造,
6186,建材營造,中游,建設業,
6187,其他,,其他電子產品及電子服務產業,
6188,電腦及週邊設備,下游,其他電腦及週邊設備,
6189,半導體,下游,IC通路,
6189,平面顯示器,中游,面板,
6189,平面顯示器,中游,顯示器模組,
6189,電腦及週邊設備,上游,晶片組,
6189,電腦及週邊設備,上游,面板,
6189,電腦及週邊設備,上游,顯示器模組,
6190,通信網路,上游,線材,
6191,印刷電路板,中游,基板組裝加工及相關製造,
6191,印刷電路板,中游,硬板、軟板、IC載板製造,
6192,其他,,其他,
6192,半導體,下游,IC通路,
6192,平面顯示器,上游,其他零組件,
6192,汽電共生,,系統整合,
6192,汽電共生,,設備維護,
6192,通信網路,上游,線材,
6194,印刷電路板,中游,硬板、軟板、IC載板製造,
6195,貿易百貨,下游,零售通路,
6196,其他,,其他電子產品及電子服務產業,
6197,通信網路,上游,線材,
6197,連接器,中游,連接器設計、組裝及製造,
6198,建材營造,中游,建設業,
6199,其他,,其他,
6201,其他,,其他電子產品及電子服務產業,
6201,貿易百貨,上游,製造商,
6201,醫療器材,中游,醫療器材研發、設計、製造,體溫計、血壓計
6201,電腦及週邊設備,下游,其他電腦及週邊設備,
6202,半導體,上游,IC設計,微控制器IC
6202,電動車輛產業,下游,電動汽車、電動機車、電動自行車,
6202,電動車輛產業,中游,零組件,
6203,電腦及週邊設備,上游,電源供應器,
6204,被動元件,上游,電阻器材料,
6204,被動元件,中游,電阻器,
6204,通信網路,上游,主/被動元件,
6204,運動科技,上游,感測裝置,
6204,電腦及週邊設備,下游,其他電腦及週邊設備,
6204,體驗科技,,感測器/模組,SLAM
6204,體驗科技,,感測器/模組,使用者感知
6204,體驗科技,,感測器/模組,其他
6204,體驗科技,,感測器/模組,手勢/動作
6204,體驗科技,,感測器/模組,深度感測
6204,體驗科技,,感測器/模組,環境感知
6204,體驗科技,,感測器/模組,視覺
6204,體驗科技,,感測器/模組,觸覺
6204,體驗科技,,感測器/模組,語音
6205,平面顯示器,上游,其他零組件,
6205,通信網路,上游,線材,
6205,連接器,中游,連接器設計、組裝及製造,
6205,電腦及週邊設備,上游,連接線,
6205,電腦及週邊設備,上游,金屬、塑膠模具,
6206,電腦及週邊設備,下游,工業電腦,
6207,LED照明產業,下游,封裝/模組,
6207,LED照明產業,下游,燈具/應用,
6207,LED照明產業,中游,生產製程、檢測設備及原物料,
6207,半導體,下游,IC封裝測試,
6207,半導體,下游,基板,
6207,半導體,中游,生產製程及檢測設備,
6207,印刷電路板,中游,硬板、軟板、IC載板製造,
6207,被動元件,中游,電容器,
6207,被動元件,中游,電阻器,
6208,半導體,中游,生產製程及檢測設備,
6209,電腦及週邊設備,上游,光學鏡片、鏡頭,
6210,印刷電路板,中游,硬板、軟板、IC載板製造,
6212,建材營造,中游,建設業,
6213,印刷電路板,中游,銅箔基板,
6214,軟體服務,,應用/系統軟體設計開發,
6214,軟體服務,,系統整合服務,
6214,軟體服務,,資料處理服務,
6214,軟體服務,,通路經銷,
6215,其他,,其他電子產品及電子服務產業,
6216,通信網路,下游,網路設備,
6217,連接器,中游,連接器設計、組裝及製造,
6218,LED照明產業,中游,生產製程、檢測設備及原物料,
6218,半導體,下游,生產製程及檢測設備,
6218,大數據,基礎資源,儲存處理,
6218,大數據,基礎資源,運算元件與設備,
6218,大數據,基礎資源,雲端平台,
6218,大數據,應用與服務,系統整合,
6218,大數據,應用與服務,領域解決方案,
6218,大數據,應用與服務,顧問諮詢,
6218,大數據,軟體暨工具,分析工具,
6218,大數據,軟體暨工具,應用軟體,
6218,大數據,軟體暨工具,資料庫,
6218,自動化,下游,自動化機台,
6218,資通訊安全,資安產品,安全營運與事件回應,
6218,資通訊安全,資安產品,物聯網安全,
6218,資通訊安全,資安產品,端點安全防護,
6218,資通訊安全,資安產品,網路基礎設施,
6218,資通訊安全,資安產品,網路安全防護,
6218,資通訊安全,資安產品,網頁內容安全,
6218,資通訊安全,資安產品,行動安全,
6218,資通訊安全,資安產品,資料安全,
6218,資通訊安全,資安產品,身分認證與訪問管理,
6218,資通訊安全,資安產品,雲端安全,
6218,軟體服務,,系統整合服務,
6218,通信網路,下游,網路設備,
6218,雲端運算,下游,系統整合,
6218,雲端運算,下游,設備安裝服務,
6218,雲端運算,下游,顧問諮詢,
6218,雲端運算,中游,虛擬化軟體,
6218,雲端運算,中游,設備管理軟體,
6218,雲端運算,中游,資安防護軟體,
6218,雲端運算,中游,雲端作業系統,
6218,電腦及週邊設備,下游,伺服器,
6218,電腦及週邊設備,下游,安全監控系統,
6219,建材營造,中游,建設業,
6220,通信網路,上游,線材,
6220,電子商務,,一般零售,
6220,電子商務,,自有產品(服務)銷售,
6220,電腦及週邊設備,上游,連接線,
6220,電腦及週邊設備,上游,電源供應器,
6221,軟體服務,,應用/系統軟體設計開發,
6221,軟體服務,,系統整合服務,
6221,軟體服務,,通路經銷,
6221,雲端運算,上游,電腦設備,伺服器
6221,雲端運算,上游,電腦設備,儲存
6221,雲端運算,上游,電腦設備,網路
6221,雲端運算,下游,系統整合,
6221,雲端運算,下游,設備安裝服務,
6221,雲端運算,下游,雲端應用服務,IaaS
6221,雲端運算,下游,雲端應用服務,PaaS
6221,雲端運算,下游,雲端應用服務,SaaS
6221,雲端運算,下游,顧問諮詢,
6221,雲端運算,中游,虛擬化軟體,
6221,雲端運算,中游,設備管理軟體,
6221,雲端運算,中游,資安防護軟體,
6221,電腦及週邊設備,下游,伺服器,
6221,電腦及週邊設備,下游,其他電腦及週邊設備,
6222,LED照明產業,下游,封裝/模組,
6222,LED照明產業,下游,燈具/應用,
6222,LED照明產業,中游,光源/磊晶,
6223,LED照明產業,中游,生產製程、檢測設備及原物料,
6223,半導體,下游,生產製程及檢測設備,
6223,半導體,中游,生產製程及檢測設備,
6224,LED照明產業,下游,燈具/應用,
6224,LED照明產業,中游,生產製程、檢測設備及原物料,
6224,印刷電路板,中游,基板組裝加工及相關製造,
6224,印刷電路板,中游,銅箔基板,
6224,平面顯示器,上游,其他零組件,
6224,被動元件,中游,電阻器,
6224,電腦及週邊設備,上游,其他電腦及週邊設備之零組件,
6225,貿易百貨,上游,製造商,
6225,電腦及週邊設備,下游,其他電腦及週邊設備,
6225,電腦及週邊設備,下游,印表機、傳真機、掃瞄器、多功能事務機、投影機,
6226,LED照明產業,下游,封裝/模組,
6226,LED照明產業,下游,燈具/應用,
6227,半導體,下游,IC通路,
6228,建材營造,上游,工程設計,
6228,建材營造,上游,建材原料,
6228,建材營造,上游,機電工程,
6228,建材營造,下游,裝潢業,
6228,建材營造,中游,工程承攬,
6228,貿易百貨,下游,零售通路,
6228,貿易百貨,中游,貿易商、代理商、經銷商,
6228,醫療器材,中游,醫療器材研發、設計、製造,生物檢測
6228,電腦及週邊設備,下游,印表機、傳真機、掃瞄器、多功能事務機、投影機,
6229,半導體,上游,IC設計,微控制器IC
6230,電腦及週邊設備,上游,散熱片、風扇馬達、散熱模組,
6231,電腦及週邊設備,上游,BIOS(嵌入式軟體),
6233,半導體,上游,IC設計,輸出入介面IC
6233,電腦及週邊設備,上游,晶片組,
6234,太陽能產業,下游,太陽能發電設備/系統及系統工程,
6234,平面顯示器,中游,生產製程及檢測,
6234,自動化,下游,整體解決方案,
6234,自動化,下游,自動化機台,
6234,電機機械,下游,機電系統工程,
6234,電機機械,下游,輸送機械及零配件,
6235,石化及塑橡膠,下游,塑膠製品,
6235,電腦及週邊設備,上游,機殼,
6235,電腦及週邊設備,上游,金屬、塑膠模具,
6236,資通訊安全,資安服務,資安防護能力分析與鑑識服務,
6236,資通訊安全,資安產品,端點安全防護,
6236,資通訊安全,資安產品,網路安全防護,
6237,半導體,上游,IC設計,消費性IC
6239,半導體,下游,IC封裝測試,
6240,其他,,其他,
6240,軟體服務,,應用/系統軟體設計開發,
6241,通信網路,下游,網路設備,
6242,食品生技,上游,原料,
6242,食品生技,下游,保健食品代理銷售及通路,
6242,食品生技,中游,加工製成品,
6243,半導體,上游,IC設計,輸出入介面IC
6244,太陽能產業,下游,太陽能發電設備/系統及系統工程,
6244,太陽能產業,下游,太陽能電廠,
6244,太陽能產業,中游,太陽能電池,
6244,太陽能產業,中游,太陽能電池模組,
6245,通信網路,下游,網路設備,
6245,電腦及週邊設備,上游,主機板,
6245,電腦及週邊設備,下游,工業電腦,
6246,平面顯示器,上游,塑膠框,
6246,平面顯示器,上游,背光模組,
6246,平面顯示器,上游,背光源(發光二極體、冷陰極管),
6246,觸控面板,上游,玻璃基板,
6251,印刷電路板,中游,硬板、軟板、IC載板製造,
6257,半導體,下游,IC封裝測試,
6259,被動元件,中游,電感器,
6261,LED照明產業,下游,封裝/模組,
6261,LED照明產業,中游,生產製程、檢測設備及原物料,
6261,半導體,下游,IC封裝測試,
6261,半導體,下游,生產製程及檢測設備,
6263,人工智慧,應用與服務,智慧設備,
6263,人工智慧,運算資源,雲端平台,
6263,大數據,基礎資源,運算元件與設備,
6263,大數據,軟體暨工具,應用軟體,
6263,資通訊安全,資安產品,物聯網安全,
6263,資通訊安全,資安產品,網路基礎設施,
6263,資通訊安全,資安產品,資料安全,
6263,通信網路,下游,光通訊設備,
6263,通信網路,下游,有線通訊設備,
6263,通信網路,下游,無線通訊設備,
6263,通信網路,下游,網路設備,
6263,雲端運算,上游,電腦設備,伺服器
6263,雲端運算,上游,電腦設備,儲存
6263,雲端運算,上游,電腦設備,網路
6263,雲端運算,下游,系統整合,
6263,雲端運算,下游,雲端應用服務,IaaS
6263,雲端運算,下游,雲端應用服務,PaaS
6263,雲端運算,下游,雲端應用服務,SaaS
6263,雲端運算,中游,營運管理軟體,
6263,雲端運算,中游,設備管理軟體,
6263,體驗科技,,資服,IT服務
6263,體驗科技,,資服,系統整合
6264,休閒娛樂,,旅館服務業,
6264,建材營造,中游,建設業,
6264,建材營造,中游,營造業,
6265,半導體,下游,IC通路,
6266,印刷電路板,中游,基板組裝加工及相關製造,
6269,印刷電路板,中游,基板組裝加工及相關製造,
6269,印刷電路板,中游,硬板、軟板、IC載板製造,
6269,印刷電路板,中游,銅箔基板,
6270,半導體,下游,IC通路,
6271,LED照明產業,下游,封裝/模組,
6271,LED照明產業,中游,光源/磊晶,
6271,LED照明產業,中游,生產製程、檢測設備及原物料,
6271,半導體,下游,IC封裝測試,
6271,半導體,下游,IC模組,
6271,半導體,下游,基板,
6271,印刷電路板,中游,硬板、軟板、IC載板製造,
6271,太空衛星科技,上游,零組件/材料,天線/射頻基頻
6271,體驗科技,,感測器/模組,環境感知
6272,連接器,中游,連接器設計、組裝及製造,
6274,印刷電路板,中游,銅箔基板,
6275,通信網路,上游,其他零組件,
6275,醫療器材,上游,電子零組件、塑化材料、五金零件,塑化材料
6275,電動車輛產業,中游,零組件,
6275,電機機械,下游,冷凍空調設備及零件,
6275,電機機械,下游,機電系統工程,
6275,電機機械,下游,車用機械傳動設備及零配件,
6275,電腦及週邊設備,上游,散熱片、風扇馬達、散熱模組,
6276,電腦及週邊設備,上游,散熱片、風扇馬達、散熱模組,
6276,電腦及週邊設備,上游,機殼,
6276,電腦及週邊設備,上游,記憶體,
6276,電腦及週邊設備,上游,電源供應器,
6276,電腦及週邊設備,下游,其他電腦及週邊設備,
6277,LED照明產業,中游,生產製程、檢測設備及原物料,
6277,人工智慧,核心技術,機器學習,
6277,人工智慧,核心技術,自然語言處理,
6277,其他,,其他電子產品及電子服務產業,
6277,區塊鏈,基礎技術開發,監控管理,
6277,區塊鏈,解決方案提供,系統整合,
6277,半導體,下游,生產製程及檢測設備,
6277,半導體,中游,生產製程及檢測設備,
6277,平面顯示器,中游,生產製程及檢測,
6277,資通訊安全,資安產品,網路安全防護,
6277,軟體服務,,應用/系統軟體設計開發,
6277,軟體服務,,系統整合服務,
6277,通信網路,下游,光通訊設備,
6277,通信網路,下游,網路設備,
6277,雲端運算,下游,系統整合,
6277,電子商務,,自有產品(服務)銷售,
6277,電腦及週邊設備,下游,其他電腦及週邊設備,
6278,LED照明產業,上游,藍寶石晶圓/晶片,
6278,LED照明產業,下游,封裝/模組,
6278,LED照明產業,下游,燈具/應用,
6278,LED照明產業,中游,光源/磊晶,
6278,LED照明產業,中游,生產製程、檢測設備及原物料,
6278,平面顯示器,上游,背光模組,
6278,平面顯示器,中游,面板,
6278,平面顯示器,中游,顯示器模組,
6278,智慧電網,,系統整合服務,
6278,智慧電網,,能源管理服務,
6278,智慧電網,,配電管理設施,
6278,智慧電網,,電力零售業,
6278,智慧電網,,電網營造,
6278,智慧電網,,電網維運,
6278,智慧電網,,高/低壓輸電設施,
6278,能源元件,上游,原材料,
6278,能源元件,下游,電池模組,
6278,能源元件,中游,電池芯,
6278,電動車輛產業,上游,鋰電池材料,
6278,電動車輛產業,下游,電動汽車、電動機車、電動自行車,
6278,電動車輛產業,中游,零組件,
6279,汽車,上游,其他,
6279,連接器,中游,連接器設計、組裝及製造,
6281,貿易百貨,下游,零售通路,
6282,平面顯示器,上游,其他零組件,
6282,智慧電網,,配電管理設施,
6282,智慧電網,,高/低壓輸電設施,
6282,電動車輛產業,中游,零組件,
6282,電腦及週邊設備,上游,電源供應器,
6283,汽車,上游,其他,
6283,電腦及週邊設備,上游,其他電腦及週邊設備之零組件,
6284,被動元件,中游,濾波器、振盪器,
6284,被動元件,中游,電容器,
6284,被動元件,中游,電感器,
6284,通信網路,上游,主/被動元件,
6285,太空衛星科技,上游,零組件/材料,天線/射頻基頻
6285,通信網路,下游,無線通訊設備,
6285,通信網路,下游,網路設備,
6287,半導體,中游,IC/晶圓製造,其他IC/二極體製造
6288,LED照明產業,下游,封裝/模組,
6288,LED照明產業,下游,燈具/應用,
6289,LED照明產業,中游,光源/磊晶,
6290,連接器,中游,連接器設計、組裝及製造,
6291,半導體,上游,IC設計,電源管理IC
6292,被動元件,中游,電感器,
6294,文化創意業,,數位內容產業,
6405,平面顯示器,上游,其他零組件,
6405,觸控面板,上游,玻璃基板,
6409,其他,,其他電子產品及電子服務產業,
6409,太陽能產業,下游,太陽能發電設備/系統及系統工程,
6409,電腦及週邊設備,上游,其他電腦及週邊設備之零組件,
6411,半導體,上游,IC設計,輸出入介面IC
6412,LED照明產業,下游,燈具/應用,
6412,人工智慧,應用與服務,智慧設備,
6412,人工智慧,應用與服務,系統整合,
6412,人工智慧,應用與服務,領域解決方案,
6412,人工智慧,應用與服務,顧問諮詢,
6412,人工智慧,核心技術,機器學習,
6412,人工智慧,核心技術,電腦視覺,
6412,人工智慧,運算資源,資料處理,
6412,人工智慧,運算資源,運算設備,
6412,人工智慧,運算資源,雲端平台,
6412,電腦及週邊設備,上游,電源供應器,
6414,電腦及週邊設備,下游,工業電腦,
6416,通信網路,下游,網路設備,
6417,通信網路,下游,無線通訊設備,
6418,連接器,中游,連接器設計、組裝及製造,
6418,電腦及週邊設備,上游,連接線,
6419,電腦及週邊設備,下游,安全監控系統,
6423,半導體,上游,IP設計/IC設計代工服務,
6425,平面顯示器,中游,生產製程及檢測,
6425,自動化,下游,自動化機台,
6426,通信網路,上游,其他零組件,
6432,被動元件,中游,電感器,
6435,半導體,上游,IC設計,電源管理IC
6438,半導體,下游,生產製程及檢測設備,
6438,半導體,中游,生產製程及檢測設備,
6438,印刷電路板,上游,生產製程及檢測設備,
6438,平面顯示器,中游,生產製程及檢測,
6441,智慧電網,,配電管理設施,
6441,能源元件,下游,電池模組,
6441,電腦及週邊設備,下游,工業電腦,
6442,通信網路,下游,光通訊設備,
6443,太陽能產業,下游,太陽能電廠,
6443,太陽能產業,中游,太陽能電池,
6443,太陽能產業,中游,太陽能電池模組,
6446,製藥,上游,原材料,
6449,被動元件,中游,電容器,
6461,再生醫療,上游,幹細胞收集儲存,
6461,再生醫療,下游,臨床實驗、移植技術、疾病治療,
6461,再生醫療,中游,幹細胞開發,
6461,製藥,下游,中、西藥製劑,
6461,製藥,下游,藥品代理銷售及通路,
6461,食品生技,上游,原料,
6461,食品生技,下游,保健食品代理銷售及通路,
6461,食品生技,中游,加工製成品,
6462,半導體,上游,IC設計,消費性IC
6462,資通訊安全,資安產品,端點安全防護,
6462,資通訊安全,資安產品,身分認證與訪問管理,
6462,軟體服務,,應用/系統軟體設計開發,
6464,其他,,其他,
6465,通信網路,下游,無線通訊設備,
6469,製藥,下游,藥品代理銷售及通路,
6469,醫療器材,下游,醫療器材代理銷售及通路,醫療院所、醫療器材專賣店、藥局等通路
6469,食品生技,下游,保健食品代理銷售及通路,
6470,通信網路,上游,主/被動元件,
6470,通信網路,上游,其他零組件,
6470,通信網路,上游,印刷電路板,
6470,通信網路,上游,塑膠/金屬機殼,
6470,通信網路,上游,微處理器,
6470,通信網路,上游,網路IC,
6470,通信網路,上游,線材,
6470,通信網路,上游,記憶體,
6470,通信網路,下游,光通訊設備,
6470,通信網路,下游,有線通訊設備,
6470,通信網路,下游,無線通訊設備,
6470,通信網路,下游,網路設備,
6470,通信網路,下游,電信服務業,
6472,製藥,下游,中、西藥製劑,
6472,製藥,下游,藥品代理銷售及通路,
6474,半導體,下游,IC通路,
6477,太陽能產業,下游,太陽能電廠,
6477,太陽能產業,中游,太陽能電池模組,
6482,文化創意業,,數位內容產業,
6485,半導體,上游,IC設計,記憶體控制IC
6486,軟體服務,,系統整合服務,
6486,通信網路,下游,光通訊設備,
6486,通信網路,下游,無線通訊設備,
6486,通信網路,下游,網路設備,
6488,半導體,中游,IC/晶圓製造,晶圓製造
6491,醫療器材,中游,醫療器材研發、設計、製造,隱型眼鏡、光學鏡片
6492,製藥,上游,原材料,
6494,半導體,上游,IC設計,消費性IC
6496,製藥,上游,原材料,
6496,製藥,下游,中、西藥製劑,
6496,製藥,下游,藥品代理銷售及通路,
6496,製藥,下游,醫療院所,
6496,製藥,中游,中藥材、西藥原料藥,
6496,食品生技,下游,保健食品代理銷售及通路,
6498,電腦及週邊設備,上游,光學鏡片、鏡頭,
6499,醫療器材,中游,醫療器材研發、設計、製造,醫療耗材
6504,石化及塑橡膠,下游,化妝品,
6504,石化及塑橡膠,下游,清潔用品,
6504,紡織,下游,成衣及其它家居紡織類品,
6504,醫療器材,中游,醫療器材研發、設計、製造,衛生用品
6504,醫療器材,中游,醫療器材研發、設計、製造,醫療耗材
6505,油電燃氣,,加油站,
6505,石化及塑橡膠,上游,石化上游原料及相關鑽探設備,
6506,石化及塑橡膠,下游,接著劑(合成樹脂),
6506,紡織,下游,成衣及其它家居紡織類品,
6508,其他,,農業科技業,
6508,石化及塑橡膠,下游,塑膠製品,
6508,石化及塑橡膠,下游,農藥,
6509,印刷電路板,中游,銅箔基板,
6509,石化及塑橡膠,下游,清潔用品,
6509,石化及塑橡膠,下游,農藥,
6509,石化及塑橡膠,下游,顏染料,
6509,能源元件,上游,原材料,
6509,能源元件,下游,電池模組,
6509,能源元件,中游,電池芯,
6509,製藥,上游,原材料,
6509,製藥,下游,中、西藥製劑,
6509,造紙,中游,工業用紙,
6509,造紙,中游,文化用紙,
6509,電動車輛產業,中游,零組件,
6510,半導體,中游,生產製程及檢測設備,
6512,通信網路,下游,光通訊設備,
6512,通信網路,下游,無線通訊設備,
6512,通信網路,下游,網路設備,
6515,半導體,下游,生產製程及檢測設備,
6515,半導體,中游,生產製程及檢測設備,
6516,人工智慧,應用與服務,領域解決方案,
6516,大數據,應用與服務,領域解決方案,
6516,軟體服務,,應用/系統軟體設計開發,
6516,軟體服務,,系統整合服務,
6517,電腦及週邊設備,上游,光學鏡片、鏡頭,
6523,食品生技,下游,保健食品代理銷售及通路,
6526,半導體,上游,IC設計,網路通訊IC
6527,醫療器材,中游,醫療器材研發、設計、製造,其他
6530,資通訊安全,資安產品,網路基礎設施,
6530,通信網路,上游,主/被動元件,
6531,半導體,上游,IC設計,記憶體IC
6532,半導體,中游,生產製程及檢測設備,
6533,半導體,上游,IP設計/IC設計代工服務,
6534,石化及塑橡膠,下游,農藥,
6535,製藥,上游,原材料,
6538,其他,,其他電子產品及電子服務產業,
6542,休閒娛樂,,線上遊戲業,營運發行
6542,休閒娛樂,,線上遊戲業,設計開發
6546,通信網路,上游,其他零組件,
6547,製藥,下游,中、西藥製劑,
6547,製藥,中游,中藥材、西藥原料藥,
6548,半導體,下游,導線架,
6552,半導體,下游,基板,
6556,電腦及週邊設備,下游,安全監控系統,
6558,能源元件,中游,電池芯,
6560,電腦及週邊設備,下游,安全監控系統,
6561,大數據,基礎資源,儲存處理,
6561,大數據,基礎資源,運算元件與設備,
6561,大數據,基礎資源,雲端平台,
6561,大數據,應用與服務,領域解決方案,
6561,大數據,軟體暨工具,分析工具,
6561,大數據,軟體暨工具,應用軟體,
6561,大數據,軟體暨工具,資料庫,
6561,資通訊安全,資安產品,網路安全防護,
6561,資通訊安全,資安產品,網頁內容安全,
6561,資通訊安全,資安產品,雲端安全,
6561,通信網路,下游,網路設備,
6561,雲端運算,下游,系統整合,
6561,雲端運算,下游,設備安裝服務,
6561,雲端運算,下游,雲端應用服務,IaaS
6561,雲端運算,下游,雲端應用服務,PaaS
6561,雲端運算,下游,雲端應用服務,SaaS
6561,雲端運算,下游,顧問諮詢,
6568,半導體,上游,IC設計,光通訊IC
6568,半導體,上游,IC設計,消費性IC
6568,半導體,上游,IC設計,網路通訊IC
6568,半導體,上游,IC設計,輸出入介面IC
6569,醫療器材,中游,醫療器材研發、設計、製造,其他
6569,醫療器材,中游,醫療器材研發、設計、製造,顯示器
6570,電腦及週邊設備,下游,工業電腦,
6574,食品生技,下游,保健食品代理銷售及通路,
6576,製藥,下游,中、西藥製劑,
6577,平面顯示器,上游,其他零組件,
6577,平面顯示器,上游,塑膠框,
6577,平面顯示器,上游,背光模組,
6577,醫療器材,上游,電子零組件、塑化材料、五金零件,塑化材料
6577,醫療器材,上游,電子零組件、塑化材料、五金零件,金屬零件
6577,醫療器材,中游,醫療器材研發、設計、製造,人工關節
6577,醫療器材,中游,醫療器材研發、設計、製造,其他
6577,醫療器材,中游,醫療器材研發、設計、製造,生物檢測
6577,醫療器材,中游,醫療器材研發、設計、製造,衛生用品
6577,醫療器材,中游,醫療器材研發、設計、製造,醫療耗材
6577,醫療器材,中游,醫療器材研發、設計、製造,隱型眼鏡、光學鏡片
6577,醫療器材,中游,醫療器材研發、設計、製造,顯示器
6577,醫療器材,中游,醫療器材研發、設計、製造,體溫計、血壓計
6578,食品,上游,原物料,
6579,電腦及週邊設備,下游,其他電腦及週邊設備,
6579,電腦及週邊設備,下游,工業電腦,
6581,其他,,環保潔能服務產業,
6582,石化及塑橡膠,下游,橡膠製品,
6584,電機機械,上游,五金元件及零配件,
6584,電腦及週邊設備,上游,其他電腦及週邊設備之零組件,
6585,其他,,其他,
6585,石化及塑橡膠,下游,塑膠製品,
6588,通信網路,上游,其他零組件,
6589,製藥,下游,中、西藥製劑,
6590,資通訊安全,資安產品,資料安全,
6590,軟體服務,,應用/系統軟體設計開發,
6590,軟體服務,,系統整合服務,
6590,金融科技,領域應用,支付,
6590,電子商務,,一般零售,
6590,電子商務,,交易撮(媒)合,
6590,電子商務,,店點開設管理,
6590,電子商務,,票券銷售,
6590,電子商務,,自有產品(服務)銷售,
6590,電子商務,,行銷廣告服務,
6590,電子商務,,資料分析處理服務,
6590,電子商務,,資訊系統建置服務,
6590,電子商務,,資訊聚合,
6590,電子商務,,金流串接處理服務,
6592,其他,,其他,
6593,軟體服務,,資料處理服務,
6596,文化創意業,,流行音樂及文化內容產業,
6597,LED照明產業,中游,生產製程、檢測設備及原物料,
6597,印刷電路板,中游,硬板、軟板、IC載板製造,
6597,通信網路,上游,其他零組件,
6603,電機機械,下游,專用機械(如紡織成衣生產用機械、食品飲料生產用機械、農林用機械等),
6605,汽車,上游,其他,
6605,汽車,上游,車燈,
6606,電機機械,下游,自動販賣機,
6606,電機機械,下游,金屬加工用機械,
6609,電機機械,下游,金屬加工用機械,
6612,醫療器材,中游,醫療器材研發、設計、製造,其他
6612,醫療器材,中游,醫療器材研發、設計、製造,醫療耗材
6613,LED照明產業,中游,生產製程、檢測設備及原物料,
6613,半導體,中游,生產製程及檢測設備,
6613,平面顯示器,中游,生產製程及檢測,
6614,人工智慧,應用與服務,系統整合,
6614,人工智慧,應用與服務,領域解決方案,
6614,人工智慧,應用與服務,顧問諮詢,
6614,人工智慧,核心技術,機器學習,
6614,人工智慧,核心技術,自然語言處理,
6614,人工智慧,核心技術,電腦視覺,
6614,人工智慧,運算資源,雲端平台,
6614,大數據,基礎資源,儲存處理,
6614,大數據,基礎資源,雲端平台,
6614,大數據,應用與服務,系統整合,
6614,大數據,應用與服務,領域解決方案,
6614,大數據,應用與服務,顧問諮詢,
6614,大數據,軟體暨工具,分析工具,
6614,大數據,軟體暨工具,應用軟體,
6614,大數據,軟體暨工具,資料庫,
6614,智慧電網,,系統整合服務,
6614,智慧電網,,能源管理服務,
6614,資通訊安全,資安服務,資安防護能力分析與鑑識服務,
6614,資通訊安全,資安服務,資安顧問服務,
6614,資通訊安全,資安產品,網路基礎設施,
6614,資通訊安全,資安產品,網路安全防護,
6614,資通訊安全,資安產品,身分認證與訪問管理,
6614,資通訊安全,資安產品,雲端安全,
6614,軟體服務,,應用/系統軟體設計開發,
6614,軟體服務,,系統整合服務,
6614,軟體服務,,資料處理服務,
6614,軟體服務,,通路經銷,
6614,醫療器材,下游,醫療器材代理銷售及通路,醫療器材代理
6614,金融科技,中介工具,數據分析,
6614,金融科技,領域應用,數位銀行,
6614,金融科技,領域應用,監理法遵,
6614,雲端運算,上游,電腦設備,伺服器
6614,雲端運算,上游,電腦設備,儲存
6614,雲端運算,上游,電腦設備,網路
6614,雲端運算,下游,系統整合,
6614,雲端運算,下游,設備安裝服務,
6614,雲端運算,下游,雲端應用服務,IaaS
6614,雲端運算,下游,雲端應用服務,SaaS
6614,雲端運算,下游,顧問諮詢,
6614,雲端運算,中游,營運管理軟體,
6614,雲端運算,中游,虛擬化軟體,
6614,雲端運算,中游,設備管理軟體,
6614,雲端運算,中游,資安防護軟體,
6614,雲端運算,中游,雲端作業系統,
6614,電子商務,,交易撮(媒)合,
6614,電子商務,,自有產品(服務)銷售,
6614,電子商務,,資料分析處理服務,
6614,電子商務,,資訊聚合,
6614,體驗科技,,應用軟體/內容,工作流程引導
6614,體驗科技,,支援服務,顧問
6614,體驗科技,,資服,系統整合
6615,其他,,其他,
6620,製藥,下游,中、西藥製劑,
6624,其他,,環保潔能服務產業,
6625,文化創意業,,流行音樂及文化內容產業,
6637,醫療器材,下游,醫療器材代理銷售及通路,醫療器材代理
6637,醫療器材,下游,醫療器材代理銷售及通路,醫療院所、醫療器材專賣店、藥局等通路
6640,半導體,下游,生產製程及檢測設備,
6642,被動元件,中游,電阻器,
6643,半導體,上游,IP設計/IC設計代工服務,
6645,醫療器材,下游,醫療器材代理銷售及通路,醫療器材代理
6645,醫療器材,中游,醫療器材研發、設計、製造,生物檢測
6645,醫療器材,中游,醫療器材研發、設計、製造,醫療耗材
6649,醫療器材,中游,醫療器材研發、設計、製造,醫療耗材
6651,半導體,上游,IC設計,電源管理IC
6654,其他,,其他電子產品及電子服務產業,
6655,其他,,其他,
6657,製藥,上游,原材料,
6658,人工智慧,應用與服務,智慧設備,
6658,人工智慧,應用與服務,系統整合,
6658,人工智慧,核心技術,機器學習,
6658,人工智慧,核心技術,電腦視覺,
6658,人工智慧,運算資源,資料處理,
6658,半導體,中游,生產製程及檢測設備,
6658,印刷電路板,上游,生產製程及檢測設備,
6658,大數據,應用與服務,系統整合,
6658,大數據,軟體暨工具,應用軟體,
6661,製藥,上游,原材料,
6661,製藥,下游,中、西藥製劑,
6661,製藥,下游,藥品代理銷售及通路,
6661,製藥,下游,醫療院所,
6661,製藥,中游,中藥材、西藥原料藥,
6661,醫療器材,下游,醫療器材代理銷售及通路,醫療器材代理
6661,醫療器材,中游,醫療器材研發、設計、製造,生物檢測
6661,醫療器材,中游,醫療器材研發、設計、製造,醫療耗材
6662,再生醫療,下游,臨床實驗、移植技術、疾病治療,
6662,製藥,下游,中、西藥製劑,
6662,醫療器材,中游,醫療器材研發、設計、製造,生物檢測
6662,食品生技,中游,加工製成品,
6664,人工智慧,應用與服務,智慧設備,
6664,半導體,中游,生產製程及檢測設備,
6664,印刷電路板,上游,生產製程及檢測設備,
6664,平面顯示器,中游,生產製程及檢測,
6664,自動化,下游,自動化機台,
6664,觸控面板,下游,工業用設備,
6667,其他,,其他電子產品及電子服務產業,
6667,半導體,中游,生產製程及檢測設備,
6667,平面顯示器,中游,生產製程及檢測,
6668,電腦及週邊設備,上游,光學鏡片、鏡頭,
6669,人工智慧,運算資源,運算設備,
6669,雲端運算,上游,電腦設備,伺服器
6669,電腦及週邊設備,下游,伺服器,
6670,休閒娛樂,,高爾夫球具業,
6674,通信網路,下游,網路設備,
6679,半導體,上游,IC設計,微控制器IC
6679,半導體,上游,IC設計,輸出入介面IC
6679,半導體,上游,IC設計,電源管理IC
6679,運動科技,上游,感測裝置,
6680,人工智慧,應用與服務,智慧設備,
6680,人工智慧,運算資源,運算設備,
6680,雲端運算,上游,電腦設備,伺服器
6680,雲端運算,上游,電腦設備,儲存
6680,雲端運算,上游,電腦設備,網路
6680,電腦及週邊設備,下游,工業電腦,
6683,半導體,中游,生產製程及檢測設備,
6684,半導體,上游,IC設計,消費性IC
6684,半導體,上游,IC設計,輸出入介面IC
6689,人工智慧,應用與服務,系統整合,
6689,人工智慧,應用與服務,領域解決方案,
6689,人工智慧,應用與服務,顧問諮詢,
6689,人工智慧,核心技術,機器學習,
6689,人工智慧,運算資源,資料處理,
6689,人工智慧,運算資源,雲端平台,
6689,其他,,其他電子產品及電子服務產業,
6689,大數據,基礎資源,儲存處理,
6689,大數據,基礎資源,雲端平台,
6689,大數據,應用與服務,系統整合,
6689,大數據,應用與服務,領域解決方案,
6689,大數據,應用與服務,顧問諮詢,
6689,大數據,軟體暨工具,分析工具,
6689,大數據,軟體暨工具,應用軟體,
6689,大數據,軟體暨工具,資料庫,
6689,資通訊安全,資安服務,資安顧問服務,
6689,資通訊安全,資安產品,網頁內容安全,
6689,資通訊安全,資安產品,資料安全,
6689,資通訊安全,資安產品,雲端安全,
6689,雲端運算,下游,系統整合,
6689,雲端運算,下游,雲端應用服務,IaaS
6689,雲端運算,下游,雲端應用服務,PaaS
6689,雲端運算,下游,雲端應用服務,SaaS
6689,雲端運算,下游,顧問諮詢,
6689,雲端運算,中游,營運管理軟體,
6689,雲端運算,中游,虛擬化軟體,
6689,雲端運算,中游,資安防護軟體,
6689,雲端運算,中游,雲端作業系統,
6689,電腦及週邊設備,上游,其他電腦及週邊設備之零組件,
6690,資通訊安全,資安服務,資安營運管理服務,
6690,資通訊安全,資安服務,資安防護能力分析與鑑識服務,
6690,資通訊安全,資安服務,資安顧問服務,
6690,資通訊安全,資安產品,安全營運與事件回應,
6690,資通訊安全,資安產品,物聯網安全,
6690,資通訊安全,資安產品,端點安全防護,
6690,資通訊安全,資安產品,網路基礎設施,
6690,資通訊安全,資安產品,網路安全防護,
6690,資通訊安全,資安產品,網頁內容安全,
6690,資通訊安全,資安產品,行動安全,
6690,資通訊安全,資安產品,資安治理,
6690,資通訊安全,資安產品,資料安全,
6690,資通訊安全,資安產品,身分認證與訪問管理,
6690,資通訊安全,資安產品,雲端安全,
6690,軟體服務,,系統整合服務,
6691,其他,,其他電子產品及電子服務產業,
6692,太陽能產業,下游,太陽能發電設備/系統及系統工程,
6693,半導體,上游,IC設計,電源管理IC
6695,人工智慧,核心技術,機器學習,
6695,人工智慧,核心技術,電腦視覺,
6695,半導體,上游,IC設計,消費性IC
6695,半導體,上游,IP設計/IC設計代工服務,
6697,人工智慧,應用與服務,系統整合,
6697,人工智慧,應用與服務,顧問諮詢,
6697,人工智慧,運算資源,資料處理,
6697,大數據,基礎資源,雲端平台,
6697,大數據,應用與服務,領域解決方案,
6697,大數據,應用與服務,顧問諮詢,
6697,資通訊安全,資安服務,資安營運管理服務,
6697,資通訊安全,資安服務,資安防護能力分析與鑑識服務,
6697,資通訊安全,資安服務,資安顧問服務,
6697,資通訊安全,資安產品,端點安全防護,
6697,資通訊安全,資安產品,網路基礎設施,
6697,資通訊安全,資安產品,網路安全防護,
6697,資通訊安全,資安產品,資料安全,
6697,軟體服務,,系統整合服務,
6697,雲端運算,下游,系統整合,
6697,雲端運算,下游,雲端應用服務,IaaS
6697,雲端運算,下游,雲端應用服務,PaaS
6697,雲端運算,下游,雲端應用服務,SaaS
6697,雲端運算,下游,顧問諮詢,
6697,雲端運算,中游,虛擬化軟體,
6698,其他,,其他電子產品及電子服務產業,
6703,電子商務,,一般零售,
6703,電子商務,,自有產品(服務)銷售,
6703,食品生技,下游,保健食品代理銷售及通路,
6706,LED照明產業,中游,生產製程、檢測設備及原物料,
6706,其他,,其他電子產品及電子服務產業,
6706,半導體,中游,生產製程及檢測設備,
6706,印刷電路板,上游,生產製程及檢測設備,
6708,半導體,上游,IC設計,網路通訊IC
6708,雲端運算,下游,雲端應用服務,PaaS
6708,雲端運算,下游,雲端應用服務,SaaS
6712,再生醫療,上游,幹細胞收集儲存,
6712,再生醫療,下游,臨床實驗、移植技術、疾病治療,
6712,再生醫療,中游,幹細胞開發,
6716,半導體,上游,IC設計,微控制器IC
6719,半導體,上游,IC設計,電源管理IC
6720,半導體,上游,IC設計,消費性IC
6721,其他,,其他,
6721,其他,,環保潔能服務產業,
6722,汽車,上游,其他,
6725,其他,,其他,
6725,半導體,中游,生產製程及檢測設備,
6725,平面顯示器,中游,生產製程及檢測,
6727,印刷電路板,上游,生產製程及檢測設備,
6728,其他,,其他,
6728,貿易百貨,中游,貿易商、代理商、經銷商,
6730,醫療器材,中游,醫療器材研發、設計、製造,醫療耗材
6732,半導體,上游,IC設計,光源管理IC
6733,醫療器材,中游,醫療器材研發、設計、製造,醫療耗材
6735,其他,,其他電子產品及電子服務產業,
6735,半導體,下游,生產製程及檢測設備,
6735,半導體,中游,生產製程及檢測設備,
6739,人工智慧,應用與服務,智慧設備,
6739,人工智慧,應用與服務,系統整合,
6739,人工智慧,應用與服務,領域解決方案,
6739,人工智慧,應用與服務,顧問諮詢,
6739,其他,,其他電子產品及電子服務產業,
6739,大數據,應用與服務,系統整合,
6739,大數據,應用與服務,領域解決方案,
6739,大數據,應用與服務,顧問諮詢,
6739,大數據,軟體暨工具,分析工具,
6739,大數據,軟體暨工具,應用軟體,
6739,大數據,軟體暨工具,資料庫,
6739,自動化,上游,控制器,
6739,自動化,下游,AGV及AMR,
6739,自動化,下游,工業型機器人,
6739,自動化,下游,自動化機台,
6739,資通訊安全,資安產品,安全營運與事件回應,
6739,雲端運算,下游,系統整合,
6739,雲端運算,下游,設備安裝服務,
6739,雲端運算,下游,雲端應用服務,PaaS
6739,雲端運算,下游,顧問諮詢,
6739,雲端運算,中游,營運管理軟體,
6739,雲端運算,中游,虛擬化軟體,
6739,雲端運算,中游,設備管理軟體,
6742,電腦及週邊設備,上游,光學鏡片、鏡頭,
6742,體驗科技,,感測器/模組,深度感測
6742,體驗科技,,感測器/模組,環境感知
6742,體驗科技,,感測器/模組,視覺
6742,體驗科技,,近眼顯示,光學元件/模組
6743,其他,,其他電子產品及電子服務產業,
6743,通信網路,上游,其他零組件,
6743,電腦及週邊設備,上游,其他電腦及週邊設備之零組件,
6747,醫療器材,下游,醫療器材代理銷售及通路,醫療器材代理
6747,醫療器材,中游,醫療器材研發、設計、製造,隱型眼鏡、光學鏡片
6751,軟體服務,,系統整合服務,
6752,人工智慧,應用與服務,智慧設備,
6752,人工智慧,應用與服務,系統整合,
6752,人工智慧,應用與服務,領域解決方案,
6752,人工智慧,應用與服務,顧問諮詢,
6752,人工智慧,核心技術,機器學習,
6752,人工智慧,核心技術,移動控制,
6752,人工智慧,核心技術,自然語言處理,
6752,人工智慧,核心技術,電腦視覺,
6752,人工智慧,運算資源,資料處理,
6752,人工智慧,運算資源,運算設備,
6752,人工智慧,運算資源,雲端平台,
6752,資通訊安全,資安服務,資安營運管理服務,
6752,資通訊安全,資安服務,資安防護能力分析與鑑識服務,
6752,資通訊安全,資安服務,資安顧問服務,
6752,資通訊安全,資安產品,安全營運與事件回應,
6752,資通訊安全,資安產品,物聯網安全,
6752,資通訊安全,資安產品,端點安全防護,
6752,資通訊安全,資安產品,網路基礎設施,
6752,資通訊安全,資安產品,網路安全防護,
6752,資通訊安全,資安產品,網頁內容安全,
6752,資通訊安全,資安產品,行動安全,
6752,資通訊安全,資安產品,資安治理,
6752,資通訊安全,資安產品,資料安全,
6752,資通訊安全,資安產品,身分認證與訪問管理,
6752,資通訊安全,資安產品,雲端安全,
6752,軟體服務,,應用/系統軟體設計開發,
6752,雲端運算,上游,冷卻設備,
6752,雲端運算,上游,電力設備,
6752,雲端運算,上游,電腦設備,伺服器
6752,雲端運算,上游,電腦設備,儲存
6752,雲端運算,上游,電腦設備,網路
6752,雲端運算,下游,系統整合,
6752,雲端運算,下游,設備安裝服務,
6752,雲端運算,下游,雲端應用服務,IaaS
6752,雲端運算,下游,雲端應用服務,PaaS
6752,雲端運算,下游,雲端應用服務,SaaS
6752,雲端運算,下游,顧問諮詢,
6752,雲端運算,中游,營運管理軟體,
6752,雲端運算,中游,虛擬化軟體,
6752,雲端運算,中游,設備管理軟體,
6752,雲端運算,中游,資安防護軟體,
6752,雲端運算,中游,雲端作業系統,
6753,其他,,其他,
6754,其他,,其他,
6754,建材營造,下游,裝潢業,
6756,半導體,上游,IC設計,消費性IC
6756,半導體,上游,IC設計,輸出入介面IC
6756,半導體,上游,IC設計,電源管理IC
6757,交通運輸及航運,,海陸空大眾運輸,
6761,其他,,其他電子產品及電子服務產業,
6762,醫療器材,中游,醫療器材研發、設計、製造,醫療耗材
6763,金融科技,領域應用,支付,
6763,電子商務,,金流串接處理服務,
6767,醫療器材,中游,醫療器材研發、設計、製造,人工關節
6767,醫療器材,中游,醫療器材研發、設計、製造,其他
6770,半導體,中游,IC/晶圓製造,DRAM製造
6770,半導體,中游,IC/晶圓製造,晶圓製造
6771,其他,,環保潔能服務產業,
6776,其他,,其他,
6776,其他,,其他電子產品及電子服務產業,
6776,其他,,文化印刷業,
6776,其他,,特殊照明業,
6776,其他,,環保潔能服務產業,
6776,其他,,農業科技業,
6782,醫療器材,中游,醫療器材研發、設計、製造,隱型眼鏡、光學鏡片
6785,製藥,下游,中、西藥製劑,
6788,半導體,中游,生產製程及檢測設備,
6789,半導體,中游,生產製程及檢測設備,
6790,其他,,其他,
6790,造紙,上游,紙漿、紙類原料,
6790,造紙,下游,銷售、進出口業務,
6790,造紙,中游,家庭用紙,
6791,人工智慧,應用與服務,領域解決方案,
6791,大數據,應用與服務,領域解決方案,
6791,軟體服務,,系統整合服務,
6791,雲端運算,下游,雲端應用服務,SaaS
6792,通信網路,上游,主/被動元件,
6792,通信網路,上游,其他零組件,
6792,通信網路,下游,無線通訊設備,
6794,再生醫療,上游,幹細胞收集儲存,
6794,再生醫療,下游,臨床實驗、移植技術、疾病治療,
6794,再生醫療,中游,幹細胞開發,
6796,醫療器材,中游,醫療器材研發、設計、製造,其他
6799,半導體,上游,IC設計,電源管理IC
6803,其他,,環保潔能服務產業,
6804,休閒娛樂,,休閒車業,
6805,電腦及週邊設備,上游,機構樞紐,
6806,太陽能產業,下游,太陽能發電設備/系統及系統工程,
6806,太陽能產業,下游,太陽能電廠,
6806,風力發電,,發電營運,
6806,風力發電,,風場營造,
6806,風力發電,,風場規劃,
6806,風力發電,,風場開發,
6806,風力發電,,風機維護,
6811,人工智慧,應用與服務,系統整合,
6811,人工智慧,應用與服務,領域解決方案,
6811,人工智慧,應用與服務,顧問諮詢,
6811,人工智慧,運算資源,資料處理,
6811,人工智慧,運算資源,雲端平台,
6811,大數據,基礎資源,儲存處理,
6811,大數據,基礎資源,雲端平台,
6811,大數據,應用與服務,系統整合,
6811,大數據,應用與服務,領域解決方案,
6811,大數據,應用與服務,顧問諮詢,
6811,大數據,軟體暨工具,分析工具,
6811,大數據,軟體暨工具,應用軟體,
6811,大數據,軟體暨工具,資料庫,
6811,軟體服務,,應用/系統軟體設計開發,
6811,軟體服務,,系統整合服務,
6811,軟體服務,,資料處理服務,
6811,軟體服務,,通路經銷,
6811,雲端運算,下游,系統整合,
6811,雲端運算,下游,設備安裝服務,
6811,雲端運算,下游,雲端應用服務,IaaS
6811,雲端運算,下游,雲端應用服務,PaaS
6811,雲端運算,下游,顧問諮詢,
6811,雲端運算,中游,營運管理軟體,
6811,雲端運算,中游,虛擬化軟體,
6811,雲端運算,中游,設備管理軟體,
6811,雲端運算,中游,資安防護軟體,
6811,雲端運算,中游,雲端作業系統,
6811,體驗科技,,應用軟體/內容,其他
6811,體驗科技,,應用軟體/內容,工作流程引導
6811,體驗科技,,資服,IT服務
6811,體驗科技,,資服,系統整合
6821,被動元件,中游,濾波器、振盪器,
6821,被動元件,中游,電感器,
6823,半導體,下游,生產製程及檢測設備,
6823,半導體,中游,生產製程及檢測設備,
6829,半導體,中游,生產製程及檢測設備,
6829,平面顯示器,上游,其他零組件,
6829,電機機械,下游,金屬加工處理,
6830,其他,,其他電子產品及電子服務產業,
6831,電腦及週邊設備,上游,散熱片、風扇馬達、散熱模組,
6834,被動元件,中游,電阻器,
6835,印刷電路板,中游,硬板、軟板、IC載板製造,
6835,連接器,中游,連接器設計、組裝及製造,
6838,再生醫療,上游,幹細胞收集儲存,
6838,再生醫療,下游,臨床實驗、移植技術、疾病治療,
6838,再生醫療,中游,幹細胞開發,
6838,製藥,上游,原材料,
6838,製藥,下游,中、西藥製劑,
6838,製藥,下游,藥品代理銷售及通路,
6838,製藥,下游,醫療院所,
6838,製藥,中游,中藥材、西藥原料藥,
6838,醫療器材,上游,電子零組件、塑化材料、五金零件,塑化材料
6838,醫療器材,上游,電子零組件、塑化材料、五金零件,金屬零件
6838,醫療器材,下游,醫療器材代理銷售及通路,醫療器材代理
6838,醫療器材,下游,醫療器材代理銷售及通路,醫療院所、醫療器材專賣店、藥局等通路
6838,醫療器材,中游,醫療器材研發、設計、製造,人工關節
6838,醫療器材,中游,醫療器材研發、設計、製造,其他
6838,醫療器材,中游,醫療器材研發、設計、製造,生物檢測
6838,醫療器材,中游,醫療器材研發、設計、製造,衛生用品
6838,醫療器材,中游,醫療器材研發、設計、製造,醫療耗材
6838,醫療器材,中游,醫療器材研發、設計、製造,隱型眼鏡、光學鏡片
6838,醫療器材,中游,醫療器材研發、設計、製造,顯示器
6838,醫療器材,中游,醫療器材研發、設計、製造,體溫計、血壓計
6838,食品生技,上游,原料,
6838,食品生技,下游,保健食品代理銷售及通路,
6838,食品生技,中游,加工製成品,
6840,其他,,其他電子產品及電子服務產業,
6841,人工智慧,應用與服務,領域解決方案,
6841,醫療器材,中游,醫療器材研發、設計、製造,生物檢測
6843,電機機械,下游,輸送機械及零配件,
6844,製藥,下游,藥品代理銷售及通路,
6844,醫療器材,下游,醫療器材代理銷售及通路,醫療院所、醫療器材專賣店、藥局等通路
6844,食品生技,下游,保健食品代理銷售及通路,
6846,食品,,營養食品,
6846,食品,上游,原物料,
6846,食品,中游,加工食品,
6846,食品生技,上游,原料,
6846,食品生技,中游,加工製成品,
6855,其他,,其他電子產品及電子服務產業,
6856,文化創意業,,廣播電視/電影產業,
6856,文化創意業,,流行音樂及文化內容產業,
6856,電子商務,,一般零售,
6859,電腦及週邊設備,上游,光學鏡片、鏡頭,
6861,醫療器材,中游,醫療器材研發、設計、製造,生物檢測
6865,人工智慧,應用與服務,智慧設備,
6865,人工智慧,應用與服務,系統整合,
6865,人工智慧,應用與服務,領域解決方案,
6865,人工智慧,應用與服務,顧問諮詢,
6865,人工智慧,核心技術,機器學習,
6865,人工智慧,核心技術,移動控制,
6865,人工智慧,核心技術,自然語言處理,
6865,人工智慧,核心技術,電腦視覺,
6865,人工智慧,運算資源,資料處理,
6865,人工智慧,運算資源,運算設備,
6865,人工智慧,運算資源,雲端平台,
6865,大數據,基礎資源,儲存處理,
6865,大數據,基礎資源,運算元件與設備,
6865,大數據,基礎資源,雲端平台,
6865,大數據,應用與服務,系統整合,
6865,大數據,應用與服務,領域解決方案,
6865,大數據,應用與服務,顧問諮詢,
6865,大數據,軟體暨工具,分析工具,
6865,大數據,軟體暨工具,應用軟體,
6865,大數據,軟體暨工具,資料庫,
6865,資通訊安全,資安服務,資安營運管理服務,
6865,資通訊安全,資安服務,資安防護能力分析與鑑識服務,
6865,資通訊安全,資安服務,資安顧問服務,
6865,資通訊安全,資安產品,安全營運與事件回應,
6865,資通訊安全,資安產品,物聯網安全,
6865,資通訊安全,資安產品,端點安全防護,
6865,資通訊安全,資安產品,網路基礎設施,
6865,資通訊安全,資安產品,網路安全防護,
6865,資通訊安全,資安產品,網頁內容安全,
6865,資通訊安全,資安產品,行動安全,
6865,資通訊安全,資安產品,資安治理,
6865,資通訊安全,資安產品,資料安全,
6865,資通訊安全,資安產品,身分認證與訪問管理,
6865,資通訊安全,資安產品,雲端安全,
6865,金融科技,中介工具,數位身分,
6865,金融科技,中介工具,數據分析,
6865,金融科技,中介工具,資料聚合,
6865,金融科技,領域應用,監理法遵,
6865,雲端運算,下游,系統整合,
6865,雲端運算,下游,設備安裝服務,
6865,雲端運算,下游,雲端應用服務,IaaS
6865,雲端運算,下游,雲端應用服務,PaaS
6865,雲端運算,下游,雲端應用服務,SaaS
6865,雲端運算,下游,顧問諮詢,
6865,雲端運算,中游,營運管理軟體,
6865,雲端運算,中游,虛擬化軟體,
6865,雲端運算,中游,設備管理軟體,
6865,雲端運算,中游,資安防護軟體,
6865,雲端運算,中游,雲端作業系統,
6869,太陽能產業,下游,太陽能發電設備/系統及系統工程,
6869,太陽能產業,下游,太陽能電廠,
6869,智慧電網,,系統整合服務,
6869,智慧電網,,能源管理服務,
6869,智慧電網,,電力零售業,
6869,風力發電,,發電營運,
6869,風力發電,,風場開發,
6870,人工智慧,應用與服務,智慧設備,
6870,人工智慧,應用與服務,系統整合,
6870,人工智慧,應用與服務,領域解決方案,
6870,人工智慧,應用與服務,顧問諮詢,
6870,人工智慧,核心技術,機器學習,
6870,人工智慧,核心技術,自然語言處理,
6870,人工智慧,運算資源,資料處理,
6870,人工智慧,運算資源,雲端平台,
6870,大數據,應用與服務,系統整合,
6870,大數據,應用與服務,領域解決方案,
6870,大數據,應用與服務,顧問諮詢,
6870,大數據,軟體暨工具,分析工具,
6870,大數據,軟體暨工具,應用軟體,
6870,軟體服務,,應用/系統軟體設計開發,
6870,軟體服務,,系統整合服務,
6870,金融科技,中介工具,數據分析,
6870,金融科技,中介工具,資料聚合,
6870,金融科技,領域應用,支付,
6870,雲端運算,下游,系統整合,
6870,雲端運算,下游,雲端應用服務,IaaS
6870,雲端運算,下游,雲端應用服務,PaaS
6870,雲端運算,下游,雲端應用服務,SaaS
6870,雲端運算,下游,顧問諮詢,
6870,電子商務,,店點開設管理,
6870,電子商務,,行銷廣告服務,
6870,電子商務,,資料分析處理服務,
6870,電子商務,,資訊系統建置服務,
6870,電子商務,,資訊聚合,
6870,電子商務,,金流串接處理服務,
6872,醫療器材,中游,醫療器材研發、設計、製造,其他
6873,太陽能產業,下游,太陽能發電設備/系統及系統工程,
6873,太陽能產業,下游,太陽能電廠,
6873,智慧電網,,系統整合服務,
6873,智慧電網,,能源管理服務,
6873,智慧電網,,電力零售業,
6873,風力發電,,發電營運,
6873,風力發電,,風場開發,
6874,軟體服務,,應用/系統軟體設計開發,
6874,軟體服務,,系統整合服務,
6874,軟體服務,,資料處理服務,
6874,軟體服務,,通路經銷,
6875,製藥,下游,中、西藥製劑,
6877,人工智慧,應用與服務,智慧設備,
6877,其他,,其他電子產品及電子服務產業,
6877,半導體,中游,生產製程及檢測設備,
6877,印刷電路板,上游,生產製程及檢測設備,
6877,平面顯示器,中游,生產製程及檢測,
6881,其他,,其他,
6884,其他,,其他電子產品及電子服務產業,
6884,通信網路,下游,無線通訊設備,
6884,電腦及週邊設備,下游,印表機、傳真機、掃瞄器、多功能事務機、投影機,
6884,電腦及週邊設備,下游,工業電腦,
6884,電腦及週邊設備,下游,桌上型電腦,
6884,電腦及週邊設備,下游,筆記型電腦,
6884,電腦及週邊設備,下游,精簡型電腦,
6885,製藥,上游,原材料,
6885,製藥,下游,中、西藥製劑,
6894,其他,,環保潔能服務產業,
6895,半導體,中游,生產製程及檢測設備,
6899,觸控面板,上游,膠材,
6899,觸控面板,中游,觸控面板,
6901,其他,,其他,
6903,其他,,其他電子產品及電子服務產業,
6904,其他,,其他,
6906,人工智慧,運算資源,資料處理,
6906,人工智慧,運算資源,雲端平台,
6906,大數據,基礎資源,儲存處理,
6906,大數據,基礎資源,雲端平台,
6906,大數據,應用與服務,領域解決方案,
6906,大數據,軟體暨工具,分析工具,
6906,大數據,軟體暨工具,應用軟體,
6906,大數據,軟體暨工具,資料庫,
6906,軟體服務,,應用/系統軟體設計開發,
6906,軟體服務,,資料處理服務,
6908,其他,,其他,
6908,其他,,其他電子產品及電子服務產業,
6908,文化創意業,,其他,
6908,文化創意業,,數位內容產業,
6908,電腦及週邊設備,下游,其他電腦及週邊設備,
6909,半導體,中游,生產製程及檢測設備,
6910,人工智慧,應用與服務,系統整合,
6910,人工智慧,應用與服務,領域解決方案,
6910,人工智慧,應用與服務,顧問諮詢,
6910,人工智慧,核心技術,機器學習,
6910,人工智慧,核心技術,自然語言處理,
6910,人工智慧,運算資源,資料處理,
6910,人工智慧,運算資源,運算設備,
6910,人工智慧,運算資源,雲端平台,
6910,大數據,應用與服務,系統整合,
6910,大數據,應用與服務,領域解決方案,
6910,大數據,應用與服務,顧問諮詢,
6910,大數據,軟體暨工具,分析工具,
6910,大數據,軟體暨工具,應用軟體,
6910,軟體服務,,應用/系統軟體設計開發,
6910,軟體服務,,系統整合服務,
6910,軟體服務,,資料處理服務,
6910,軟體服務,,通路經銷,
6910,金融科技,中介工具,數據分析,
6910,金融科技,領域應用,保險,
6910,金融科技,領域應用,數位銀行,
6910,金融科技,領域應用,監理法遵,
6910,雲端運算,下游,系統整合,
6910,雲端運算,下游,設備安裝服務,
6910,雲端運算,下游,雲端應用服務,PaaS
6910,雲端運算,下游,雲端應用服務,SaaS
6910,雲端運算,下游,顧問諮詢,
6910,雲端運算,中游,營運管理軟體,
6910,雲端運算,中游,虛擬化軟體,
6910,電子商務,,資訊系統建置服務,
6913,通信網路,上游,線材,
6913,連接器,中游,連接器設計、組裝及製造,
6913,醫療器材,上游,電子零組件、塑化材料、五金零件,塑化材料
6913,醫療器材,上游,電子零組件、塑化材料、五金零件,金屬零件
6913,電腦及週邊設備,上游,連接線,
6914,其他,,其他,
6916,平面顯示器,中游,面板,
6916,平面顯示器,中游,顯示器模組,
6918,醫療器材,下游,醫療器材代理銷售及通路,醫療器材代理
6918,醫療器材,中游,醫療器材研發、設計、製造,其他
6919,製藥,上游,原材料,
6922,電腦及週邊設備,下游,工業電腦,
6923,其他,,環保潔能服務產業,
6925,人工智慧,應用與服務,系統整合,
6925,人工智慧,應用與服務,領域解決方案,
6925,人工智慧,應用與服務,顧問諮詢,
6925,人工智慧,核心技術,機器學習,
6925,人工智慧,核心技術,自然語言處理,
6925,人工智慧,運算資源,資料處理,
6925,人工智慧,運算資源,雲端平台,
6925,大數據,基礎資源,雲端平台,
6925,大數據,應用與服務,系統整合,
6925,大數據,應用與服務,領域解決方案,
6925,大數據,應用與服務,顧問諮詢,
6925,大數據,軟體暨工具,分析工具,
6925,大數據,軟體暨工具,應用軟體,
6925,大數據,軟體暨工具,資料庫,
6925,軟體服務,,應用/系統軟體設計開發,
6925,軟體服務,,系統整合服務,
6925,軟體服務,,資料處理服務,
6925,雲端運算,下游,系統整合,
6925,雲端運算,下游,雲端應用服務,SaaS
6925,雲端運算,下游,顧問諮詢,
6925,電子商務,,行銷廣告服務,
6925,電子商務,,資料分析處理服務,
6925,電子商務,,資訊系統建置服務,
6925,電子商務,,資訊聚合,
6928,電腦及週邊設備,下游,工業電腦,
6929,醫療器材,下游,醫療器材代理銷售及通路,醫療院所、醫療器材專賣店、藥局等通路
6931,醫療器材,下游,醫療器材代理銷售及通路,醫療器材代理
6931,醫療器材,下游,醫療器材代理銷售及通路,醫療院所、醫療器材專賣店、藥局等通路
6934,醫療器材,中游,醫療器材研發、設計、製造,其他
6936,其他,,農業科技業,
6937,半導體,下游,生產製程及檢測設備,
6937,半導體,中游,生產製程及檢測設備,
6937,平面顯示器,中游,生產製程及檢測,
6944,其他,,其他電子產品及電子服務產業,
6944,其他,,環保潔能服務產業,
6945,製藥,上游,原材料,
6947,其他,,環保潔能服務產業,
6949,再生醫療,上游,幹細胞收集儲存,
6949,再生醫療,下游,臨床實驗、移植技術、疾病治療,
6949,再生醫療,中游,幹細胞開發,
6951,其他,,環保潔能服務產業,
6952,其他,,農業科技業,
6953,半導體,中游,生產製程及檢測設備,
6955,醫療器材,中游,醫療器材研發、設計、製造,生物檢測
6955,醫療器材,中游,醫療器材研發、設計、製造,醫療耗材
6958,其他,,其他,
6961,休閒娛樂,,旅遊服務業,
6967,通信網路,上游,其他零組件,
6967,電腦及週邊設備,上游,其他電腦及週邊設備之零組件,
6968,貿易百貨,下游,零售通路,
6968,貿易百貨,中游,貿易商、代理商、經銷商,
6971,其他,,環保潔能服務產業,
6982,電機機械,上游,傳動元件,
6983,半導體,中游,生產製程及檢測設備,
6983,平面顯示器,中游,生產製程及檢測,
6986,再生醫療,上游,幹細胞收集儲存,
6986,再生醫療,下游,臨床實驗、移植技術、疾病治療,
6986,再生醫療,中游,幹細胞開發,
6994,其他,,環保潔能服務產業,
6994,太陽能產業,下游,太陽能發電設備/系統及系統工程,
6994,智慧電網,,系統整合服務,
6994,智慧電網,,能源管理服務,
6994,智慧電網,,電力零售業,
6996,半導體,上游,IC設計,平面顯示器驅動IC
6997,人工智慧,應用與服務,智慧設備,
6997,人工智慧,應用與服務,系統整合,
6997,人工智慧,應用與服務,領域解決方案,
6997,人工智慧,應用與服務,顧問諮詢,
6997,人工智慧,核心技術,機器學習,
6997,人工智慧,核心技術,移動控制,
6997,人工智慧,核心技術,自然語言處理,
6997,人工智慧,核心技術,電腦視覺,
6997,人工智慧,運算資源,資料處理,
6997,人工智慧,運算資源,雲端平台,
6997,大數據,基礎資源,儲存處理,
6997,大數據,基礎資源,雲端平台,
6997,大數據,應用與服務,系統整合,
6997,大數據,應用與服務,領域解決方案,
6997,大數據,應用與服務,顧問諮詢,
6997,大數據,軟體暨工具,分析工具,
6997,大數據,軟體暨工具,應用軟體,
6997,大數據,軟體暨工具,資料庫,
6997,軟體服務,,通路經銷,
6997,雲端運算,下游,系統整合,
6997,雲端運算,下游,雲端應用服務,IaaS
6997,雲端運算,下游,顧問諮詢,
6997,雲端運算,中游,營運管理軟體,
6997,雲端運算,中游,虛擬化軟體,
6997,雲端運算,中游,資安防護軟體,
6997,雲端運算,中游,雲端作業系統,
7402,電腦及週邊設備,下游,其他電腦及週邊設備,
7547,人工智慧,應用與服務,系統整合,
7547,人工智慧,應用與服務,領域解決方案,
7547,人工智慧,應用與服務,顧問諮詢,
7547,人工智慧,核心技術,機器學習,
7547,人工智慧,核心技術,自然語言處理,
7547,人工智慧,運算資源,資料處理,
7547,人工智慧,運算資源,雲端平台,
7547,大數據,基礎資源,雲端平台,
7547,大數據,應用與服務,系統整合,
7547,大數據,應用與服務,顧問諮詢,
7547,大數據,軟體暨工具,應用軟體,
7547,軟體服務,,應用/系統軟體設計開發,
7547,軟體服務,,系統整合服務,
7547,軟體服務,,資料處理服務,
7547,雲端運算,下游,系統整合,
7547,雲端運算,下游,雲端應用服務,IaaS
7547,雲端運算,下游,雲端應用服務,PaaS
7547,雲端運算,下游,雲端應用服務,SaaS
7547,雲端運算,下游,顧問諮詢,
7547,雲端運算,中游,營運管理軟體,
7556,半導體,下游,生產製程及檢測設備,
7556,半導體,中游,生產製程及檢測設備,
7584,休閒娛樂,,線上遊戲業,營運發行
7584,文化創意業,,數位內容產業,
7610,其他,,其他,
7631,其他,,其他電子產品及電子服務產業,
7631,半導體,下游,生產製程及檢測設備,
7631,半導體,中游,生產製程及檢測設備,
7631,平面顯示器,中游,生產製程及檢測,
7642,電機機械,上游,電控元件,
7642,電機機械,下游,機電系統工程,
7689,通信網路,下游,網路設備,
7689,電腦及週邊設備,下游,安全監控系統,
7703,其他,,其他電子產品及電子服務產業,
7703,半導體,下游,生產製程及檢測設備,
7703,平面顯示器,中游,生產製程及檢測,
7704,半導體,中游,生產製程及檢測設備,
7705,食品,,餐飲連鎖,
7708,食品,,餐飲連鎖,
7709,自動化,下游,自動化機台,
7709,電機機械,下游,金屬加工用機械,
7711,電腦及週邊設備,下游,伺服器,
7712,半導體,上游,IC設計,電源管理IC
7713,醫療器材,下游,醫療器材代理銷售及通路,醫療器材代理
7713,雲端運算,下游,雲端應用服務,SaaS
7713,食品生技,下游,保健食品代理銷售及通路,
7714,人工智慧,應用與服務,系統整合,
7714,人工智慧,應用與服務,領域解決方案,
7714,人工智慧,應用與服務,顧問諮詢,
7714,人工智慧,核心技術,機器學習,
7714,人工智慧,核心技術,自然語言處理,
7714,人工智慧,運算資源,資料處理,
7714,人工智慧,運算資源,雲端平台,
7714,資通訊安全,資安服務,資安營運管理服務,
7714,資通訊安全,資安服務,資安防護能力分析與鑑識服務,
7714,資通訊安全,資安服務,資安顧問服務,
7714,資通訊安全,資安產品,安全營運與事件回應,
7714,資通訊安全,資安產品,物聯網安全,
7714,資通訊安全,資安產品,端點安全防護,
7714,資通訊安全,資安產品,網路基礎設施,
7714,資通訊安全,資安產品,網路安全防護,
7714,資通訊安全,資安產品,網頁內容安全,
7714,資通訊安全,資安產品,行動安全,
7714,資通訊安全,資安產品,資安治理,
7714,資通訊安全,資安產品,資料安全,
7714,資通訊安全,資安產品,身分認證與訪問管理,
7714,資通訊安全,資安產品,雲端安全,
7714,軟體服務,,系統整合服務,
7714,軟體服務,,通路經銷,
7714,通信網路,下游,網路設備,
7714,金融科技,中介工具,數位身分,
7714,金融科技,中介工具,數據分析,
7714,雲端運算,下游,系統整合,
7714,雲端運算,下游,雲端應用服務,SaaS
7714,雲端運算,下游,顧問諮詢,
7714,雲端運算,中游,營運管理軟體,
7714,雲端運算,中游,設備管理軟體,
7714,雲端運算,中游,資安防護軟體,
7715,其他,,環保潔能服務產業,
7716,交通運輸及航運,,海陸空貨運承攬,
7718,汽車,上游,其他,
7721,電子商務,,資料分析處理服務,
7721,電子商務,,資訊系統建置服務,
7721,電子商務,,資訊聚合,
7721,電子商務,,金流串接處理服務,
7722,金融科技,領域應用,支付,
7722,電子商務,,票券銷售,
7722,電子商務,,行銷廣告服務,
7722,電子商務,,金流串接處理服務,
7723,食品,,餐飲連鎖,
7728,其他,,其他電子產品及電子服務產業,
7728,半導體,下游,生產製程及檢測設備,
7728,半導體,中游,生產製程及檢測設備,
7730,半導體,下游,生產製程及檢測設備,
7730,半導體,中游,生產製程及檢測設備,
7730,印刷電路板,上游,生產製程及檢測設備,
7730,平面顯示器,中游,生產製程及檢測,
7732,電機機械,下游,車用機械傳動設備及零配件,
7734,半導體,下游,生產製程及檢測設備,
7736,電機機械,下游,車用機械傳動設備及零配件,
7738,金融科技,領域應用,支付,
7740,智慧電網,,系統整合服務,
7740,智慧電網,,能源管理服務,
7743,食品,中游,加工食品,
7744,汽車,上游,其他,
7744,通信網路,上游,塑膠/金屬機殼,
7744,醫療器材,上游,電子零組件、塑化材料、五金零件,塑化材料
7744,醫療器材,上游,電子零組件、塑化材料、五金零件,金屬零件
7744,電動車輛產業,中游,零組件,
7744,電機機械,上游,五金元件及零配件,
7744,電腦及週邊設備,上游,機殼,
7747,人工智慧,應用與服務,系統整合,
7747,人工智慧,應用與服務,領域解決方案,
7747,人工智慧,運算資源,雲端平台,
7747,大數據,基礎資源,雲端平台,
7747,大數據,軟體暨工具,分析工具,
7747,大數據,軟體暨工具,應用軟體,
7747,大數據,軟體暨工具,資料庫,
7747,資通訊安全,資安服務,資安顧問服務,
7747,資通訊安全,資安產品,安全營運與事件回應,
7747,資通訊安全,資安產品,物聯網安全,
7747,資通訊安全,資安產品,端點安全防護,
7747,資通訊安全,資安產品,網路基礎設施,
7747,資通訊安全,資安產品,網路安全防護,
7747,資通訊安全,資安產品,網頁內容安全,
7747,資通訊安全,資安產品,資料安全,
7747,資通訊安全,資安產品,身分認證與訪問管理,
7747,資通訊安全,資安產品,雲端安全,
7747,軟體服務,,通路經銷,
7747,雲端運算,下游,雲端應用服務,IaaS
7747,雲端運算,下游,雲端應用服務,SaaS
7747,雲端運算,中游,虛擬化軟體,
7747,雲端運算,中游,設備管理軟體,
7747,雲端運算,中游,資安防護軟體,
7747,雲端運算,中游,雲端作業系統,
7750,電機機械,上游,電控元件,
7751,半導體,下游,IC封裝測試,
7751,半導體,中游,生產製程及檢測設備,
7753,LED照明產業,下游,燈具/應用,
7757,食品,,餐飲連鎖,
7760,休閒娛樂,,娛樂服務業,
7765,資通訊安全,資安服務,資安營運管理服務,
7765,資通訊安全,資安服務,資安防護能力分析與鑑識服務,
7765,資通訊安全,資安服務,資安顧問服務,
7765,資通訊安全,資安產品,安全營運與事件回應,
7765,資通訊安全,資安產品,物聯網安全,
7765,資通訊安全,資安產品,端點安全防護,
7765,資通訊安全,資安產品,網路基礎設施,
7765,資通訊安全,資安產品,網路安全防護,
7765,資通訊安全,資安產品,網頁內容安全,
7765,資通訊安全,資安產品,行動安全,
7765,資通訊安全,資安產品,資安治理,
7765,資通訊安全,資安產品,資料安全,
7765,資通訊安全,資安產品,身分認證與訪問管理,
7765,資通訊安全,資安產品,雲端安全,
7765,軟體服務,,應用/系統軟體設計開發,
7765,軟體服務,,系統整合服務,
7765,軟體服務,,資料處理服務,
7765,軟體服務,,通路經銷,
7765,雲端運算,上游,電腦設備,儲存
7765,雲端運算,上游,電腦設備,網路
7765,雲端運算,下游,系統整合,
7765,雲端運算,下游,設備安裝服務,
7765,雲端運算,下游,雲端應用服務,SaaS
7765,雲端運算,下游,顧問諮詢,
7765,雲端運算,中游,營運管理軟體,
7765,雲端運算,中游,資安防護軟體,
7765,電子商務,,資料分析處理服務,
7765,電子商務,,資訊系統建置服務,
7767,軟體服務,,系統整合服務,
7767,軟體服務,,通路經銷,
7767,電腦及週邊設備,下游,伺服器,
7767,電腦及週邊設備,下游,其他電腦及週邊設備,
7767,電腦及週邊設備,下游,桌上型電腦,
7767,電腦及週邊設備,下游,筆記型電腦,
7768,半導體,下游,生產製程及檢測設備,
7768,醫療器材,中游,醫療器材研發、設計、製造,其他
7769,半導體,中游,生產製程及檢測設備,
7770,半導體,上游,IC設計,消費性IC
7772,半導體,中游,生產製程及檢測設備,
7777,其他,,其他,
7780,食品生技,下游,保健食品代理銷售及通路,
7782,貿易百貨,下游,零售通路,
7782,電子商務,,一般零售,
7782,電子商務,,自有產品(服務)銷售,
7782,電子商務,,行銷廣告服務,
7782,電子商務,,資訊系統建置服務,
7786,風力發電,,風場營造,
7786,風力發電,,風場規劃,
7786,風力發電,,風機維護,
7788,汽車,上游,其他,
7788,電動車輛產業,中游,零組件,
7788,電機機械,上游,電控元件,
7791,食品,中游,加工食品,
7792,其他,,其他電子產品及電子服務產業,
7794,休閒娛樂,,旅館服務業,
7794,貿易百貨,中游,貿易商、代理商、經銷商,
7795,LED照明產業,中游,生產製程、檢測設備及原物料,
7795,半導體,中游,生產製程及檢測設備,
7795,印刷電路板,上游,生產製程及檢測設備,
7799,醫療器材,中游,醫療器材研發、設計、製造,其他
7803,人工智慧,應用與服務,領域解決方案,
7803,醫療器材,中游,醫療器材研發、設計、製造,生物檢測
7805,雲端運算,上游,電腦設備,伺服器
7805,雲端運算,上游,電腦設備,儲存
7805,雲端運算,上游,電腦設備,網路
7810,半導體,下游,IC封裝測試,
7810,半導體,中游,生產製程及檢測設備,
7811,運動科技,中游,運動用品,
7812,通信網路,上游,主/被動元件,
7814,再生醫療,下游,臨床實驗、移植技術、疾病治療,
7814,醫療器材,中游,醫療器材研發、設計、製造,醫療耗材
7818,其他,,其他,
7819,休閒娛樂,,娛樂服務業,
7819,軟體服務,,應用/系統軟體設計開發,
7819,軟體服務,,系統整合服務,
7819,軟體服務,,資料處理服務,
7819,軟體服務,,通路經銷,
7819,金融科技,領域應用,支付,
7819,電子商務,,資料分析處理服務,
7819,電子商務,,資訊系統建置服務,
7819,電子商務,,金流串接處理服務,
7819,電腦及週邊設備,上游,其他電腦及週邊設備之零組件,
7820,其他,,環保潔能服務產業,
7821,汽車,上游,其他,
7822,人工智慧,應用與服務,智慧設備,
7822,人工智慧,應用與服務,領域解決方案,
7822,人工智慧,核心技術,機器學習,
7822,人工智慧,核心技術,電腦視覺,
7822,半導體,下游,生產製程及檢測設備,
7822,半導體,中游,生產製程及檢測設備,
7822,大數據,軟體暨工具,分析工具,
7822,大數據,軟體暨工具,應用軟體,
7822,大數據,軟體暨工具,資料庫,
7822,軟體服務,,應用/系統軟體設計開發,
7822,軟體服務,,系統整合服務,
7825,人工智慧,應用與服務,智慧設備,
7825,人工智慧,應用與服務,系統整合,
7825,人工智慧,應用與服務,領域解決方案,
7825,人工智慧,應用與服務,顧問諮詢,
7825,人工智慧,核心技術,機器學習,
7825,人工智慧,核心技術,自然語言處理,
7825,人工智慧,核心技術,電腦視覺,
7825,人工智慧,運算資源,運算設備,
7825,人工智慧,運算資源,雲端平台,
7825,其他,,其他電子產品及電子服務產業,
7825,半導體,下游,生產製程及檢測設備,
7825,印刷電路板,上游,生產製程及檢測設備,
7825,大數據,應用與服務,系統整合,
7825,大數據,應用與服務,領域解決方案,
7825,大數據,應用與服務,顧問諮詢,
7825,大數據,軟體暨工具,分析工具,
7825,軟體服務,,應用/系統軟體設計開發,
7825,軟體服務,,系統整合服務,
7825,軟體服務,,資料處理服務,
7825,運動科技,上游,感測裝置,
7825,雲端運算,下游,雲端應用服務,PaaS
7825,雲端運算,下游,雲端應用服務,SaaS
7825,雲端運算,中游,設備管理軟體,
7825,體驗科技,,感測器/模組,使用者感知
7825,體驗科技,,感測器/模組,深度感測
7825,體驗科技,,感測器/模組,環境感知
7825,體驗科技,,感測器/模組,視覺
7825,體驗科技,,近眼顯示,LCoS
7825,體驗科技,,近眼顯示,MicroLED
7825,體驗科技,,近眼顯示,光學元件/模組
7825,體驗科技,,近眼顯示,微型顯示器/光機引擎(LightEngine)
7825,體驗科技,,近眼顯示,顯示技術
7828,半導體,下游,生產製程及檢測設備,
7828,半導體,中游,生產製程及檢測設備,
7839,人工智慧,應用與服務,領域解決方案,
7839,人工智慧,核心技術,機器學習,
7839,人工智慧,核心技術,自然語言處理,
7839,人工智慧,運算資源,資料處理,
7839,人工智慧,運算資源,雲端平台,
7839,大數據,應用與服務,系統整合,
7839,大數據,軟體暨工具,分析工具,
7839,大數據,軟體暨工具,應用軟體,
7839,大數據,軟體暨工具,資料庫,
7839,軟體服務,,應用/系統軟體設計開發,
7839,軟體服務,,系統整合服務,
7839,軟體服務,,資料處理服務,
7839,雲端運算,下游,系統整合,
7839,雲端運算,下游,雲端應用服務,SaaS
7839,雲端運算,中游,營運管理軟體,
7839,雲端運算,中游,雲端作業系統,
7839,電子商務,,交易撮(媒)合,
7839,電子商務,,店點開設管理,
7839,電子商務,,票券銷售,
7839,電子商務,,行銷廣告服務,
7839,電子商務,,資料分析處理服務,
7839,電子商務,,資訊系統建置服務,
7839,電子商務,,資訊聚合,
7839,電子商務,,金流串接處理服務,
7842,智慧電網,,系統整合服務,
7842,智慧電網,,能源管理服務,
7842,智慧電網,,電力零售業,
7855,其他,,其他,
7856,半導體,下游,生產製程及檢測設備,
7856,半導體,中游,生產製程及檢測設備,
8011,通信網路,上游,主/被動元件,
8011,通信網路,上游,線材,
8011,通信網路,下游,光通訊設備,
8016,半導體,上游,IC設計,光源管理IC
8016,半導體,上游,IC設計,平面顯示器驅動IC
8016,半導體,上游,IC設計,影像感測IC
8016,半導體,上游,IC設計,消費性IC
8016,半導體,上游,IC設計,電源管理IC
8021,其他,,其他電子產品及電子服務產業,
8024,半導體,上游,IC設計,微控制器IC
8024,半導體,上游,IC設計,消費性IC
8027,半導體,下游,生產製程及檢測設備,
8027,半導體,中游,生產製程及檢測設備,
8027,自動化,下游,自動化機台,
8027,電機機械,下游,專用機械(如紡織成衣生產用機械、食品飲料生產用機械、農林用機械等),
8028,半導體,中游,IC/晶圓製造,晶圓製造
8032,半導體,下游,IC通路,
8033,其他,,其他,
8034,其他,,其他電子產品及電子服務產業,
8034,通信網路,下游,光通訊設備,
8034,通信網路,下游,有線通訊設備,
8034,通信網路,下游,網路設備,
8038,能源元件,上游,原材料,
8038,能源元件,下游,電池模組,
8038,能源元件,中游,電池芯,
8038,電動車輛產業,上游,鋰電池材料,
8038,電動車輛產業,中游,零組件,
8039,印刷電路板,中游,銅箔基板,
8040,半導體,上游,IC設計,網路通訊IC
8042,被動元件,中游,電容器,
8043,被動元件,中游,電容器,
8044,電子商務,,一般零售,
8044,電子商務,,店點開設管理,
8044,電子商務,,物流倉儲服務,
8044,電子商務,,票券銷售,
8044,電子商務,,行銷廣告服務,
8044,電子商務,,資料分析處理服務,
8044,電子商務,,資訊系統建置服務,
8044,電子商務,,資訊聚合,
8044,電子商務,,金流串接處理服務,
8045,通信網路,下游,光通訊設備,
8046,印刷電路板,中游,硬板、軟板、IC載板製造,
8047,其他,,其他電子產品及電子服務產業,
8048,通信網路,下游,光通訊設備,
8048,通信網路,下游,無線通訊設備,
8048,通信網路,下游,網路設備,
8049,平面顯示器,中游,顯示器模組,
8050,電腦及週邊設備,下游,工業電腦,
8054,半導體,上游,IC設計,消費性IC
8054,半導體,上游,IC設計,輸出入介面IC
8054,半導體,上游,IP設計/IC設計代工服務,
8054,半導體,下游,IC模組,
8054,大數據,基礎資源,儲存處理,
8054,雲端運算,上游,電腦設備,儲存
8059,通信網路,下游,網路設備,
8064,半導體,下游,生產製程及檢測設備,
8064,平面顯示器,中游,生產製程及檢測,
8066,貿易百貨,中游,貿易商、代理商、經銷商,
8067,半導體,下游,IC通路,
8068,半導體,下游,IC通路,
8069,平面顯示器,下游,電子書,
8069,平面顯示器,中游,面板,
8070,LED照明產業,下游,燈具/應用,
8070,LED照明產業,中游,生產製程、檢測設備及原物料,
8070,半導體,下游,基板,
8070,半導體,下游,導線架,
8070,半導體,下游,生產製程及檢測設備,
8070,太陽能產業,下游,太陽能發電設備/系統及系統工程,
8070,太陽能產業,下游,太陽能電廠,
8070,平面顯示器,上游,擴散膜、增亮膜、導光板,
8070,平面顯示器,上游,背光源(發光二極體、冷陰極管),
8070,平面顯示器,上游,驅動IC,
8070,觸控面板,上游,膠材,
8071,被動元件,中游,濾波器、振盪器,
8071,被動元件,中游,電容器,
8071,被動元件,中游,電感器,
8071,被動元件,中游,電阻器,
8071,運動科技,中游,運動用品,
8071,醫療器材,中游,醫療器材研發、設計、製造,隱型眼鏡、光學鏡片
8071,電腦及週邊設備,下游,印表機、傳真機、掃瞄器、多功能事務機、投影機,
8072,其他,,其他電子產品及電子服務產業,
8074,印刷電路板,中游,硬板、軟板、IC載板製造,
8076,電腦及週邊設備,下游,工業電腦,
8077,休閒娛樂,,旅館服務業,
8080,建材營造,上游,基礎工程,
8081,半導體,上游,IC設計,電源管理IC
8083,電機機械,下游,車用機械傳動設備及零配件,
8083,電機機械,下游,輸送機械及零配件,
8084,半導體,下游,IC通路,
8084,通信網路,上游,記憶體,
8085,LED照明產業,下游,封裝/模組,
8085,LED照明產業,下游,燈具/應用,
8085,平面顯示器,上游,背光模組,
8085,平面顯示器,中游,顯示器模組,
8085,被動元件,中游,電阻器,
8085,電腦及週邊設備,下游,其他電腦及週邊設備,
8086,半導體,中游,IC/晶圓製造,晶圓製造
8087,太陽能產業,下游,太陽能發電設備/系統及系統工程,
8087,太陽能產業,下游,太陽能電廠,
8088,半導體,下游,IC模組,
8088,通信網路,上游,記憶體,
8088,電腦及週邊設備,上游,記憶體,
8088,電腦及週邊設備,上游,隨身碟、記憶卡讀卡機,
8089,通信網路,下游,光通訊設備,
8089,通信網路,下游,網路設備,
8091,LED照明產業,中游,生產製程、檢測設備及原物料,
8091,半導體,中游,生產製程及檢測設備,
8092,半導體,下游,生產製程及檢測設備,
8092,電機機械,下游,專用機械(如紡織成衣生產用機械、食品飲料生產用機械、農林用機械等),
8092,電機機械,下游,金屬加工用機械,
8093,電腦及週邊設備,上游,電源供應器,
8096,半導體,下游,IC通路,
8096,通信網路,上游,微處理器,
8096,通信網路,上游,網路IC,
8096,通信網路,上游,記憶體,
8096,電腦及週邊設備,上游,中央處理器,
8097,通信網路,下游,網路設備,
8099,人工智慧,應用與服務,系統整合,
8099,人工智慧,應用與服務,領域解決方案,
8099,人工智慧,核心技術,機器學習,
8099,人工智慧,核心技術,自然語言處理,
8099,人工智慧,運算資源,資料處理,
8099,人工智慧,運算資源,運算設備,
8099,人工智慧,運算資源,雲端平台,
8099,大數據,基礎資源,雲端平台,
8099,大數據,應用與服務,系統整合,
8099,大數據,應用與服務,領域解決方案,
8099,大數據,應用與服務,顧問諮詢,
8099,大數據,軟體暨工具,分析工具,
8099,大數據,軟體暨工具,應用軟體,
8099,智慧電網,,系統整合服務,
8099,軟體服務,,應用/系統軟體設計開發,
8099,軟體服務,,系統整合服務,
8099,軟體服務,,資料處理服務,
8099,軟體服務,,通路經銷,
8099,通信網路,下游,有線通訊設備,
8099,通信網路,下游,網路設備,
8099,雲端運算,下游,系統整合,
8099,雲端運算,下游,設備安裝服務,
8099,雲端運算,下游,雲端應用服務,IaaS
8099,雲端運算,下游,雲端應用服務,PaaS
8099,雲端運算,下游,雲端應用服務,SaaS
8099,雲端運算,下游,顧問諮詢,
8099,雲端運算,中游,營運管理軟體,
8099,雲端運算,中游,虛擬化軟體,
8099,雲端運算,中游,設備管理軟體,
8099,雲端運算,中游,資安防護軟體,
8099,雲端運算,中游,雲端作業系統,
8099,電腦及週邊設備,下游,伺服器,
8099,電腦及週邊設備,下游,其他電腦及週邊設備,
8099,電腦及週邊設備,下游,桌上型電腦,
8099,電腦及週邊設備,下游,筆記型電腦,
8099,體驗科技,,資服,IT服務
8099,體驗科技,,資服,系統整合
8101,平面顯示器,上游,其他零組件,
8101,通信網路,下游,無線通訊設備,
8102,半導體,上游,IC設計,消費性IC
8103,連接器,中游,連接器設計、組裝及製造,
8103,電腦及週邊設備,上游,連接線,
8104,平面顯示器,中游,面板,
8104,平面顯示器,中游,顯示器模組,
8105,平面顯示器,中游,面板,
8105,平面顯示器,中游,顯示器模組,
8105,觸控面板,中游,觸控面板,
8107,汽車,上游,其他,
8109,LED照明產業,中游,生產製程、檢測設備及原物料,
8109,交通運輸及航運,,海陸空大眾運輸,
8109,其他,,其他電子產品及電子服務產業,
8109,半導體,下游,IC封裝測試,
8109,太陽能產業,下游,太陽能發電設備/系統及系統工程,
8109,太陽能產業,中游,太陽能電池模組,
8109,能源元件,下游,電池模組,
8109,通信網路,上游,其他零組件,
8109,醫療器材,上游,電子零組件、塑化材料、五金零件,塑化材料
8109,醫療器材,上游,電子零組件、塑化材料、五金零件,金屬零件
8109,電動車輛產業,中游,零組件,
8109,電機機械,上游,電控元件,
8110,半導體,下游,IC封裝測試,
8111,LED照明產業,下游,封裝/模組,
8111,LED照明產業,下游,燈具/應用,
8112,半導體,下游,IC通路,
8114,電腦及週邊設備,下游,其他電腦及週邊設備,
8121,被動元件,上游,電感器材料,
8131,半導體,下游,IC封裝測試,
8131,半導體,下游,IC模組,
8147,連接器,中游,連接器設計、組裝及製造,
8150,半導體,下游,IC封裝測試,
8155,印刷電路板,中游,硬板、軟板、IC載板製造,
8162,半導體,下游,IC封裝測試,
8163,平面顯示器,上游,其他零組件,
8163,電腦及週邊設備,上游,其他電腦及週邊設備之零組件,
8171,能源元件,下游,電池模組,
8171,通信網路,上游,其他零組件,
8171,電動車輛產業,中游,零組件,
8176,通信網路,下游,網路設備,
8182,被動元件,中游,濾波器、振盪器,
8183,印刷電路板,中游,基板組裝加工及相關製造,
8183,醫療器材,中游,醫療器材研發、設計、製造,顯示器
8183,電動車輛產業,中游,零組件,
8201,其他,,其他電子產品及電子服務產業,
8210,雲端運算,上游,電腦設備,伺服器
8210,電腦及週邊設備,上游,機殼,
8213,印刷電路板,中游,硬板、軟板、IC載板製造,
8215,平面顯示器,上游,其他零組件,
8215,能源元件,上游,原材料,
8215,電動車輛產業,上游,鋰電池材料,
8222,電機機械,下游,金屬加工處理,
8227,半導體,上游,IP設計/IC設計代工服務,
8234,電腦及週邊設備,下游,工業電腦,
8240,其他,,其他,
8240,半導體,中游,生產製程及檢測設備,
8240,平面顯示器,上游,擴散膜、增亮膜、導光板,
8240,汽車,上游,車燈,
8240,通信網路,上游,其他零組件,
8240,連接器,上游,塑膠材料,
8240,電腦及週邊設備,上游,散熱片、風扇馬達、散熱模組,
8249,電腦及週邊設備,上游,其他電腦及週邊設備之零組件,
8255,電動車輛產業,中游,零組件,
8255,電機機械,下游,車用機械傳動設備及零配件,
8261,半導體,上游,IC設計,電源管理IC
8261,能源元件,上游,原材料,
8261,電動車輛產業,下游,電動汽車、電動機車、電動自行車,
8271,半導體,下游,IC模組,
8271,電腦及週邊設備,上游,記憶體,
8271,電腦及週邊設備,上游,隨身碟、記憶卡讀卡機,
8272,資通訊安全,資安產品,物聯網安全,
8272,資通訊安全,資安產品,端點安全防護,
8272,資通訊安全,資安產品,網路安全防護,
8272,資通訊安全,資安產品,行動安全,
8272,資通訊安全,資安產品,資料安全,
8272,資通訊安全,資安產品,身分認證與訪問管理,
8272,資通訊安全,資安產品,雲端安全,
8277,半導體,下游,IC模組,
8277,資通訊安全,資安產品,網頁內容安全,
8277,資通訊安全,資安產品,資料安全,
8277,資通訊安全,資安產品,身分認證與訪問管理,
8277,資通訊安全,資安產品,雲端安全,
8277,雲端運算,上游,電腦設備,伺服器
8277,雲端運算,上游,電腦設備,儲存
8277,雲端運算,上游,電腦設備,網路
8277,電腦及週邊設備,上游,記憶體,
8279,食品生技,上游,原料,
8279,食品生技,下游,保健食品代理銷售及通路,
8279,食品生技,中游,加工製成品,
8284,軟體服務,,應用/系統軟體設計開發,
8284,軟體服務,,系統整合服務,
8284,金融科技,領域應用,理財投資,
8284,電子商務,,行銷廣告服務,
8284,電子商務,,資料分析處理服務,
8284,電子商務,,資訊系統建置服務,
8284,電子商務,,資訊聚合,
8289,被動元件,中游,濾波器、振盪器,
8291,印刷電路板,中游,銅箔基板,
8299,半導體,上游,IC設計,記憶體控制IC
8299,半導體,上游,IP設計/IC設計代工服務,
8299,半導體,下游,IC模組,
8299,半導體,下游,IC通路,
8299,電腦及週邊設備,上游,其他電腦及週邊設備之零組件,
8299,電腦及週邊設備,上游,記憶體,
8299,電腦及週邊設備,上游,隨身碟、記憶卡讀卡機,
8341,其他,,環保潔能服務產業,
8342,其他,,其他,
8349,電動車輛產業,中游,零組件,
8354,其他,,其他,
8358,印刷電路板,上游,銅箔,
8358,電動車輛產業,上游,鋰電池材料,
8367,交通運輸及航運,,散裝航運,
8367,交通運輸及航運,,貨櫃航運,
8374,LED照明產業,中游,生產製程、檢測設備及原物料,
8374,人工智慧,應用與服務,智慧設備,
8374,人工智慧,應用與服務,系統整合,
8374,人工智慧,核心技術,機器學習,
8374,人工智慧,核心技術,移動控制,
8374,人工智慧,核心技術,電腦視覺,
8374,其他,,其他電子產品及電子服務產業,
8374,半導體,中游,生產製程及檢測設備,
8374,太陽能產業,下游,太陽能發電設備/系統及系統工程,
8374,平面顯示器,中游,生產製程及檢測,
8374,智慧電網,,系統整合服務,
8374,智慧電網,,能源管理服務,
8374,智慧電網,,電力零售業,
8374,雲端運算,下游,系統整合,
8374,雲端運算,下游,顧問諮詢,
8374,雲端運算,中游,營運管理軟體,
8374,雲端運算,中游,虛擬化軟體,
8374,雲端運算,中游,設備管理軟體,
8374,電機機械,下游,手工具機,
8374,電機機械,下游,機電系統工程,
8374,電腦及週邊設備,上游,其他電腦及週邊設備之零組件,
8383,其他,,其他,
8383,半導體,中游,生產製程及檢測設備,
8383,平面顯示器,上游,其他零組件,
8383,建材營造,上游,工程設計,
8383,建材營造,上游,機電工程,
8383,建材營造,中游,工程承攬,
8383,電機機械,下游,機電系統工程,
8383,電機機械,下游,金屬加工處理,
8390,其他,,環保潔能服務產業,
8401,其他,,文化印刷業,
8403,製藥,下游,藥品代理銷售及通路,
8403,醫療器材,下游,醫療器材代理銷售及通路,醫療器材代理
8403,醫療器材,下游,醫療器材代理銷售及通路,醫療院所、醫療器材專賣店、藥局等通路
8403,食品生技,下游,保健食品代理銷售及通路,
8409,醫療器材,中游,醫療器材研發、設計、製造,其他
8410,電腦及週邊設備,上游,機殼,
8415,貿易百貨,下游,零售通路,
8416,軟體服務,,系統整合服務,
8421,其他,,其他,
8421,電機機械,下游,專用機械(如紡織成衣生產用機械、食品飲料生產用機械、農林用機械等),
8422,其他,,環保潔能服務產業,
8424,建材營造,上游,建材原料,
8431,其他,,其他,
8431,連接器,上游,電鍍材料,
8432,製藥,下游,藥品代理銷售及通路,
8433,貿易百貨,中游,貿易商、代理商、經銷商,
8435,其他,,其他,
8435,其他,,環保潔能服務產業,
8436,食品生技,中游,加工製成品,
8438,其他,,其他,
8438,印刷電路板,上游,生產製程及檢測設備,
8440,其他,,環保潔能服務產業,
8443,貿易百貨,下游,零售通路,
8446,其他,,文化印刷業,
8446,文化創意業,,流行音樂及文化內容產業,
8450,文化創意業,,流行音樂及文化內容產業,
8454,文化創意業,,廣播電視/電影產業,
8454,貿易百貨,中游,貿易商、代理商、經銷商,
8454,電子商務,,一般零售,
8454,電子商務,,店點開設管理,
8454,電子商務,,物流倉儲服務,
8454,電子商務,,票券銷售,
8462,休閒娛樂,,娛樂服務業,
8463,其他,,其他,
8463,建材營造,上游,建材原料,
8463,水泥,中游,水泥成品,
8463,水泥,中游,水泥熟料,
8463,水泥,中游,水泥生料,
8463,風力發電,,其他配件,
8464,其他,,其他,
8472,貿易百貨,下游,零售通路,
8472,電子商務,,一般零售,
8472,電子商務,,票券銷售,
8472,食品,上游,原物料,
8473,其他,,環保潔能服務產業,
8476,其他,,環保潔能服務產業,
8477,電子商務,,一般零售,
8478,其他,,其他,
8481,休閒娛樂,,休閒車業,
8481,休閒娛樂,,高爾夫球具業,
8481,其他,,其他,
8487,文化創意業,,廣播電視/電影產業,
8489,其他,,其他,
8489,文化創意業,,數位內容產業,
8905,其他,,其他,
8905,建材營造,中游,建設業,
8905,食品,,冷凍、罐頭、脫水、醃漬食品,
8905,食品,上游,原物料,
8905,食品,中游,加工食品,
8906,其他,,文化印刷業,
8908,油電燃氣,,天然瓦斯供應,
8916,紡織,下游,成衣及其它家居紡織類品,
8916,貿易百貨,上游,製造商,
8916,貿易百貨,下游,零售通路,
8917,油電燃氣,,天然瓦斯供應,
8921,其他,,文化印刷業,
8923,文化創意業,,出版產業,
8924,休閒娛樂,,高爾夫球具業,
8924,運動科技,中游,運動用品,
8926,太陽能產業,下游,太陽能發電設備/系統及系統工程,
8926,太陽能產業,下游,太陽能電廠,
8926,智慧電網,,電力零售業,
8926,汽電共生,,營造設置,
8926,汽電共生,,發電營運,
8926,風力發電,,發電營運,
8926,風力發電,,風場營造,
8926,風力發電,,風場規劃,
8926,風力發電,,風場開發,
8926,風力發電,,風機維護,
8927,油電燃氣,,加油站,
8928,休閒娛樂,,高爾夫球具業,
8929,醫療器材,中游,醫療器材研發、設計、製造,衛生用品
8930,建材營造,上游,建材原料,
8932,其他,,其他,
8933,休閒娛樂,,休閒車業,
8933,電動車輛產業,下游,電動汽車、電動機車、電動自行車,
8935,石化及塑橡膠,下游,塑膠製品,
8936,建材營造,中游,營造業,
8937,休閒娛樂,,休閒車業,
8937,電動車輛產業,下游,電動汽車、電動機車、電動自行車,
8938,休閒娛樂,,高爾夫球具業,
8940,食品,,餐飲連鎖,
8941,貿易百貨,上游,製造商,
8941,貿易百貨,下游,零售通路,
8941,貿易百貨,中游,貿易商、代理商、經銷商,
8942,其他,,其他,
8942,建材營造,下游,個人、民間企業、政府機構,
8996,電機機械,上游,油空壓元件,
9902,其他,,其他,
9904,其他,,其他,
9905,其他,,其他,
9906,建材營造,中游,建設業,
9907,其他,,其他,
9907,鋼鐵,中游,冷熱軋鋼板捲,
9908,油電燃氣,,天然瓦斯供應,
9910,其他,,其他,
9911,其他,,其他,
9912,平面顯示器,下游,監視器/顯示器,
9912,電腦及週邊設備,下游,其他電腦及週邊設備,
9914,休閒娛樂,,休閒車業,
9914,電動車輛產業,下游,電動汽車、電動機車、電動自行車,
9917,交通運輸及航運,,海陸空貨運承攬,
9917,交通運輸及航運,,貨櫃運輸集散及倉儲,
9917,其他,,其他,
9917,建材營造,下游,物業管理,
9917,建材營造,中游,工程承攬,
9917,智慧電網,,系統整合服務,
9917,資通訊安全,資安服務,資安營運管理服務,
9917,資通訊安全,資安服務,資安防護能力分析與鑑識服務,
9917,資通訊安全,資安服務,資安顧問服務,
9917,資通訊安全,資安產品,物聯網安全,
9917,資通訊安全,資安產品,端點安全防護,
9917,資通訊安全,資安產品,網路基礎設施,
9917,資通訊安全,資安產品,網路安全防護,
9917,醫療器材,下游,醫療器材代理銷售及通路,醫療器材代理
9917,食品,,餐飲連鎖,
9917,食品,中游,加工食品,
9918,油電燃氣,,天然瓦斯供應,
9919,其他,,其他,
9919,石化及塑橡膠,下游,化妝品,
9919,石化及塑橡膠,下游,清潔用品,
9919,紡織,下游,成衣及其它家居紡織類品,
9919,醫療器材,中游,醫療器材研發、設計、製造,衛生用品
9919,醫療器材,中游,醫療器材研發、設計、製造,醫療耗材
9921,休閒娛樂,,休閒車業,
9925,其他,,其他,
9926,油電燃氣,,天然瓦斯供應,
9927,其他,,其他,
9928,文化創意業,,廣播電視/電影產業,
9929,其他,,文化印刷業,
9930,其他,,環保潔能服務產業,
9931,油電燃氣,,天然瓦斯供應,
9933,建材營造,中游,工程承攬,
9933,汽電共生,,營造設置,
9933,風力發電,,其他配件,
9934,其他,,其他,
9935,其他,,其他,
9937,油電燃氣,,加油站,
9938,其他,,其他,
9939,石化及塑橡膠,下游,塑膠製品,
9940,其他,,其他,
9941,其他,,其他,
9942,汽車,上游,其他,
9943,休閒娛樂,,娛樂服務業,
9944,其他,,其他,
9944,紡織,下游,成衣及其它家居紡織類品,
9945,建材營造,上游,工程設計,
9945,建材營造,上游,機電工程,
9945,建材營造,上游,結構工程,
9945,建材營造,下游,物業管理,
9945,建材營造,下游,裝潢業,
9945,建材營造,中游,建設業,
9945,建材營造,中游,營造業,
9946,建材營造,中游,建設業,
9946,貿易百貨,下游,零售通路,
9949,其他,,文化印刷業,
9949,文化創意業,,工藝產業,
9950,石化及塑橡膠,下游,塑膠製品,
9951,汽車,上游,其他,
9951,電機機械,下游,車用機械傳動設備及零配件,
9955,其他,,環保潔能服務產業,
9958,建材營造,中游,工程承攬,
9958,風力發電,,其他配件,
9958,風力發電,,塔架,
9958,風力發電,,電纜,
9960,休閒娛樂,,高爾夫球具業,
