series,date,value
A191RL1Q225SBEA,2014-01-01,-1.4
A191RL1Q225SBEA,2014-04-01,5.3
A191RL1Q225SBEA,2014-07-01,5.0
A191RL1Q225SBEA,2014-10-01,2.0
A191RL1Q225SBEA,2015-01-01,3.6
A191RL1Q225SBEA,2015-04-01,2.5
A191RL1Q225SBEA,2015-07-01,1.6
A191RL1Q225SBEA,2015-10-01,0.7
A191RL1Q225SBEA,2016-01-01,2.3
A191RL1Q225SBEA,2016-04-01,1.3
A191RL1Q225SBEA,2016-07-01,2.9
A191RL1Q225SBEA,2016-10-01,2.2
A191RL1Q225SBEA,2017-01-01,2.0
A191RL1Q225SBEA,2017-04-01,2.3
A191RL1Q225SBEA,2017-07-01,3.2
A191RL1Q225SBEA,2017-10-01,4.6
A191RL1Q225SBEA,2018-01-01,3.3
A191RL1Q225SBEA,2018-04-01,2.1
A191RL1Q225SBEA,2018-07-01,2.5
A191RL1Q225SBEA,2018-10-01,0.6
A191RL1Q225SBEA,2019-01-01,2.5
A191RL1Q225SBEA,2019-04-01,3.4
A191RL1Q225SBEA,2019-07-01,4.8
A191RL1Q225SBEA,2019-10-01,2.8
A191RL1Q225SBEA,2020-01-01,-5.2
A191RL1Q225SBEA,2020-04-01,-28.0
A191RL1Q225SBEA,2020-07-01,34.9
A191RL1Q225SBEA,2020-10-01,4.6
A191RL1Q225SBEA,2021-01-01,6.2
A191RL1Q225SBEA,2021-04-01,7.1
A191RL1Q225SBEA,2021-07-01,3.2
A191RL1Q225SBEA,2021-10-01,6.8
A191RL1Q225SBEA,2022-01-01,-1.0
A191RL1Q225SBEA,2022-04-01,0.6
A191RL1Q225SBEA,2022-07-01,2.7
A191RL1Q225SBEA,2022-10-01,2.7
A191RL1Q225SBEA,2023-01-01,3.4
A191RL1Q225SBEA,2023-04-01,2.2
A191RL1Q225SBEA,2023-07-01,4.5
A191RL1Q225SBEA,2023-10-01,3.6
A191RL1Q225SBEA,2024-01-01,1.4
A191RL1Q225SBEA,2024-04-01,3.6
A191RL1Q225SBEA,2024-07-01,3.2
A191RL1Q225SBEA,2024-10-01,2.4
A191RL1Q225SBEA,2025-01-01,0.1
A191RL1Q225SBEA,2025-04-01,4.0
A191RL1Q225SBEA,2025-07-01,3.9
A191RL1Q225SBEA,2025-10-01,0.2
A191RL1Q225SBEA,2026-01-01,2.5
A191RL1Q225SBEA,2026-04-01,2.2
BAMLH0A0HYM2,2023-10-03,4.26
BAMLH0A0HYM2,2023-10-04,4.37
BAMLH0A0HYM2,2023-10-05,4.38
BAMLH0A0HYM2,2023-10-06,4.33
BAMLH0A0HYM2,2023-10-09,4.34
BAMLH0A0HYM2,2023-10-10,4.26
BAMLH0A0HYM2,2023-10-11,4.25
BAMLH0A0HYM2,2023-10-12,4.25
BAMLH0A0HYM2,2023-10-13,4.3
BAMLH0A0HYM2,2023-10-16,4.27
BAMLH0A0HYM2,2023-10-17,4.25
BAMLH0A0HYM2,2023-10-18,4.32
BAMLH0A0HYM2,2023-10-19,4.37
BAMLH0A0HYM2,2023-10-20,4.52
BAMLH0A0HYM2,2023-10-23,4.51
BAMLH0A0HYM2,2023-10-24,4.41
BAMLH0A0HYM2,2023-10-25,4.37
BAMLH0A0HYM2,2023-10-26,4.5
BAMLH0A0HYM2,2023-10-27,4.53
BAMLH0A0HYM2,2023-10-30,4.5
BAMLH0A0HYM2,2023-10-31,4.42
BAMLH0A0HYM2,2023-11-01,4.47
BAMLH0A0HYM2,2023-11-02,4.15
BAMLH0A0HYM2,2023-11-03,4.04
BAMLH0A0HYM2,2023-11-06,4.0
BAMLH0A0HYM2,2023-11-07,4.08
BAMLH0A0HYM2,2023-11-08,4.08
BAMLH0A0HYM2,2023-11-09,4.04
BAMLH0A0HYM2,2023-11-10,4.03
BAMLH0A0HYM2,2023-11-13,4.03
BAMLH0A0HYM2,2023-11-14,3.92
BAMLH0A0HYM2,2023-11-15,3.89
BAMLH0A0HYM2,2023-11-16,4.02
BAMLH0A0HYM2,2023-11-17,3.99
BAMLH0A0HYM2,2023-11-20,3.92
BAMLH0A0HYM2,2023-11-21,3.95
BAMLH0A0HYM2,2023-11-22,3.9
BAMLH0A0HYM2,2023-11-23,3.9
BAMLH0A0HYM2,2023-11-24,3.85
BAMLH0A0HYM2,2023-11-27,3.89
BAMLH0A0HYM2,2023-11-28,3.9
BAMLH0A0HYM2,2023-11-29,3.8
BAMLH0A0HYM2,2023-11-30,3.84
BAMLH0A0HYM2,2023-12-01,3.87
BAMLH0A0HYM2,2023-12-04,3.8
BAMLH0A0HYM2,2023-12-05,3.8
BAMLH0A0HYM2,2023-12-06,3.79
BAMLH0A0HYM2,2023-12-07,3.77
BAMLH0A0HYM2,2023-12-08,3.75
BAMLH0A0HYM2,2023-12-11,3.79
BAMLH0A0HYM2,2023-12-12,3.76
BAMLH0A0HYM2,2023-12-13,3.79
BAMLH0A0HYM2,2023-12-14,3.47
BAMLH0A0HYM2,2023-12-15,3.51
BAMLH0A0HYM2,2023-12-18,3.51
BAMLH0A0HYM2,2023-12-19,3.46
BAMLH0A0HYM2,2023-12-20,3.43
BAMLH0A0HYM2,2023-12-21,3.41
BAMLH0A0HYM2,2023-12-22,3.39
BAMLH0A0HYM2,2023-12-26,3.37
BAMLH0A0HYM2,2023-12-27,3.34
BAMLH0A0HYM2,2023-12-28,3.32
BAMLH0A0HYM2,2023-12-29,3.34
BAMLH0A0HYM2,2023-12-31,3.39
BAMLH0A0HYM2,2024-01-02,3.54
BAMLH0A0HYM2,2024-01-03,3.71
BAMLH0A0HYM2,2024-01-04,3.69
BAMLH0A0HYM2,2024-01-05,3.68
BAMLH0A0HYM2,2024-01-08,3.63
BAMLH0A0HYM2,2024-01-09,3.59
BAMLH0A0HYM2,2024-01-10,3.5
BAMLH0A0HYM2,2024-01-11,3.55
BAMLH0A0HYM2,2024-01-12,3.56
BAMLH0A0HYM2,2024-01-15,3.54
BAMLH0A0HYM2,2024-01-16,3.58
BAMLH0A0HYM2,2024-01-17,3.62
BAMLH0A0HYM2,2024-01-18,3.58
BAMLH0A0HYM2,2024-01-19,3.54
BAMLH0A0HYM2,2024-01-22,3.49
BAMLH0A0HYM2,2024-01-23,3.51
BAMLH0A0HYM2,2024-01-24,3.44
BAMLH0A0HYM2,2024-01-25,3.45
BAMLH0A0HYM2,2024-01-26,3.39
BAMLH0A0HYM2,2024-01-29,3.41
BAMLH0A0HYM2,2024-01-30,3.42
BAMLH0A0HYM2,2024-01-31,3.59
BAMLH0A0HYM2,2024-02-01,3.56
BAMLH0A0HYM2,2024-02-02,3.47
BAMLH0A0HYM2,2024-02-05,3.5
BAMLH0A0HYM2,2024-02-06,3.52
BAMLH0A0HYM2,2024-02-07,3.43
BAMLH0A0HYM2,2024-02-08,3.38
BAMLH0A0HYM2,2024-02-09,3.33
BAMLH0A0HYM2,2024-02-12,3.35
BAMLH0A0HYM2,2024-02-13,3.36
BAMLH0A0HYM2,2024-02-14,3.38
BAMLH0A0HYM2,2024-02-15,3.35
BAMLH0A0HYM2,2024-02-16,3.34
BAMLH0A0HYM2,2024-02-19,3.34
BAMLH0A0HYM2,2024-02-20,3.37
BAMLH0A0HYM2,2024-02-21,3.34
BAMLH0A0HYM2,2024-02-22,3.22
BAMLH0A0HYM2,2024-02-23,3.23
BAMLH0A0HYM2,2024-02-26,3.23
BAMLH0A0HYM2,2024-02-27,3.26
BAMLH0A0HYM2,2024-02-28,3.31
BAMLH0A0HYM2,2024-02-29,3.29
BAMLH0A0HYM2,2024-03-01,3.32
BAMLH0A0HYM2,2024-03-04,3.26
BAMLH0A0HYM2,2024-03-05,3.31
BAMLH0A0HYM2,2024-03-06,3.27
BAMLH0A0HYM2,2024-03-07,3.27
BAMLH0A0HYM2,2024-03-08,3.26
BAMLH0A0HYM2,2024-03-11,3.26
BAMLH0A0HYM2,2024-03-12,3.2
BAMLH0A0HYM2,2024-03-13,3.15
BAMLH0A0HYM2,2024-03-14,3.15
BAMLH0A0HYM2,2024-03-15,3.16
BAMLH0A0HYM2,2024-03-18,3.13
BAMLH0A0HYM2,2024-03-19,3.1
BAMLH0A0HYM2,2024-03-20,3.14
BAMLH0A0HYM2,2024-03-21,3.05
BAMLH0A0HYM2,2024-03-22,3.08
BAMLH0A0HYM2,2024-03-25,3.11
BAMLH0A0HYM2,2024-03-26,3.15
BAMLH0A0HYM2,2024-03-27,3.15
BAMLH0A0HYM2,2024-03-28,3.12
BAMLH0A0HYM2,2024-03-31,3.15
BAMLH0A0HYM2,2024-04-01,3.12
BAMLH0A0HYM2,2024-04-02,3.23
BAMLH0A0HYM2,2024-04-03,3.23
BAMLH0A0HYM2,2024-04-04,3.24
BAMLH0A0HYM2,2024-04-05,3.18
BAMLH0A0HYM2,2024-04-08,3.15
BAMLH0A0HYM2,2024-04-09,3.14
BAMLH0A0HYM2,2024-04-10,3.1
BAMLH0A0HYM2,2024-04-11,3.16
BAMLH0A0HYM2,2024-04-12,3.25
BAMLH0A0HYM2,2024-04-15,3.28
BAMLH0A0HYM2,2024-04-16,3.36
BAMLH0A0HYM2,2024-04-17,3.42
BAMLH0A0HYM2,2024-04-18,3.39
BAMLH0A0HYM2,2024-04-19,3.37
BAMLH0A0HYM2,2024-04-22,3.29
BAMLH0A0HYM2,2024-04-23,3.2
BAMLH0A0HYM2,2024-04-24,3.19
BAMLH0A0HYM2,2024-04-25,3.24
BAMLH0A0HYM2,2024-04-26,3.16
BAMLH0A0HYM2,2024-04-29,3.12
BAMLH0A0HYM2,2024-04-30,3.18
BAMLH0A0HYM2,2024-05-01,3.21
BAMLH0A0HYM2,2024-05-02,3.16
BAMLH0A0HYM2,2024-05-03,3.08
BAMLH0A0HYM2,2024-05-06,3.03
BAMLH0A0HYM2,2024-05-07,3.06
BAMLH0A0HYM2,2024-05-08,3.1
BAMLH0A0HYM2,2024-05-09,3.14
BAMLH0A0HYM2,2024-05-10,3.12
BAMLH0A0HYM2,2024-05-13,3.14
BAMLH0A0HYM2,2024-05-14,3.14
BAMLH0A0HYM2,2024-05-15,3.13
BAMLH0A0HYM2,2024-05-16,3.08
BAMLH0A0HYM2,2024-05-17,3.09
BAMLH0A0HYM2,2024-05-20,3.07
BAMLH0A0HYM2,2024-05-21,3.07
BAMLH0A0HYM2,2024-05-22,3.11
BAMLH0A0HYM2,2024-05-23,3.1
BAMLH0A0HYM2,2024-05-24,3.11
BAMLH0A0HYM2,2024-05-27,3.12
BAMLH0A0HYM2,2024-05-28,3.09
BAMLH0A0HYM2,2024-05-29,3.15
BAMLH0A0HYM2,2024-05-30,3.19
BAMLH0A0HYM2,2024-05-31,3.2
BAMLH0A0HYM2,2024-06-03,3.17
BAMLH0A0HYM2,2024-06-04,3.22
BAMLH0A0HYM2,2024-06-05,3.2
BAMLH0A0HYM2,2024-06-06,3.2
BAMLH0A0HYM2,2024-06-07,3.15
BAMLH0A0HYM2,2024-06-10,3.15
BAMLH0A0HYM2,2024-06-11,3.19
BAMLH0A0HYM2,2024-06-12,3.09
BAMLH0A0HYM2,2024-06-13,3.2
BAMLH0A0HYM2,2024-06-14,3.29
BAMLH0A0HYM2,2024-06-17,3.26
BAMLH0A0HYM2,2024-06-18,3.24
BAMLH0A0HYM2,2024-06-19,3.24
BAMLH0A0HYM2,2024-06-20,3.23
BAMLH0A0HYM2,2024-06-21,3.21
BAMLH0A0HYM2,2024-06-24,3.19
BAMLH0A0HYM2,2024-06-25,3.19
BAMLH0A0HYM2,2024-06-26,3.18
BAMLH0A0HYM2,2024-06-27,3.21
BAMLH0A0HYM2,2024-06-28,3.18
BAMLH0A0HYM2,2024-06-30,3.21
BAMLH0A0HYM2,2024-07-01,3.21
BAMLH0A0HYM2,2024-07-02,3.23
BAMLH0A0HYM2,2024-07-03,3.25
BAMLH0A0HYM2,2024-07-04,3.25
BAMLH0A0HYM2,2024-07-05,3.27
BAMLH0A0HYM2,2024-07-08,3.2
BAMLH0A0HYM2,2024-07-09,3.21
BAMLH0A0HYM2,2024-07-10,3.17
BAMLH0A0HYM2,2024-07-11,3.18
BAMLH0A0HYM2,2024-07-12,3.19
BAMLH0A0HYM2,2024-07-15,3.13
BAMLH0A0HYM2,2024-07-16,3.08
BAMLH0A0HYM2,2024-07-17,3.09
BAMLH0A0HYM2,2024-07-18,3.09
BAMLH0A0HYM2,2024-07-19,3.09
BAMLH0A0HYM2,2024-07-22,3.05
BAMLH0A0HYM2,2024-07-23,3.02
BAMLH0A0HYM2,2024-07-24,3.1
BAMLH0A0HYM2,2024-07-25,3.08
BAMLH0A0HYM2,2024-07-26,3.1
BAMLH0A0HYM2,2024-07-29,3.13
BAMLH0A0HYM2,2024-07-30,3.2
BAMLH0A0HYM2,2024-07-31,3.25
BAMLH0A0HYM2,2024-08-01,3.35
BAMLH0A0HYM2,2024-08-02,3.72
BAMLH0A0HYM2,2024-08-05,3.93
BAMLH0A0HYM2,2024-08-06,3.67
BAMLH0A0HYM2,2024-08-07,3.57
BAMLH0A0HYM2,2024-08-08,3.48
BAMLH0A0HYM2,2024-08-09,3.49
BAMLH0A0HYM2,2024-08-12,3.52
BAMLH0A0HYM2,2024-08-13,3.54
BAMLH0A0HYM2,2024-08-14,3.46
BAMLH0A0HYM2,2024-08-15,3.31
BAMLH0A0HYM2,2024-08-16,3.29
BAMLH0A0HYM2,2024-08-19,3.21
BAMLH0A0HYM2,2024-08-20,3.25
BAMLH0A0HYM2,2024-08-21,3.27
BAMLH0A0HYM2,2024-08-22,3.21
BAMLH0A0HYM2,2024-08-23,3.19
BAMLH0A0HYM2,2024-08-26,3.15
BAMLH0A0HYM2,2024-08-27,3.17
BAMLH0A0HYM2,2024-08-28,3.19
BAMLH0A0HYM2,2024-08-29,3.15
BAMLH0A0HYM2,2024-08-30,3.13
BAMLH0A0HYM2,2024-08-31,3.17
BAMLH0A0HYM2,2024-09-02,3.17
BAMLH0A0HYM2,2024-09-03,3.31
BAMLH0A0HYM2,2024-09-04,3.35
BAMLH0A0HYM2,2024-09-05,3.29
BAMLH0A0HYM2,2024-09-06,3.39
BAMLH0A0HYM2,2024-09-09,3.36
BAMLH0A0HYM2,2024-09-10,3.46
BAMLH0A0HYM2,2024-09-11,3.44
BAMLH0A0HYM2,2024-09-12,3.39
BAMLH0A0HYM2,2024-09-13,3.37
BAMLH0A0HYM2,2024-09-16,3.32
BAMLH0A0HYM2,2024-09-17,3.25
BAMLH0A0HYM2,2024-09-18,3.21
BAMLH0A0HYM2,2024-09-19,3.1
BAMLH0A0HYM2,2024-09-20,3.15
BAMLH0A0HYM2,2024-09-23,3.15
BAMLH0A0HYM2,2024-09-24,3.21
BAMLH0A0HYM2,2024-09-25,3.19
BAMLH0A0HYM2,2024-09-26,3.14
BAMLH0A0HYM2,2024-09-27,3.14
BAMLH0A0HYM2,2024-09-30,3.03
BAMLH0A0HYM2,2024-10-01,3.07
BAMLH0A0HYM2,2024-10-02,3.06
BAMLH0A0HYM2,2024-10-03,3.04
BAMLH0A0HYM2,2024-10-04,2.89
BAMLH0A0HYM2,2024-10-07,2.95
BAMLH0A0HYM2,2024-10-08,2.99
BAMLH0A0HYM2,2024-10-09,2.94
BAMLH0A0HYM2,2024-10-10,2.99
BAMLH0A0HYM2,2024-10-11,2.98
BAMLH0A0HYM2,2024-10-14,2.97
BAMLH0A0HYM2,2024-10-15,2.93
BAMLH0A0HYM2,2024-10-16,2.9
BAMLH0A0HYM2,2024-10-17,2.89
BAMLH0A0HYM2,2024-10-18,2.88
BAMLH0A0HYM2,2024-10-21,2.88
BAMLH0A0HYM2,2024-10-22,2.92
BAMLH0A0HYM2,2024-10-23,2.95
BAMLH0A0HYM2,2024-10-24,2.93
BAMLH0A0HYM2,2024-10-25,2.89
BAMLH0A0HYM2,2024-10-28,2.82
BAMLH0A0HYM2,2024-10-29,2.85
BAMLH0A0HYM2,2024-10-30,2.8
BAMLH0A0HYM2,2024-10-31,2.88
BAMLH0A0HYM2,2024-11-01,2.83
BAMLH0A0HYM2,2024-11-04,2.87
BAMLH0A0HYM2,2024-11-05,2.86
BAMLH0A0HYM2,2024-11-06,2.74
BAMLH0A0HYM2,2024-11-07,2.73
BAMLH0A0HYM2,2024-11-08,2.63
BAMLH0A0HYM2,2024-11-11,2.63
BAMLH0A0HYM2,2024-11-12,2.61
BAMLH0A0HYM2,2024-11-13,2.64
BAMLH0A0HYM2,2024-11-14,2.6
BAMLH0A0HYM2,2024-11-15,2.72
BAMLH0A0HYM2,2024-11-18,2.72
BAMLH0A0HYM2,2024-11-19,2.69
BAMLH0A0HYM2,2024-11-20,2.67
BAMLH0A0HYM2,2024-11-21,2.61
BAMLH0A0HYM2,2024-11-22,2.61
BAMLH0A0HYM2,2024-11-25,2.64
BAMLH0A0HYM2,2024-11-26,2.68
BAMLH0A0HYM2,2024-11-27,2.69
BAMLH0A0HYM2,2024-11-28,2.69
BAMLH0A0HYM2,2024-11-29,2.72
BAMLH0A0HYM2,2024-11-30,2.74
BAMLH0A0HYM2,2024-12-02,2.68
BAMLH0A0HYM2,2024-12-03,2.66
BAMLH0A0HYM2,2024-12-04,2.66
BAMLH0A0HYM2,2024-12-05,2.66
BAMLH0A0HYM2,2024-12-06,2.67
BAMLH0A0HYM2,2024-12-09,2.67
BAMLH0A0HYM2,2024-12-10,2.67
BAMLH0A0HYM2,2024-12-11,2.64
BAMLH0A0HYM2,2024-12-12,2.66
BAMLH0A0HYM2,2024-12-13,2.68
BAMLH0A0HYM2,2024-12-16,2.69
BAMLH0A0HYM2,2024-12-17,2.75
BAMLH0A0HYM2,2024-12-18,2.73
BAMLH0A0HYM2,2024-12-19,2.91
BAMLH0A0HYM2,2024-12-20,2.86
BAMLH0A0HYM2,2024-12-23,2.85
BAMLH0A0HYM2,2024-12-24,2.86
BAMLH0A0HYM2,2024-12-26,2.86
BAMLH0A0HYM2,2024-12-27,2.84
BAMLH0A0HYM2,2024-12-30,2.94
BAMLH0A0HYM2,2024-12-31,2.92
BAMLH0A0HYM2,2025-01-02,2.88
BAMLH0A0HYM2,2025-01-03,2.81
BAMLH0A0HYM2,2025-01-06,2.76
BAMLH0A0HYM2,2025-01-07,2.79
BAMLH0A0HYM2,2025-01-08,2.84
BAMLH0A0HYM2,2025-01-09,2.82
BAMLH0A0HYM2,2025-01-10,2.81
BAMLH0A0HYM2,2025-01-13,2.85
BAMLH0A0HYM2,2025-01-14,2.8
BAMLH0A0HYM2,2025-01-15,2.72
BAMLH0A0HYM2,2025-01-16,2.73
BAMLH0A0HYM2,2025-01-17,2.64
BAMLH0A0HYM2,2025-01-20,2.64
BAMLH0A0HYM2,2025-01-21,2.61
BAMLH0A0HYM2,2025-01-22,2.59
BAMLH0A0HYM2,2025-01-23,2.61
BAMLH0A0HYM2,2025-01-24,2.6
BAMLH0A0HYM2,2025-01-27,2.66
BAMLH0A0HYM2,2025-01-28,2.66
BAMLH0A0HYM2,2025-01-29,2.68
BAMLH0A0HYM2,2025-01-30,2.67
BAMLH0A0HYM2,2025-01-31,2.68
BAMLH0A0HYM2,2025-02-03,2.73
BAMLH0A0HYM2,2025-02-04,2.71
BAMLH0A0HYM2,2025-02-05,2.69
BAMLH0A0HYM2,2025-02-06,2.66
BAMLH0A0HYM2,2025-02-07,2.67
BAMLH0A0HYM2,2025-02-10,2.66
BAMLH0A0HYM2,2025-02-11,2.66
BAMLH0A0HYM2,2025-02-12,2.65
BAMLH0A0HYM2,2025-02-13,2.65
BAMLH0A0HYM2,2025-02-14,2.62
BAMLH0A0HYM2,2025-02-17,2.62
BAMLH0A0HYM2,2025-02-18,2.62
BAMLH0A0HYM2,2025-02-19,2.68
BAMLH0A0HYM2,2025-02-20,2.66
BAMLH0A0HYM2,2025-02-21,2.78
BAMLH0A0HYM2,2025-02-24,2.78
BAMLH0A0HYM2,2025-02-25,2.84
BAMLH0A0HYM2,2025-02-26,2.81
BAMLH0A0HYM2,2025-02-27,2.81
BAMLH0A0HYM2,2025-02-28,2.87
BAMLH0A0HYM2,2025-03-03,2.94
BAMLH0A0HYM2,2025-03-04,2.99
BAMLH0A0HYM2,2025-03-05,2.88
BAMLH0A0HYM2,2025-03-06,2.99
BAMLH0A0HYM2,2025-03-07,2.97
BAMLH0A0HYM2,2025-03-10,3.16
BAMLH0A0HYM2,2025-03-11,3.22
BAMLH0A0HYM2,2025-03-12,3.2
BAMLH0A0HYM2,2025-03-13,3.4
BAMLH0A0HYM2,2025-03-14,3.25
BAMLH0A0HYM2,2025-03-17,3.18
BAMLH0A0HYM2,2025-03-18,3.23
BAMLH0A0HYM2,2025-03-19,3.19
BAMLH0A0HYM2,2025-03-20,3.17
BAMLH0A0HYM2,2025-03-21,3.21
BAMLH0A0HYM2,2025-03-24,3.05
BAMLH0A0HYM2,2025-03-25,3.09
BAMLH0A0HYM2,2025-03-26,3.19
BAMLH0A0HYM2,2025-03-27,3.27
BAMLH0A0HYM2,2025-03-28,3.47
BAMLH0A0HYM2,2025-03-31,3.55
BAMLH0A0HYM2,2025-04-01,3.5
BAMLH0A0HYM2,2025-04-02,3.42
BAMLH0A0HYM2,2025-04-03,4.01
BAMLH0A0HYM2,2025-04-04,4.45
BAMLH0A0HYM2,2025-04-07,4.61
BAMLH0A0HYM2,2025-04-08,4.57
BAMLH0A0HYM2,2025-04-09,4.37
BAMLH0A0HYM2,2025-04-10,4.42
BAMLH0A0HYM2,2025-04-11,4.26
BAMLH0A0HYM2,2025-04-14,4.14
BAMLH0A0HYM2,2025-04-15,4.09
BAMLH0A0HYM2,2025-04-16,4.16
BAMLH0A0HYM2,2025-04-17,4.02
BAMLH0A0HYM2,2025-04-21,4.16
BAMLH0A0HYM2,2025-04-22,3.99
BAMLH0A0HYM2,2025-04-23,3.75
BAMLH0A0HYM2,2025-04-24,3.73
BAMLH0A0HYM2,2025-04-25,3.67
BAMLH0A0HYM2,2025-04-28,3.73
BAMLH0A0HYM2,2025-04-29,3.74
BAMLH0A0HYM2,2025-04-30,3.94
BAMLH0A0HYM2,2025-05-01,3.78
BAMLH0A0HYM2,2025-05-02,3.6
BAMLH0A0HYM2,2025-05-05,3.6
BAMLH0A0HYM2,2025-05-06,3.66
BAMLH0A0HYM2,2025-05-07,3.67
BAMLH0A0HYM2,2025-05-08,3.51
BAMLH0A0HYM2,2025-05-09,3.53
BAMLH0A0HYM2,2025-05-12,3.15
BAMLH0A0HYM2,2025-05-13,3.09
BAMLH0A0HYM2,2025-05-14,3.1
BAMLH0A0HYM2,2025-05-15,3.2
BAMLH0A0HYM2,2025-05-16,3.16
BAMLH0A0HYM2,2025-05-19,3.21
BAMLH0A0HYM2,2025-05-20,3.2
BAMLH0A0HYM2,2025-05-21,3.25
BAMLH0A0HYM2,2025-05-22,3.32
BAMLH0A0HYM2,2025-05-23,3.4
BAMLH0A0HYM2,2025-05-26,3.4
BAMLH0A0HYM2,2025-05-27,3.24
BAMLH0A0HYM2,2025-05-28,3.23
BAMLH0A0HYM2,2025-05-29,3.22
BAMLH0A0HYM2,2025-05-30,3.31
BAMLH0A0HYM2,2025-05-31,3.32
BAMLH0A0HYM2,2025-06-02,3.27
BAMLH0A0HYM2,2025-06-03,3.19
BAMLH0A0HYM2,2025-06-04,3.23
BAMLH0A0HYM2,2025-06-05,3.18
BAMLH0A0HYM2,2025-06-06,3.09
BAMLH0A0HYM2,2025-06-09,3.12
BAMLH0A0HYM2,2025-06-10,3.12
BAMLH0A0HYM2,2025-06-11,3.12
BAMLH0A0HYM2,2025-06-12,3.17
BAMLH0A0HYM2,2025-06-13,3.18
BAMLH0A0HYM2,2025-06-16,3.1
BAMLH0A0HYM2,2025-06-17,3.17
BAMLH0A0HYM2,2025-06-18,3.16
BAMLH0A0HYM2,2025-06-19,3.16
BAMLH0A0HYM2,2025-06-20,3.13
BAMLH0A0HYM2,2025-06-23,3.12
BAMLH0A0HYM2,2025-06-24,3.06
BAMLH0A0HYM2,2025-06-25,3.04
BAMLH0A0HYM2,2025-06-26,3.04
BAMLH0A0HYM2,2025-06-27,3.02
BAMLH0A0HYM2,2025-06-30,2.96
BAMLH0A0HYM2,2025-07-01,2.91
BAMLH0A0HYM2,2025-07-02,2.88
BAMLH0A0HYM2,2025-07-03,2.8
BAMLH0A0HYM2,2025-07-04,2.8
BAMLH0A0HYM2,2025-07-07,2.86
BAMLH0A0HYM2,2025-07-08,2.92
BAMLH0A0HYM2,2025-07-09,2.94
BAMLH0A0HYM2,2025-07-10,2.92
BAMLH0A0HYM2,2025-07-11,2.97
BAMLH0A0HYM2,2025-07-14,2.95
BAMLH0A0HYM2,2025-07-15,2.95
BAMLH0A0HYM2,2025-07-16,3.0
BAMLH0A0HYM2,2025-07-17,2.91
BAMLH0A0HYM2,2025-07-18,2.93
BAMLH0A0HYM2,2025-07-21,2.89
BAMLH0A0HYM2,2025-07-22,2.9
BAMLH0A0HYM2,2025-07-23,2.83
BAMLH0A0HYM2,2025-07-24,2.82
BAMLH0A0HYM2,2025-07-25,2.84
BAMLH0A0HYM2,2025-07-28,2.82
BAMLH0A0HYM2,2025-07-29,2.86
BAMLH0A0HYM2,2025-07-30,2.89
BAMLH0A0HYM2,2025-07-31,2.86
BAMLH0A0HYM2,2025-08-01,3.13
BAMLH0A0HYM2,2025-08-04,3.02
BAMLH0A0HYM2,2025-08-05,2.98
BAMLH0A0HYM2,2025-08-06,2.98
BAMLH0A0HYM2,2025-08-07,2.95
BAMLH0A0HYM2,2025-08-08,2.94
BAMLH0A0HYM2,2025-08-11,2.94
BAMLH0A0HYM2,2025-08-12,2.93
BAMLH0A0HYM2,2025-08-13,2.9
BAMLH0A0HYM2,2025-08-14,2.89
BAMLH0A0HYM2,2025-08-15,2.88
BAMLH0A0HYM2,2025-08-18,2.88
BAMLH0A0HYM2,2025-08-19,2.9
BAMLH0A0HYM2,2025-08-20,2.94
BAMLH0A0HYM2,2025-08-21,2.95
BAMLH0A0HYM2,2025-08-22,2.88
BAMLH0A0HYM2,2025-08-25,2.8
BAMLH0A0HYM2,2025-08-26,2.78
BAMLH0A0HYM2,2025-08-27,2.78
BAMLH0A0HYM2,2025-08-28,2.75
BAMLH0A0HYM2,2025-08-29,2.82
BAMLH0A0HYM2,2025-08-31,2.84
BAMLH0A0HYM2,2025-09-01,2.84
BAMLH0A0HYM2,2025-09-02,2.92
BAMLH0A0HYM2,2025-09-03,2.88
BAMLH0A0HYM2,2025-09-04,2.84
BAMLH0A0HYM2,2025-09-05,2.83
BAMLH0A0HYM2,2025-09-08,2.84
BAMLH0A0HYM2,2025-09-09,2.87
BAMLH0A0HYM2,2025-09-10,2.84
BAMLH0A0HYM2,2025-09-11,2.78
BAMLH0A0HYM2,2025-09-12,2.79
BAMLH0A0HYM2,2025-09-15,2.75
BAMLH0A0HYM2,2025-09-16,2.79
BAMLH0A0HYM2,2025-09-17,2.79
BAMLH0A0HYM2,2025-09-18,2.71
BAMLH0A0HYM2,2025-09-19,2.72
BAMLH0A0HYM2,2025-09-22,2.69
BAMLH0A0HYM2,2025-09-23,2.71
BAMLH0A0HYM2,2025-09-24,2.7
BAMLH0A0HYM2,2025-09-25,2.76
BAMLH0A0HYM2,2025-09-26,2.75
BAMLH0A0HYM2,2025-09-29,2.74
BAMLH0A0HYM2,2025-09-30,2.8
BAMLH0A0HYM2,2025-10-01,2.81
BAMLH0A0HYM2,2025-10-02,2.81
BAMLH0A0HYM2,2025-10-03,2.8
BAMLH0A0HYM2,2025-10-06,2.76
BAMLH0A0HYM2,2025-10-07,2.82
BAMLH0A0HYM2,2025-10-08,2.84
BAMLH0A0HYM2,2025-10-09,2.95
BAMLH0A0HYM2,2025-10-10,3.18
BAMLH0A0HYM2,2025-10-13,3.18
BAMLH0A0HYM2,2025-10-14,3.11
BAMLH0A0HYM2,2025-10-15,2.95
BAMLH0A0HYM2,2025-10-16,3.04
BAMLH0A0HYM2,2025-10-17,3.04
BAMLH0A0HYM2,2025-10-20,2.99
BAMLH0A0HYM2,2025-10-21,2.97
BAMLH0A0HYM2,2025-10-22,3.01
BAMLH0A0HYM2,2025-10-23,2.96
BAMLH0A0HYM2,2025-10-24,2.88
BAMLH0A0HYM2,2025-10-27,2.8
BAMLH0A0HYM2,2025-10-28,2.82
BAMLH0A0HYM2,2025-10-29,2.76
BAMLH0A0HYM2,2025-10-30,2.85
BAMLH0A0HYM2,2025-10-31,2.94
BAMLH0A0HYM2,2025-11-03,3.04
BAMLH0A0HYM2,2025-11-04,3.13
BAMLH0A0HYM2,2025-11-05,3.05
BAMLH0A0HYM2,2025-11-06,3.13
BAMLH0A0HYM2,2025-11-07,3.15
BAMLH0A0HYM2,2025-11-10,3.02
BAMLH0A0HYM2,2025-11-11,3.02
BAMLH0A0HYM2,2025-11-12,3.02
BAMLH0A0HYM2,2025-11-13,3.09
BAMLH0A0HYM2,2025-11-14,3.07
BAMLH0A0HYM2,2025-11-17,3.13
BAMLH0A0HYM2,2025-11-18,3.2
BAMLH0A0HYM2,2025-11-19,3.17
BAMLH0A0HYM2,2025-11-20,3.17
BAMLH0A0HYM2,2025-11-21,3.19
BAMLH0A0HYM2,2025-11-24,3.15
BAMLH0A0HYM2,2025-11-25,3.1
BAMLH0A0HYM2,2025-11-26,3.0
BAMLH0A0HYM2,2025-11-27,3.0
BAMLH0A0HYM2,2025-11-28,2.95
BAMLH0A0HYM2,2025-11-30,2.92
BAMLH0A0HYM2,2025-12-01,2.94
BAMLH0A0HYM2,2025-12-02,2.92
BAMLH0A0HYM2,2025-12-03,2.89
BAMLH0A0HYM2,2025-12-04,2.88
BAMLH0A0HYM2,2025-12-05,2.85
BAMLH0A0HYM2,2025-12-08,2.89
BAMLH0A0HYM2,2025-12-09,2.89
BAMLH0A0HYM2,2025-12-10,2.91
BAMLH0A0HYM2,2025-12-11,2.88
BAMLH0A0HYM2,2025-12-12,2.91
BAMLH0A0HYM2,2025-12-15,2.91
BAMLH0A0HYM2,2025-12-16,2.98
BAMLH0A0HYM2,2025-12-17,2.99
BAMLH0A0HYM2,2025-12-18,2.95
BAMLH0A0HYM2,2025-12-19,2.9
BAMLH0A0HYM2,2025-12-22,2.88
BAMLH0A0HYM2,2025-12-23,2.83
BAMLH0A0HYM2,2025-12-24,2.84
BAMLH0A0HYM2,2025-12-26,2.86
BAMLH0A0HYM2,2025-12-29,2.87
BAMLH0A0HYM2,2025-12-30,2.84
BAMLH0A0HYM2,2025-12-31,2.81
BAMLH0A0HYM2,2026-01-02,2.83
BAMLH0A0HYM2,2026-01-05,2.81
BAMLH0A0HYM2,2026-01-06,2.79
BAMLH0A0HYM2,2026-01-07,2.79
BAMLH0A0HYM2,2026-01-08,2.76
BAMLH0A0HYM2,2026-01-09,2.74
BAMLH0A0HYM2,2026-01-12,2.74
BAMLH0A0HYM2,2026-01-13,2.75
BAMLH0A0HYM2,2026-01-14,2.76
BAMLH0A0HYM2,2026-01-15,2.71
BAMLH0A0HYM2,2026-01-16,2.65
BAMLH0A0HYM2,2026-01-19,2.65
BAMLH0A0HYM2,2026-01-20,2.73
BAMLH0A0HYM2,2026-01-21,2.69
BAMLH0A0HYM2,2026-01-22,2.64
BAMLH0A0HYM2,2026-01-23,2.68
BAMLH0A0HYM2,2026-01-26,2.69
BAMLH0A0HYM2,2026-01-27,2.71
BAMLH0A0HYM2,2026-01-28,2.72
BAMLH0A0HYM2,2026-01-29,2.77
BAMLH0A0HYM2,2026-01-30,2.8
BAMLH0A0HYM2,2026-01-31,2.88
BAMLH0A0HYM2,2026-02-02,2.81
BAMLH0A0HYM2,2026-02-03,2.85
BAMLH0A0HYM2,2026-02-04,2.86
BAMLH0A0HYM2,2026-02-05,2.97
BAMLH0A0HYM2,2026-02-06,2.87
BAMLH0A0HYM2,2026-02-09,2.84
BAMLH0A0HYM2,2026-02-10,2.86
BAMLH0A0HYM2,2026-02-11,2.84
BAMLH0A0HYM2,2026-02-12,2.92
BAMLH0A0HYM2,2026-02-13,2.95
BAMLH0A0HYM2,2026-02-16,2.94
BAMLH0A0HYM2,2026-02-17,2.94
BAMLH0A0HYM2,2026-02-18,2.86
BAMLH0A0HYM2,2026-02-19,2.88
BAMLH0A0HYM2,2026-02-20,2.86
BAMLH0A0HYM2,2026-02-23,2.95
BAMLH0A0HYM2,2026-02-24,2.97
BAMLH0A0HYM2,2026-02-25,2.94
BAMLH0A0HYM2,2026-02-26,2.98
BAMLH0A0HYM2,2026-02-27,3.1
BAMLH0A0HYM2,2026-02-28,3.12
BAMLH0A0HYM2,2026-03-02,3.03
BAMLH0A0HYM2,2026-03-03,3.08
BAMLH0A0HYM2,2026-03-04,2.97
BAMLH0A0HYM2,2026-03-05,3.0
BAMLH0A0HYM2,2026-03-06,3.13
BAMLH0A0HYM2,2026-03-09,3.19
BAMLH0A0HYM2,2026-03-10,3.06
BAMLH0A0HYM2,2026-03-11,3.09
BAMLH0A0HYM2,2026-03-12,3.17
BAMLH0A0HYM2,2026-03-13,3.28
BAMLH0A0HYM2,2026-03-16,3.27
BAMLH0A0HYM2,2026-03-17,3.22
BAMLH0A0HYM2,2026-03-18,3.2
BAMLH0A0HYM2,2026-03-19,3.27
BAMLH0A0HYM2,2026-03-20,3.24
BAMLH0A0HYM2,2026-03-23,3.19
BAMLH0A0HYM2,2026-03-24,3.19
BAMLH0A0HYM2,2026-03-25,3.17
BAMLH0A0HYM2,2026-03-26,3.21
BAMLH0A0HYM2,2026-03-27,3.42
BAMLH0A0HYM2,2026-03-30,3.46
BAMLH0A0HYM2,2026-03-31,3.28
BAMLH0A0HYM2,2026-04-01,3.16
BAMLH0A0HYM2,2026-04-02,3.17
BAMLH0A0HYM2,2026-04-03,3.13
BAMLH0A0HYM2,2026-04-06,3.05
BAMLH0A0HYM2,2026-04-07,3.12
BAMLH0A0HYM2,2026-04-08,2.94
BAMLH0A0HYM2,2026-04-09,2.9
BAMLH0A0HYM2,2026-04-10,2.94
BAMLH0A0HYM2,2026-04-13,2.95
BAMLH0A0HYM2,2026-04-14,2.84
BAMLH0A0HYM2,2026-04-15,2.85
BAMLH0A0HYM2,2026-04-16,2.86
BAMLH0A0HYM2,2026-04-17,2.83
BAMLH0A0HYM2,2026-04-20,2.87
BAMLH0A0HYM2,2026-04-21,2.85
BAMLH0A0HYM2,2026-04-22,2.84
BAMLH0A0HYM2,2026-04-23,2.86
BAMLH0A0HYM2,2026-04-24,2.86
BAMLH0A0HYM2,2026-04-27,2.84
BAMLH0A0HYM2,2026-04-28,2.85
BAMLH0A0HYM2,2026-04-29,2.82
BAMLH0A0HYM2,2026-04-30,2.83
BAMLH0A0HYM2,2026-05-01,2.77
BAMLH0A0HYM2,2026-05-04,2.78
BAMLH0A0HYM2,2026-05-05,2.77
BAMLH0A0HYM2,2026-05-06,2.75
BAMLH0A0HYM2,2026-05-07,2.79
BAMLH0A0HYM2,2026-05-08,2.81
BAMLH0A0HYM2,2026-05-11,2.79
BAMLH0A0HYM2,2026-05-12,2.82
BAMLH0A0HYM2,2026-05-13,2.82
BAMLH0A0HYM2,2026-05-14,2.76
BAMLH0A0HYM2,2026-05-15,2.8
BAMLH0A0HYM2,2026-05-18,2.83
BAMLH0A0HYM2,2026-05-19,2.86
BAMLH0A0HYM2,2026-05-20,2.8
BAMLH0A0HYM2,2026-05-21,2.78
BAMLH0A0HYM2,2026-05-22,2.74
BAMLH0A0HYM2,2026-05-25,2.74
BAMLH0A0HYM2,2026-05-26,2.72
BAMLH0A0HYM2,2026-05-27,2.71
BAMLH0A0HYM2,2026-05-28,2.72
BAMLH0A0HYM2,2026-05-29,2.72
BAMLH0A0HYM2,2026-05-31,2.74
BAMLH0A0HYM2,2026-06-01,2.72
BAMLH0A0HYM2,2026-06-02,2.71
BAMLH0A0HYM2,2026-06-03,2.75
BAMLH0A0HYM2,2026-06-04,2.74
BAMLH0A0HYM2,2026-06-05,2.76
BAMLH0A0HYM2,2026-06-08,2.75
BAMLH0A0HYM2,2026-06-09,2.78
BAMLH0A0HYM2,2026-06-10,2.8
BAMLH0A0HYM2,2026-06-11,2.78
BAMLH0A0HYM2,2026-06-12,2.71
BAMLH0A0HYM2,2026-06-15,2.66
BAMLH0A0HYM2,2026-06-16,2.71
BAMLH0A0HYM2,2026-06-17,2.63
BAMLH0A0HYM2,2026-06-18,2.66
BAMLH0A0HYM2,2026-06-19,2.66
BAMLH0A0HYM2,2026-06-22,2.65
BAMLH0A0HYM2,2026-06-23,2.71
BAMLH0A0HYM2,2026-06-24,2.76
BAMLH0A0HYM2,2026-06-25,2.78
BAMLH0A0HYM2,2026-06-26,2.83
BAMLH0A0HYM2,2026-06-29,2.8
BAMLH0A0HYM2,2026-06-30,2.75
BAMLH0A0HYM2,2026-07-01,2.74
BAMLH0A0HYM2,2026-07-02,2.75
BAMLH0A0HYM2,2026-07-03,2.74
BAMLH0A0HYM2,2026-07-06,2.72
BAMLH0A0HYM2,2026-07-07,2.67
BAMLH0A0HYM2,2026-07-08,2.7
BAMLH0A0HYM2,2026-07-09,2.7
BAMLH0A0HYM2,2026-07-10,2.69
BAMLH0A0HYM2,2026-07-13,2.69
BAMLH0A0HYM2,2026-07-14,2.72
BAMLH0A0HYM2,2026-07-15,2.71
BAMLH0A0HYM2,2026-07-16,2.71
BAMLH0A0HYM2,2026-07-17,2.73
BAMLH0A0HYM2,2026-07-20,2.69
BAMLH0A0HYM2,2026-07-21,2.69
BAMLH0A0HYM2,2026-07-22,2.68
BAMLH0A0HYM2,2026-07-23,2.77
BAMLH0A0HYM2,2026-07-24,2.79
BAMLH0A0HYM2,2026-07-27,2.81
BAMLH0A0HYM2,2026-07-28,2.84
BAMLH0A0HYM2,2026-07-29,2.87
BAMLH0A0HYM2,2026-07-30,2.84
BAMLH0A0HYM2,2026-07-31,2.85
BAMLH0A0HYM2,2026-08-03,2.78
BAMLH0A0HYM2,2026-08-04,2.73
BAMLH0A0HYM2,2026-08-05,2.75
BAMLH0A0HYM2,2026-08-06,2.71
BAMLH0A0HYM2,2026-08-07,2.7
BAMLH0A0HYM2,2026-08-10,2.7
BAMLH0A0HYM2,2026-08-11,2.72
BAMLH0A0HYM2,2026-08-12,2.71
BAMLH0A0HYM2,2026-08-13,2.71
BAMLH0A0HYM2,2026-08-14,2.67
BAMLH0A0HYM2,2026-08-17,2.7
BAMLH0A0HYM2,2026-08-18,2.75
BAMLH0A0HYM2,2026-08-19,2.73
BAMLH0A0HYM2,2026-08-20,2.75
BAMLH0A0HYM2,2026-08-21,2.7
BAMLH0A0HYM2,2026-08-24,2.69
BAMLH0A0HYM2,2026-08-25,2.7
BAMLH0A0HYM2,2026-08-26,2.67
BAMLH0A0HYM2,2026-08-27,2.63
BAMLH0A0HYM2,2026-08-28,2.6
BAMLH0A0HYM2,2026-08-31,2.63
BAMLH0A0HYM2,2026-09-01,2.65
BAMLH0A0HYM2,2026-09-02,2.66
BAMLH0A0HYM2,2026-09-03,2.65
BAMLH0A0HYM2,2026-09-04,2.68
BAMLH0A0HYM2,2026-09-07,2.68
BAMLH0A0HYM2,2026-09-08,2.67
BAMLH0A0HYM2,2026-09-09,2.71
BAMLH0A0HYM2,2026-09-10,2.7
BAMLH0A0HYM2,2026-09-11,2.65
BAMLH0A0HYM2,2026-09-14,2.71
BAMLH0A0HYM2,2026-09-15,2.76
BAMLH0A0HYM2,2026-09-16,2.7
BAMLH0A0HYM2,2026-09-17,2.7
BAMLH0A0HYM2,2026-09-18,2.68
BAMLH0A0HYM2,2026-09-21,2.66
BAMLH0A0HYM2,2026-09-22,2.68
BAMLH0A0HYM2,2026-09-23,2.73
BAMLH0A0HYM2,2026-09-24,2.8
BAMLH0A0HYM2,2026-09-25,2.93
BAMLH0A0HYM2,2026-09-28,3.02
BAMLH0A0HYM2,2026-09-29,3.08
BAMLH0A0HYM2,2026-09-30,3.12
BAMLH0A0HYM2,2026-10-01,3.24
CPIAUCSL,2014-01-01,235.288
CPIAUCSL,2014-02-01,235.547
CPIAUCSL,2014-03-01,236.028
CPIAUCSL,2014-04-01,236.468
CPIAUCSL,2014-05-01,236.918
CPIAUCSL,2014-06-01,237.231
CPIAUCSL,2014-07-01,237.498
CPIAUCSL,2014-08-01,237.46
CPIAUCSL,2014-09-01,237.477
CPIAUCSL,2014-10-01,237.43
CPIAUCSL,2014-11-01,236.983
CPIAUCSL,2014-12-01,236.252
CPIAUCSL,2015-01-01,234.747
CPIAUCSL,2015-02-01,235.342
CPIAUCSL,2015-03-01,235.976
CPIAUCSL,2015-04-01,236.222
CPIAUCSL,2015-05-01,237.001
CPIAUCSL,2015-06-01,237.657
CPIAUCSL,2015-07-01,238.034
CPIAUCSL,2015-08-01,238.033
CPIAUCSL,2015-09-01,237.498
CPIAUCSL,2015-10-01,237.733
CPIAUCSL,2015-11-01,238.017
CPIAUCSL,2015-12-01,237.761
CPIAUCSL,2016-01-01,237.652
CPIAUCSL,2016-02-01,237.336
CPIAUCSL,2016-03-01,238.08
CPIAUCSL,2016-04-01,238.992
CPIAUCSL,2016-05-01,239.557
CPIAUCSL,2016-06-01,240.222
CPIAUCSL,2016-07-01,240.101
CPIAUCSL,2016-08-01,240.545
CPIAUCSL,2016-09-01,241.176
CPIAUCSL,2016-10-01,241.741
CPIAUCSL,2016-11-01,242.026
CPIAUCSL,2016-12-01,242.637
CPIAUCSL,2017-01-01,243.618
CPIAUCSL,2017-02-01,244.006
CPIAUCSL,2017-03-01,243.892
CPIAUCSL,2017-04-01,244.193
CPIAUCSL,2017-05-01,244.004
CPIAUCSL,2017-06-01,244.163
CPIAUCSL,2017-07-01,244.243
CPIAUCSL,2017-08-01,245.183
CPIAUCSL,2017-09-01,246.435
CPIAUCSL,2017-10-01,246.626
CPIAUCSL,2017-11-01,247.284
CPIAUCSL,2017-12-01,247.805
CPIAUCSL,2018-01-01,248.859
CPIAUCSL,2018-02-01,249.529
CPIAUCSL,2018-03-01,249.577
CPIAUCSL,2018-04-01,250.227
CPIAUCSL,2018-05-01,250.792
CPIAUCSL,2018-06-01,251.018
CPIAUCSL,2018-07-01,251.214
CPIAUCSL,2018-08-01,251.663
CPIAUCSL,2018-09-01,252.182
CPIAUCSL,2018-10-01,252.772
CPIAUCSL,2018-11-01,252.594
CPIAUCSL,2018-12-01,252.767
CPIAUCSL,2019-01-01,252.561
CPIAUCSL,2019-02-01,253.319
CPIAUCSL,2019-03-01,254.277
CPIAUCSL,2019-04-01,255.233
CPIAUCSL,2019-05-01,255.296
CPIAUCSL,2019-06-01,255.213
CPIAUCSL,2019-07-01,255.802
CPIAUCSL,2019-08-01,256.036
CPIAUCSL,2019-09-01,256.43
CPIAUCSL,2019-10-01,257.155
CPIAUCSL,2019-11-01,257.879
CPIAUCSL,2019-12-01,258.63
CPIAUCSL,2020-01-01,259.127
CPIAUCSL,2020-02-01,259.25
CPIAUCSL,2020-03-01,258.076
CPIAUCSL,2020-04-01,256.032
CPIAUCSL,2020-05-01,255.802
CPIAUCSL,2020-06-01,257.042
CPIAUCSL,2020-07-01,258.352
CPIAUCSL,2020-08-01,259.316
CPIAUCSL,2020-09-01,259.997
CPIAUCSL,2020-10-01,260.319
CPIAUCSL,2020-11-01,260.911
CPIAUCSL,2020-12-01,262.045
CPIAUCSL,2021-01-01,262.687
CPIAUCSL,2021-02-01,263.579
CPIAUCSL,2021-03-01,264.961
CPIAUCSL,2021-04-01,266.614
CPIAUCSL,2021-05-01,268.383
CPIAUCSL,2021-06-01,270.654
CPIAUCSL,2021-07-01,271.903
CPIAUCSL,2021-08-01,272.676
CPIAUCSL,2021-09-01,273.91
CPIAUCSL,2021-10-01,276.55
CPIAUCSL,2021-11-01,278.919
CPIAUCSL,2021-12-01,280.845
CPIAUCSL,2022-01-01,282.543
CPIAUCSL,2022-02-01,284.5
CPIAUCSL,2022-03-01,287.674
CPIAUCSL,2022-04-01,288.561
CPIAUCSL,2022-05-01,291.298
CPIAUCSL,2022-06-01,294.957
CPIAUCSL,2022-07-01,294.913
CPIAUCSL,2022-08-01,295.097
CPIAUCSL,2022-09-01,296.349
CPIAUCSL,2022-10-01,298.007
CPIAUCSL,2022-11-01,298.786
CPIAUCSL,2022-12-01,298.832
CPIAUCSL,2023-01-01,300.42
CPIAUCSL,2023-02-01,301.45
CPIAUCSL,2023-03-01,301.821
CPIAUCSL,2023-04-01,302.845
CPIAUCSL,2023-05-01,303.334
CPIAUCSL,2023-06-01,304.014
CPIAUCSL,2023-07-01,304.609
CPIAUCSL,2023-08-01,306.082
CPIAUCSL,2023-09-01,307.276
CPIAUCSL,2023-10-01,307.696
CPIAUCSL,2023-11-01,308.148
CPIAUCSL,2023-12-01,308.741
CPIAUCSL,2024-01-01,309.698
CPIAUCSL,2024-02-01,310.967
CPIAUCSL,2024-03-01,312.345
CPIAUCSL,2024-04-01,313.023
CPIAUCSL,2024-05-01,313.175
CPIAUCSL,2024-06-01,313.044
CPIAUCSL,2024-07-01,313.569
CPIAUCSL,2024-08-01,314.062
CPIAUCSL,2024-09-01,314.732
CPIAUCSL,2024-10-01,315.631
CPIAUCSL,2024-11-01,316.528
CPIAUCSL,2024-12-01,317.604
CPIAUCSL,2025-01-01,318.961
CPIAUCSL,2025-02-01,319.679
CPIAUCSL,2025-03-01,319.785
CPIAUCSL,2025-04-01,320.302
CPIAUCSL,2025-05-01,320.62
CPIAUCSL,2025-06-01,321.435
CPIAUCSL,2025-07-01,322.169
CPIAUCSL,2025-08-01,323.291
CPIAUCSL,2025-09-01,324.245
CPIAUCSL,2025-11-01,325.063
CPIAUCSL,2025-12-01,326.031
CPIAUCSL,2026-01-01,326.588
CPIAUCSL,2026-02-01,327.46
CPIAUCSL,2026-03-01,330.293
CPIAUCSL,2026-04-01,332.407
CPIAUCSL,2026-05-01,333.979
CPIAUCSL,2026-06-01,332.568
CPIAUCSL,2026-07-01,332.813
CPIAUCSL,2026-08-01,334.131
CPILFESL,2014-01-01,235.961
CPILFESL,2014-02-01,236.185
CPILFESL,2014-03-01,236.625
CPILFESL,2014-04-01,237.072
CPILFESL,2014-05-01,237.529
CPILFESL,2014-06-01,237.837
CPILFESL,2014-07-01,238.195
CPILFESL,2014-08-01,238.405
CPILFESL,2014-09-01,238.786
CPILFESL,2014-10-01,239.191
CPILFESL,2014-11-01,239.458
CPILFESL,2014-12-01,239.584
CPILFESL,2015-01-01,239.811
CPILFESL,2015-02-01,240.172
CPILFESL,2015-03-01,240.755
CPILFESL,2015-04-01,241.346
CPILFESL,2015-05-01,241.688
CPILFESL,2015-06-01,242.064
CPILFESL,2015-07-01,242.565
CPILFESL,2015-08-01,242.817
CPILFESL,2015-09-01,243.316
CPILFESL,2015-10-01,243.768
CPILFESL,2015-11-01,244.241
CPILFESL,2015-12-01,244.547
CPILFESL,2016-01-01,244.955
CPILFESL,2016-02-01,245.51
CPILFESL,2016-03-01,245.913
CPILFESL,2016-04-01,246.551
CPILFESL,2016-05-01,247.137
CPILFESL,2016-06-01,247.54
CPILFESL,2016-07-01,247.829
CPILFESL,2016-08-01,248.423
CPILFESL,2016-09-01,248.842
CPILFESL,2016-10-01,249.142
CPILFESL,2016-11-01,249.481
CPILFESL,2016-12-01,249.92
CPILFESL,2017-01-01,250.467
CPILFESL,2017-02-01,250.998
CPILFESL,2017-03-01,250.944
CPILFESL,2017-04-01,251.227
CPILFESL,2017-05-01,251.43
CPILFESL,2017-06-01,251.746
CPILFESL,2017-07-01,251.985
CPILFESL,2017-08-01,252.535
CPILFESL,2017-09-01,252.812
CPILFESL,2017-10-01,253.526
CPILFESL,2017-11-01,253.816
CPILFESL,2017-12-01,254.344
CPILFESL,2018-01-01,255.204
CPILFESL,2018-02-01,255.711
CPILFESL,2018-03-01,256.271
CPILFESL,2018-04-01,256.63
CPILFESL,2018-05-01,257.145
CPILFESL,2018-06-01,257.399
CPILFESL,2018-07-01,257.699
CPILFESL,2018-08-01,257.891
CPILFESL,2018-09-01,258.368
CPILFESL,2018-10-01,258.917
CPILFESL,2018-11-01,259.439
CPILFESL,2018-12-01,260.063
CPILFESL,2019-01-01,260.766
CPILFESL,2019-02-01,261.186
CPILFESL,2019-03-01,261.567
CPILFESL,2019-04-01,261.997
CPILFESL,2019-05-01,262.217
CPILFESL,2019-06-01,262.739
CPILFESL,2019-07-01,263.28
CPILFESL,2019-08-01,263.877
CPILFESL,2019-09-01,264.388
CPILFESL,2019-10-01,264.97
CPILFESL,2019-11-01,265.548
CPILFESL,2019-12-01,266.02
CPILFESL,2020-01-01,266.716
CPILFESL,2020-02-01,267.37
CPILFESL,2020-03-01,267.054
CPILFESL,2020-04-01,265.746
CPILFESL,2020-05-01,265.412
CPILFESL,2020-06-01,265.849
CPILFESL,2020-07-01,267.389
CPILFESL,2020-08-01,268.422
CPILFESL,2020-09-01,268.933
CPILFESL,2020-10-01,269.306
CPILFESL,2020-11-01,269.981
CPILFESL,2020-12-01,270.341
CPILFESL,2021-01-01,270.387
CPILFESL,2021-02-01,270.793
CPILFESL,2021-03-01,271.459
CPILFESL,2021-04-01,273.66
CPILFESL,2021-05-01,275.465
CPILFESL,2021-06-01,277.651
CPILFESL,2021-07-01,278.648
CPILFESL,2021-08-01,278.997
CPILFESL,2021-09-01,279.698
CPILFESL,2021-10-01,281.668
CPILFESL,2021-11-01,283.406
CPILFESL,2021-12-01,285.18
CPILFESL,2022-01-01,286.757
CPILFESL,2022-02-01,288.273
CPILFESL,2022-03-01,289.056
CPILFESL,2022-04-01,290.514
CPILFESL,2022-05-01,292.063
CPILFESL,2022-06-01,294.05
CPILFESL,2022-07-01,295.088
CPILFESL,2022-08-01,296.535
CPILFESL,2022-09-01,298.226
CPILFESL,2022-10-01,299.399
CPILFESL,2022-11-01,300.325
CPILFESL,2022-12-01,301.394
CPILFESL,2023-01-01,302.642
CPILFESL,2023-02-01,304.123
CPILFESL,2023-03-01,305.147
CPILFESL,2023-04-01,306.534
CPILFESL,2023-05-01,307.652
CPILFESL,2023-06-01,308.322
CPILFESL,2023-07-01,308.96
CPILFESL,2023-08-01,309.58
CPILFESL,2023-09-01,310.539
CPILFESL,2023-10-01,311.457
CPILFESL,2023-11-01,312.392
CPILFESL,2023-12-01,313.195
CPILFESL,2024-01-01,314.319
CPILFESL,2024-02-01,315.564
CPILFESL,2024-03-01,316.792
CPILFESL,2024-04-01,317.649
CPILFESL,2024-05-01,318.095
CPILFESL,2024-06-01,318.39
CPILFESL,2024-07-01,318.94
CPILFESL,2024-08-01,319.75
CPILFESL,2024-09-01,320.732
CPILFESL,2024-10-01,321.731
CPILFESL,2024-11-01,322.657
CPILFESL,2024-12-01,323.259
CPILFESL,2025-01-01,324.638
CPILFESL,2025-02-01,325.465
CPILFESL,2025-03-01,325.69
CPILFESL,2025-04-01,326.467
CPILFESL,2025-05-01,326.893
CPILFESL,2025-06-01,327.658
CPILFESL,2025-07-01,328.682
CPILFESL,2025-08-01,329.7
CPILFESL,2025-09-01,330.418
CPILFESL,2025-11-01,331.043
CPILFESL,2025-12-01,331.814
CPILFESL,2026-01-01,332.793
CPILFESL,2026-02-01,333.512
CPILFESL,2026-03-01,334.165
CPILFESL,2026-04-01,335.423
CPILFESL,2026-05-01,336.121
CPILFESL,2026-06-01,336.065
CPILFESL,2026-07-01,336.789
CPILFESL,2026-08-01,337.765
DFF,2014-01-01,0.07
DFF,2014-01-02,0.08
DFF,2014-01-03,0.08
DFF,2014-01-04,0.08
DFF,2014-01-05,0.08
DFF,2014-01-06,0.08
DFF,2014-01-07,0.07
DFF,2014-01-08,0.07
DFF,2014-01-09,0.07
DFF,2014-01-10,0.07
DFF,2014-01-11,0.07
DFF,2014-01-12,0.07
DFF,2014-01-13,0.07
DFF,2014-01-14,0.07
DFF,2014-01-15,0.07
DFF,2014-01-16,0.07
DFF,2014-01-17,0.07
DFF,2014-01-18,0.07
DFF,2014-01-19,0.07
DFF,2014-01-20,0.07
DFF,2014-01-21,0.07
DFF,2014-01-22,0.07
DFF,2014-01-23,0.07
DFF,2014-01-24,0.07
DFF,2014-01-25,0.07
DFF,2014-01-26,0.07
DFF,2014-01-27,0.07
DFF,2014-01-28,0.07
DFF,2014-01-29,0.07
DFF,2014-01-30,0.07
DFF,2014-01-31,0.07
DFF,2014-02-01,0.07
DFF,2014-02-02,0.07
DFF,2014-02-03,0.07
DFF,2014-02-04,0.07
DFF,2014-02-05,0.07
DFF,2014-02-06,0.07
DFF,2014-02-07,0.06
DFF,2014-02-08,0.06
DFF,2014-02-09,0.06
DFF,2014-02-10,0.07
DFF,2014-02-11,0.06
DFF,2014-02-12,0.07
DFF,2014-02-13,0.06
DFF,2014-02-14,0.06
DFF,2014-02-15,0.06
DFF,2014-02-16,0.06
DFF,2014-02-17,0.06
DFF,2014-02-18,0.07
DFF,2014-02-19,0.07
DFF,2014-02-20,0.07
DFF,2014-02-21,0.07
DFF,2014-02-22,0.07
DFF,2014-02-23,0.07
DFF,2014-02-24,0.07
DFF,2014-02-25,0.07
DFF,2014-02-26,0.07
DFF,2014-02-27,0.07
DFF,2014-02-28,0.06
DFF,2014-03-01,0.06
DFF,2014-03-02,0.06
DFF,2014-03-03,0.07
DFF,2014-03-04,0.07
DFF,2014-03-05,0.08
DFF,2014-03-06,0.08
DFF,2014-03-07,0.08
DFF,2014-03-08,0.08
DFF,2014-03-09,0.08
DFF,2014-03-10,0.08
DFF,2014-03-11,0.08
DFF,2014-03-12,0.08
DFF,2014-03-13,0.08
DFF,2014-03-14,0.08
DFF,2014-03-15,0.08
DFF,2014-03-16,0.08
DFF,2014-03-17,0.08
DFF,2014-03-18,0.08
DFF,2014-03-19,0.08
DFF,2014-03-20,0.08
DFF,2014-03-21,0.08
DFF,2014-03-22,0.08
DFF,2014-03-23,0.08
DFF,2014-03-24,0.09
DFF,2014-03-25,0.09
DFF,2014-03-26,0.08
DFF,2014-03-27,0.08
DFF,2014-03-28,0.08
DFF,2014-03-29,0.08
DFF,2014-03-30,0.08
DFF,2014-03-31,0.06
DFF,2014-04-01,0.08
DFF,2014-04-02,0.09
DFF,2014-04-03,0.08
DFF,2014-04-04,0.08
DFF,2014-04-05,0.08
DFF,2014-04-06,0.08
DFF,2014-04-07,0.09
DFF,2014-04-08,0.08
DFF,2014-04-09,0.08
DFF,2014-04-10,0.08
DFF,2014-04-11,0.09
DFF,2014-04-12,0.09
DFF,2014-04-13,0.09
DFF,2014-04-14,0.09
DFF,2014-04-15,0.1
DFF,2014-04-16,0.09
DFF,2014-04-17,0.09
DFF,2014-04-18,0.1
DFF,2014-04-19,0.1
DFF,2014-04-20,0.1
DFF,2014-04-21,0.1
DFF,2014-04-22,0.1
DFF,2014-04-23,0.1
DFF,2014-04-24,0.1
DFF,2014-04-25,0.09
DFF,2014-04-26,0.09
DFF,2014-04-27,0.09
DFF,2014-04-28,0.09
DFF,2014-04-29,0.1
DFF,2014-04-30,0.09
DFF,2014-05-01,0.09
DFF,2014-05-02,0.09
DFF,2014-05-03,0.09
DFF,2014-05-04,0.09
DFF,2014-05-05,0.09
DFF,2014-05-06,0.09
DFF,2014-05-07,0.08
DFF,2014-05-08,0.08
DFF,2014-05-09,0.08
DFF,2014-05-10,0.08
DFF,2014-05-11,0.08
DFF,2014-05-12,0.08
DFF,2014-05-13,0.09
DFF,2014-05-14,0.08
DFF,2014-05-15,0.09
DFF,2014-05-16,0.09
DFF,2014-05-17,0.09
DFF,2014-05-18,0.09
DFF,2014-05-19,0.09
DFF,2014-05-20,0.09
DFF,2014-05-21,0.09
DFF,2014-05-22,0.09
DFF,2014-05-23,0.09
DFF,2014-05-24,0.09
DFF,2014-05-25,0.09
DFF,2014-05-26,0.09
DFF,2014-05-27,0.09
DFF,2014-05-28,0.09
DFF,2014-05-29,0.09
DFF,2014-05-30,0.08
DFF,2014-05-31,0.08
DFF,2014-06-01,0.08
DFF,2014-06-02,0.09
DFF,2014-06-03,0.1
DFF,2014-06-04,0.09
DFF,2014-06-05,0.09
DFF,2014-06-06,0.09
DFF,2014-06-07,0.09
DFF,2014-06-08,0.09
DFF,2014-06-09,0.09
DFF,2014-06-10,0.09
DFF,2014-06-11,0.09
DFF,2014-06-12,0.09
DFF,2014-06-13,0.1
DFF,2014-06-14,0.1
DFF,2014-06-15,0.1
DFF,2014-06-16,0.1
DFF,2014-06-17,0.1
DFF,2014-06-18,0.1
DFF,2014-06-19,0.1
DFF,2014-06-20,0.1
DFF,2014-06-21,0.1
DFF,2014-06-22,0.1
DFF,2014-06-23,0.1
DFF,2014-06-24,0.1
DFF,2014-06-25,0.1
DFF,2014-06-26,0.1
DFF,2014-06-27,0.1
DFF,2014-06-28,0.1
DFF,2014-06-29,0.1
DFF,2014-06-30,0.09
DFF,2014-07-01,0.1
DFF,2014-07-02,0.1
DFF,2014-07-03,0.09
DFF,2014-07-04,0.09
DFF,2014-07-05,0.09
DFF,2014-07-06,0.09
DFF,2014-07-07,0.1
DFF,2014-07-08,0.09
DFF,2014-07-09,0.09
DFF,2014-07-10,0.09
DFF,2014-07-11,0.09
DFF,2014-07-12,0.09
DFF,2014-07-13,0.09
DFF,2014-07-14,0.09
DFF,2014-07-15,0.09
DFF,2014-07-16,0.09
DFF,2014-07-17,0.09
DFF,2014-07-18,0.09
DFF,2014-07-19,0.09
DFF,2014-07-20,0.09
DFF,2014-07-21,0.1
DFF,2014-07-22,0.09
DFF,2014-07-23,0.09
DFF,2014-07-24,0.09
DFF,2014-07-25,0.09
DFF,2014-07-26,0.09
DFF,2014-07-27,0.09
DFF,2014-07-28,0.09
DFF,2014-07-29,0.09
DFF,2014-07-30,0.09
DFF,2014-07-31,0.08
DFF,2014-08-01,0.09
DFF,2014-08-02,0.09
DFF,2014-08-03,0.09
DFF,2014-08-04,0.09
DFF,2014-08-05,0.09
DFF,2014-08-06,0.09
DFF,2014-08-07,0.09
DFF,2014-08-08,0.09
DFF,2014-08-09,0.09
DFF,2014-08-10,0.09
DFF,2014-08-11,0.09
DFF,2014-08-12,0.09
DFF,2014-08-13,0.09
DFF,2014-08-14,0.09
DFF,2014-08-15,0.09
DFF,2014-08-16,0.09
DFF,2014-08-17,0.09
DFF,2014-08-18,0.09
DFF,2014-08-19,0.09
DFF,2014-08-20,0.09
DFF,2014-08-21,0.09
DFF,2014-08-22,0.09
DFF,2014-08-23,0.09
DFF,2014-08-24,0.09
DFF,2014-08-25,0.09
DFF,2014-08-26,0.09
DFF,2014-08-27,0.09
DFF,2014-08-28,0.09
DFF,2014-08-29,0.07
DFF,2014-08-30,0.07
DFF,2014-08-31,0.07
DFF,2014-09-01,0.07
DFF,2014-09-02,0.09
DFF,2014-09-03,0.09
DFF,2014-09-04,0.09
DFF,2014-09-05,0.09
DFF,2014-09-06,0.09
DFF,2014-09-07,0.09
DFF,2014-09-08,0.09
DFF,2014-09-09,0.09
DFF,2014-09-10,0.09
DFF,2014-09-11,0.09
DFF,2014-09-12,0.09
DFF,2014-09-13,0.09
DFF,2014-09-14,0.09
DFF,2014-09-15,0.09
DFF,2014-09-16,0.09
DFF,2014-09-17,0.09
DFF,2014-09-18,0.09
DFF,2014-09-19,0.09
DFF,2014-09-20,0.09
DFF,2014-09-21,0.09
DFF,2014-09-22,0.09
DFF,2014-09-23,0.09
DFF,2014-09-24,0.09
DFF,2014-09-25,0.09
DFF,2014-09-26,0.09
DFF,2014-09-27,0.09
DFF,2014-09-28,0.09
DFF,2014-09-29,0.08
DFF,2014-09-30,0.07
DFF,2014-10-01,0.09
DFF,2014-10-02,0.09
DFF,2014-10-03,0.09
DFF,2014-10-04,0.09
DFF,2014-10-05,0.09
DFF,2014-10-06,0.09
DFF,2014-10-07,0.09
DFF,2014-10-08,0.09
DFF,2014-10-09,0.08
DFF,2014-10-10,0.09
DFF,2014-10-11,0.09
DFF,2014-10-12,0.09
DFF,2014-10-13,0.09
DFF,2014-10-14,0.09
DFF,2014-10-15,0.09
DFF,2014-10-16,0.09
DFF,2014-10-17,0.09
DFF,2014-10-18,0.09
DFF,2014-10-19,0.09
DFF,2014-10-20,0.09
DFF,2014-10-21,0.09
DFF,2014-10-22,0.09
DFF,2014-10-23,0.09
DFF,2014-10-24,0.09
DFF,2014-10-25,0.09
DFF,2014-10-26,0.09
DFF,2014-10-27,0.09
DFF,2014-10-28,0.09
DFF,2014-10-29,0.09
DFF,2014-10-30,0.09
DFF,2014-10-31,0.07
DFF,2014-11-01,0.07
DFF,2014-11-02,0.07
DFF,2014-11-03,0.09
DFF,2014-11-04,0.1
DFF,2014-11-05,0.09
DFF,2014-11-06,0.09
DFF,2014-11-07,0.09
DFF,2014-11-08,0.09
DFF,2014-11-09,0.09
DFF,2014-11-10,0.09
DFF,2014-11-11,0.09
DFF,2014-11-12,0.09
DFF,2014-11-13,0.09
DFF,2014-11-14,0.09
DFF,2014-11-15,0.09
DFF,2014-11-16,0.09
DFF,2014-11-17,0.1
DFF,2014-11-18,0.11
DFF,2014-11-19,0.1
DFF,2014-11-20,0.1
DFF,2014-11-21,0.1
DFF,2014-11-22,0.1
DFF,2014-11-23,0.1
DFF,2014-11-24,0.1
DFF,2014-11-25,0.1
DFF,2014-11-26,0.1
DFF,2014-11-27,0.1
DFF,2014-11-28,0.08
DFF,2014-11-29,0.08
DFF,2014-11-30,0.08
DFF,2014-12-01,0.13
DFF,2014-12-02,0.12
DFF,2014-12-03,0.12
DFF,2014-12-04,0.12
DFF,2014-12-05,0.12
DFF,2014-12-06,0.12
DFF,2014-12-07,0.12
DFF,2014-12-08,0.12
DFF,2014-12-09,0.12
DFF,2014-12-10,0.12
DFF,2014-12-11,0.12
DFF,2014-12-12,0.12
DFF,2014-12-13,0.12
DFF,2014-12-14,0.12
DFF,2014-12-15,0.11
DFF,2014-12-16,0.12
DFF,2014-12-17,0.13
DFF,2014-12-18,0.13
DFF,2014-12-19,0.13
DFF,2014-12-20,0.13
DFF,2014-12-21,0.13
DFF,2014-12-22,0.13
DFF,2014-12-23,0.13
DFF,2014-12-24,0.13
DFF,2014-12-25,0.13
DFF,2014-12-26,0.13
DFF,2014-12-27,0.13
DFF,2014-12-28,0.13
DFF,2014-12-29,0.13
DFF,2014-12-30,0.13
DFF,2014-12-31,0.06
DFF,2015-01-01,0.06
DFF,2015-01-02,0.12
DFF,2015-01-03,0.12
DFF,2015-01-04,0.12
DFF,2015-01-05,0.12
DFF,2015-01-06,0.12
DFF,2015-01-07,0.12
DFF,2015-01-08,0.12
DFF,2015-01-09,0.12
DFF,2015-01-10,0.12
DFF,2015-01-11,0.12
DFF,2015-01-12,0.12
DFF,2015-01-13,0.12
DFF,2015-01-14,0.12
DFF,2015-01-15,0.12
DFF,2015-01-16,0.13
DFF,2015-01-17,0.13
DFF,2015-01-18,0.13
DFF,2015-01-19,0.13
DFF,2015-01-20,0.12
DFF,2015-01-21,0.12
DFF,2015-01-22,0.12
DFF,2015-01-23,0.12
DFF,2015-01-24,0.12
DFF,2015-01-25,0.12
DFF,2015-01-26,0.12
DFF,2015-01-27,0.11
DFF,2015-01-28,0.12
DFF,2015-01-29,0.11
DFF,2015-01-30,0.06
DFF,2015-01-31,0.06
DFF,2015-02-01,0.06
DFF,2015-02-02,0.12
DFF,2015-02-03,0.12
DFF,2015-02-04,0.11
DFF,2015-02-05,0.12
DFF,2015-02-06,0.11
DFF,2015-02-07,0.11
DFF,2015-02-08,0.11
DFF,2015-02-09,0.12
DFF,2015-02-10,0.12
DFF,2015-02-11,0.12
DFF,2015-02-12,0.12
DFF,2015-02-13,0.12
DFF,2015-02-14,0.12
DFF,2015-02-15,0.12
DFF,2015-02-16,0.12
DFF,2015-02-17,0.12
DFF,2015-02-18,0.12
DFF,2015-02-19,0.12
DFF,2015-02-20,0.12
DFF,2015-02-21,0.12
DFF,2015-02-22,0.12
DFF,2015-02-23,0.11
DFF,2015-02-24,0.11
DFF,2015-02-25,0.11
DFF,2015-02-26,0.11
DFF,2015-02-27,0.06
DFF,2015-02-28,0.06
DFF,2015-03-01,0.06
DFF,2015-03-02,0.12
DFF,2015-03-03,0.12
DFF,2015-03-04,0.11
DFF,2015-03-05,0.11
DFF,2015-03-06,0.12
DFF,2015-03-07,0.12
DFF,2015-03-08,0.12
DFF,2015-03-09,0.12
DFF,2015-03-10,0.12
DFF,2015-03-11,0.11
DFF,2015-03-12,0.11
DFF,2015-03-13,0.11
DFF,2015-03-14,0.11
DFF,2015-03-15,0.11
DFF,2015-03-16,0.12
DFF,2015-03-17,0.12
DFF,2015-03-18,0.11
DFF,2015-03-19,0.12
DFF,2015-03-20,0.12
DFF,2015-03-21,0.12
DFF,2015-03-22,0.12
DFF,2015-03-23,0.12
DFF,2015-03-24,0.11
DFF,2015-03-25,0.12
DFF,2015-03-26,0.11
DFF,2015-03-27,0.12
DFF,2015-03-28,0.12
DFF,2015-03-29,0.12
DFF,2015-03-30,0.12
DFF,2015-03-31,0.06
DFF,2015-04-01,0.12
DFF,2015-04-02,0.12
DFF,2015-04-03,0.12
DFF,2015-04-04,0.12
DFF,2015-04-05,0.12
DFF,2015-04-06,0.13
DFF,2015-04-07,0.12
DFF,2015-04-08,0.12
DFF,2015-04-09,0.12
DFF,2015-04-10,0.12
DFF,2015-04-11,0.12
DFF,2015-04-12,0.12
DFF,2015-04-13,0.13
DFF,2015-04-14,0.13
DFF,2015-04-15,0.13
DFF,2015-04-16,0.13
DFF,2015-04-17,0.13
DFF,2015-04-18,0.13
DFF,2015-04-19,0.13
DFF,2015-04-20,0.13
DFF,2015-04-21,0.13
DFF,2015-04-22,0.13
DFF,2015-04-23,0.13
DFF,2015-04-24,0.13
DFF,2015-04-25,0.13
DFF,2015-04-26,0.13
DFF,2015-04-27,0.13
DFF,2015-04-28,0.13
DFF,2015-04-29,0.13
DFF,2015-04-30,0.08
DFF,2015-05-01,0.13
DFF,2015-05-02,0.13
DFF,2015-05-03,0.13
DFF,2015-05-04,0.13
DFF,2015-05-05,0.13
DFF,2015-05-06,0.13
DFF,2015-05-07,0.13
DFF,2015-05-08,0.13
DFF,2015-05-09,0.13
DFF,2015-05-10,0.13
DFF,2015-05-11,0.13
DFF,2015-05-12,0.13
DFF,2015-05-13,0.13
DFF,2015-05-14,0.13
DFF,2015-05-15,0.13
DFF,2015-05-16,0.13
DFF,2015-05-17,0.13
DFF,2015-05-18,0.13
DFF,2015-05-19,0.12
DFF,2015-05-20,0.12
DFF,2015-05-21,0.12
DFF,2015-05-22,0.13
DFF,2015-05-23,0.13
DFF,2015-05-24,0.13
DFF,2015-05-25,0.13
DFF,2015-05-26,0.12
DFF,2015-05-27,0.12
DFF,2015-05-28,0.12
DFF,2015-05-29,0.08
DFF,2015-05-30,0.08
DFF,2015-05-31,0.08
DFF,2015-06-01,0.12
DFF,2015-06-02,0.12
DFF,2015-06-03,0.13
DFF,2015-06-04,0.13
DFF,2015-06-05,0.13
DFF,2015-06-06,0.13
DFF,2015-06-07,0.13
DFF,2015-06-08,0.13
DFF,2015-06-09,0.13
DFF,2015-06-10,0.13
DFF,2015-06-11,0.13
DFF,2015-06-12,0.13
DFF,2015-06-13,0.13
DFF,2015-06-14,0.13
DFF,2015-06-15,0.13
DFF,2015-06-16,0.14
DFF,2015-06-17,0.14
DFF,2015-06-18,0.14
DFF,2015-06-19,0.13
DFF,2015-06-20,0.13
DFF,2015-06-21,0.13
DFF,2015-06-22,0.13
DFF,2015-06-23,0.13
DFF,2015-06-24,0.13
DFF,2015-06-25,0.13
DFF,2015-06-26,0.13
DFF,2015-06-27,0.13
DFF,2015-06-28,0.13
DFF,2015-06-29,0.14
DFF,2015-06-30,0.08
DFF,2015-07-01,0.13
DFF,2015-07-02,0.13
DFF,2015-07-03,0.13
DFF,2015-07-04,0.13
DFF,2015-07-05,0.13
DFF,2015-07-06,0.13
DFF,2015-07-07,0.13
DFF,2015-07-08,0.13
DFF,2015-07-09,0.13
DFF,2015-07-10,0.13
DFF,2015-07-11,0.13
DFF,2015-07-12,0.13
DFF,2015-07-13,0.13
DFF,2015-07-14,0.13
DFF,2015-07-15,0.13
DFF,2015-07-16,0.14
DFF,2015-07-17,0.13
DFF,2015-07-18,0.13
DFF,2015-07-19,0.13
DFF,2015-07-20,0.14
DFF,2015-07-21,0.13
DFF,2015-07-22,0.13
DFF,2015-07-23,0.13
DFF,2015-07-24,0.13
DFF,2015-07-25,0.13
DFF,2015-07-26,0.13
DFF,2015-07-27,0.14
DFF,2015-07-28,0.14
DFF,2015-07-29,0.14
DFF,2015-07-30,0.14
DFF,2015-07-31,0.08
DFF,2015-08-01,0.08
DFF,2015-08-02,0.08
DFF,2015-08-03,0.14
DFF,2015-08-04,0.14
DFF,2015-08-05,0.14
DFF,2015-08-06,0.14
DFF,2015-08-07,0.14
DFF,2015-08-08,0.14
DFF,2015-08-09,0.14
DFF,2015-08-10,0.14
DFF,2015-08-11,0.15
DFF,2015-08-12,0.15
DFF,2015-08-13,0.15
DFF,2015-08-14,0.14
DFF,2015-08-15,0.14
DFF,2015-08-16,0.14
DFF,2015-08-17,0.15
DFF,2015-08-18,0.15
DFF,2015-08-19,0.15
DFF,2015-08-20,0.15
DFF,2015-08-21,0.15
DFF,2015-08-22,0.15
DFF,2015-08-23,0.15
DFF,2015-08-24,0.15
DFF,2015-08-25,0.15
DFF,2015-08-26,0.14
DFF,2015-08-27,0.14
DFF,2015-08-28,0.14
DFF,2015-08-29,0.14
DFF,2015-08-30,0.14
DFF,2015-08-31,0.08
DFF,2015-09-01,0.14
DFF,2015-09-02,0.14
DFF,2015-09-03,0.14
DFF,2015-09-04,0.14
DFF,2015-09-05,0.14
DFF,2015-09-06,0.14
DFF,2015-09-07,0.14
DFF,2015-09-08,0.14
DFF,2015-09-09,0.14
DFF,2015-09-10,0.14
DFF,2015-09-11,0.14
DFF,2015-09-12,0.14
DFF,2015-09-13,0.14
DFF,2015-09-14,0.14
DFF,2015-09-15,0.14
DFF,2015-09-16,0.14
DFF,2015-09-17,0.14
DFF,2015-09-18,0.14
DFF,2015-09-19,0.14
DFF,2015-09-20,0.14
DFF,2015-09-21,0.14
DFF,2015-09-22,0.14
DFF,2015-09-23,0.14
DFF,2015-09-24,0.14
DFF,2015-09-25,0.13
DFF,2015-09-26,0.13
DFF,2015-09-27,0.13
DFF,2015-09-28,0.13
DFF,2015-09-29,0.13
DFF,2015-09-30,0.07
DFF,2015-10-01,0.13
DFF,2015-10-02,0.13
DFF,2015-10-03,0.13
DFF,2015-10-04,0.13
DFF,2015-10-05,0.13
DFF,2015-10-06,0.13
DFF,2015-10-07,0.13
DFF,2015-10-08,0.13
DFF,2015-10-09,0.13
DFF,2015-10-10,0.13
DFF,2015-10-11,0.13
DFF,2015-10-12,0.13
DFF,2015-10-13,0.13
DFF,2015-10-14,0.13
DFF,2015-10-15,0.13
DFF,2015-10-16,0.13
DFF,2015-10-17,0.13
DFF,2015-10-18,0.13
DFF,2015-10-19,0.13
DFF,2015-10-20,0.13
DFF,2015-10-21,0.13
DFF,2015-10-22,0.12
DFF,2015-10-23,0.12
DFF,2015-10-24,0.12
DFF,2015-10-25,0.12
DFF,2015-10-26,0.12
DFF,2015-10-27,0.12
DFF,2015-10-28,0.12
DFF,2015-10-29,0.12
DFF,2015-10-30,0.07
DFF,2015-10-31,0.07
DFF,2015-11-01,0.07
DFF,2015-11-02,0.12
DFF,2015-11-03,0.12
DFF,2015-11-04,0.12
DFF,2015-11-05,0.12
DFF,2015-11-06,0.12
DFF,2015-11-07,0.12
DFF,2015-11-08,0.12
DFF,2015-11-09,0.12
DFF,2015-11-10,0.12
DFF,2015-11-11,0.12
DFF,2015-11-12,0.12
DFF,2015-11-13,0.12
DFF,2015-11-14,0.12
DFF,2015-11-15,0.12
DFF,2015-11-16,0.13
DFF,2015-11-17,0.13
DFF,2015-11-18,0.12
DFF,2015-11-19,0.12
DFF,2015-11-20,0.12
DFF,2015-11-21,0.12
DFF,2015-11-22,0.12
DFF,2015-11-23,0.12
DFF,2015-11-24,0.12
DFF,2015-11-25,0.12
DFF,2015-11-26,0.12
DFF,2015-11-27,0.12
DFF,2015-11-28,0.12
DFF,2015-11-29,0.12
DFF,2015-11-30,0.08
DFF,2015-12-01,0.13
DFF,2015-12-02,0.13
DFF,2015-12-03,0.13
DFF,2015-12-04,0.13
DFF,2015-12-05,0.13
DFF,2015-12-06,0.13
DFF,2015-12-07,0.13
DFF,2015-12-08,0.13
DFF,2015-12-09,0.14
DFF,2015-12-10,0.14
DFF,2015-12-11,0.14
DFF,2015-12-12,0.14
DFF,2015-12-13,0.14
DFF,2015-12-14,0.15
DFF,2015-12-15,0.15
DFF,2015-12-16,0.15
DFF,2015-12-17,0.37
DFF,2015-12-18,0.37
DFF,2015-12-19,0.37
DFF,2015-12-20,0.37
DFF,2015-12-21,0.36
DFF,2015-12-22,0.36
DFF,2015-12-23,0.36
DFF,2015-12-24,0.36
DFF,2015-12-25,0.36
DFF,2015-12-26,0.36
DFF,2015-12-27,0.36
DFF,2015-12-28,0.36
DFF,2015-12-29,0.36
DFF,2015-12-30,0.35
DFF,2015-12-31,0.2
DFF,2016-01-01,0.2
DFF,2016-01-02,0.2
DFF,2016-01-03,0.2
DFF,2016-01-04,0.36
DFF,2016-01-05,0.36
DFF,2016-01-06,0.36
DFF,2016-01-07,0.36
DFF,2016-01-08,0.36
DFF,2016-01-09,0.36
DFF,2016-01-10,0.36
DFF,2016-01-11,0.36
DFF,2016-01-12,0.36
DFF,2016-01-13,0.36
DFF,2016-01-14,0.36
DFF,2016-01-15,0.36
DFF,2016-01-16,0.36
DFF,2016-01-17,0.36
DFF,2016-01-18,0.36
DFF,2016-01-19,0.36
DFF,2016-01-20,0.37
DFF,2016-01-21,0.37
DFF,2016-01-22,0.38
DFF,2016-01-23,0.38
DFF,2016-01-24,0.38
DFF,2016-01-25,0.38
DFF,2016-01-26,0.38
DFF,2016-01-27,0.38
DFF,2016-01-28,0.38
DFF,2016-01-29,0.29
DFF,2016-01-30,0.29
DFF,2016-01-31,0.29
DFF,2016-02-01,0.38
DFF,2016-02-02,0.38
DFF,2016-02-03,0.38
DFF,2016-02-04,0.38
DFF,2016-02-05,0.38
DFF,2016-02-06,0.38
DFF,2016-02-07,0.38
DFF,2016-02-08,0.38
DFF,2016-02-09,0.38
DFF,2016-02-10,0.38
DFF,2016-02-11,0.38
DFF,2016-02-12,0.38
DFF,2016-02-13,0.38
DFF,2016-02-14,0.38
DFF,2016-02-15,0.38
DFF,2016-02-16,0.38
DFF,2016-02-17,0.37
DFF,2016-02-18,0.38
DFF,2016-02-19,0.38
DFF,2016-02-20,0.38
DFF,2016-02-21,0.38
DFF,2016-02-22,0.38
DFF,2016-02-23,0.38
DFF,2016-02-24,0.38
DFF,2016-02-25,0.37
DFF,2016-02-26,0.37
DFF,2016-02-27,0.37
DFF,2016-02-28,0.37
DFF,2016-02-29,0.29
DFF,2016-03-01,0.36
DFF,2016-03-02,0.37
DFF,2016-03-03,0.37
DFF,2016-03-04,0.36
DFF,2016-03-05,0.36
DFF,2016-03-06,0.36
DFF,2016-03-07,0.36
DFF,2016-03-08,0.36
DFF,2016-03-09,0.36
DFF,2016-03-10,0.36
DFF,2016-03-11,0.36
DFF,2016-03-12,0.36
DFF,2016-03-13,0.36
DFF,2016-03-14,0.36
DFF,2016-03-15,0.37
DFF,2016-03-16,0.37
DFF,2016-03-17,0.37
DFF,2016-03-18,0.37
DFF,2016-03-19,0.37
DFF,2016-03-20,0.37
DFF,2016-03-21,0.37
DFF,2016-03-22,0.37
DFF,2016-03-23,0.37
DFF,2016-03-24,0.37
DFF,2016-03-25,0.37
DFF,2016-03-26,0.37
DFF,2016-03-27,0.37
DFF,2016-03-28,0.37
DFF,2016-03-29,0.37
DFF,2016-03-30,0.37
DFF,2016-03-31,0.25
DFF,2016-04-01,0.37
DFF,2016-04-02,0.37
DFF,2016-04-03,0.37
DFF,2016-04-04,0.37
DFF,2016-04-05,0.37
DFF,2016-04-06,0.37
DFF,2016-04-07,0.37
DFF,2016-04-08,0.37
DFF,2016-04-09,0.37
DFF,2016-04-10,0.37
DFF,2016-04-11,0.37
DFF,2016-04-12,0.37
DFF,2016-04-13,0.37
DFF,2016-04-14,0.37
DFF,2016-04-15,0.37
DFF,2016-04-16,0.37
DFF,2016-04-17,0.37
DFF,2016-04-18,0.37
DFF,2016-04-19,0.37
DFF,2016-04-20,0.37
DFF,2016-04-21,0.37
DFF,2016-04-22,0.37
DFF,2016-04-23,0.37
DFF,2016-04-24,0.37
DFF,2016-04-25,0.37
DFF,2016-04-26,0.37
DFF,2016-04-27,0.37
DFF,2016-04-28,0.37
DFF,2016-04-29,0.3
DFF,2016-04-30,0.3
DFF,2016-05-01,0.3
DFF,2016-05-02,0.37
DFF,2016-05-03,0.37
DFF,2016-05-04,0.37
DFF,2016-05-05,0.37
DFF,2016-05-06,0.37
DFF,2016-05-07,0.37
DFF,2016-05-08,0.37
DFF,2016-05-09,0.37
DFF,2016-05-10,0.37
DFF,2016-05-11,0.37
DFF,2016-05-12,0.37
DFF,2016-05-13,0.37
DFF,2016-05-14,0.37
DFF,2016-05-15,0.37
DFF,2016-05-16,0.37
DFF,2016-05-17,0.37
DFF,2016-05-18,0.37
DFF,2016-05-19,0.37
DFF,2016-05-20,0.37
DFF,2016-05-21,0.37
DFF,2016-05-22,0.37
DFF,2016-05-23,0.37
DFF,2016-05-24,0.37
DFF,2016-05-25,0.37
DFF,2016-05-26,0.37
DFF,2016-05-27,0.37
DFF,2016-05-28,0.37
DFF,2016-05-29,0.37
DFF,2016-05-30,0.37
DFF,2016-05-31,0.29
DFF,2016-06-01,0.37
DFF,2016-06-02,0.37
DFF,2016-06-03,0.37
DFF,2016-06-04,0.37
DFF,2016-06-05,0.37
DFF,2016-06-06,0.37
DFF,2016-06-07,0.37
DFF,2016-06-08,0.37
DFF,2016-06-09,0.37
DFF,2016-06-10,0.37
DFF,2016-06-11,0.37
DFF,2016-06-12,0.37
DFF,2016-06-13,0.37
DFF,2016-06-14,0.37
DFF,2016-06-15,0.37
DFF,2016-06-16,0.38
DFF,2016-06-17,0.38
DFF,2016-06-18,0.38
DFF,2016-06-19,0.38
DFF,2016-06-20,0.38
DFF,2016-06-21,0.38
DFF,2016-06-22,0.38
DFF,2016-06-23,0.39
DFF,2016-06-24,0.4
DFF,2016-06-25,0.4
DFF,2016-06-26,0.4
DFF,2016-06-27,0.41
DFF,2016-06-28,0.41
DFF,2016-06-29,0.41
DFF,2016-06-30,0.3
DFF,2016-07-01,0.41
DFF,2016-07-02,0.41
DFF,2016-07-03,0.41
DFF,2016-07-04,0.41
DFF,2016-07-05,0.4
DFF,2016-07-06,0.4
DFF,2016-07-07,0.4
DFF,2016-07-08,0.4
DFF,2016-07-09,0.4
DFF,2016-07-10,0.4
DFF,2016-07-11,0.4
DFF,2016-07-12,0.4
DFF,2016-07-13,0.4
DFF,2016-07-14,0.4
DFF,2016-07-15,0.4
DFF,2016-07-16,0.4
DFF,2016-07-17,0.4
DFF,2016-07-18,0.4
DFF,2016-07-19,0.4
DFF,2016-07-20,0.4
DFF,2016-07-21,0.4
DFF,2016-07-22,0.4
DFF,2016-07-23,0.4
DFF,2016-07-24,0.4
DFF,2016-07-25,0.4
DFF,2016-07-26,0.4
DFF,2016-07-27,0.4
DFF,2016-07-28,0.4
DFF,2016-07-29,0.3
DFF,2016-07-30,0.3
DFF,2016-07-31,0.3
DFF,2016-08-01,0.4
DFF,2016-08-02,0.4
DFF,2016-08-03,0.4
DFF,2016-08-04,0.4
DFF,2016-08-05,0.4
DFF,2016-08-06,0.4
DFF,2016-08-07,0.4
DFF,2016-08-08,0.4
DFF,2016-08-09,0.4
DFF,2016-08-10,0.4
DFF,2016-08-11,0.4
DFF,2016-08-12,0.4
DFF,2016-08-13,0.4
DFF,2016-08-14,0.4
DFF,2016-08-15,0.4
DFF,2016-08-16,0.4
DFF,2016-08-17,0.4
DFF,2016-08-18,0.4
DFF,2016-08-19,0.4
DFF,2016-08-20,0.4
DFF,2016-08-21,0.4
DFF,2016-08-22,0.4
DFF,2016-08-23,0.4
DFF,2016-08-24,0.4
DFF,2016-08-25,0.4
DFF,2016-08-26,0.4
DFF,2016-08-27,0.4
DFF,2016-08-28,0.4
DFF,2016-08-29,0.4
DFF,2016-08-30,0.4
DFF,2016-08-31,0.3
DFF,2016-09-01,0.4
DFF,2016-09-02,0.4
DFF,2016-09-03,0.4
DFF,2016-09-04,0.4
DFF,2016-09-05,0.4
DFF,2016-09-06,0.4
DFF,2016-09-07,0.4
DFF,2016-09-08,0.4
DFF,2016-09-09,0.4
DFF,2016-09-10,0.4
DFF,2016-09-11,0.4
DFF,2016-09-12,0.4
DFF,2016-09-13,0.4
DFF,2016-09-14,0.4
DFF,2016-09-15,0.4
DFF,2016-09-16,0.4
DFF,2016-09-17,0.4
DFF,2016-09-18,0.4
DFF,2016-09-19,0.4
DFF,2016-09-20,0.4
DFF,2016-09-21,0.4
DFF,2016-09-22,0.4
DFF,2016-09-23,0.4
DFF,2016-09-24,0.4
DFF,2016-09-25,0.4
DFF,2016-09-26,0.4
DFF,2016-09-27,0.4
DFF,2016-09-28,0.4
DFF,2016-09-29,0.4
DFF,2016-09-30,0.29
DFF,2016-10-01,0.29
DFF,2016-10-02,0.29
DFF,2016-10-03,0.4
DFF,2016-10-04,0.4
DFF,2016-10-05,0.4
DFF,2016-10-06,0.4
DFF,2016-10-07,0.4
DFF,2016-10-08,0.4
DFF,2016-10-09,0.4
DFF,2016-10-10,0.4
DFF,2016-10-11,0.41
DFF,2016-10-12,0.41
DFF,2016-10-13,0.41
DFF,2016-10-14,0.41
DFF,2016-10-15,0.41
DFF,2016-10-16,0.41
DFF,2016-10-17,0.41
DFF,2016-10-18,0.41
DFF,2016-10-19,0.41
DFF,2016-10-20,0.41
DFF,2016-10-21,0.41
DFF,2016-10-22,0.41
DFF,2016-10-23,0.41
DFF,2016-10-24,0.41
DFF,2016-10-25,0.41
DFF,2016-10-26,0.41
DFF,2016-10-27,0.41
DFF,2016-10-28,0.41
DFF,2016-10-29,0.41
DFF,2016-10-30,0.41
DFF,2016-10-31,0.31
DFF,2016-11-01,0.41
DFF,2016-11-02,0.41
DFF,2016-11-03,0.41
DFF,2016-11-04,0.41
DFF,2016-11-05,0.41
DFF,2016-11-06,0.41
DFF,2016-11-07,0.41
DFF,2016-11-08,0.41
DFF,2016-11-09,0.41
DFF,2016-11-10,0.41
DFF,2016-11-11,0.41
DFF,2016-11-12,0.41
DFF,2016-11-13,0.41
DFF,2016-11-14,0.41
DFF,2016-11-15,0.41
DFF,2016-11-16,0.41
DFF,2016-11-17,0.41
DFF,2016-11-18,0.41
DFF,2016-11-19,0.41
DFF,2016-11-20,0.41
DFF,2016-11-21,0.41
DFF,2016-11-22,0.41
DFF,2016-11-23,0.41
DFF,2016-11-24,0.41
DFF,2016-11-25,0.41
DFF,2016-11-26,0.41
DFF,2016-11-27,0.41
DFF,2016-11-28,0.41
DFF,2016-11-29,0.41
DFF,2016-11-30,0.31
DFF,2016-12-01,0.41
DFF,2016-12-02,0.41
DFF,2016-12-03,0.41
DFF,2016-12-04,0.41
DFF,2016-12-05,0.41
DFF,2016-12-06,0.41
DFF,2016-12-07,0.41
DFF,2016-12-08,0.41
DFF,2016-12-09,0.41
DFF,2016-12-10,0.41
DFF,2016-12-11,0.41
DFF,2016-12-12,0.41
DFF,2016-12-13,0.41
DFF,2016-12-14,0.41
DFF,2016-12-15,0.66
DFF,2016-12-16,0.66
DFF,2016-12-17,0.66
DFF,2016-12-18,0.66
DFF,2016-12-19,0.66
DFF,2016-12-20,0.66
DFF,2016-12-21,0.66
DFF,2016-12-22,0.66
DFF,2016-12-23,0.66
DFF,2016-12-24,0.66
DFF,2016-12-25,0.66
DFF,2016-12-26,0.66
DFF,2016-12-27,0.66
DFF,2016-12-28,0.66
DFF,2016-12-29,0.66
DFF,2016-12-30,0.55
DFF,2016-12-31,0.55
DFF,2017-01-01,0.55
DFF,2017-01-02,0.55
DFF,2017-01-03,0.66
DFF,2017-01-04,0.66
DFF,2017-01-05,0.66
DFF,2017-01-06,0.66
DFF,2017-01-07,0.66
DFF,2017-01-08,0.66
DFF,2017-01-09,0.66
DFF,2017-01-10,0.66
DFF,2017-01-11,0.66
DFF,2017-01-12,0.66
DFF,2017-01-13,0.66
DFF,2017-01-14,0.66
DFF,2017-01-15,0.66
DFF,2017-01-16,0.66
DFF,2017-01-17,0.66
DFF,2017-01-18,0.66
DFF,2017-01-19,0.66
DFF,2017-01-20,0.66
DFF,2017-01-21,0.66
DFF,2017-01-22,0.66
DFF,2017-01-23,0.66
DFF,2017-01-24,0.66
DFF,2017-01-25,0.66
DFF,2017-01-26,0.66
DFF,2017-01-27,0.66
DFF,2017-01-28,0.66
DFF,2017-01-29,0.66
DFF,2017-01-30,0.66
DFF,2017-01-31,0.56
DFF,2017-02-01,0.66
DFF,2017-02-02,0.66
DFF,2017-02-03,0.66
DFF,2017-02-04,0.66
DFF,2017-02-05,0.66
DFF,2017-02-06,0.66
DFF,2017-02-07,0.66
DFF,2017-02-08,0.66
DFF,2017-02-09,0.66
DFF,2017-02-10,0.66
DFF,2017-02-11,0.66
DFF,2017-02-12,0.66
DFF,2017-02-13,0.66
DFF,2017-02-14,0.66
DFF,2017-02-15,0.66
DFF,2017-02-16,0.66
DFF,2017-02-17,0.66
DFF,2017-02-18,0.66
DFF,2017-02-19,0.66
DFF,2017-02-20,0.66
DFF,2017-02-21,0.66
DFF,2017-02-22,0.66
DFF,2017-02-23,0.66
DFF,2017-02-24,0.66
DFF,2017-02-25,0.66
DFF,2017-02-26,0.66
DFF,2017-02-27,0.66
DFF,2017-02-28,0.57
DFF,2017-03-01,0.66
DFF,2017-03-02,0.66
DFF,2017-03-03,0.66
DFF,2017-03-04,0.66
DFF,2017-03-05,0.66
DFF,2017-03-06,0.66
DFF,2017-03-07,0.66
DFF,2017-03-08,0.66
DFF,2017-03-09,0.66
DFF,2017-03-10,0.66
DFF,2017-03-11,0.66
DFF,2017-03-12,0.66
DFF,2017-03-13,0.66
DFF,2017-03-14,0.66
DFF,2017-03-15,0.66
DFF,2017-03-16,0.91
DFF,2017-03-17,0.91
DFF,2017-03-18,0.91
DFF,2017-03-19,0.91
DFF,2017-03-20,0.91
DFF,2017-03-21,0.91
DFF,2017-03-22,0.91
DFF,2017-03-23,0.91
DFF,2017-03-24,0.91
DFF,2017-03-25,0.91
DFF,2017-03-26,0.91
DFF,2017-03-27,0.91
DFF,2017-03-28,0.91
DFF,2017-03-29,0.91
DFF,2017-03-30,0.91
DFF,2017-03-31,0.82
DFF,2017-04-01,0.82
DFF,2017-04-02,0.82
DFF,2017-04-03,0.91
DFF,2017-04-04,0.91
DFF,2017-04-05,0.91
DFF,2017-04-06,0.91
DFF,2017-04-07,0.91
DFF,2017-04-08,0.91
DFF,2017-04-09,0.91
DFF,2017-04-10,0.91
DFF,2017-04-11,0.91
DFF,2017-04-12,0.91
DFF,2017-04-13,0.91
DFF,2017-04-14,0.91
DFF,2017-04-15,0.91
DFF,2017-04-16,0.91
DFF,2017-04-17,0.91
DFF,2017-04-18,0.91
DFF,2017-04-19,0.91
DFF,2017-04-20,0.91
DFF,2017-04-21,0.91
DFF,2017-04-22,0.91
DFF,2017-04-23,0.91
DFF,2017-04-24,0.91
DFF,2017-04-25,0.91
DFF,2017-04-26,0.91
DFF,2017-04-27,0.91
DFF,2017-04-28,0.83
DFF,2017-04-29,0.83
DFF,2017-04-30,0.83
DFF,2017-05-01,0.91
DFF,2017-05-02,0.91
DFF,2017-05-03,0.91
DFF,2017-05-04,0.91
DFF,2017-05-05,0.91
DFF,2017-05-06,0.91
DFF,2017-05-07,0.91
DFF,2017-05-08,0.91
DFF,2017-05-09,0.91
DFF,2017-05-10,0.91
DFF,2017-05-11,0.91
DFF,2017-05-12,0.91
DFF,2017-05-13,0.91
DFF,2017-05-14,0.91
DFF,2017-05-15,0.91
DFF,2017-05-16,0.91
DFF,2017-05-17,0.91
DFF,2017-05-18,0.91
DFF,2017-05-19,0.91
DFF,2017-05-20,0.91
DFF,2017-05-21,0.91
DFF,2017-05-22,0.91
DFF,2017-05-23,0.91
DFF,2017-05-24,0.91
DFF,2017-05-25,0.91
DFF,2017-05-26,0.91
DFF,2017-05-27,0.91
DFF,2017-05-28,0.91
DFF,2017-05-29,0.91
DFF,2017-05-30,0.91
DFF,2017-05-31,0.83
DFF,2017-06-01,0.91
DFF,2017-06-02,0.91
DFF,2017-06-03,0.91
DFF,2017-06-04,0.91
DFF,2017-06-05,0.91
DFF,2017-06-06,0.91
DFF,2017-06-07,0.91
DFF,2017-06-08,0.91
DFF,2017-06-09,0.91
DFF,2017-06-10,0.91
DFF,2017-06-11,0.91
DFF,2017-06-12,0.91
DFF,2017-06-13,0.91
DFF,2017-06-14,0.91
DFF,2017-06-15,1.16
DFF,2017-06-16,1.16
DFF,2017-06-17,1.16
DFF,2017-06-18,1.16
DFF,2017-06-19,1.16
DFF,2017-06-20,1.16
DFF,2017-06-21,1.16
DFF,2017-06-22,1.16
DFF,2017-06-23,1.16
DFF,2017-06-24,1.16
DFF,2017-06-25,1.16
DFF,2017-06-26,1.16
DFF,2017-06-27,1.16
DFF,2017-06-28,1.16
DFF,2017-06-29,1.16
DFF,2017-06-30,1.06
DFF,2017-07-01,1.06
DFF,2017-07-02,1.06
DFF,2017-07-03,1.16
DFF,2017-07-04,1.16
DFF,2017-07-05,1.16
DFF,2017-07-06,1.16
DFF,2017-07-07,1.16
DFF,2017-07-08,1.16
DFF,2017-07-09,1.16
DFF,2017-07-10,1.16
DFF,2017-07-11,1.16
DFF,2017-07-12,1.16
DFF,2017-07-13,1.16
DFF,2017-07-14,1.16
DFF,2017-07-15,1.16
DFF,2017-07-16,1.16
DFF,2017-07-17,1.16
DFF,2017-07-18,1.16
DFF,2017-07-19,1.16
DFF,2017-07-20,1.16
DFF,2017-07-21,1.16
DFF,2017-07-22,1.16
DFF,2017-07-23,1.16
DFF,2017-07-24,1.16
DFF,2017-07-25,1.16
DFF,2017-07-26,1.16
DFF,2017-07-27,1.16
DFF,2017-07-28,1.16
DFF,2017-07-29,1.16
DFF,2017-07-30,1.16
DFF,2017-07-31,1.07
DFF,2017-08-01,1.16
DFF,2017-08-02,1.16
DFF,2017-08-03,1.16
DFF,2017-08-04,1.16
DFF,2017-08-05,1.16
DFF,2017-08-06,1.16
DFF,2017-08-07,1.16
DFF,2017-08-08,1.16
DFF,2017-08-09,1.16
DFF,2017-08-10,1.16
DFF,2017-08-11,1.16
DFF,2017-08-12,1.16
DFF,2017-08-13,1.16
DFF,2017-08-14,1.16
DFF,2017-08-15,1.16
DFF,2017-08-16,1.16
DFF,2017-08-17,1.16
DFF,2017-08-18,1.16
DFF,2017-08-19,1.16
DFF,2017-08-20,1.16
DFF,2017-08-21,1.16
DFF,2017-08-22,1.16
DFF,2017-08-23,1.16
DFF,2017-08-24,1.16
DFF,2017-08-25,1.16
DFF,2017-08-26,1.16
DFF,2017-08-27,1.16
DFF,2017-08-28,1.16
DFF,2017-08-29,1.16
DFF,2017-08-30,1.16
DFF,2017-08-31,1.07
DFF,2017-09-01,1.16
DFF,2017-09-02,1.16
DFF,2017-09-03,1.16
DFF,2017-09-04,1.16
DFF,2017-09-05,1.16
DFF,2017-09-06,1.16
DFF,2017-09-07,1.16
DFF,2017-09-08,1.16
DFF,2017-09-09,1.16
DFF,2017-09-10,1.16
DFF,2017-09-11,1.16
DFF,2017-09-12,1.16
DFF,2017-09-13,1.16
DFF,2017-09-14,1.16
DFF,2017-09-15,1.16
DFF,2017-09-16,1.16
DFF,2017-09-17,1.16
DFF,2017-09-18,1.16
DFF,2017-09-19,1.16
DFF,2017-09-20,1.16
DFF,2017-09-21,1.16
DFF,2017-09-22,1.16
DFF,2017-09-23,1.16
DFF,2017-09-24,1.16
DFF,2017-09-25,1.16
DFF,2017-09-26,1.16
DFF,2017-09-27,1.16
DFF,2017-09-28,1.16
DFF,2017-09-29,1.06
DFF,2017-09-30,1.06
DFF,2017-10-01,1.06
DFF,2017-10-02,1.16
DFF,2017-10-03,1.16
DFF,2017-10-04,1.16
DFF,2017-10-05,1.16
DFF,2017-10-06,1.16
DFF,2017-10-07,1.16
DFF,2017-10-08,1.16
DFF,2017-10-09,1.16
DFF,2017-10-10,1.16
DFF,2017-10-11,1.16
DFF,2017-10-12,1.16
DFF,2017-10-13,1.16
DFF,2017-10-14,1.16
DFF,2017-10-15,1.16
DFF,2017-10-16,1.16
DFF,2017-10-17,1.16
DFF,2017-10-18,1.16
DFF,2017-10-19,1.16
DFF,2017-10-20,1.16
DFF,2017-10-21,1.16
DFF,2017-10-22,1.16
DFF,2017-10-23,1.16
DFF,2017-10-24,1.16
DFF,2017-10-25,1.16
DFF,2017-10-26,1.16
DFF,2017-10-27,1.16
DFF,2017-10-28,1.16
DFF,2017-10-29,1.16
DFF,2017-10-30,1.16
DFF,2017-10-31,1.07
DFF,2017-11-01,1.16
DFF,2017-11-02,1.16
DFF,2017-11-03,1.16
DFF,2017-11-04,1.16
DFF,2017-11-05,1.16
DFF,2017-11-06,1.16
DFF,2017-11-07,1.16
DFF,2017-11-08,1.16
DFF,2017-11-09,1.16
DFF,2017-11-10,1.16
DFF,2017-11-11,1.16
DFF,2017-11-12,1.16
DFF,2017-11-13,1.16
DFF,2017-11-14,1.16
DFF,2017-11-15,1.16
DFF,2017-11-16,1.16
DFF,2017-11-17,1.16
DFF,2017-11-18,1.16
DFF,2017-11-19,1.16
DFF,2017-11-20,1.16
DFF,2017-11-21,1.16
DFF,2017-11-22,1.16
DFF,2017-11-23,1.16
DFF,2017-11-24,1.16
DFF,2017-11-25,1.16
DFF,2017-11-26,1.16
DFF,2017-11-27,1.16
DFF,2017-11-28,1.16
DFF,2017-11-29,1.16
DFF,2017-11-30,1.07
DFF,2017-12-01,1.16
DFF,2017-12-02,1.16
DFF,2017-12-03,1.16
DFF,2017-12-04,1.16
DFF,2017-12-05,1.16
DFF,2017-12-06,1.16
DFF,2017-12-07,1.16
DFF,2017-12-08,1.16
DFF,2017-12-09,1.16
DFF,2017-12-10,1.16
DFF,2017-12-11,1.16
DFF,2017-12-12,1.17
DFF,2017-12-13,1.17
DFF,2017-12-14,1.41
DFF,2017-12-15,1.41
DFF,2017-12-16,1.41
DFF,2017-12-17,1.41
DFF,2017-12-18,1.42
DFF,2017-12-19,1.42
DFF,2017-12-20,1.42
DFF,2017-12-21,1.42
DFF,2017-12-22,1.42
DFF,2017-12-23,1.42
DFF,2017-12-24,1.42
DFF,2017-12-25,1.42
DFF,2017-12-26,1.42
DFF,2017-12-27,1.42
DFF,2017-12-28,1.42
DFF,2017-12-29,1.33
DFF,2017-12-30,1.33
DFF,2017-12-31,1.33
DFF,2018-01-01,1.33
DFF,2018-01-02,1.42
DFF,2018-01-03,1.42
DFF,2018-01-04,1.42
DFF,2018-01-05,1.42
DFF,2018-01-06,1.42
DFF,2018-01-07,1.42
DFF,2018-01-08,1.42
DFF,2018-01-09,1.42
DFF,2018-01-10,1.42
DFF,2018-01-11,1.42
DFF,2018-01-12,1.42
DFF,2018-01-13,1.42
DFF,2018-01-14,1.42
DFF,2018-01-15,1.42
DFF,2018-01-16,1.42
DFF,2018-01-17,1.42
DFF,2018-01-18,1.42
DFF,2018-01-19,1.42
DFF,2018-01-20,1.42
DFF,2018-01-21,1.42
DFF,2018-01-22,1.42
DFF,2018-01-23,1.42
DFF,2018-01-24,1.42
DFF,2018-01-25,1.42
DFF,2018-01-26,1.42
DFF,2018-01-27,1.42
DFF,2018-01-28,1.42
DFF,2018-01-29,1.42
DFF,2018-01-30,1.42
DFF,2018-01-31,1.34
DFF,2018-02-01,1.42
DFF,2018-02-02,1.42
DFF,2018-02-03,1.42
DFF,2018-02-04,1.42
DFF,2018-02-05,1.42
DFF,2018-02-06,1.42
DFF,2018-02-07,1.42
DFF,2018-02-08,1.42
DFF,2018-02-09,1.42
DFF,2018-02-10,1.42
DFF,2018-02-11,1.42
DFF,2018-02-12,1.42
DFF,2018-02-13,1.42
DFF,2018-02-14,1.42
DFF,2018-02-15,1.42
DFF,2018-02-16,1.42
DFF,2018-02-17,1.42
DFF,2018-02-18,1.42
DFF,2018-02-19,1.42
DFF,2018-02-20,1.42
DFF,2018-02-21,1.42
DFF,2018-02-22,1.42
DFF,2018-02-23,1.42
DFF,2018-02-24,1.42
DFF,2018-02-25,1.42
DFF,2018-02-26,1.42
DFF,2018-02-27,1.42
DFF,2018-02-28,1.35
DFF,2018-03-01,1.42
DFF,2018-03-02,1.42
DFF,2018-03-03,1.42
DFF,2018-03-04,1.42
DFF,2018-03-05,1.42
DFF,2018-03-06,1.42
DFF,2018-03-07,1.42
DFF,2018-03-08,1.42
DFF,2018-03-09,1.42
DFF,2018-03-10,1.42
DFF,2018-03-11,1.42
DFF,2018-03-12,1.42
DFF,2018-03-13,1.42
DFF,2018-03-14,1.42
DFF,2018-03-15,1.43
DFF,2018-03-16,1.43
DFF,2018-03-17,1.43
DFF,2018-03-18,1.43
DFF,2018-03-19,1.43
DFF,2018-03-20,1.44
DFF,2018-03-21,1.44
DFF,2018-03-22,1.68
DFF,2018-03-23,1.68
DFF,2018-03-24,1.68
DFF,2018-03-25,1.68
DFF,2018-03-26,1.68
DFF,2018-03-27,1.68
DFF,2018-03-28,1.68
DFF,2018-03-29,1.68
DFF,2018-03-30,1.67
DFF,2018-03-31,1.67
DFF,2018-04-01,1.67
DFF,2018-04-02,1.68
DFF,2018-04-03,1.69
DFF,2018-04-04,1.69
DFF,2018-04-05,1.69
DFF,2018-04-06,1.69
DFF,2018-04-07,1.69
DFF,2018-04-08,1.69
DFF,2018-04-09,1.69
DFF,2018-04-10,1.69
DFF,2018-04-11,1.69
DFF,2018-04-12,1.69
DFF,2018-04-13,1.69
DFF,2018-04-14,1.69
DFF,2018-04-15,1.69
DFF,2018-04-16,1.69
DFF,2018-04-17,1.69
DFF,2018-04-18,1.69
DFF,2018-04-19,1.69
DFF,2018-04-20,1.7
DFF,2018-04-21,1.7
DFF,2018-04-22,1.7
DFF,2018-04-23,1.7
DFF,2018-04-24,1.7
DFF,2018-04-25,1.7
DFF,2018-04-26,1.7
DFF,2018-04-27,1.7
DFF,2018-04-28,1.7
DFF,2018-04-29,1.7
DFF,2018-04-30,1.69
DFF,2018-05-01,1.7
DFF,2018-05-02,1.7
DFF,2018-05-03,1.7
DFF,2018-05-04,1.7
DFF,2018-05-05,1.7
DFF,2018-05-06,1.7
DFF,2018-05-07,1.7
DFF,2018-05-08,1.7
DFF,2018-05-09,1.7
DFF,2018-05-10,1.7
DFF,2018-05-11,1.7
DFF,2018-05-12,1.7
DFF,2018-05-13,1.7
DFF,2018-05-14,1.7
DFF,2018-05-15,1.7
DFF,2018-05-16,1.7
DFF,2018-05-17,1.7
DFF,2018-05-18,1.7
DFF,2018-05-19,1.7
DFF,2018-05-20,1.7
DFF,2018-05-21,1.7
DFF,2018-05-22,1.7
DFF,2018-05-23,1.7
DFF,2018-05-24,1.7
DFF,2018-05-25,1.7
DFF,2018-05-26,1.7
DFF,2018-05-27,1.7
DFF,2018-05-28,1.7
DFF,2018-05-29,1.7
DFF,2018-05-30,1.7
DFF,2018-05-31,1.7
DFF,2018-06-01,1.7
DFF,2018-06-02,1.7
DFF,2018-06-03,1.7
DFF,2018-06-04,1.7
DFF,2018-06-05,1.7
DFF,2018-06-06,1.7
DFF,2018-06-07,1.7
DFF,2018-06-08,1.7
DFF,2018-06-09,1.7
DFF,2018-06-10,1.7
DFF,2018-06-11,1.7
DFF,2018-06-12,1.7
DFF,2018-06-13,1.7
DFF,2018-06-14,1.9
DFF,2018-06-15,1.9
DFF,2018-06-16,1.9
DFF,2018-06-17,1.9
DFF,2018-06-18,1.9
DFF,2018-06-19,1.91
DFF,2018-06-20,1.92
DFF,2018-06-21,1.92
DFF,2018-06-22,1.92
DFF,2018-06-23,1.92
DFF,2018-06-24,1.92
DFF,2018-06-25,1.92
DFF,2018-06-26,1.92
DFF,2018-06-27,1.91
DFF,2018-06-28,1.91
DFF,2018-06-29,1.91
DFF,2018-06-30,1.91
DFF,2018-07-01,1.91
DFF,2018-07-02,1.91
DFF,2018-07-03,1.91
DFF,2018-07-04,1.91
DFF,2018-07-05,1.91
DFF,2018-07-06,1.91
DFF,2018-07-07,1.91
DFF,2018-07-08,1.91
DFF,2018-07-09,1.91
DFF,2018-07-10,1.91
DFF,2018-07-11,1.91
DFF,2018-07-12,1.91
DFF,2018-07-13,1.91
DFF,2018-07-14,1.91
DFF,2018-07-15,1.91
DFF,2018-07-16,1.91
DFF,2018-07-17,1.91
DFF,2018-07-18,1.91
DFF,2018-07-19,1.91
DFF,2018-07-20,1.91
DFF,2018-07-21,1.91
DFF,2018-07-22,1.91
DFF,2018-07-23,1.91
DFF,2018-07-24,1.91
DFF,2018-07-25,1.91
DFF,2018-07-26,1.91
DFF,2018-07-27,1.91
DFF,2018-07-28,1.91
DFF,2018-07-29,1.91
DFF,2018-07-30,1.91
DFF,2018-07-31,1.91
DFF,2018-08-01,1.91
DFF,2018-08-02,1.91
DFF,2018-08-03,1.91
DFF,2018-08-04,1.91
DFF,2018-08-05,1.91
DFF,2018-08-06,1.91
DFF,2018-08-07,1.91
DFF,2018-08-08,1.91
DFF,2018-08-09,1.91
DFF,2018-08-10,1.91
DFF,2018-08-11,1.91
DFF,2018-08-12,1.91
DFF,2018-08-13,1.91
DFF,2018-08-14,1.91
DFF,2018-08-15,1.91
DFF,2018-08-16,1.92
DFF,2018-08-17,1.92
DFF,2018-08-18,1.92
DFF,2018-08-19,1.92
DFF,2018-08-20,1.92
DFF,2018-08-21,1.92
DFF,2018-08-22,1.92
DFF,2018-08-23,1.92
DFF,2018-08-24,1.92
DFF,2018-08-25,1.92
DFF,2018-08-26,1.92
DFF,2018-08-27,1.92
DFF,2018-08-28,1.92
DFF,2018-08-29,1.92
DFF,2018-08-30,1.92
DFF,2018-08-31,1.91
DFF,2018-09-01,1.91
DFF,2018-09-02,1.91
DFF,2018-09-03,1.91
DFF,2018-09-04,1.92
DFF,2018-09-05,1.92
DFF,2018-09-06,1.92
DFF,2018-09-07,1.92
DFF,2018-09-08,1.92
DFF,2018-09-09,1.92
DFF,2018-09-10,1.92
DFF,2018-09-11,1.92
DFF,2018-09-12,1.92
DFF,2018-09-13,1.92
DFF,2018-09-14,1.92
DFF,2018-09-15,1.92
DFF,2018-09-16,1.92
DFF,2018-09-17,1.92
DFF,2018-09-18,1.92
DFF,2018-09-19,1.92
DFF,2018-09-20,1.92
DFF,2018-09-21,1.92
DFF,2018-09-22,1.92
DFF,2018-09-23,1.92
DFF,2018-09-24,1.93
DFF,2018-09-25,1.93
DFF,2018-09-26,1.93
DFF,2018-09-27,2.18
DFF,2018-09-28,2.18
DFF,2018-09-29,2.18
DFF,2018-09-30,2.18
DFF,2018-10-01,2.18
DFF,2018-10-02,2.18
DFF,2018-10-03,2.18
DFF,2018-10-04,2.18
DFF,2018-10-05,2.18
DFF,2018-10-06,2.18
DFF,2018-10-07,2.18
DFF,2018-10-08,2.18
DFF,2018-10-09,2.18
DFF,2018-10-10,2.18
DFF,2018-10-11,2.18
DFF,2018-10-12,2.18
DFF,2018-10-13,2.18
DFF,2018-10-14,2.18
DFF,2018-10-15,2.18
DFF,2018-10-16,2.18
DFF,2018-10-17,2.19
DFF,2018-10-18,2.19
DFF,2018-10-19,2.19
DFF,2018-10-20,2.19
DFF,2018-10-21,2.19
DFF,2018-10-22,2.19
DFF,2018-10-23,2.2
DFF,2018-10-24,2.2
DFF,2018-10-25,2.2
DFF,2018-10-26,2.2
DFF,2018-10-27,2.2
DFF,2018-10-28,2.2
DFF,2018-10-29,2.2
DFF,2018-10-30,2.2
DFF,2018-10-31,2.2
DFF,2018-11-01,2.2
DFF,2018-11-02,2.19
DFF,2018-11-03,2.19
DFF,2018-11-04,2.19
DFF,2018-11-05,2.2
DFF,2018-11-06,2.2
DFF,2018-11-07,2.2
DFF,2018-11-08,2.2
DFF,2018-11-09,2.19
DFF,2018-11-10,2.19
DFF,2018-11-11,2.19
DFF,2018-11-12,2.19
DFF,2018-11-13,2.2
DFF,2018-11-14,2.2
DFF,2018-11-15,2.2
DFF,2018-11-16,2.2
DFF,2018-11-17,2.2
DFF,2018-11-18,2.2
DFF,2018-11-19,2.2
DFF,2018-11-20,2.2
DFF,2018-11-21,2.2
DFF,2018-11-22,2.2
DFF,2018-11-23,2.2
DFF,2018-11-24,2.2
DFF,2018-11-25,2.2
DFF,2018-11-26,2.2
DFF,2018-11-27,2.2
DFF,2018-11-28,2.2
DFF,2018-11-29,2.2
DFF,2018-11-30,2.2
DFF,2018-12-01,2.2
DFF,2018-12-02,2.2
DFF,2018-12-03,2.19
DFF,2018-12-04,2.2
DFF,2018-12-05,2.2
DFF,2018-12-06,2.2
DFF,2018-12-07,2.19
DFF,2018-12-08,2.19
DFF,2018-12-09,2.19
DFF,2018-12-10,2.2
DFF,2018-12-11,2.19
DFF,2018-12-12,2.19
DFF,2018-12-13,2.19
DFF,2018-12-14,2.19
DFF,2018-12-15,2.19
DFF,2018-12-16,2.19
DFF,2018-12-17,2.2
DFF,2018-12-18,2.2
DFF,2018-12-19,2.2
DFF,2018-12-20,2.4
DFF,2018-12-21,2.4
DFF,2018-12-22,2.4
DFF,2018-12-23,2.4
DFF,2018-12-24,2.4
DFF,2018-12-25,2.4
DFF,2018-12-26,2.4
DFF,2018-12-27,2.4
DFF,2018-12-28,2.4
DFF,2018-12-29,2.4
DFF,2018-12-30,2.4
DFF,2018-12-31,2.4
DFF,2019-01-01,2.4
DFF,2019-01-02,2.4
DFF,2019-01-03,2.4
DFF,2019-01-04,2.4
DFF,2019-01-05,2.4
DFF,2019-01-06,2.4
DFF,2019-01-07,2.4
DFF,2019-01-08,2.4
DFF,2019-01-09,2.4
DFF,2019-01-10,2.4
DFF,2019-01-11,2.4
DFF,2019-01-12,2.4
DFF,2019-01-13,2.4
DFF,2019-01-14,2.4
DFF,2019-01-15,2.4
DFF,2019-01-16,2.4
DFF,2019-01-17,2.4
DFF,2019-01-18,2.4
DFF,2019-01-19,2.4
DFF,2019-01-20,2.4
DFF,2019-01-21,2.4
DFF,2019-01-22,2.4
DFF,2019-01-23,2.4
DFF,2019-01-24,2.4
DFF,2019-01-25,2.4
DFF,2019-01-26,2.4
DFF,2019-01-27,2.4
DFF,2019-01-28,2.4
DFF,2019-01-29,2.4
DFF,2019-01-30,2.4
DFF,2019-01-31,2.4
DFF,2019-02-01,2.4
DFF,2019-02-02,2.4
DFF,2019-02-03,2.4
DFF,2019-02-04,2.4
DFF,2019-02-05,2.4
DFF,2019-02-06,2.4
DFF,2019-02-07,2.4
DFF,2019-02-08,2.4
DFF,2019-02-09,2.4
DFF,2019-02-10,2.4
DFF,2019-02-11,2.4
DFF,2019-02-12,2.4
DFF,2019-02-13,2.4
DFF,2019-02-14,2.4
DFF,2019-02-15,2.4
DFF,2019-02-16,2.4
DFF,2019-02-17,2.4
DFF,2019-02-18,2.4
DFF,2019-02-19,2.4
DFF,2019-02-20,2.4
DFF,2019-02-21,2.4
DFF,2019-02-22,2.4
DFF,2019-02-23,2.4
DFF,2019-02-24,2.4
DFF,2019-02-25,2.4
DFF,2019-02-26,2.4
DFF,2019-02-27,2.4
DFF,2019-02-28,2.4
DFF,2019-03-01,2.4
DFF,2019-03-02,2.4
DFF,2019-03-03,2.4
DFF,2019-03-04,2.4
DFF,2019-03-05,2.4
DFF,2019-03-06,2.4
DFF,2019-03-07,2.4
DFF,2019-03-08,2.4
DFF,2019-03-09,2.4
DFF,2019-03-10,2.4
DFF,2019-03-11,2.4
DFF,2019-03-12,2.4
DFF,2019-03-13,2.4
DFF,2019-03-14,2.4
DFF,2019-03-15,2.4
DFF,2019-03-16,2.4
DFF,2019-03-17,2.4
DFF,2019-03-18,2.4
DFF,2019-03-19,2.4
DFF,2019-03-20,2.41
DFF,2019-03-21,2.41
DFF,2019-03-22,2.41
DFF,2019-03-23,2.41
DFF,2019-03-24,2.41
DFF,2019-03-25,2.4
DFF,2019-03-26,2.4
DFF,2019-03-27,2.41
DFF,2019-03-28,2.41
DFF,2019-03-29,2.43
DFF,2019-03-30,2.43
DFF,2019-03-31,2.43
DFF,2019-04-01,2.41
DFF,2019-04-02,2.41
DFF,2019-04-03,2.41
DFF,2019-04-04,2.41
DFF,2019-04-05,2.41
DFF,2019-04-06,2.41
DFF,2019-04-07,2.41
DFF,2019-04-08,2.41
DFF,2019-04-09,2.41
DFF,2019-04-10,2.41
DFF,2019-04-11,2.41
DFF,2019-04-12,2.41
DFF,2019-04-13,2.41
DFF,2019-04-14,2.41
DFF,2019-04-15,2.41
DFF,2019-04-16,2.41
DFF,2019-04-17,2.42
DFF,2019-04-18,2.43
DFF,2019-04-19,2.44
DFF,2019-04-20,2.44
DFF,2019-04-21,2.44
DFF,2019-04-22,2.44
DFF,2019-04-23,2.44
DFF,2019-04-24,2.44
DFF,2019-04-25,2.44
DFF,2019-04-26,2.44
DFF,2019-04-27,2.44
DFF,2019-04-28,2.44
DFF,2019-04-29,2.45
DFF,2019-04-30,2.45
DFF,2019-05-01,2.45
DFF,2019-05-02,2.41
DFF,2019-05-03,2.4
DFF,2019-05-04,2.4
DFF,2019-05-05,2.4
DFF,2019-05-06,2.4
DFF,2019-05-07,2.4
DFF,2019-05-08,2.39
DFF,2019-05-09,2.38
DFF,2019-05-10,2.38
DFF,2019-05-11,2.38
DFF,2019-05-12,2.38
DFF,2019-05-13,2.38
DFF,2019-05-14,2.38
DFF,2019-05-15,2.4
DFF,2019-05-16,2.39
DFF,2019-05-17,2.39
DFF,2019-05-18,2.39
DFF,2019-05-19,2.39
DFF,2019-05-20,2.39
DFF,2019-05-21,2.39
DFF,2019-05-22,2.38
DFF,2019-05-23,2.38
DFF,2019-05-24,2.38
DFF,2019-05-25,2.38
DFF,2019-05-26,2.38
DFF,2019-05-27,2.38
DFF,2019-05-28,2.39
DFF,2019-05-29,2.39
DFF,2019-05-30,2.39
DFF,2019-05-31,2.4
DFF,2019-06-01,2.4
DFF,2019-06-02,2.4
DFF,2019-06-03,2.38
DFF,2019-06-04,2.38
DFF,2019-06-05,2.38
DFF,2019-06-06,2.37
DFF,2019-06-07,2.37
DFF,2019-06-08,2.37
DFF,2019-06-09,2.37
DFF,2019-06-10,2.37
DFF,2019-06-11,2.37
DFF,2019-06-12,2.37
DFF,2019-06-13,2.37
DFF,2019-06-14,2.36
DFF,2019-06-15,2.36
DFF,2019-06-16,2.36
DFF,2019-06-17,2.38
DFF,2019-06-18,2.37
DFF,2019-06-19,2.37
DFF,2019-06-20,2.37
DFF,2019-06-21,2.38
DFF,2019-06-22,2.38
DFF,2019-06-23,2.38
DFF,2019-06-24,2.38
DFF,2019-06-25,2.38
DFF,2019-06-26,2.38
DFF,2019-06-27,2.38
DFF,2019-06-28,2.4
DFF,2019-06-29,2.4
DFF,2019-06-30,2.4
DFF,2019-07-01,2.39
DFF,2019-07-02,2.4
DFF,2019-07-03,2.41
DFF,2019-07-04,2.41
DFF,2019-07-05,2.42
DFF,2019-07-06,2.42
DFF,2019-07-07,2.42
DFF,2019-07-08,2.41
DFF,2019-07-09,2.41
DFF,2019-07-10,2.41
DFF,2019-07-11,2.4
DFF,2019-07-12,2.38
DFF,2019-07-13,2.38
DFF,2019-07-14,2.38
DFF,2019-07-15,2.4
DFF,2019-07-16,2.41
DFF,2019-07-17,2.41
DFF,2019-07-18,2.41
DFF,2019-07-19,2.41
DFF,2019-07-20,2.41
DFF,2019-07-21,2.41
DFF,2019-07-22,2.4
DFF,2019-07-23,2.4
DFF,2019-07-24,2.4
DFF,2019-07-25,2.4
DFF,2019-07-26,2.4
DFF,2019-07-27,2.4
DFF,2019-07-28,2.4
DFF,2019-07-29,2.4
DFF,2019-07-30,2.39
DFF,2019-07-31,2.4
DFF,2019-08-01,2.14
DFF,2019-08-02,2.14
DFF,2019-08-03,2.14
DFF,2019-08-04,2.14
DFF,2019-08-05,2.13
DFF,2019-08-06,2.13
DFF,2019-08-07,2.12
DFF,2019-08-08,2.12
DFF,2019-08-09,2.12
DFF,2019-08-10,2.12
DFF,2019-08-11,2.12
DFF,2019-08-12,2.12
DFF,2019-08-13,2.12
DFF,2019-08-14,2.12
DFF,2019-08-15,2.13
DFF,2019-08-16,2.13
DFF,2019-08-17,2.13
DFF,2019-08-18,2.13
DFF,2019-08-19,2.13
DFF,2019-08-20,2.13
DFF,2019-08-21,2.12
DFF,2019-08-22,2.12
DFF,2019-08-23,2.12
DFF,2019-08-24,2.12
DFF,2019-08-25,2.12
DFF,2019-08-26,2.12
DFF,2019-08-27,2.12
DFF,2019-08-28,2.12
DFF,2019-08-29,2.12
DFF,2019-08-30,2.13
DFF,2019-08-31,2.13
DFF,2019-09-01,2.13
DFF,2019-09-02,2.13
DFF,2019-09-03,2.13
DFF,2019-09-04,2.13
DFF,2019-09-05,2.13
DFF,2019-09-06,2.12
DFF,2019-09-07,2.12
DFF,2019-09-08,2.12
DFF,2019-09-09,2.13
DFF,2019-09-10,2.13
DFF,2019-09-11,2.13
DFF,2019-09-12,2.13
DFF,2019-09-13,2.14
DFF,2019-09-14,2.14
DFF,2019-09-15,2.14
DFF,2019-09-16,2.25
DFF,2019-09-17,2.3
DFF,2019-09-18,2.25
DFF,2019-09-19,1.9
DFF,2019-09-20,1.9
DFF,2019-09-21,1.9
DFF,2019-09-22,1.9
DFF,2019-09-23,1.9
DFF,2019-09-24,1.9
DFF,2019-09-25,1.9
DFF,2019-09-26,1.85
DFF,2019-09-27,1.83
DFF,2019-09-28,1.83
DFF,2019-09-29,1.83
DFF,2019-09-30,1.9
DFF,2019-10-01,1.88
DFF,2019-10-02,1.85
DFF,2019-10-03,1.83
DFF,2019-10-04,1.82
DFF,2019-10-05,1.82
DFF,2019-10-06,1.82
DFF,2019-10-07,1.82
DFF,2019-10-08,1.82
DFF,2019-10-09,1.82
DFF,2019-10-10,1.82
DFF,2019-10-11,1.82
DFF,2019-10-12,1.82
DFF,2019-10-13,1.82
DFF,2019-10-14,1.82
DFF,2019-10-15,1.9
DFF,2019-10-16,1.9
DFF,2019-10-17,1.85
DFF,2019-10-18,1.85
DFF,2019-10-19,1.85
DFF,2019-10-20,1.85
DFF,2019-10-21,1.85
DFF,2019-10-22,1.85
DFF,2019-10-23,1.85
DFF,2019-10-24,1.85
DFF,2019-10-25,1.83
DFF,2019-10-26,1.83
DFF,2019-10-27,1.83
DFF,2019-10-28,1.83
DFF,2019-10-29,1.82
DFF,2019-10-30,1.82
DFF,2019-10-31,1.58
DFF,2019-11-01,1.57
DFF,2019-11-02,1.57
DFF,2019-11-03,1.57
DFF,2019-11-04,1.56
DFF,2019-11-05,1.56
DFF,2019-11-06,1.55
DFF,2019-11-07,1.55
DFF,2019-11-08,1.55
DFF,2019-11-09,1.55
DFF,2019-11-10,1.55
DFF,2019-11-11,1.55
DFF,2019-11-12,1.55
DFF,2019-11-13,1.55
DFF,2019-11-14,1.55
DFF,2019-11-15,1.55
DFF,2019-11-16,1.55
DFF,2019-11-17,1.55
DFF,2019-11-18,1.55
DFF,2019-11-19,1.55
DFF,2019-11-20,1.55
DFF,2019-11-21,1.55
DFF,2019-11-22,1.55
DFF,2019-11-23,1.55
DFF,2019-11-24,1.55
DFF,2019-11-25,1.55
DFF,2019-11-26,1.55
DFF,2019-11-27,1.55
DFF,2019-11-28,1.55
DFF,2019-11-29,1.56
DFF,2019-11-30,1.56
DFF,2019-12-01,1.56
DFF,2019-12-02,1.56
DFF,2019-12-03,1.55
DFF,2019-12-04,1.55
DFF,2019-12-05,1.55
DFF,2019-12-06,1.55
DFF,2019-12-07,1.55
DFF,2019-12-08,1.55
DFF,2019-12-09,1.55
DFF,2019-12-10,1.55
DFF,2019-12-11,1.55
DFF,2019-12-12,1.55
DFF,2019-12-13,1.55
DFF,2019-12-14,1.55
DFF,2019-12-15,1.55
DFF,2019-12-16,1.56
DFF,2019-12-17,1.55
DFF,2019-12-18,1.55
DFF,2019-12-19,1.55
DFF,2019-12-20,1.55
DFF,2019-12-21,1.55
DFF,2019-12-22,1.55
DFF,2019-12-23,1.55
DFF,2019-12-24,1.55
DFF,2019-12-25,1.55
DFF,2019-12-26,1.55
DFF,2019-12-27,1.55
DFF,2019-12-28,1.55
DFF,2019-12-29,1.55
DFF,2019-12-30,1.55
DFF,2019-12-31,1.55
DFF,2020-01-01,1.55
DFF,2020-01-02,1.55
DFF,2020-01-03,1.55
DFF,2020-01-04,1.55
DFF,2020-01-05,1.55
DFF,2020-01-06,1.55
DFF,2020-01-07,1.55
DFF,2020-01-08,1.55
DFF,2020-01-09,1.55
DFF,2020-01-10,1.54
DFF,2020-01-11,1.54
DFF,2020-01-12,1.54
DFF,2020-01-13,1.54
DFF,2020-01-14,1.54
DFF,2020-01-15,1.54
DFF,2020-01-16,1.54
DFF,2020-01-17,1.55
DFF,2020-01-18,1.55
DFF,2020-01-19,1.55
DFF,2020-01-20,1.55
DFF,2020-01-21,1.55
DFF,2020-01-22,1.55
DFF,2020-01-23,1.55
DFF,2020-01-24,1.55
DFF,2020-01-25,1.55
DFF,2020-01-26,1.55
DFF,2020-01-27,1.55
DFF,2020-01-28,1.55
DFF,2020-01-29,1.55
DFF,2020-01-30,1.6
DFF,2020-01-31,1.59
DFF,2020-02-01,1.59
DFF,2020-02-02,1.59
DFF,2020-02-03,1.59
DFF,2020-02-04,1.59
DFF,2020-02-05,1.59
DFF,2020-02-06,1.59
DFF,2020-02-07,1.58
DFF,2020-02-08,1.58
DFF,2020-02-09,1.58
DFF,2020-02-10,1.58
DFF,2020-02-11,1.58
DFF,2020-02-12,1.58
DFF,2020-02-13,1.58
DFF,2020-02-14,1.58
DFF,2020-02-15,1.58
DFF,2020-02-16,1.58
DFF,2020-02-17,1.58
DFF,2020-02-18,1.59
DFF,2020-02-19,1.59
DFF,2020-02-20,1.59
DFF,2020-02-21,1.58
DFF,2020-02-22,1.58
DFF,2020-02-23,1.58
DFF,2020-02-24,1.58
DFF,2020-02-25,1.58
DFF,2020-02-26,1.58
DFF,2020-02-27,1.58
DFF,2020-02-28,1.58
DFF,2020-02-29,1.58
DFF,2020-03-01,1.58
DFF,2020-03-02,1.59
DFF,2020-03-03,1.59
DFF,2020-03-04,1.09
DFF,2020-03-05,1.09
DFF,2020-03-06,1.09
DFF,2020-03-07,1.09
DFF,2020-03-08,1.09
DFF,2020-03-09,1.09
DFF,2020-03-10,1.09
DFF,2020-03-11,1.09
DFF,2020-03-12,1.1
DFF,2020-03-13,1.1
DFF,2020-03-14,1.1
DFF,2020-03-15,1.1
DFF,2020-03-16,0.25
DFF,2020-03-17,0.25
DFF,2020-03-18,0.25
DFF,2020-03-19,0.2
DFF,2020-03-20,0.15
DFF,2020-03-21,0.15
DFF,2020-03-22,0.15
DFF,2020-03-23,0.15
DFF,2020-03-24,0.12
DFF,2020-03-25,0.1
DFF,2020-03-26,0.1
DFF,2020-03-27,0.1
DFF,2020-03-28,0.1
DFF,2020-03-29,0.1
DFF,2020-03-30,0.09
DFF,2020-03-31,0.08
DFF,2020-04-01,0.06
DFF,2020-04-02,0.05
DFF,2020-04-03,0.05
DFF,2020-04-04,0.05
DFF,2020-04-05,0.05
DFF,2020-04-06,0.05
DFF,2020-04-07,0.05
DFF,2020-04-08,0.05
DFF,2020-04-09,0.05
DFF,2020-04-10,0.05
DFF,2020-04-11,0.05
DFF,2020-04-12,0.05
DFF,2020-04-13,0.05
DFF,2020-04-14,0.05
DFF,2020-04-15,0.05
DFF,2020-04-16,0.05
DFF,2020-04-17,0.05
DFF,2020-04-18,0.05
DFF,2020-04-19,0.05
DFF,2020-04-20,0.05
DFF,2020-04-21,0.05
DFF,2020-04-22,0.05
DFF,2020-04-23,0.04
DFF,2020-04-24,0.05
DFF,2020-04-25,0.05
DFF,2020-04-26,0.05
DFF,2020-04-27,0.04
DFF,2020-04-28,0.04
DFF,2020-04-29,0.04
DFF,2020-04-30,0.05
DFF,2020-05-01,0.05
DFF,2020-05-02,0.05
DFF,2020-05-03,0.05
DFF,2020-05-04,0.05
DFF,2020-05-05,0.05
DFF,2020-05-06,0.05
DFF,2020-05-07,0.05
DFF,2020-05-08,0.05
DFF,2020-05-09,0.05
DFF,2020-05-10,0.05
DFF,2020-05-11,0.05
DFF,2020-05-12,0.05
DFF,2020-05-13,0.05
DFF,2020-05-14,0.05
DFF,2020-05-15,0.05
DFF,2020-05-16,0.05
DFF,2020-05-17,0.05
DFF,2020-05-18,0.05
DFF,2020-05-19,0.05
DFF,2020-05-20,0.05
DFF,2020-05-21,0.05
DFF,2020-05-22,0.05
DFF,2020-05-23,0.05
DFF,2020-05-24,0.05
DFF,2020-05-25,0.05
DFF,2020-05-26,0.05
DFF,2020-05-27,0.05
DFF,2020-05-28,0.05
DFF,2020-05-29,0.05
DFF,2020-05-30,0.05
DFF,2020-05-31,0.05
DFF,2020-06-01,0.05
DFF,2020-06-02,0.06
DFF,2020-06-03,0.06
DFF,2020-06-04,0.06
DFF,2020-06-05,0.07
DFF,2020-06-06,0.07
DFF,2020-06-07,0.07
DFF,2020-06-08,0.07
DFF,2020-06-09,0.07
DFF,2020-06-10,0.08
DFF,2020-06-11,0.08
DFF,2020-06-12,0.08
DFF,2020-06-13,0.08
DFF,2020-06-14,0.08
DFF,2020-06-15,0.09
DFF,2020-06-16,0.09
DFF,2020-06-17,0.09
DFF,2020-06-18,0.09
DFF,2020-06-19,0.09
DFF,2020-06-20,0.09
DFF,2020-06-21,0.09
DFF,2020-06-22,0.08
DFF,2020-06-23,0.08
DFF,2020-06-24,0.08
DFF,2020-06-25,0.08
DFF,2020-06-26,0.08
DFF,2020-06-27,0.08
DFF,2020-06-28,0.08
DFF,2020-06-29,0.08
DFF,2020-06-30,0.08
DFF,2020-07-01,0.08
DFF,2020-07-02,0.09
DFF,2020-07-03,0.09
DFF,2020-07-04,0.09
DFF,2020-07-05,0.09
DFF,2020-07-06,0.09
DFF,2020-07-07,0.09
DFF,2020-07-08,0.09
DFF,2020-07-09,0.09
DFF,2020-07-10,0.09
DFF,2020-07-11,0.09
DFF,2020-07-12,0.09
DFF,2020-07-13,0.09
DFF,2020-07-14,0.09
DFF,2020-07-15,0.1
DFF,2020-07-16,0.1
DFF,2020-07-17,0.09
DFF,2020-07-18,0.09
DFF,2020-07-19,0.09
DFF,2020-07-20,0.1
DFF,2020-07-21,0.1
DFF,2020-07-22,0.09
DFF,2020-07-23,0.09
DFF,2020-07-24,0.09
DFF,2020-07-25,0.09
DFF,2020-07-26,0.09
DFF,2020-07-27,0.1
DFF,2020-07-28,0.1
DFF,2020-07-29,0.1
DFF,2020-07-30,0.1
DFF,2020-07-31,0.1
DFF,2020-08-01,0.1
DFF,2020-08-02,0.1
DFF,2020-08-03,0.1
DFF,2020-08-04,0.1
DFF,2020-08-05,0.1
DFF,2020-08-06,0.1
DFF,2020-08-07,0.1
DFF,2020-08-08,0.1
DFF,2020-08-09,0.1
DFF,2020-08-10,0.1
DFF,2020-08-11,0.1
DFF,2020-08-12,0.1
DFF,2020-08-13,0.1
DFF,2020-08-14,0.1
DFF,2020-08-15,0.1
DFF,2020-08-16,0.1
DFF,2020-08-17,0.1
DFF,2020-08-18,0.09
DFF,2020-08-19,0.09
DFF,2020-08-20,0.09
DFF,2020-08-21,0.09
DFF,2020-08-22,0.09
DFF,2020-08-23,0.09
DFF,2020-08-24,0.09
DFF,2020-08-25,0.09
DFF,2020-08-26,0.09
DFF,2020-08-27,0.08
DFF,2020-08-28,0.09
DFF,2020-08-29,0.09
DFF,2020-08-30,0.09
DFF,2020-08-31,0.09
DFF,2020-09-01,0.09
DFF,2020-09-02,0.09
DFF,2020-09-03,0.09
DFF,2020-09-04,0.09
DFF,2020-09-05,0.09
DFF,2020-09-06,0.09
DFF,2020-09-07,0.09
DFF,2020-09-08,0.09
DFF,2020-09-09,0.09
DFF,2020-09-10,0.09
DFF,2020-09-11,0.09
DFF,2020-09-12,0.09
DFF,2020-09-13,0.09
DFF,2020-09-14,0.09
DFF,2020-09-15,0.09
DFF,2020-09-16,0.09
DFF,2020-09-17,0.09
DFF,2020-09-18,0.09
DFF,2020-09-19,0.09
DFF,2020-09-20,0.09
DFF,2020-09-21,0.09
DFF,2020-09-22,0.09
DFF,2020-09-23,0.09
DFF,2020-09-24,0.09
DFF,2020-09-25,0.09
DFF,2020-09-26,0.09
DFF,2020-09-27,0.09
DFF,2020-09-28,0.09
DFF,2020-09-29,0.09
DFF,2020-09-30,0.09
DFF,2020-10-01,0.09
DFF,2020-10-02,0.09
DFF,2020-10-03,0.09
DFF,2020-10-04,0.09
DFF,2020-10-05,0.09
DFF,2020-10-06,0.09
DFF,2020-10-07,0.09
DFF,2020-10-08,0.09
DFF,2020-10-09,0.09
DFF,2020-10-10,0.09
DFF,2020-10-11,0.09
DFF,2020-10-12,0.09
DFF,2020-10-13,0.09
DFF,2020-10-14,0.09
DFF,2020-10-15,0.09
DFF,2020-10-16,0.09
DFF,2020-10-17,0.09
DFF,2020-10-18,0.09
DFF,2020-10-19,0.09
DFF,2020-10-20,0.09
DFF,2020-10-21,0.09
DFF,2020-10-22,0.09
DFF,2020-10-23,0.09
DFF,2020-10-24,0.09
DFF,2020-10-25,0.09
DFF,2020-10-26,0.09
DFF,2020-10-27,0.09
DFF,2020-10-28,0.09
DFF,2020-10-29,0.09
DFF,2020-10-30,0.09
DFF,2020-10-31,0.09
DFF,2020-11-01,0.09
DFF,2020-11-02,0.09
DFF,2020-11-03,0.09
DFF,2020-11-04,0.09
DFF,2020-11-05,0.09
DFF,2020-11-06,0.09
DFF,2020-11-07,0.09
DFF,2020-11-08,0.09
DFF,2020-11-09,0.09
DFF,2020-11-10,0.09
DFF,2020-11-11,0.09
DFF,2020-11-12,0.09
DFF,2020-11-13,0.09
DFF,2020-11-14,0.09
DFF,2020-11-15,0.09
DFF,2020-11-16,0.09
DFF,2020-11-17,0.09
DFF,2020-11-18,0.09
DFF,2020-11-19,0.08
DFF,2020-11-20,0.08
DFF,2020-11-21,0.08
DFF,2020-11-22,0.08
DFF,2020-11-23,0.08
DFF,2020-11-24,0.08
DFF,2020-11-25,0.08
DFF,2020-11-26,0.08
DFF,2020-11-27,0.08
DFF,2020-11-28,0.08
DFF,2020-11-29,0.08
DFF,2020-11-30,0.09
DFF,2020-12-01,0.09
DFF,2020-12-02,0.09
DFF,2020-12-03,0.09
DFF,2020-12-04,0.09
DFF,2020-12-05,0.09
DFF,2020-12-06,0.09
DFF,2020-12-07,0.09
DFF,2020-12-08,0.09
DFF,2020-12-09,0.09
DFF,2020-12-10,0.09
DFF,2020-12-11,0.09
DFF,2020-12-12,0.09
DFF,2020-12-13,0.09
DFF,2020-12-14,0.09
DFF,2020-12-15,0.09
DFF,2020-12-16,0.09
DFF,2020-12-17,0.09
DFF,2020-12-18,0.09
DFF,2020-12-19,0.09
DFF,2020-12-20,0.09
DFF,2020-12-21,0.09
DFF,2020-12-22,0.09
DFF,2020-12-23,0.09
DFF,2020-12-24,0.09
DFF,2020-12-25,0.09
DFF,2020-12-26,0.09
DFF,2020-12-27,0.09
DFF,2020-12-28,0.09
DFF,2020-12-29,0.09
DFF,2020-12-30,0.09
DFF,2020-12-31,0.09
DFF,2021-01-01,0.09
DFF,2021-01-02,0.09
DFF,2021-01-03,0.09
DFF,2021-01-04,0.09
DFF,2021-01-05,0.09
DFF,2021-01-06,0.09
DFF,2021-01-07,0.09
DFF,2021-01-08,0.09
DFF,2021-01-09,0.09
DFF,2021-01-10,0.09
DFF,2021-01-11,0.09
DFF,2021-01-12,0.09
DFF,2021-01-13,0.09
DFF,2021-01-14,0.09
DFF,2021-01-15,0.09
DFF,2021-01-16,0.09
DFF,2021-01-17,0.09
DFF,2021-01-18,0.09
DFF,2021-01-19,0.09
DFF,2021-01-20,0.09
DFF,2021-01-21,0.08
DFF,2021-01-22,0.08
DFF,2021-01-23,0.08
DFF,2021-01-24,0.08
DFF,2021-01-25,0.08
DFF,2021-01-26,0.08
DFF,2021-01-27,0.08
DFF,2021-01-28,0.07
DFF,2021-01-29,0.07
DFF,2021-01-30,0.07
DFF,2021-01-31,0.07
DFF,2021-02-01,0.08
DFF,2021-02-02,0.08
DFF,2021-02-03,0.08
DFF,2021-02-04,0.08
DFF,2021-02-05,0.08
DFF,2021-02-06,0.08
DFF,2021-02-07,0.08
DFF,2021-02-08,0.07
DFF,2021-02-09,0.08
DFF,2021-02-10,0.08
DFF,2021-02-11,0.08
DFF,2021-02-12,0.08
DFF,2021-02-13,0.08
DFF,2021-02-14,0.08
DFF,2021-02-15,0.08
DFF,2021-02-16,0.08
DFF,2021-02-17,0.08
DFF,2021-02-18,0.07
DFF,2021-02-19,0.07
DFF,2021-02-20,0.07
DFF,2021-02-21,0.07
DFF,2021-02-22,0.07
DFF,2021-02-23,0.07
DFF,2021-02-24,0.07
DFF,2021-02-25,0.07
DFF,2021-02-26,0.07
DFF,2021-02-27,0.07
DFF,2021-02-28,0.07
DFF,2021-03-01,0.07
DFF,2021-03-02,0.07
DFF,2021-03-03,0.07
DFF,2021-03-04,0.07
DFF,2021-03-05,0.07
DFF,2021-03-06,0.07
DFF,2021-03-07,0.07
DFF,2021-03-08,0.07
DFF,2021-03-09,0.07
DFF,2021-03-10,0.07
DFF,2021-03-11,0.07
DFF,2021-03-12,0.07
DFF,2021-03-13,0.07
DFF,2021-03-14,0.07
DFF,2021-03-15,0.07
DFF,2021-03-16,0.07
DFF,2021-03-17,0.07
DFF,2021-03-18,0.07
DFF,2021-03-19,0.07
DFF,2021-03-20,0.07
DFF,2021-03-21,0.07
DFF,2021-03-22,0.07
DFF,2021-03-23,0.07
DFF,2021-03-24,0.07
DFF,2021-03-25,0.07
DFF,2021-03-26,0.07
DFF,2021-03-27,0.07
DFF,2021-03-28,0.07
DFF,2021-03-29,0.07
DFF,2021-03-30,0.07
DFF,2021-03-31,0.06
DFF,2021-04-01,0.07
DFF,2021-04-02,0.07
DFF,2021-04-03,0.07
DFF,2021-04-04,0.07
DFF,2021-04-05,0.07
DFF,2021-04-06,0.07
DFF,2021-04-07,0.07
DFF,2021-04-08,0.07
DFF,2021-04-09,0.07
DFF,2021-04-10,0.07
DFF,2021-04-11,0.07
DFF,2021-04-12,0.07
DFF,2021-04-13,0.07
DFF,2021-04-14,0.07
DFF,2021-04-15,0.07
DFF,2021-04-16,0.07
DFF,2021-04-17,0.07
DFF,2021-04-18,0.07
DFF,2021-04-19,0.07
DFF,2021-04-20,0.07
DFF,2021-04-21,0.07
DFF,2021-04-22,0.07
DFF,2021-04-23,0.07
DFF,2021-04-24,0.07
DFF,2021-04-25,0.07
DFF,2021-04-26,0.07
DFF,2021-04-27,0.07
DFF,2021-04-28,0.07
DFF,2021-04-29,0.06
DFF,2021-04-30,0.05
DFF,2021-05-01,0.05
DFF,2021-05-02,0.05
DFF,2021-05-03,0.06
DFF,2021-05-04,0.06
DFF,2021-05-05,0.06
DFF,2021-05-06,0.06
DFF,2021-05-07,0.06
DFF,2021-05-08,0.06
DFF,2021-05-09,0.06
DFF,2021-05-10,0.06
DFF,2021-05-11,0.06
DFF,2021-05-12,0.06
DFF,2021-05-13,0.06
DFF,2021-05-14,0.06
DFF,2021-05-15,0.06
DFF,2021-05-16,0.06
DFF,2021-05-17,0.06
DFF,2021-05-18,0.06
DFF,2021-05-19,0.06
DFF,2021-05-20,0.06
DFF,2021-05-21,0.06
DFF,2021-05-22,0.06
DFF,2021-05-23,0.06
DFF,2021-05-24,0.06
DFF,2021-05-25,0.06
DFF,2021-05-26,0.06
DFF,2021-05-27,0.06
DFF,2021-05-28,0.05
DFF,2021-05-29,0.05
DFF,2021-05-30,0.05
DFF,2021-05-31,0.05
DFF,2021-06-01,0.06
DFF,2021-06-02,0.06
DFF,2021-06-03,0.06
DFF,2021-06-04,0.06
DFF,2021-06-05,0.06
DFF,2021-06-06,0.06
DFF,2021-06-07,0.06
DFF,2021-06-08,0.06
DFF,2021-06-09,0.06
DFF,2021-06-10,0.06
DFF,2021-06-11,0.06
DFF,2021-06-12,0.06
DFF,2021-06-13,0.06
DFF,2021-06-14,0.06
DFF,2021-06-15,0.06
DFF,2021-06-16,0.06
DFF,2021-06-17,0.1
DFF,2021-06-18,0.1
DFF,2021-06-19,0.1
DFF,2021-06-20,0.1
DFF,2021-06-21,0.1
DFF,2021-06-22,0.1
DFF,2021-06-23,0.1
DFF,2021-06-24,0.1
DFF,2021-06-25,0.1
DFF,2021-06-26,0.1
DFF,2021-06-27,0.1
DFF,2021-06-28,0.1
DFF,2021-06-29,0.1
DFF,2021-06-30,0.08
DFF,2021-07-01,0.1
DFF,2021-07-02,0.1
DFF,2021-07-03,0.1
DFF,2021-07-04,0.1
DFF,2021-07-05,0.1
DFF,2021-07-06,0.1
DFF,2021-07-07,0.1
DFF,2021-07-08,0.1
DFF,2021-07-09,0.1
DFF,2021-07-10,0.1
DFF,2021-07-11,0.1
DFF,2021-07-12,0.1
DFF,2021-07-13,0.1
DFF,2021-07-14,0.1
DFF,2021-07-15,0.1
DFF,2021-07-16,0.1
DFF,2021-07-17,0.1
DFF,2021-07-18,0.1
DFF,2021-07-19,0.1
DFF,2021-07-20,0.1
DFF,2021-07-21,0.1
DFF,2021-07-22,0.1
DFF,2021-07-23,0.1
DFF,2021-07-24,0.1
DFF,2021-07-25,0.1
DFF,2021-07-26,0.1
DFF,2021-07-27,0.1
DFF,2021-07-28,0.1
DFF,2021-07-29,0.1
DFF,2021-07-30,0.07
DFF,2021-07-31,0.07
DFF,2021-08-01,0.07
DFF,2021-08-02,0.1
DFF,2021-08-03,0.1
DFF,2021-08-04,0.1
DFF,2021-08-05,0.1
DFF,2021-08-06,0.1
DFF,2021-08-07,0.1
DFF,2021-08-08,0.1
DFF,2021-08-09,0.1
DFF,2021-08-10,0.1
DFF,2021-08-11,0.1
DFF,2021-08-12,0.1
DFF,2021-08-13,0.1
DFF,2021-08-14,0.1
DFF,2021-08-15,0.1
DFF,2021-08-16,0.1
DFF,2021-08-17,0.1
DFF,2021-08-18,0.09
DFF,2021-08-19,0.09
DFF,2021-08-20,0.09
DFF,2021-08-21,0.09
DFF,2021-08-22,0.09
DFF,2021-08-23,0.09
DFF,2021-08-24,0.09
DFF,2021-08-25,0.09
DFF,2021-08-26,0.09
DFF,2021-08-27,0.08
DFF,2021-08-28,0.08
DFF,2021-08-29,0.08
DFF,2021-08-30,0.08
DFF,2021-08-31,0.06
DFF,2021-09-01,0.08
DFF,2021-09-02,0.08
DFF,2021-09-03,0.08
DFF,2021-09-04,0.08
DFF,2021-09-05,0.08
DFF,2021-09-06,0.08
DFF,2021-09-07,0.08
DFF,2021-09-08,0.08
DFF,2021-09-09,0.08
DFF,2021-09-10,0.08
DFF,2021-09-11,0.08
DFF,2021-09-12,0.08
DFF,2021-09-13,0.08
DFF,2021-09-14,0.08
DFF,2021-09-15,0.08
DFF,2021-09-16,0.08
DFF,2021-09-17,0.08
DFF,2021-09-18,0.08
DFF,2021-09-19,0.08
DFF,2021-09-20,0.08
DFF,2021-09-21,0.08
DFF,2021-09-22,0.08
DFF,2021-09-23,0.08
DFF,2021-09-24,0.08
DFF,2021-09-25,0.08
DFF,2021-09-26,0.08
DFF,2021-09-27,0.08
DFF,2021-09-28,0.08
DFF,2021-09-29,0.08
DFF,2021-09-30,0.06
DFF,2021-10-01,0.08
DFF,2021-10-02,0.08
DFF,2021-10-03,0.08
DFF,2021-10-04,0.08
DFF,2021-10-05,0.08
DFF,2021-10-06,0.08
DFF,2021-10-07,0.08
DFF,2021-10-08,0.08
DFF,2021-10-09,0.08
DFF,2021-10-10,0.08
DFF,2021-10-11,0.08
DFF,2021-10-12,0.08
DFF,2021-10-13,0.08
DFF,2021-10-14,0.08
DFF,2021-10-15,0.08
DFF,2021-10-16,0.08
DFF,2021-10-17,0.08
DFF,2021-10-18,0.08
DFF,2021-10-19,0.08
DFF,2021-10-20,0.08
DFF,2021-10-21,0.08
DFF,2021-10-22,0.08
DFF,2021-10-23,0.08
DFF,2021-10-24,0.08
DFF,2021-10-25,0.08
DFF,2021-10-26,0.08
DFF,2021-10-27,0.08
DFF,2021-10-28,0.08
DFF,2021-10-29,0.07
DFF,2021-10-30,0.07
DFF,2021-10-31,0.07
DFF,2021-11-01,0.08
DFF,2021-11-02,0.08
DFF,2021-11-03,0.08
DFF,2021-11-04,0.08
DFF,2021-11-05,0.08
DFF,2021-11-06,0.08
DFF,2021-11-07,0.08
DFF,2021-11-08,0.08
DFF,2021-11-09,0.08
DFF,2021-11-10,0.08
DFF,2021-11-11,0.08
DFF,2021-11-12,0.08
DFF,2021-11-13,0.08
DFF,2021-11-14,0.08
DFF,2021-11-15,0.08
DFF,2021-11-16,0.08
DFF,2021-11-17,0.08
DFF,2021-11-18,0.08
DFF,2021-11-19,0.08
DFF,2021-11-20,0.08
DFF,2021-11-21,0.08
DFF,2021-11-22,0.08
DFF,2021-11-23,0.08
DFF,2021-11-24,0.08
DFF,2021-11-25,0.08
DFF,2021-11-26,0.08
DFF,2021-11-27,0.08
DFF,2021-11-28,0.08
DFF,2021-11-29,0.08
DFF,2021-11-30,0.07
DFF,2021-12-01,0.08
DFF,2021-12-02,0.08
DFF,2021-12-03,0.08
DFF,2021-12-04,0.08
DFF,2021-12-05,0.08
DFF,2021-12-06,0.08
DFF,2021-12-07,0.08
DFF,2021-12-08,0.08
DFF,2021-12-09,0.08
DFF,2021-12-10,0.08
DFF,2021-12-11,0.08
DFF,2021-12-12,0.08
DFF,2021-12-13,0.08
DFF,2021-12-14,0.08
DFF,2021-12-15,0.08
DFF,2021-12-16,0.08
DFF,2021-12-17,0.08
DFF,2021-12-18,0.08
DFF,2021-12-19,0.08
DFF,2021-12-20,0.08
DFF,2021-12-21,0.08
DFF,2021-12-22,0.08
DFF,2021-12-23,0.08
DFF,2021-12-24,0.08
DFF,2021-12-25,0.08
DFF,2021-12-26,0.08
DFF,2021-12-27,0.08
DFF,2021-12-28,0.08
DFF,2021-12-29,0.08
DFF,2021-12-30,0.08
DFF,2021-12-31,0.07
DFF,2022-01-01,0.07
DFF,2022-01-02,0.07
DFF,2022-01-03,0.08
DFF,2022-01-04,0.08
DFF,2022-01-05,0.08
DFF,2022-01-06,0.08
DFF,2022-01-07,0.08
DFF,2022-01-08,0.08
DFF,2022-01-09,0.08
DFF,2022-01-10,0.08
DFF,2022-01-11,0.08
DFF,2022-01-12,0.08
DFF,2022-01-13,0.08
DFF,2022-01-14,0.08
DFF,2022-01-15,0.08
DFF,2022-01-16,0.08
DFF,2022-01-17,0.08
DFF,2022-01-18,0.08
DFF,2022-01-19,0.08
DFF,2022-01-20,0.08
DFF,2022-01-21,0.08
DFF,2022-01-22,0.08
DFF,2022-01-23,0.08
DFF,2022-01-24,0.08
DFF,2022-01-25,0.08
DFF,2022-01-26,0.08
DFF,2022-01-27,0.08
DFF,2022-01-28,0.08
DFF,2022-01-29,0.08
DFF,2022-01-30,0.08
DFF,2022-01-31,0.08
DFF,2022-02-01,0.08
DFF,2022-02-02,0.08
DFF,2022-02-03,0.08
DFF,2022-02-04,0.08
DFF,2022-02-05,0.08
DFF,2022-02-06,0.08
DFF,2022-02-07,0.08
DFF,2022-02-08,0.08
DFF,2022-02-09,0.08
DFF,2022-02-10,0.08
DFF,2022-02-11,0.08
DFF,2022-02-12,0.08
DFF,2022-02-13,0.08
DFF,2022-02-14,0.08
DFF,2022-02-15,0.08
DFF,2022-02-16,0.08
DFF,2022-02-17,0.08
DFF,2022-02-18,0.08
DFF,2022-02-19,0.08
DFF,2022-02-20,0.08
DFF,2022-02-21,0.08
DFF,2022-02-22,0.08
DFF,2022-02-23,0.08
DFF,2022-02-24,0.08
DFF,2022-02-25,0.08
DFF,2022-02-26,0.08
DFF,2022-02-27,0.08
DFF,2022-02-28,0.08
DFF,2022-03-01,0.08
DFF,2022-03-02,0.08
DFF,2022-03-03,0.08
DFF,2022-03-04,0.08
DFF,2022-03-05,0.08
DFF,2022-03-06,0.08
DFF,2022-03-07,0.08
DFF,2022-03-08,0.08
DFF,2022-03-09,0.08
DFF,2022-03-10,0.08
DFF,2022-03-11,0.08
DFF,2022-03-12,0.08
DFF,2022-03-13,0.08
DFF,2022-03-14,0.08
DFF,2022-03-15,0.08
DFF,2022-03-16,0.08
DFF,2022-03-17,0.33
DFF,2022-03-18,0.33
DFF,2022-03-19,0.33
DFF,2022-03-20,0.33
DFF,2022-03-21,0.33
DFF,2022-03-22,0.33
DFF,2022-03-23,0.33
DFF,2022-03-24,0.33
DFF,2022-03-25,0.33
DFF,2022-03-26,0.33
DFF,2022-03-27,0.33
DFF,2022-03-28,0.33
DFF,2022-03-29,0.33
DFF,2022-03-30,0.33
DFF,2022-03-31,0.33
DFF,2022-04-01,0.33
DFF,2022-04-02,0.33
DFF,2022-04-03,0.33
DFF,2022-04-04,0.33
DFF,2022-04-05,0.33
DFF,2022-04-06,0.33
DFF,2022-04-07,0.33
DFF,2022-04-08,0.33
DFF,2022-04-09,0.33
DFF,2022-04-10,0.33
DFF,2022-04-11,0.33
DFF,2022-04-12,0.33
DFF,2022-04-13,0.33
DFF,2022-04-14,0.33
DFF,2022-04-15,0.33
DFF,2022-04-16,0.33
DFF,2022-04-17,0.33
DFF,2022-04-18,0.33
DFF,2022-04-19,0.33
DFF,2022-04-20,0.33
DFF,2022-04-21,0.33
DFF,2022-04-22,0.33
DFF,2022-04-23,0.33
DFF,2022-04-24,0.33
DFF,2022-04-25,0.33
DFF,2022-04-26,0.33
DFF,2022-04-27,0.33
DFF,2022-04-28,0.33
DFF,2022-04-29,0.33
DFF,2022-04-30,0.33
DFF,2022-05-01,0.33
DFF,2022-05-02,0.33
DFF,2022-05-03,0.33
DFF,2022-05-04,0.33
DFF,2022-05-05,0.83
DFF,2022-05-06,0.83
DFF,2022-05-07,0.83
DFF,2022-05-08,0.83
DFF,2022-05-09,0.83
DFF,2022-05-10,0.83
DFF,2022-05-11,0.83
DFF,2022-05-12,0.83
DFF,2022-05-13,0.83
DFF,2022-05-14,0.83
DFF,2022-05-15,0.83
DFF,2022-05-16,0.83
DFF,2022-05-17,0.83
DFF,2022-05-18,0.83
DFF,2022-05-19,0.83
DFF,2022-05-20,0.83
DFF,2022-05-21,0.83
DFF,2022-05-22,0.83
DFF,2022-05-23,0.83
DFF,2022-05-24,0.83
DFF,2022-05-25,0.83
DFF,2022-05-26,0.83
DFF,2022-05-27,0.83
DFF,2022-05-28,0.83
DFF,2022-05-29,0.83
DFF,2022-05-30,0.83
DFF,2022-05-31,0.83
DFF,2022-06-01,0.83
DFF,2022-06-02,0.83
DFF,2022-06-03,0.83
DFF,2022-06-04,0.83
DFF,2022-06-05,0.83
DFF,2022-06-06,0.83
DFF,2022-06-07,0.83
DFF,2022-06-08,0.83
DFF,2022-06-09,0.83
DFF,2022-06-10,0.83
DFF,2022-06-11,0.83
DFF,2022-06-12,0.83
DFF,2022-06-13,0.83
DFF,2022-06-14,0.83
DFF,2022-06-15,0.83
DFF,2022-06-16,1.58
DFF,2022-06-17,1.58
DFF,2022-06-18,1.58
DFF,2022-06-19,1.58
DFF,2022-06-20,1.58
DFF,2022-06-21,1.58
DFF,2022-06-22,1.58
DFF,2022-06-23,1.58
DFF,2022-06-24,1.58
DFF,2022-06-25,1.58
DFF,2022-06-26,1.58
DFF,2022-06-27,1.58
DFF,2022-06-28,1.58
DFF,2022-06-29,1.58
DFF,2022-06-30,1.58
DFF,2022-07-01,1.58
DFF,2022-07-02,1.58
DFF,2022-07-03,1.58
DFF,2022-07-04,1.58
DFF,2022-07-05,1.58
DFF,2022-07-06,1.58
DFF,2022-07-07,1.58
DFF,2022-07-08,1.58
DFF,2022-07-09,1.58
DFF,2022-07-10,1.58
DFF,2022-07-11,1.58
DFF,2022-07-12,1.58
DFF,2022-07-13,1.58
DFF,2022-07-14,1.58
DFF,2022-07-15,1.58
DFF,2022-07-16,1.58
DFF,2022-07-17,1.58
DFF,2022-07-18,1.58
DFF,2022-07-19,1.58
DFF,2022-07-20,1.58
DFF,2022-07-21,1.58
DFF,2022-07-22,1.58
DFF,2022-07-23,1.58
DFF,2022-07-24,1.58
DFF,2022-07-25,1.58
DFF,2022-07-26,1.58
DFF,2022-07-27,1.58
DFF,2022-07-28,2.33
DFF,2022-07-29,2.32
DFF,2022-07-30,2.32
DFF,2022-07-31,2.32
DFF,2022-08-01,2.33
DFF,2022-08-02,2.33
DFF,2022-08-03,2.33
DFF,2022-08-04,2.33
DFF,2022-08-05,2.33
DFF,2022-08-06,2.33
DFF,2022-08-07,2.33
DFF,2022-08-08,2.33
DFF,2022-08-09,2.33
DFF,2022-08-10,2.33
DFF,2022-08-11,2.33
DFF,2022-08-12,2.33
DFF,2022-08-13,2.33
DFF,2022-08-14,2.33
DFF,2022-08-15,2.33
DFF,2022-08-16,2.33
DFF,2022-08-17,2.33
DFF,2022-08-18,2.33
DFF,2022-08-19,2.33
DFF,2022-08-20,2.33
DFF,2022-08-21,2.33
DFF,2022-08-22,2.33
DFF,2022-08-23,2.33
DFF,2022-08-24,2.33
DFF,2022-08-25,2.33
DFF,2022-08-26,2.33
DFF,2022-08-27,2.33
DFF,2022-08-28,2.33
DFF,2022-08-29,2.33
DFF,2022-08-30,2.33
DFF,2022-08-31,2.33
DFF,2022-09-01,2.33
DFF,2022-09-02,2.33
DFF,2022-09-03,2.33
DFF,2022-09-04,2.33
DFF,2022-09-05,2.33
DFF,2022-09-06,2.33
DFF,2022-09-07,2.33
DFF,2022-09-08,2.33
DFF,2022-09-09,2.33
DFF,2022-09-10,2.33
DFF,2022-09-11,2.33
DFF,2022-09-12,2.33
DFF,2022-09-13,2.33
DFF,2022-09-14,2.33
DFF,2022-09-15,2.33
DFF,2022-09-16,2.33
DFF,2022-09-17,2.33
DFF,2022-09-18,2.33
DFF,2022-09-19,2.33
DFF,2022-09-20,2.33
DFF,2022-09-21,2.33
DFF,2022-09-22,3.08
DFF,2022-09-23,3.08
DFF,2022-09-24,3.08
DFF,2022-09-25,3.08
DFF,2022-09-26,3.08
DFF,2022-09-27,3.08
DFF,2022-09-28,3.08
DFF,2022-09-29,3.08
DFF,2022-09-30,3.08
DFF,2022-10-01,3.08
DFF,2022-10-02,3.08
DFF,2022-10-03,3.08
DFF,2022-10-04,3.08
DFF,2022-10-05,3.08
DFF,2022-10-06,3.08
DFF,2022-10-07,3.08
DFF,2022-10-08,3.08
DFF,2022-10-09,3.08
DFF,2022-10-10,3.08
DFF,2022-10-11,3.08
DFF,2022-10-12,3.08
DFF,2022-10-13,3.08
DFF,2022-10-14,3.08
DFF,2022-10-15,3.08
DFF,2022-10-16,3.08
DFF,2022-10-17,3.08
DFF,2022-10-18,3.08
DFF,2022-10-19,3.08
DFF,2022-10-20,3.08
DFF,2022-10-21,3.08
DFF,2022-10-22,3.08
DFF,2022-10-23,3.08
DFF,2022-10-24,3.08
DFF,2022-10-25,3.08
DFF,2022-10-26,3.08
DFF,2022-10-27,3.08
DFF,2022-10-28,3.08
DFF,2022-10-29,3.08
DFF,2022-10-30,3.08
DFF,2022-10-31,3.08
DFF,2022-11-01,3.08
DFF,2022-11-02,3.08
DFF,2022-11-03,3.83
DFF,2022-11-04,3.83
DFF,2022-11-05,3.83
DFF,2022-11-06,3.83
DFF,2022-11-07,3.83
DFF,2022-11-08,3.83
DFF,2022-11-09,3.83
DFF,2022-11-10,3.83
DFF,2022-11-11,3.83
DFF,2022-11-12,3.83
DFF,2022-11-13,3.83
DFF,2022-11-14,3.83
DFF,2022-11-15,3.83
DFF,2022-11-16,3.83
DFF,2022-11-17,3.83
DFF,2022-11-18,3.83
DFF,2022-11-19,3.83
DFF,2022-11-20,3.83
DFF,2022-11-21,3.83
DFF,2022-11-22,3.83
DFF,2022-11-23,3.83
DFF,2022-11-24,3.83
DFF,2022-11-25,3.83
DFF,2022-11-26,3.83
DFF,2022-11-27,3.83
DFF,2022-11-28,3.83
DFF,2022-11-29,3.83
DFF,2022-11-30,3.83
DFF,2022-12-01,3.83
DFF,2022-12-02,3.83
DFF,2022-12-03,3.83
DFF,2022-12-04,3.83
DFF,2022-12-05,3.83
DFF,2022-12-06,3.83
DFF,2022-12-07,3.83
DFF,2022-12-08,3.83
DFF,2022-12-09,3.83
DFF,2022-12-10,3.83
DFF,2022-12-11,3.83
DFF,2022-12-12,3.83
DFF,2022-12-13,3.83
DFF,2022-12-14,3.83
DFF,2022-12-15,4.33
DFF,2022-12-16,4.33
DFF,2022-12-17,4.33
DFF,2022-12-18,4.33
DFF,2022-12-19,4.33
DFF,2022-12-20,4.33
DFF,2022-12-21,4.33
DFF,2022-12-22,4.33
DFF,2022-12-23,4.33
DFF,2022-12-24,4.33
DFF,2022-12-25,4.33
DFF,2022-12-26,4.33
DFF,2022-12-27,4.33
DFF,2022-12-28,4.33
DFF,2022-12-29,4.33
DFF,2022-12-30,4.33
DFF,2022-12-31,4.33
DFF,2023-01-01,4.33
DFF,2023-01-02,4.33
DFF,2023-01-03,4.33
DFF,2023-01-04,4.33
DFF,2023-01-05,4.33
DFF,2023-01-06,4.33
DFF,2023-01-07,4.33
DFF,2023-01-08,4.33
DFF,2023-01-09,4.33
DFF,2023-01-10,4.33
DFF,2023-01-11,4.33
DFF,2023-01-12,4.33
DFF,2023-01-13,4.33
DFF,2023-01-14,4.33
DFF,2023-01-15,4.33
DFF,2023-01-16,4.33
DFF,2023-01-17,4.33
DFF,2023-01-18,4.33
DFF,2023-01-19,4.33
DFF,2023-01-20,4.33
DFF,2023-01-21,4.33
DFF,2023-01-22,4.33
DFF,2023-01-23,4.33
DFF,2023-01-24,4.33
DFF,2023-01-25,4.33
DFF,2023-01-26,4.33
DFF,2023-01-27,4.33
DFF,2023-01-28,4.33
DFF,2023-01-29,4.33
DFF,2023-01-30,4.33
DFF,2023-01-31,4.33
DFF,2023-02-01,4.33
DFF,2023-02-02,4.58
DFF,2023-02-03,4.58
DFF,2023-02-04,4.58
DFF,2023-02-05,4.58
DFF,2023-02-06,4.58
DFF,2023-02-07,4.58
DFF,2023-02-08,4.58
DFF,2023-02-09,4.57
DFF,2023-02-10,4.58
DFF,2023-02-11,4.58
DFF,2023-02-12,4.58
DFF,2023-02-13,4.58
DFF,2023-02-14,4.58
DFF,2023-02-15,4.58
DFF,2023-02-16,4.58
DFF,2023-02-17,4.58
DFF,2023-02-18,4.58
DFF,2023-02-19,4.58
DFF,2023-02-20,4.58
DFF,2023-02-21,4.58
DFF,2023-02-22,4.58
DFF,2023-02-23,4.58
DFF,2023-02-24,4.58
DFF,2023-02-25,4.58
DFF,2023-02-26,4.58
DFF,2023-02-27,4.57
DFF,2023-02-28,4.57
DFF,2023-03-01,4.58
DFF,2023-03-02,4.57
DFF,2023-03-03,4.57
DFF,2023-03-04,4.57
DFF,2023-03-05,4.57
DFF,2023-03-06,4.57
DFF,2023-03-07,4.57
DFF,2023-03-08,4.57
DFF,2023-03-09,4.57
DFF,2023-03-10,4.57
DFF,2023-03-11,4.57
DFF,2023-03-12,4.57
DFF,2023-03-13,4.58
DFF,2023-03-14,4.58
DFF,2023-03-15,4.58
DFF,2023-03-16,4.58
DFF,2023-03-17,4.58
DFF,2023-03-18,4.58
DFF,2023-03-19,4.58
DFF,2023-03-20,4.58
DFF,2023-03-21,4.58
DFF,2023-03-22,4.58
DFF,2023-03-23,4.83
DFF,2023-03-24,4.83
DFF,2023-03-25,4.83
DFF,2023-03-26,4.83
DFF,2023-03-27,4.83
DFF,2023-03-28,4.83
DFF,2023-03-29,4.83
DFF,2023-03-30,4.83
DFF,2023-03-31,4.83
DFF,2023-04-01,4.83
DFF,2023-04-02,4.83
DFF,2023-04-03,4.83
DFF,2023-04-04,4.83
DFF,2023-04-05,4.83
DFF,2023-04-06,4.83
DFF,2023-04-07,4.83
DFF,2023-04-08,4.83
DFF,2023-04-09,4.83
DFF,2023-04-10,4.83
DFF,2023-04-11,4.83
DFF,2023-04-12,4.83
DFF,2023-04-13,4.83
DFF,2023-04-14,4.83
DFF,2023-04-15,4.83
DFF,2023-04-16,4.83
DFF,2023-04-17,4.83
DFF,2023-04-18,4.83
DFF,2023-04-19,4.83
DFF,2023-04-20,4.83
DFF,2023-04-21,4.83
DFF,2023-04-22,4.83
DFF,2023-04-23,4.83
DFF,2023-04-24,4.83
DFF,2023-04-25,4.83
DFF,2023-04-26,4.83
DFF,2023-04-27,4.83
DFF,2023-04-28,4.83
DFF,2023-04-29,4.83
DFF,2023-04-30,4.83
DFF,2023-05-01,4.83
DFF,2023-05-02,4.83
DFF,2023-05-03,4.83
DFF,2023-05-04,5.08
DFF,2023-05-05,5.08
DFF,2023-05-06,5.08
DFF,2023-05-07,5.08
DFF,2023-05-08,5.08
DFF,2023-05-09,5.08
DFF,2023-05-10,5.08
DFF,2023-05-11,5.08
DFF,2023-05-12,5.08
DFF,2023-05-13,5.08
DFF,2023-05-14,5.08
DFF,2023-05-15,5.08
DFF,2023-05-16,5.08
DFF,2023-05-17,5.08
DFF,2023-05-18,5.08
DFF,2023-05-19,5.08
DFF,2023-05-20,5.08
DFF,2023-05-21,5.08
DFF,2023-05-22,5.08
DFF,2023-05-23,5.08
DFF,2023-05-24,5.08
DFF,2023-05-25,5.08
DFF,2023-05-26,5.08
DFF,2023-05-27,5.08
DFF,2023-05-28,5.08
DFF,2023-05-29,5.08
DFF,2023-05-30,5.08
DFF,2023-05-31,5.08
DFF,2023-06-01,5.08
DFF,2023-06-02,5.08
DFF,2023-06-03,5.08
DFF,2023-06-04,5.08
DFF,2023-06-05,5.08
DFF,2023-06-06,5.08
DFF,2023-06-07,5.08
DFF,2023-06-08,5.08
DFF,2023-06-09,5.08
DFF,2023-06-10,5.08
DFF,2023-06-11,5.08
DFF,2023-06-12,5.08
DFF,2023-06-13,5.08
DFF,2023-06-14,5.08
DFF,2023-06-15,5.07
DFF,2023-06-16,5.08
DFF,2023-06-17,5.08
DFF,2023-06-18,5.08
DFF,2023-06-19,5.08
DFF,2023-06-20,5.07
DFF,2023-06-21,5.07
DFF,2023-06-22,5.07
DFF,2023-06-23,5.07
DFF,2023-06-24,5.07
DFF,2023-06-25,5.07
DFF,2023-06-26,5.07
DFF,2023-06-27,5.07
DFF,2023-06-28,5.07
DFF,2023-06-29,5.07
DFF,2023-06-30,5.08
DFF,2023-07-01,5.08
DFF,2023-07-02,5.08
DFF,2023-07-03,5.08
DFF,2023-07-04,5.08
DFF,2023-07-05,5.08
DFF,2023-07-06,5.08
DFF,2023-07-07,5.08
DFF,2023-07-08,5.08
DFF,2023-07-09,5.08
DFF,2023-07-10,5.07
DFF,2023-07-11,5.08
DFF,2023-07-12,5.08
DFF,2023-07-13,5.08
DFF,2023-07-14,5.08
DFF,2023-07-15,5.08
DFF,2023-07-16,5.08
DFF,2023-07-17,5.08
DFF,2023-07-18,5.08
DFF,2023-07-19,5.08
DFF,2023-07-20,5.08
DFF,2023-07-21,5.08
DFF,2023-07-22,5.08
DFF,2023-07-23,5.08
DFF,2023-07-24,5.08
DFF,2023-07-25,5.08
DFF,2023-07-26,5.08
DFF,2023-07-27,5.33
DFF,2023-07-28,5.33
DFF,2023-07-29,5.33
DFF,2023-07-30,5.33
DFF,2023-07-31,5.33
DFF,2023-08-01,5.33
DFF,2023-08-02,5.33
DFF,2023-08-03,5.33
DFF,2023-08-04,5.33
DFF,2023-08-05,5.33
DFF,2023-08-06,5.33
DFF,2023-08-07,5.33
DFF,2023-08-08,5.33
DFF,2023-08-09,5.33
DFF,2023-08-10,5.33
DFF,2023-08-11,5.33
DFF,2023-08-12,5.33
DFF,2023-08-13,5.33
DFF,2023-08-14,5.33
DFF,2023-08-15,5.33
DFF,2023-08-16,5.33
DFF,2023-08-17,5.33
DFF,2023-08-18,5.33
DFF,2023-08-19,5.33
DFF,2023-08-20,5.33
DFF,2023-08-21,5.33
DFF,2023-08-22,5.33
DFF,2023-08-23,5.33
DFF,2023-08-24,5.33
DFF,2023-08-25,5.33
DFF,2023-08-26,5.33
DFF,2023-08-27,5.33
DFF,2023-08-28,5.33
DFF,2023-08-29,5.33
DFF,2023-08-30,5.33
DFF,2023-08-31,5.33
DFF,2023-09-01,5.33
DFF,2023-09-02,5.33
DFF,2023-09-03,5.33
DFF,2023-09-04,5.33
DFF,2023-09-05,5.33
DFF,2023-09-06,5.33
DFF,2023-09-07,5.33
DFF,2023-09-08,5.33
DFF,2023-09-09,5.33
DFF,2023-09-10,5.33
DFF,2023-09-11,5.33
DFF,2023-09-12,5.33
DFF,2023-09-13,5.33
DFF,2023-09-14,5.33
DFF,2023-09-15,5.33
DFF,2023-09-16,5.33
DFF,2023-09-17,5.33
DFF,2023-09-18,5.33
DFF,2023-09-19,5.33
DFF,2023-09-20,5.33
DFF,2023-09-21,5.33
DFF,2023-09-22,5.33
DFF,2023-09-23,5.33
DFF,2023-09-24,5.33
DFF,2023-09-25,5.33
DFF,2023-09-26,5.33
DFF,2023-09-27,5.33
DFF,2023-09-28,5.33
DFF,2023-09-29,5.33
DFF,2023-09-30,5.33
DFF,2023-10-01,5.33
DFF,2023-10-02,5.33
DFF,2023-10-03,5.33
DFF,2023-10-04,5.33
DFF,2023-10-05,5.33
DFF,2023-10-06,5.33
DFF,2023-10-07,5.33
DFF,2023-10-08,5.33
DFF,2023-10-09,5.33
DFF,2023-10-10,5.33
DFF,2023-10-11,5.33
DFF,2023-10-12,5.33
DFF,2023-10-13,5.33
DFF,2023-10-14,5.33
DFF,2023-10-15,5.33
DFF,2023-10-16,5.33
DFF,2023-10-17,5.33
DFF,2023-10-18,5.33
DFF,2023-10-19,5.33
DFF,2023-10-20,5.33
DFF,2023-10-21,5.33
DFF,2023-10-22,5.33
DFF,2023-10-23,5.33
DFF,2023-10-24,5.33
DFF,2023-10-25,5.33
DFF,2023-10-26,5.33
DFF,2023-10-27,5.33
DFF,2023-10-28,5.33
DFF,2023-10-29,5.33
DFF,2023-10-30,5.33
DFF,2023-10-31,5.33
DFF,2023-11-01,5.33
DFF,2023-11-02,5.33
DFF,2023-11-03,5.33
DFF,2023-11-04,5.33
DFF,2023-11-05,5.33
DFF,2023-11-06,5.33
DFF,2023-11-07,5.33
DFF,2023-11-08,5.33
DFF,2023-11-09,5.33
DFF,2023-11-10,5.33
DFF,2023-11-11,5.33
DFF,2023-11-12,5.33
DFF,2023-11-13,5.33
DFF,2023-11-14,5.33
DFF,2023-11-15,5.33
DFF,2023-11-16,5.33
DFF,2023-11-17,5.33
DFF,2023-11-18,5.33
DFF,2023-11-19,5.33
DFF,2023-11-20,5.33
DFF,2023-11-21,5.33
DFF,2023-11-22,5.33
DFF,2023-11-23,5.33
DFF,2023-11-24,5.33
DFF,2023-11-25,5.33
DFF,2023-11-26,5.33
DFF,2023-11-27,5.33
DFF,2023-11-28,5.33
DFF,2023-11-29,5.33
DFF,2023-11-30,5.33
DFF,2023-12-01,5.33
DFF,2023-12-02,5.33
DFF,2023-12-03,5.33
DFF,2023-12-04,5.33
DFF,2023-12-05,5.33
DFF,2023-12-06,5.33
DFF,2023-12-07,5.33
DFF,2023-12-08,5.33
DFF,2023-12-09,5.33
DFF,2023-12-10,5.33
DFF,2023-12-11,5.33
DFF,2023-12-12,5.33
DFF,2023-12-13,5.33
DFF,2023-12-14,5.33
DFF,2023-12-15,5.33
DFF,2023-12-16,5.33
DFF,2023-12-17,5.33
DFF,2023-12-18,5.33
DFF,2023-12-19,5.33
DFF,2023-12-20,5.33
DFF,2023-12-21,5.33
DFF,2023-12-22,5.33
DFF,2023-12-23,5.33
DFF,2023-12-24,5.33
DFF,2023-12-25,5.33
DFF,2023-12-26,5.33
DFF,2023-12-27,5.33
DFF,2023-12-28,5.33
DFF,2023-12-29,5.33
DFF,2023-12-30,5.33
DFF,2023-12-31,5.33
DFF,2024-01-01,5.33
DFF,2024-01-02,5.33
DFF,2024-01-03,5.33
DFF,2024-01-04,5.33
DFF,2024-01-05,5.33
DFF,2024-01-06,5.33
DFF,2024-01-07,5.33
DFF,2024-01-08,5.33
DFF,2024-01-09,5.33
DFF,2024-01-10,5.33
DFF,2024-01-11,5.33
DFF,2024-01-12,5.33
DFF,2024-01-13,5.33
DFF,2024-01-14,5.33
DFF,2024-01-15,5.33
DFF,2024-01-16,5.33
DFF,2024-01-17,5.33
DFF,2024-01-18,5.33
DFF,2024-01-19,5.33
DFF,2024-01-20,5.33
DFF,2024-01-21,5.33
DFF,2024-01-22,5.33
DFF,2024-01-23,5.33
DFF,2024-01-24,5.33
DFF,2024-01-25,5.33
DFF,2024-01-26,5.33
DFF,2024-01-27,5.33
DFF,2024-01-28,5.33
DFF,2024-01-29,5.33
DFF,2024-01-30,5.33
DFF,2024-01-31,5.33
DFF,2024-02-01,5.33
DFF,2024-02-02,5.33
DFF,2024-02-03,5.33
DFF,2024-02-04,5.33
DFF,2024-02-05,5.33
DFF,2024-02-06,5.33
DFF,2024-02-07,5.33
DFF,2024-02-08,5.33
DFF,2024-02-09,5.33
DFF,2024-02-10,5.33
DFF,2024-02-11,5.33
DFF,2024-02-12,5.33
DFF,2024-02-13,5.33
DFF,2024-02-14,5.33
DFF,2024-02-15,5.33
DFF,2024-02-16,5.33
DFF,2024-02-17,5.33
DFF,2024-02-18,5.33
DFF,2024-02-19,5.33
DFF,2024-02-20,5.33
DFF,2024-02-21,5.33
DFF,2024-02-22,5.33
DFF,2024-02-23,5.33
DFF,2024-02-24,5.33
DFF,2024-02-25,5.33
DFF,2024-02-26,5.33
DFF,2024-02-27,5.33
DFF,2024-02-28,5.33
DFF,2024-02-29,5.33
DFF,2024-03-01,5.33
DFF,2024-03-02,5.33
DFF,2024-03-03,5.33
DFF,2024-03-04,5.33
DFF,2024-03-05,5.33
DFF,2024-03-06,5.33
DFF,2024-03-07,5.33
DFF,2024-03-08,5.33
DFF,2024-03-09,5.33
DFF,2024-03-10,5.33
DFF,2024-03-11,5.33
DFF,2024-03-12,5.33
DFF,2024-03-13,5.33
DFF,2024-03-14,5.33
DFF,2024-03-15,5.33
DFF,2024-03-16,5.33
DFF,2024-03-17,5.33
DFF,2024-03-18,5.33
DFF,2024-03-19,5.33
DFF,2024-03-20,5.33
DFF,2024-03-21,5.33
DFF,2024-03-22,5.33
DFF,2024-03-23,5.33
DFF,2024-03-24,5.33
DFF,2024-03-25,5.33
DFF,2024-03-26,5.33
DFF,2024-03-27,5.33
DFF,2024-03-28,5.33
DFF,2024-03-29,5.33
DFF,2024-03-30,5.33
DFF,2024-03-31,5.33
DFF,2024-04-01,5.33
DFF,2024-04-02,5.33
DFF,2024-04-03,5.33
DFF,2024-04-04,5.33
DFF,2024-04-05,5.33
DFF,2024-04-06,5.33
DFF,2024-04-07,5.33
DFF,2024-04-08,5.33
DFF,2024-04-09,5.33
DFF,2024-04-10,5.33
DFF,2024-04-11,5.33
DFF,2024-04-12,5.33
DFF,2024-04-13,5.33
DFF,2024-04-14,5.33
DFF,2024-04-15,5.33
DFF,2024-04-16,5.33
DFF,2024-04-17,5.33
DFF,2024-04-18,5.33
DFF,2024-04-19,5.33
DFF,2024-04-20,5.33
DFF,2024-04-21,5.33
DFF,2024-04-22,5.33
DFF,2024-04-23,5.33
DFF,2024-04-24,5.33
DFF,2024-04-25,5.33
DFF,2024-04-26,5.33
DFF,2024-04-27,5.33
DFF,2024-04-28,5.33
DFF,2024-04-29,5.33
DFF,2024-04-30,5.33
DFF,2024-05-01,5.33
DFF,2024-05-02,5.33
DFF,2024-05-03,5.33
DFF,2024-05-04,5.33
DFF,2024-05-05,5.33
DFF,2024-05-06,5.33
DFF,2024-05-07,5.33
DFF,2024-05-08,5.33
DFF,2024-05-09,5.33
DFF,2024-05-10,5.33
DFF,2024-05-11,5.33
DFF,2024-05-12,5.33
DFF,2024-05-13,5.33
DFF,2024-05-14,5.33
DFF,2024-05-15,5.33
DFF,2024-05-16,5.33
DFF,2024-05-17,5.33
DFF,2024-05-18,5.33
DFF,2024-05-19,5.33
DFF,2024-05-20,5.33
DFF,2024-05-21,5.33
DFF,2024-05-22,5.33
DFF,2024-05-23,5.33
DFF,2024-05-24,5.33
DFF,2024-05-25,5.33
DFF,2024-05-26,5.33
DFF,2024-05-27,5.33
DFF,2024-05-28,5.33
DFF,2024-05-29,5.33
DFF,2024-05-30,5.33
DFF,2024-05-31,5.33
DFF,2024-06-01,5.33
DFF,2024-06-02,5.33
DFF,2024-06-03,5.33
DFF,2024-06-04,5.33
DFF,2024-06-05,5.33
DFF,2024-06-06,5.33
DFF,2024-06-07,5.33
DFF,2024-06-08,5.33
DFF,2024-06-09,5.33
DFF,2024-06-10,5.33
DFF,2024-06-11,5.33
DFF,2024-06-12,5.33
DFF,2024-06-13,5.33
DFF,2024-06-14,5.33
DFF,2024-06-15,5.33
DFF,2024-06-16,5.33
DFF,2024-06-17,5.33
DFF,2024-06-18,5.33
DFF,2024-06-19,5.33
DFF,2024-06-20,5.33
DFF,2024-06-21,5.33
DFF,2024-06-22,5.33
DFF,2024-06-23,5.33
DFF,2024-06-24,5.33
DFF,2024-06-25,5.33
DFF,2024-06-26,5.33
DFF,2024-06-27,5.33
DFF,2024-06-28,5.33
DFF,2024-06-29,5.33
DFF,2024-06-30,5.33
DFF,2024-07-01,5.33
DFF,2024-07-02,5.33
DFF,2024-07-03,5.33
DFF,2024-07-04,5.33
DFF,2024-07-05,5.33
DFF,2024-07-06,5.33
DFF,2024-07-07,5.33
DFF,2024-07-08,5.33
DFF,2024-07-09,5.33
DFF,2024-07-10,5.33
DFF,2024-07-11,5.33
DFF,2024-07-12,5.33
DFF,2024-07-13,5.33
DFF,2024-07-14,5.33
DFF,2024-07-15,5.33
DFF,2024-07-16,5.33
DFF,2024-07-17,5.33
DFF,2024-07-18,5.33
DFF,2024-07-19,5.33
DFF,2024-07-20,5.33
DFF,2024-07-21,5.33
DFF,2024-07-22,5.33
DFF,2024-07-23,5.33
DFF,2024-07-24,5.33
DFF,2024-07-25,5.33
DFF,2024-07-26,5.33
DFF,2024-07-27,5.33
DFF,2024-07-28,5.33
DFF,2024-07-29,5.33
DFF,2024-07-30,5.33
DFF,2024-07-31,5.33
DFF,2024-08-01,5.33
DFF,2024-08-02,5.33
DFF,2024-08-03,5.33
DFF,2024-08-04,5.33
DFF,2024-08-05,5.33
DFF,2024-08-06,5.33
DFF,2024-08-07,5.33
DFF,2024-08-08,5.33
DFF,2024-08-09,5.33
DFF,2024-08-10,5.33
DFF,2024-08-11,5.33
DFF,2024-08-12,5.33
DFF,2024-08-13,5.33
DFF,2024-08-14,5.33
DFF,2024-08-15,5.33
DFF,2024-08-16,5.33
DFF,2024-08-17,5.33
DFF,2024-08-18,5.33
DFF,2024-08-19,5.33
DFF,2024-08-20,5.33
DFF,2024-08-21,5.33
DFF,2024-08-22,5.33
DFF,2024-08-23,5.33
DFF,2024-08-24,5.33
DFF,2024-08-25,5.33
DFF,2024-08-26,5.33
DFF,2024-08-27,5.33
DFF,2024-08-28,5.33
DFF,2024-08-29,5.33
DFF,2024-08-30,5.33
DFF,2024-08-31,5.33
DFF,2024-09-01,5.33
DFF,2024-09-02,5.33
DFF,2024-09-03,5.33
DFF,2024-09-04,5.33
DFF,2024-09-05,5.33
DFF,2024-09-06,5.33
DFF,2024-09-07,5.33
DFF,2024-09-08,5.33
DFF,2024-09-09,5.33
DFF,2024-09-10,5.33
DFF,2024-09-11,5.33
DFF,2024-09-12,5.33
DFF,2024-09-13,5.33
DFF,2024-09-14,5.33
DFF,2024-09-15,5.33
DFF,2024-09-16,5.33
DFF,2024-09-17,5.33
DFF,2024-09-18,5.33
DFF,2024-09-19,4.83
DFF,2024-09-20,4.83
DFF,2024-09-21,4.83
DFF,2024-09-22,4.83
DFF,2024-09-23,4.83
DFF,2024-09-24,4.83
DFF,2024-09-25,4.83
DFF,2024-09-26,4.83
DFF,2024-09-27,4.83
DFF,2024-09-28,4.83
DFF,2024-09-29,4.83
DFF,2024-09-30,4.83
DFF,2024-10-01,4.83
DFF,2024-10-02,4.83
DFF,2024-10-03,4.83
DFF,2024-10-04,4.83
DFF,2024-10-05,4.83
DFF,2024-10-06,4.83
DFF,2024-10-07,4.83
DFF,2024-10-08,4.83
DFF,2024-10-09,4.83
DFF,2024-10-10,4.83
DFF,2024-10-11,4.83
DFF,2024-10-12,4.83
DFF,2024-10-13,4.83
DFF,2024-10-14,4.83
DFF,2024-10-15,4.83
DFF,2024-10-16,4.83
DFF,2024-10-17,4.83
DFF,2024-10-18,4.83
DFF,2024-10-19,4.83
DFF,2024-10-20,4.83
DFF,2024-10-21,4.83
DFF,2024-10-22,4.83
DFF,2024-10-23,4.83
DFF,2024-10-24,4.83
DFF,2024-10-25,4.83
DFF,2024-10-26,4.83
DFF,2024-10-27,4.83
DFF,2024-10-28,4.83
DFF,2024-10-29,4.83
DFF,2024-10-30,4.83
DFF,2024-10-31,4.83
DFF,2024-11-01,4.83
DFF,2024-11-02,4.83
DFF,2024-11-03,4.83
DFF,2024-11-04,4.83
DFF,2024-11-05,4.83
DFF,2024-11-06,4.83
DFF,2024-11-07,4.83
DFF,2024-11-08,4.58
DFF,2024-11-09,4.58
DFF,2024-11-10,4.58
DFF,2024-11-11,4.58
DFF,2024-11-12,4.58
DFF,2024-11-13,4.58
DFF,2024-11-14,4.58
DFF,2024-11-15,4.58
DFF,2024-11-16,4.58
DFF,2024-11-17,4.58
DFF,2024-11-18,4.58
DFF,2024-11-19,4.58
DFF,2024-11-20,4.58
DFF,2024-11-21,4.58
DFF,2024-11-22,4.58
DFF,2024-11-23,4.58
DFF,2024-11-24,4.58
DFF,2024-11-25,4.58
DFF,2024-11-26,4.58
DFF,2024-11-27,4.58
DFF,2024-11-28,4.58
DFF,2024-11-29,4.58
DFF,2024-11-30,4.58
DFF,2024-12-01,4.58
DFF,2024-12-02,4.58
DFF,2024-12-03,4.58
DFF,2024-12-04,4.58
DFF,2024-12-05,4.58
DFF,2024-12-06,4.58
DFF,2024-12-07,4.58
DFF,2024-12-08,4.58
DFF,2024-12-09,4.58
DFF,2024-12-10,4.58
DFF,2024-12-11,4.58
DFF,2024-12-12,4.58
DFF,2024-12-13,4.58
DFF,2024-12-14,4.58
DFF,2024-12-15,4.58
DFF,2024-12-16,4.58
DFF,2024-12-17,4.58
DFF,2024-12-18,4.58
DFF,2024-12-19,4.33
DFF,2024-12-20,4.33
DFF,2024-12-21,4.33
DFF,2024-12-22,4.33
DFF,2024-12-23,4.33
DFF,2024-12-24,4.33
DFF,2024-12-25,4.33
DFF,2024-12-26,4.33
DFF,2024-12-27,4.33
DFF,2024-12-28,4.33
DFF,2024-12-29,4.33
DFF,2024-12-30,4.33
DFF,2024-12-31,4.33
DFF,2025-01-01,4.33
DFF,2025-01-02,4.33
DFF,2025-01-03,4.33
DFF,2025-01-04,4.33
DFF,2025-01-05,4.33
DFF,2025-01-06,4.33
DFF,2025-01-07,4.33
DFF,2025-01-08,4.33
DFF,2025-01-09,4.33
DFF,2025-01-10,4.33
DFF,2025-01-11,4.33
DFF,2025-01-12,4.33
DFF,2025-01-13,4.33
DFF,2025-01-14,4.33
DFF,2025-01-15,4.33
DFF,2025-01-16,4.33
DFF,2025-01-17,4.33
DFF,2025-01-18,4.33
DFF,2025-01-19,4.33
DFF,2025-01-20,4.33
DFF,2025-01-21,4.33
DFF,2025-01-22,4.33
DFF,2025-01-23,4.33
DFF,2025-01-24,4.33
DFF,2025-01-25,4.33
DFF,2025-01-26,4.33
DFF,2025-01-27,4.33
DFF,2025-01-28,4.33
DFF,2025-01-29,4.33
DFF,2025-01-30,4.33
DFF,2025-01-31,4.33
DFF,2025-02-01,4.33
DFF,2025-02-02,4.33
DFF,2025-02-03,4.33
DFF,2025-02-04,4.33
DFF,2025-02-05,4.33
DFF,2025-02-06,4.33
DFF,2025-02-07,4.33
DFF,2025-02-08,4.33
DFF,2025-02-09,4.33
DFF,2025-02-10,4.33
DFF,2025-02-11,4.33
DFF,2025-02-12,4.33
DFF,2025-02-13,4.33
DFF,2025-02-14,4.33
DFF,2025-02-15,4.33
DFF,2025-02-16,4.33
DFF,2025-02-17,4.33
DFF,2025-02-18,4.33
DFF,2025-02-19,4.33
DFF,2025-02-20,4.33
DFF,2025-02-21,4.33
DFF,2025-02-22,4.33
DFF,2025-02-23,4.33
DFF,2025-02-24,4.33
DFF,2025-02-25,4.33
DFF,2025-02-26,4.33
DFF,2025-02-27,4.33
DFF,2025-02-28,4.33
DFF,2025-03-01,4.33
DFF,2025-03-02,4.33
DFF,2025-03-03,4.33
DFF,2025-03-04,4.33
DFF,2025-03-05,4.33
DFF,2025-03-06,4.33
DFF,2025-03-07,4.33
DFF,2025-03-08,4.33
DFF,2025-03-09,4.33
DFF,2025-03-10,4.33
DFF,2025-03-11,4.33
DFF,2025-03-12,4.33
DFF,2025-03-13,4.33
DFF,2025-03-14,4.33
DFF,2025-03-15,4.33
DFF,2025-03-16,4.33
DFF,2025-03-17,4.33
DFF,2025-03-18,4.33
DFF,2025-03-19,4.33
DFF,2025-03-20,4.33
DFF,2025-03-21,4.33
DFF,2025-03-22,4.33
DFF,2025-03-23,4.33
DFF,2025-03-24,4.33
DFF,2025-03-25,4.33
DFF,2025-03-26,4.33
DFF,2025-03-27,4.33
DFF,2025-03-28,4.33
DFF,2025-03-29,4.33
DFF,2025-03-30,4.33
DFF,2025-03-31,4.33
DFF,2025-04-01,4.33
DFF,2025-04-02,4.33
DFF,2025-04-03,4.33
DFF,2025-04-04,4.33
DFF,2025-04-05,4.33
DFF,2025-04-06,4.33
DFF,2025-04-07,4.33
DFF,2025-04-08,4.33
DFF,2025-04-09,4.33
DFF,2025-04-10,4.33
DFF,2025-04-11,4.33
DFF,2025-04-12,4.33
DFF,2025-04-13,4.33
DFF,2025-04-14,4.33
DFF,2025-04-15,4.33
DFF,2025-04-16,4.33
DFF,2025-04-17,4.33
DFF,2025-04-18,4.33
DFF,2025-04-19,4.33
DFF,2025-04-20,4.33
DFF,2025-04-21,4.33
DFF,2025-04-22,4.33
DFF,2025-04-23,4.33
DFF,2025-04-24,4.33
DFF,2025-04-25,4.33
DFF,2025-04-26,4.33
DFF,2025-04-27,4.33
DFF,2025-04-28,4.33
DFF,2025-04-29,4.33
DFF,2025-04-30,4.33
DFF,2025-05-01,4.33
DFF,2025-05-02,4.33
DFF,2025-05-03,4.33
DFF,2025-05-04,4.33
DFF,2025-05-05,4.33
DFF,2025-05-06,4.33
DFF,2025-05-07,4.33
DFF,2025-05-08,4.33
DFF,2025-05-09,4.33
DFF,2025-05-10,4.33
DFF,2025-05-11,4.33
DFF,2025-05-12,4.33
DFF,2025-05-13,4.33
DFF,2025-05-14,4.33
DFF,2025-05-15,4.33
DFF,2025-05-16,4.33
DFF,2025-05-17,4.33
DFF,2025-05-18,4.33
DFF,2025-05-19,4.33
DFF,2025-05-20,4.33
DFF,2025-05-21,4.33
DFF,2025-05-22,4.33
DFF,2025-05-23,4.33
DFF,2025-05-24,4.33
DFF,2025-05-25,4.33
DFF,2025-05-26,4.33
DFF,2025-05-27,4.33
DFF,2025-05-28,4.33
DFF,2025-05-29,4.33
DFF,2025-05-30,4.33
DFF,2025-05-31,4.33
DFF,2025-06-01,4.33
DFF,2025-06-02,4.33
DFF,2025-06-03,4.33
DFF,2025-06-04,4.33
DFF,2025-06-05,4.33
DFF,2025-06-06,4.33
DFF,2025-06-07,4.33
DFF,2025-06-08,4.33
DFF,2025-06-09,4.33
DFF,2025-06-10,4.33
DFF,2025-06-11,4.33
DFF,2025-06-12,4.33
DFF,2025-06-13,4.33
DFF,2025-06-14,4.33
DFF,2025-06-15,4.33
DFF,2025-06-16,4.33
DFF,2025-06-17,4.33
DFF,2025-06-18,4.33
DFF,2025-06-19,4.33
DFF,2025-06-20,4.33
DFF,2025-06-21,4.33
DFF,2025-06-22,4.33
DFF,2025-06-23,4.33
DFF,2025-06-24,4.33
DFF,2025-06-25,4.33
DFF,2025-06-26,4.33
DFF,2025-06-27,4.33
DFF,2025-06-28,4.33
DFF,2025-06-29,4.33
DFF,2025-06-30,4.33
DFF,2025-07-01,4.33
DFF,2025-07-02,4.33
DFF,2025-07-03,4.33
DFF,2025-07-04,4.33
DFF,2025-07-05,4.33
DFF,2025-07-06,4.33
DFF,2025-07-07,4.33
DFF,2025-07-08,4.33
DFF,2025-07-09,4.33
DFF,2025-07-10,4.33
DFF,2025-07-11,4.33
DFF,2025-07-12,4.33
DFF,2025-07-13,4.33
DFF,2025-07-14,4.33
DFF,2025-07-15,4.33
DFF,2025-07-16,4.33
DFF,2025-07-17,4.33
DFF,2025-07-18,4.33
DFF,2025-07-19,4.33
DFF,2025-07-20,4.33
DFF,2025-07-21,4.33
DFF,2025-07-22,4.33
DFF,2025-07-23,4.33
DFF,2025-07-24,4.33
DFF,2025-07-25,4.33
DFF,2025-07-26,4.33
DFF,2025-07-27,4.33
DFF,2025-07-28,4.33
DFF,2025-07-29,4.33
DFF,2025-07-30,4.33
DFF,2025-07-31,4.33
DFF,2025-08-01,4.33
DFF,2025-08-02,4.33
DFF,2025-08-03,4.33
DFF,2025-08-04,4.33
DFF,2025-08-05,4.33
DFF,2025-08-06,4.33
DFF,2025-08-07,4.33
DFF,2025-08-08,4.33
DFF,2025-08-09,4.33
DFF,2025-08-10,4.33
DFF,2025-08-11,4.33
DFF,2025-08-12,4.33
DFF,2025-08-13,4.33
DFF,2025-08-14,4.33
DFF,2025-08-15,4.33
DFF,2025-08-16,4.33
DFF,2025-08-17,4.33
DFF,2025-08-18,4.33
DFF,2025-08-19,4.33
DFF,2025-08-20,4.33
DFF,2025-08-21,4.33
DFF,2025-08-22,4.33
DFF,2025-08-23,4.33
DFF,2025-08-24,4.33
DFF,2025-08-25,4.33
DFF,2025-08-26,4.33
DFF,2025-08-27,4.33
DFF,2025-08-28,4.33
DFF,2025-08-29,4.33
DFF,2025-08-30,4.33
DFF,2025-08-31,4.33
DFF,2025-09-01,4.33
DFF,2025-09-02,4.33
DFF,2025-09-03,4.33
DFF,2025-09-04,4.33
DFF,2025-09-05,4.33
DFF,2025-09-06,4.33
DFF,2025-09-07,4.33
DFF,2025-09-08,4.33
DFF,2025-09-09,4.33
DFF,2025-09-10,4.33
DFF,2025-09-11,4.33
DFF,2025-09-12,4.33
DFF,2025-09-13,4.33
DFF,2025-09-14,4.33
DFF,2025-09-15,4.33
DFF,2025-09-16,4.33
DFF,2025-09-17,4.33
DFF,2025-09-18,4.08
DFF,2025-09-19,4.08
DFF,2025-09-20,4.08
DFF,2025-09-21,4.08
DFF,2025-09-22,4.09
DFF,2025-09-23,4.09
DFF,2025-09-24,4.09
DFF,2025-09-25,4.09
DFF,2025-09-26,4.09
DFF,2025-09-27,4.09
DFF,2025-09-28,4.09
DFF,2025-09-29,4.09
DFF,2025-09-30,4.09
DFF,2025-10-01,4.09
DFF,2025-10-02,4.09
DFF,2025-10-03,4.09
DFF,2025-10-04,4.09
DFF,2025-10-05,4.09
DFF,2025-10-06,4.09
DFF,2025-10-07,4.09
DFF,2025-10-08,4.1
DFF,2025-10-09,4.1
DFF,2025-10-10,4.1
DFF,2025-10-11,4.1
DFF,2025-10-12,4.1
DFF,2025-10-13,4.1
DFF,2025-10-14,4.1
DFF,2025-10-15,4.1
DFF,2025-10-16,4.11
DFF,2025-10-17,4.11
DFF,2025-10-18,4.11
DFF,2025-10-19,4.11
DFF,2025-10-20,4.11
DFF,2025-10-21,4.11
DFF,2025-10-22,4.11
DFF,2025-10-23,4.11
DFF,2025-10-24,4.11
DFF,2025-10-25,4.11
DFF,2025-10-26,4.11
DFF,2025-10-27,4.12
DFF,2025-10-28,4.12
DFF,2025-10-29,4.12
DFF,2025-10-30,3.87
DFF,2025-10-31,3.86
DFF,2025-11-01,3.86
DFF,2025-11-02,3.86
DFF,2025-11-03,3.87
DFF,2025-11-04,3.87
DFF,2025-11-05,3.87
DFF,2025-11-06,3.87
DFF,2025-11-07,3.87
DFF,2025-11-08,3.87
DFF,2025-11-09,3.87
DFF,2025-11-10,3.87
DFF,2025-11-11,3.87
DFF,2025-11-12,3.87
DFF,2025-11-13,3.88
DFF,2025-11-14,3.88
DFF,2025-11-15,3.88
DFF,2025-11-16,3.88
DFF,2025-11-17,3.88
DFF,2025-11-18,3.88
DFF,2025-11-19,3.88
DFF,2025-11-20,3.88
DFF,2025-11-21,3.88
DFF,2025-11-22,3.88
DFF,2025-11-23,3.88
DFF,2025-11-24,3.88
DFF,2025-11-25,3.88
DFF,2025-11-26,3.88
DFF,2025-11-27,3.88
DFF,2025-11-28,3.89
DFF,2025-11-29,3.89
DFF,2025-11-30,3.89
DFF,2025-12-01,3.89
DFF,2025-12-02,3.89
DFF,2025-12-03,3.89
DFF,2025-12-04,3.89
DFF,2025-12-05,3.89
DFF,2025-12-06,3.89
DFF,2025-12-07,3.89
DFF,2025-12-08,3.89
DFF,2025-12-09,3.89
DFF,2025-12-10,3.89
DFF,2025-12-11,3.64
DFF,2025-12-12,3.64
DFF,2025-12-13,3.64
DFF,2025-12-14,3.64
DFF,2025-12-15,3.64
DFF,2025-12-16,3.64
DFF,2025-12-17,3.64
DFF,2025-12-18,3.64
DFF,2025-12-19,3.64
DFF,2025-12-20,3.64
DFF,2025-12-21,3.64
DFF,2025-12-22,3.64
DFF,2025-12-23,3.64
DFF,2025-12-24,3.64
DFF,2025-12-25,3.64
DFF,2025-12-26,3.64
DFF,2025-12-27,3.64
DFF,2025-12-28,3.64
DFF,2025-12-29,3.64
DFF,2025-12-30,3.64
DFF,2025-12-31,3.64
DFF,2026-01-01,3.64
DFF,2026-01-02,3.64
DFF,2026-01-03,3.64
DFF,2026-01-04,3.64
DFF,2026-01-05,3.64
DFF,2026-01-06,3.64
DFF,2026-01-07,3.64
DFF,2026-01-08,3.64
DFF,2026-01-09,3.64
DFF,2026-01-10,3.64
DFF,2026-01-11,3.64
DFF,2026-01-12,3.64
DFF,2026-01-13,3.64
DFF,2026-01-14,3.64
DFF,2026-01-15,3.64
DFF,2026-01-16,3.64
DFF,2026-01-17,3.64
DFF,2026-01-18,3.64
DFF,2026-01-19,3.64
DFF,2026-01-20,3.64
DFF,2026-01-21,3.64
DFF,2026-01-22,3.64
DFF,2026-01-23,3.64
DFF,2026-01-24,3.64
DFF,2026-01-25,3.64
DFF,2026-01-26,3.64
DFF,2026-01-27,3.64
DFF,2026-01-28,3.64
DFF,2026-01-29,3.64
DFF,2026-01-30,3.64
DFF,2026-01-31,3.64
DFF,2026-02-01,3.64
DFF,2026-02-02,3.64
DFF,2026-02-03,3.64
DFF,2026-02-04,3.64
DFF,2026-02-05,3.64
DFF,2026-02-06,3.64
DFF,2026-02-07,3.64
DFF,2026-02-08,3.64
DFF,2026-02-09,3.64
DFF,2026-02-10,3.64
DFF,2026-02-11,3.64
DFF,2026-02-12,3.64
DFF,2026-02-13,3.64
DFF,2026-02-14,3.64
DFF,2026-02-15,3.64
DFF,2026-02-16,3.64
DFF,2026-02-17,3.64
DFF,2026-02-18,3.64
DFF,2026-02-19,3.64
DFF,2026-02-20,3.64
DFF,2026-02-21,3.64
DFF,2026-02-22,3.64
DFF,2026-02-23,3.64
DFF,2026-02-24,3.64
DFF,2026-02-25,3.64
DFF,2026-02-26,3.64
DFF,2026-02-27,3.64
DFF,2026-02-28,3.64
DFF,2026-03-01,3.64
DFF,2026-03-02,3.64
DFF,2026-03-03,3.64
DFF,2026-03-04,3.64
DFF,2026-03-05,3.64
DFF,2026-03-06,3.64
DFF,2026-03-07,3.64
DFF,2026-03-08,3.64
DFF,2026-03-09,3.64
DFF,2026-03-10,3.64
DFF,2026-03-11,3.64
DFF,2026-03-12,3.64
DFF,2026-03-13,3.64
DFF,2026-03-14,3.64
DFF,2026-03-15,3.64
DFF,2026-03-16,3.64
DFF,2026-03-17,3.64
DFF,2026-03-18,3.64
DFF,2026-03-19,3.64
DFF,2026-03-20,3.64
DFF,2026-03-21,3.64
DFF,2026-03-22,3.64
DFF,2026-03-23,3.64
DFF,2026-03-24,3.64
DFF,2026-03-25,3.64
DFF,2026-03-26,3.64
DFF,2026-03-27,3.64
DFF,2026-03-28,3.64
DFF,2026-03-29,3.64
DFF,2026-03-30,3.64
DFF,2026-03-31,3.64
DFF,2026-04-01,3.64
DFF,2026-04-02,3.64
DFF,2026-04-03,3.64
DFF,2026-04-04,3.64
DFF,2026-04-05,3.64
DFF,2026-04-06,3.64
DFF,2026-04-07,3.64
DFF,2026-04-08,3.64
DFF,2026-04-09,3.64
DFF,2026-04-10,3.64
DFF,2026-04-11,3.64
DFF,2026-04-12,3.64
DFF,2026-04-13,3.64
DFF,2026-04-14,3.64
DFF,2026-04-15,3.64
DFF,2026-04-16,3.64
DFF,2026-04-17,3.64
DFF,2026-04-18,3.64
DFF,2026-04-19,3.64
DFF,2026-04-20,3.64
DFF,2026-04-21,3.64
DFF,2026-04-22,3.64
DFF,2026-04-23,3.64
DFF,2026-04-24,3.64
DFF,2026-04-25,3.64
DFF,2026-04-26,3.64
DFF,2026-04-27,3.64
DFF,2026-04-28,3.64
DFF,2026-04-29,3.64
DFF,2026-04-30,3.64
DFF,2026-05-01,3.64
DFF,2026-05-02,3.64
DFF,2026-05-03,3.64
DFF,2026-05-04,3.64
DFF,2026-05-05,3.64
DFF,2026-05-06,3.64
DFF,2026-05-07,3.63
DFF,2026-05-08,3.63
DFF,2026-05-09,3.63
DFF,2026-05-10,3.63
DFF,2026-05-11,3.63
DFF,2026-05-12,3.63
DFF,2026-05-13,3.63
DFF,2026-05-14,3.63
DFF,2026-05-15,3.63
DFF,2026-05-16,3.63
DFF,2026-05-17,3.63
DFF,2026-05-18,3.63
DFF,2026-05-19,3.62
DFF,2026-05-20,3.62
DFF,2026-05-21,3.62
DFF,2026-05-22,3.62
DFF,2026-05-23,3.62
DFF,2026-05-24,3.62
DFF,2026-05-25,3.62
DFF,2026-05-26,3.62
DFF,2026-05-27,3.62
DFF,2026-05-28,3.62
DFF,2026-05-29,3.62
DFF,2026-05-30,3.62
DFF,2026-05-31,3.62
DFF,2026-06-01,3.62
DFF,2026-06-02,3.62
DFF,2026-06-03,3.62
DFF,2026-06-04,3.62
DFF,2026-06-05,3.62
DFF,2026-06-06,3.62
DFF,2026-06-07,3.62
DFF,2026-06-08,3.62
DFF,2026-06-09,3.62
DFF,2026-06-10,3.62
DFF,2026-06-11,3.62
DFF,2026-06-12,3.62
DFF,2026-06-13,3.62
DFF,2026-06-14,3.62
DFF,2026-06-15,3.63
DFF,2026-06-16,3.63
DFF,2026-06-17,3.63
DFF,2026-06-18,3.63
DFF,2026-06-19,3.63
DFF,2026-06-20,3.63
DFF,2026-06-21,3.63
DFF,2026-06-22,3.63
DFF,2026-06-23,3.63
DFF,2026-06-24,3.63
DFF,2026-06-25,3.63
DFF,2026-06-26,3.63
DFF,2026-06-27,3.63
DFF,2026-06-28,3.63
DFF,2026-06-29,3.63
DFF,2026-06-30,3.63
DFF,2026-07-01,3.63
DFF,2026-07-02,3.63
DFF,2026-07-03,3.63
DFF,2026-07-04,3.63
DFF,2026-07-05,3.63
DFF,2026-07-06,3.63
DFF,2026-07-07,3.63
DFF,2026-07-08,3.62
DFF,2026-07-09,3.62
DFF,2026-07-10,3.62
DFF,2026-07-11,3.62
DFF,2026-07-12,3.62
DFF,2026-07-13,3.62
DFF,2026-07-14,3.63
DFF,2026-07-15,3.63
DFF,2026-07-16,3.63
DFF,2026-07-17,3.63
DFF,2026-07-18,3.63
DFF,2026-07-19,3.63
DFF,2026-07-20,3.63
DFF,2026-07-21,3.63
DFF,2026-07-22,3.63
DFF,2026-07-23,3.63
DFF,2026-07-24,3.63
DFF,2026-07-25,3.63
DFF,2026-07-26,3.63
DFF,2026-07-27,3.63
DFF,2026-07-28,3.63
DFF,2026-07-29,3.63
DFF,2026-07-30,3.63
DFF,2026-07-31,3.63
DFF,2026-08-01,3.63
DFF,2026-08-02,3.63
DFF,2026-08-03,3.63
DFF,2026-08-04,3.63
DFF,2026-08-05,3.63
DFF,2026-08-06,3.63
DFF,2026-08-07,3.63
DFF,2026-08-08,3.63
DFF,2026-08-09,3.63
DFF,2026-08-10,3.63
DFF,2026-08-11,3.63
DFF,2026-08-12,3.63
DFF,2026-08-13,3.63
DFF,2026-08-14,3.63
DFF,2026-08-15,3.63
DFF,2026-08-16,3.63
DFF,2026-08-17,3.63
DFF,2026-08-18,3.63
DFF,2026-08-19,3.63
DFF,2026-08-20,3.63
DFF,2026-08-21,3.63
DFF,2026-08-22,3.63
DFF,2026-08-23,3.63
DFF,2026-08-24,3.63
DFF,2026-08-25,3.63
DFF,2026-08-26,3.63
DFF,2026-08-27,3.63
DFF,2026-08-28,3.63
DFF,2026-08-29,3.63
DFF,2026-08-30,3.63
DFF,2026-08-31,3.63
DFF,2026-09-01,3.63
DFF,2026-09-02,3.63
DFF,2026-09-03,3.63
DFF,2026-09-04,3.63
DFF,2026-09-05,3.63
DFF,2026-09-06,3.63
DFF,2026-09-07,3.63
DFF,2026-09-08,3.63
DFF,2026-09-09,3.63
DFF,2026-09-10,3.63
DFF,2026-09-11,3.63
DFF,2026-09-12,3.63
DFF,2026-09-13,3.63
DFF,2026-09-14,3.63
DFF,2026-09-15,3.63
DFF,2026-09-16,3.63
DFF,2026-09-17,3.88
DFF,2026-09-18,3.88
DFF,2026-09-19,3.88
DFF,2026-09-20,3.88
DFF,2026-09-21,3.88
DFF,2026-09-22,3.88
DFF,2026-09-23,3.88
DFF,2026-09-24,3.88
DFF,2026-09-25,3.88
DFF,2026-09-26,3.88
DFF,2026-09-27,3.88
DFF,2026-09-28,3.88
DFF,2026-09-29,3.88
DFF,2026-09-30,3.88
DFF,2026-10-01,3.88
ICSA,2014-01-04,322000.0
ICSA,2014-01-11,318000.0
ICSA,2014-01-18,327000.0
ICSA,2014-01-25,340000.0
ICSA,2014-02-01,331000.0
ICSA,2014-02-08,337000.0
ICSA,2014-02-15,332000.0
ICSA,2014-02-22,341000.0
ICSA,2014-03-01,319000.0
ICSA,2014-03-08,322000.0
ICSA,2014-03-15,321000.0
ICSA,2014-03-22,313000.0
ICSA,2014-03-29,330000.0
ICSA,2014-04-05,311000.0
ICSA,2014-04-12,308000.0
ICSA,2014-04-19,327000.0
ICSA,2014-04-26,345000.0
ICSA,2014-05-03,325000.0
ICSA,2014-05-10,303000.0
ICSA,2014-05-17,324000.0
ICSA,2014-05-24,305000.0
ICSA,2014-05-31,312000.0
ICSA,2014-06-07,317000.0
ICSA,2014-06-14,314000.0
ICSA,2014-06-21,315000.0
ICSA,2014-06-28,308000.0
ICSA,2014-07-05,302000.0
ICSA,2014-07-12,308000.0
ICSA,2014-07-19,294000.0
ICSA,2014-07-26,303000.0
ICSA,2014-08-02,295000.0
ICSA,2014-08-09,309000.0
ICSA,2014-08-16,303000.0
ICSA,2014-08-23,300000.0
ICSA,2014-08-30,303000.0
ICSA,2014-09-06,307000.0
ICSA,2014-09-13,288000.0
ICSA,2014-09-20,295000.0
ICSA,2014-09-27,290000.0
ICSA,2014-10-04,293000.0
ICSA,2014-10-11,281000.0
ICSA,2014-10-18,290000.0
ICSA,2014-10-25,291000.0
ICSA,2014-11-01,280000.0
ICSA,2014-11-08,291000.0
ICSA,2014-11-15,293000.0
ICSA,2014-11-22,303000.0
ICSA,2014-11-29,291000.0
ICSA,2014-12-06,291000.0
ICSA,2014-12-13,286000.0
ICSA,2014-12-20,276000.0
ICSA,2014-12-27,285000.0
ICSA,2015-01-03,294000.0
ICSA,2015-01-10,304000.0
ICSA,2015-01-17,298000.0
ICSA,2015-01-24,261000.0
ICSA,2015-01-31,281000.0
ICSA,2015-02-07,298000.0
ICSA,2015-02-14,285000.0
ICSA,2015-02-21,305000.0
ICSA,2015-02-28,317000.0
ICSA,2015-03-07,293000.0
ICSA,2015-03-14,290000.0
ICSA,2015-03-21,284000.0
ICSA,2015-03-28,269000.0
ICSA,2015-04-04,282000.0
ICSA,2015-04-11,298000.0
ICSA,2015-04-18,295000.0
ICSA,2015-04-25,269000.0
ICSA,2015-05-02,267000.0
ICSA,2015-05-09,271000.0
ICSA,2015-05-16,276000.0
ICSA,2015-05-23,281000.0
ICSA,2015-05-30,275000.0
ICSA,2015-06-06,278000.0
ICSA,2015-06-13,269000.0
ICSA,2015-06-20,273000.0
ICSA,2015-06-27,275000.0
ICSA,2015-07-04,292000.0
ICSA,2015-07-11,285000.0
ICSA,2015-07-18,265000.0
ICSA,2015-07-25,269000.0
ICSA,2015-08-01,270000.0
ICSA,2015-08-08,274000.0
ICSA,2015-08-15,279000.0
ICSA,2015-08-22,274000.0
ICSA,2015-08-29,279000.0
ICSA,2015-09-05,273000.0
ICSA,2015-09-12,264000.0
ICSA,2015-09-19,269000.0
ICSA,2015-09-26,272000.0
ICSA,2015-10-03,267000.0
ICSA,2015-10-10,265000.0
ICSA,2015-10-17,264000.0
ICSA,2015-10-24,264000.0
ICSA,2015-10-31,275000.0
ICSA,2015-11-07,276000.0
ICSA,2015-11-14,272000.0
ICSA,2015-11-21,261000.0
ICSA,2015-11-28,265000.0
ICSA,2015-12-05,280000.0
ICSA,2015-12-12,268000.0
ICSA,2015-12-19,260000.0
ICSA,2015-12-26,276000.0
ICSA,2016-01-02,273000.0
ICSA,2016-01-09,284000.0
ICSA,2016-01-16,290000.0
ICSA,2016-01-23,269000.0
ICSA,2016-01-30,282000.0
ICSA,2016-02-06,266000.0
ICSA,2016-02-13,262000.0
ICSA,2016-02-20,270000.0
ICSA,2016-02-27,269000.0
ICSA,2016-03-05,255000.0
ICSA,2016-03-12,263000.0
ICSA,2016-03-19,264000.0
ICSA,2016-03-26,271000.0
ICSA,2016-04-02,273000.0
ICSA,2016-04-09,263000.0
ICSA,2016-04-16,257000.0
ICSA,2016-04-23,259000.0
ICSA,2016-04-30,278000.0
ICSA,2016-05-07,289000.0
ICSA,2016-05-14,279000.0
ICSA,2016-05-21,267000.0
ICSA,2016-05-28,263000.0
ICSA,2016-06-04,265000.0
ICSA,2016-06-11,273000.0
ICSA,2016-06-18,261000.0
ICSA,2016-06-25,262000.0
ICSA,2016-07-02,255000.0
ICSA,2016-07-09,252000.0
ICSA,2016-07-16,260000.0
ICSA,2016-07-23,264000.0
ICSA,2016-07-30,266000.0
ICSA,2016-08-06,265000.0
ICSA,2016-08-13,264000.0
ICSA,2016-08-20,264000.0
ICSA,2016-08-27,261000.0
ICSA,2016-09-03,257000.0
ICSA,2016-09-10,252000.0
ICSA,2016-09-17,250000.0
ICSA,2016-09-24,247000.0
ICSA,2016-10-01,245000.0
ICSA,2016-10-08,250000.0
ICSA,2016-10-15,263000.0
ICSA,2016-10-22,256000.0
ICSA,2016-10-29,265000.0
ICSA,2016-11-05,250000.0
ICSA,2016-11-12,232000.0
ICSA,2016-11-19,246000.0
ICSA,2016-11-26,255000.0
ICSA,2016-12-03,248000.0
ICSA,2016-12-10,252000.0
ICSA,2016-12-17,260000.0
ICSA,2016-12-24,257000.0
ICSA,2016-12-31,244000.0
ICSA,2017-01-07,245000.0
ICSA,2017-01-14,240000.0
ICSA,2017-01-21,250000.0
ICSA,2017-01-28,241000.0
ICSA,2017-02-04,230000.0
ICSA,2017-02-11,233000.0
ICSA,2017-02-18,237000.0
ICSA,2017-02-25,221000.0
ICSA,2017-03-04,236000.0
ICSA,2017-03-11,228000.0
ICSA,2017-03-18,235000.0
ICSA,2017-03-25,236000.0
ICSA,2017-04-01,216000.0
ICSA,2017-04-08,222000.0
ICSA,2017-04-15,231000.0
ICSA,2017-04-22,238000.0
ICSA,2017-04-29,232000.0
ICSA,2017-05-06,233000.0
ICSA,2017-05-13,234000.0
ICSA,2017-05-20,236000.0
ICSA,2017-05-27,253000.0
ICSA,2017-06-03,251000.0
ICSA,2017-06-10,245000.0
ICSA,2017-06-17,249000.0
ICSA,2017-06-24,247000.0
ICSA,2017-07-01,256000.0
ICSA,2017-07-08,259000.0
ICSA,2017-07-15,245000.0
ICSA,2017-07-22,249000.0
ICSA,2017-07-29,245000.0
ICSA,2017-08-05,254000.0
ICSA,2017-08-12,245000.0
ICSA,2017-08-19,245000.0
ICSA,2017-08-26,247000.0
ICSA,2017-09-02,297000.0
ICSA,2017-09-09,280000.0
ICSA,2017-09-16,261000.0
ICSA,2017-09-23,264000.0
ICSA,2017-09-30,260000.0
ICSA,2017-10-07,252000.0
ICSA,2017-10-14,235000.0
ICSA,2017-10-21,241000.0
ICSA,2017-10-28,241000.0
ICSA,2017-11-04,248000.0
ICSA,2017-11-11,254000.0
ICSA,2017-11-18,246000.0
ICSA,2017-11-25,243000.0
ICSA,2017-12-02,241000.0
ICSA,2017-12-09,229000.0
ICSA,2017-12-16,244000.0
ICSA,2017-12-23,251000.0
ICSA,2017-12-30,248000.0
ICSA,2018-01-06,252000.0
ICSA,2018-01-13,230000.0
ICSA,2018-01-20,231000.0
ICSA,2018-01-27,228000.0
ICSA,2018-02-03,224000.0
ICSA,2018-02-10,225000.0
ICSA,2018-02-17,219000.0
ICSA,2018-02-24,216000.0
ICSA,2018-03-03,228000.0
ICSA,2018-03-10,223000.0
ICSA,2018-03-17,225000.0
ICSA,2018-03-24,221000.0
ICSA,2018-03-31,232000.0
ICSA,2018-04-07,234000.0
ICSA,2018-04-14,236000.0
ICSA,2018-04-21,207000.0
ICSA,2018-04-28,209000.0
ICSA,2018-05-05,211000.0
ICSA,2018-05-12,222000.0
ICSA,2018-05-19,230000.0
ICSA,2018-05-26,222000.0
ICSA,2018-06-02,223000.0
ICSA,2018-06-09,222000.0
ICSA,2018-06-16,218000.0
ICSA,2018-06-23,222000.0
ICSA,2018-06-30,228000.0
ICSA,2018-07-07,216000.0
ICSA,2018-07-14,205000.0
ICSA,2018-07-21,210000.0
ICSA,2018-07-28,207000.0
ICSA,2018-08-04,210000.0
ICSA,2018-08-11,206000.0
ICSA,2018-08-18,207000.0
ICSA,2018-08-25,211000.0
ICSA,2018-09-01,201000.0
ICSA,2018-09-08,204000.0
ICSA,2018-09-15,206000.0
ICSA,2018-09-22,205000.0
ICSA,2018-09-29,210000.0
ICSA,2018-10-06,211000.0
ICSA,2018-10-13,208000.0
ICSA,2018-10-20,217000.0
ICSA,2018-10-27,216000.0
ICSA,2018-11-03,218000.0
ICSA,2018-11-10,221000.0
ICSA,2018-11-17,225000.0
ICSA,2018-11-24,237000.0
ICSA,2018-12-01,232000.0
ICSA,2018-12-08,208000.0
ICSA,2018-12-15,217000.0
ICSA,2018-12-22,228000.0
ICSA,2018-12-29,238000.0
ICSA,2019-01-05,225000.0
ICSA,2019-01-12,218000.0
ICSA,2019-01-19,214000.0
ICSA,2019-01-26,234000.0
ICSA,2019-02-02,232000.0
ICSA,2019-02-09,226000.0
ICSA,2019-02-16,211000.0
ICSA,2019-02-23,221000.0
ICSA,2019-03-02,216000.0
ICSA,2019-03-09,218000.0
ICSA,2019-03-16,212000.0
ICSA,2019-03-23,210000.0
ICSA,2019-03-30,203000.0
ICSA,2019-04-06,196000.0
ICSA,2019-04-13,197000.0
ICSA,2019-04-20,222000.0
ICSA,2019-04-27,224000.0
ICSA,2019-05-04,225000.0
ICSA,2019-05-11,212000.0
ICSA,2019-05-18,215000.0
ICSA,2019-05-25,222000.0
ICSA,2019-06-01,223000.0
ICSA,2019-06-08,226000.0
ICSA,2019-06-15,217000.0
ICSA,2019-06-22,234000.0
ICSA,2019-06-29,226000.0
ICSA,2019-07-06,215000.0
ICSA,2019-07-13,211000.0
ICSA,2019-07-20,202000.0
ICSA,2019-07-27,206000.0
ICSA,2019-08-03,208000.0
ICSA,2019-08-10,212000.0
ICSA,2019-08-17,207000.0
ICSA,2019-08-24,213000.0
ICSA,2019-08-31,215000.0
ICSA,2019-09-07,207000.0
ICSA,2019-09-14,205000.0
ICSA,2019-09-21,211000.0
ICSA,2019-09-28,215000.0
ICSA,2019-10-05,209000.0
ICSA,2019-10-12,215000.0
ICSA,2019-10-19,210000.0
ICSA,2019-10-26,215000.0
ICSA,2019-11-02,214000.0
ICSA,2019-11-09,227000.0
ICSA,2019-11-16,229000.0
ICSA,2019-11-23,221000.0
ICSA,2019-11-30,231000.0
ICSA,2019-12-07,247000.0
ICSA,2019-12-14,236000.0
ICSA,2019-12-21,230000.0
ICSA,2019-12-28,231000.0
ICSA,2020-01-04,224000.0
ICSA,2020-01-11,207000.0
ICSA,2020-01-18,221000.0
ICSA,2020-01-25,210000.0
ICSA,2020-02-01,207000.0
ICSA,2020-02-08,202000.0
ICSA,2020-02-15,209000.0
ICSA,2020-02-22,218000.0
ICSA,2020-02-29,215000.0
ICSA,2020-03-07,208000.0
ICSA,2020-03-14,273000.0
ICSA,2020-03-21,2914000.0
ICSA,2020-03-28,5946000.0
ICSA,2020-04-04,6137000.0
ICSA,2020-04-11,4869000.0
ICSA,2020-04-18,4201000.0
ICSA,2020-04-25,3446000.0
ICSA,2020-05-02,2796000.0
ICSA,2020-05-09,2335000.0
ICSA,2020-05-16,2176000.0
ICSA,2020-05-23,1921000.0
ICSA,2020-05-30,1639000.0
ICSA,2020-06-06,1575000.0
ICSA,2020-06-13,1473000.0
ICSA,2020-06-20,1467000.0
ICSA,2020-06-27,1446000.0
ICSA,2020-07-04,1413000.0
ICSA,2020-07-11,1468000.0
ICSA,2020-07-18,1393000.0
ICSA,2020-07-25,1260000.0
ICSA,2020-08-01,1044000.0
ICSA,2020-08-08,884000.0
ICSA,2020-08-15,927000.0
ICSA,2020-08-22,876000.0
ICSA,2020-08-29,881000.0
ICSA,2020-09-05,892000.0
ICSA,2020-09-12,861000.0
ICSA,2020-09-19,859000.0
ICSA,2020-09-26,795000.0
ICSA,2020-10-03,785000.0
ICSA,2020-10-10,839000.0
ICSA,2020-10-17,804000.0
ICSA,2020-10-24,776000.0
ICSA,2020-10-31,773000.0
ICSA,2020-11-07,737000.0
ICSA,2020-11-14,738000.0
ICSA,2020-11-21,793000.0
ICSA,2020-11-28,737000.0
ICSA,2020-12-05,873000.0
ICSA,2020-12-12,886000.0
ICSA,2020-12-19,815000.0
ICSA,2020-12-26,773000.0
ICSA,2021-01-02,803000.0
ICSA,2021-01-09,890000.0
ICSA,2021-01-16,844000.0
ICSA,2021-01-23,799000.0
ICSA,2021-01-30,803000.0
ICSA,2021-02-06,812000.0
ICSA,2021-02-13,802000.0
ICSA,2021-02-20,702000.0
ICSA,2021-02-27,704000.0
ICSA,2021-03-06,693000.0
ICSA,2021-03-13,699000.0
ICSA,2021-03-20,627000.0
ICSA,2021-03-27,658000.0
ICSA,2021-04-03,645000.0
ICSA,2021-04-10,571000.0
ICSA,2021-04-17,566000.0
ICSA,2021-04-24,574000.0
ICSA,2021-05-01,517000.0
ICSA,2021-05-08,494000.0
ICSA,2021-05-15,467000.0
ICSA,2021-05-22,441000.0
ICSA,2021-05-29,427000.0
ICSA,2021-06-05,420000.0
ICSA,2021-06-12,428000.0
ICSA,2021-06-19,422000.0
ICSA,2021-06-26,368000.0
ICSA,2021-07-03,371000.0
ICSA,2021-07-10,333000.0
ICSA,2021-07-17,387000.0
ICSA,2021-07-24,380000.0
ICSA,2021-07-31,379000.0
ICSA,2021-08-07,361000.0
ICSA,2021-08-14,367000.0
ICSA,2021-08-21,358000.0
ICSA,2021-08-28,353000.0
ICSA,2021-09-04,335000.0
ICSA,2021-09-11,342000.0
ICSA,2021-09-18,367000.0
ICSA,2021-09-25,375000.0
ICSA,2021-10-02,312000.0
ICSA,2021-10-09,291000.0
ICSA,2021-10-16,289000.0
ICSA,2021-10-23,269000.0
ICSA,2021-10-30,261000.0
ICSA,2021-11-06,251000.0
ICSA,2021-11-13,250000.0
ICSA,2021-11-20,224000.0
ICSA,2021-11-27,221000.0
ICSA,2021-12-04,206000.0
ICSA,2021-12-11,227000.0
ICSA,2021-12-18,215000.0
ICSA,2021-12-25,217000.0
ICSA,2022-01-01,229000.0
ICSA,2022-01-08,250000.0
ICSA,2022-01-15,246000.0
ICSA,2022-01-22,240000.0
ICSA,2022-01-29,231000.0
ICSA,2022-02-05,210000.0
ICSA,2022-02-12,234000.0
ICSA,2022-02-19,224000.0
ICSA,2022-02-26,208000.0
ICSA,2022-03-05,222000.0
ICSA,2022-03-12,217000.0
ICSA,2022-03-19,207000.0
ICSA,2022-03-26,214000.0
ICSA,2022-04-02,214000.0
ICSA,2022-04-09,214000.0
ICSA,2022-04-16,210000.0
ICSA,2022-04-23,209000.0
ICSA,2022-04-30,218000.0
ICSA,2022-05-07,204000.0
ICSA,2022-05-14,225000.0
ICSA,2022-05-21,211000.0
ICSA,2022-05-28,199000.0
ICSA,2022-06-04,213000.0
ICSA,2022-06-11,211000.0
ICSA,2022-06-18,214000.0
ICSA,2022-06-25,212000.0
ICSA,2022-07-02,214000.0
ICSA,2022-07-09,212000.0
ICSA,2022-07-16,216000.0
ICSA,2022-07-23,221000.0
ICSA,2022-07-30,228000.0
ICSA,2022-08-06,221000.0
ICSA,2022-08-13,220000.0
ICSA,2022-08-20,215000.0
ICSA,2022-08-27,210000.0
ICSA,2022-09-03,203000.0
ICSA,2022-09-10,195000.0
ICSA,2022-09-17,202000.0
ICSA,2022-09-24,190000.0
ICSA,2022-10-01,203000.0
ICSA,2022-10-08,207000.0
ICSA,2022-10-15,199000.0
ICSA,2022-10-22,202000.0
ICSA,2022-10-29,202000.0
ICSA,2022-11-05,204000.0
ICSA,2022-11-12,210000.0
ICSA,2022-11-19,220000.0
ICSA,2022-11-26,209000.0
ICSA,2022-12-03,209000.0
ICSA,2022-12-10,209000.0
ICSA,2022-12-17,213000.0
ICSA,2022-12-24,205000.0
ICSA,2022-12-31,205000.0
ICSA,2023-01-07,210000.0
ICSA,2023-01-14,204000.0
ICSA,2023-01-21,204000.0
ICSA,2023-01-28,200000.0
ICSA,2023-02-04,215000.0
ICSA,2023-02-11,220000.0
ICSA,2023-02-18,217000.0
ICSA,2023-02-25,207000.0
ICSA,2023-03-04,230000.0
ICSA,2023-03-11,222000.0
ICSA,2023-03-18,230000.0
ICSA,2023-03-25,234000.0
ICSA,2023-04-01,217000.0
ICSA,2023-04-08,220000.0
ICSA,2023-04-15,223000.0
ICSA,2023-04-22,209000.0
ICSA,2023-04-29,213000.0
ICSA,2023-05-06,223000.0
ICSA,2023-05-13,225000.0
ICSA,2023-05-20,227000.0
ICSA,2023-05-27,229000.0
ICSA,2023-06-03,252000.0
ICSA,2023-06-10,256000.0
ICSA,2023-06-17,259000.0
ICSA,2023-06-24,236000.0
ICSA,2023-07-01,248000.0
ICSA,2023-07-08,230000.0
ICSA,2023-07-15,229000.0
ICSA,2023-07-22,231000.0
ICSA,2023-07-29,238000.0
ICSA,2023-08-05,258000.0
ICSA,2023-08-12,248000.0
ICSA,2023-08-19,240000.0
ICSA,2023-08-26,234000.0
ICSA,2023-09-02,225000.0
ICSA,2023-09-09,225000.0
ICSA,2023-09-16,211000.0
ICSA,2023-09-23,216000.0
ICSA,2023-09-30,216000.0
ICSA,2023-10-07,210000.0
ICSA,2023-10-14,200000.0
ICSA,2023-10-21,214000.0
ICSA,2023-10-28,217000.0
ICSA,2023-11-04,216000.0
ICSA,2023-11-11,230000.0
ICSA,2023-11-18,213000.0
ICSA,2023-11-25,213000.0
ICSA,2023-12-02,215000.0
ICSA,2023-12-09,203000.0
ICSA,2023-12-16,209000.0
ICSA,2023-12-23,212000.0
ICSA,2023-12-30,200000.0
ICSA,2024-01-06,201000.0
ICSA,2024-01-13,195000.0
ICSA,2024-01-20,224000.0
ICSA,2024-01-27,226000.0
ICSA,2024-02-03,213000.0
ICSA,2024-02-10,213000.0
ICSA,2024-02-17,202000.0
ICSA,2024-02-24,212000.0
ICSA,2024-03-02,213000.0
ICSA,2024-03-09,213000.0
ICSA,2024-03-16,213000.0
ICSA,2024-03-23,214000.0
ICSA,2024-03-30,223000.0
ICSA,2024-04-06,213000.0
ICSA,2024-04-13,212000.0
ICSA,2024-04-20,209000.0
ICSA,2024-04-27,207000.0
ICSA,2024-05-04,230000.0
ICSA,2024-05-11,222000.0
ICSA,2024-05-18,216000.0
ICSA,2024-05-25,220000.0
ICSA,2024-06-01,227000.0
ICSA,2024-06-08,240000.0
ICSA,2024-06-15,236000.0
ICSA,2024-06-22,233000.0
ICSA,2024-06-29,238000.0
ICSA,2024-07-06,223000.0
ICSA,2024-07-13,241000.0
ICSA,2024-07-20,237000.0
ICSA,2024-07-27,248000.0
ICSA,2024-08-03,234000.0
ICSA,2024-08-10,228000.0
ICSA,2024-08-17,232000.0
ICSA,2024-08-24,232000.0
ICSA,2024-08-31,227000.0
ICSA,2024-09-07,227000.0
ICSA,2024-09-14,223000.0
ICSA,2024-09-21,221000.0
ICSA,2024-09-28,227000.0
ICSA,2024-10-05,258000.0
ICSA,2024-10-12,241000.0
ICSA,2024-10-19,227000.0
ICSA,2024-10-26,219000.0
ICSA,2024-11-02,221000.0
ICSA,2024-11-09,218000.0
ICSA,2024-11-16,216000.0
ICSA,2024-11-23,219000.0
ICSA,2024-11-30,222000.0
ICSA,2024-12-07,238000.0
ICSA,2024-12-14,222000.0
ICSA,2024-12-21,219000.0
ICSA,2024-12-28,212000.0
ICSA,2025-01-04,206000.0
ICSA,2025-01-11,219000.0
ICSA,2025-01-18,223000.0
ICSA,2025-01-25,212000.0
ICSA,2025-02-01,220000.0
ICSA,2025-02-08,216000.0
ICSA,2025-02-15,223000.0
ICSA,2025-02-22,241000.0
ICSA,2025-03-01,224000.0
ICSA,2025-03-08,222000.0
ICSA,2025-03-15,225000.0
ICSA,2025-03-22,224000.0
ICSA,2025-03-29,220000.0
ICSA,2025-04-05,223000.0
ICSA,2025-04-12,217000.0
ICSA,2025-04-19,224000.0
ICSA,2025-04-26,239000.0
ICSA,2025-05-03,228000.0
ICSA,2025-05-10,226000.0
ICSA,2025-05-17,225000.0
ICSA,2025-05-24,236000.0
ICSA,2025-05-31,244000.0
ICSA,2025-06-07,246000.0
ICSA,2025-06-14,243000.0
ICSA,2025-06-21,236000.0
ICSA,2025-06-28,231000.0
ICSA,2025-07-05,228000.0
ICSA,2025-07-12,221000.0
ICSA,2025-07-19,218000.0
ICSA,2025-07-26,219000.0
ICSA,2025-08-02,226000.0
ICSA,2025-08-09,224000.0
ICSA,2025-08-16,233000.0
ICSA,2025-08-23,229000.0
ICSA,2025-08-30,236000.0
ICSA,2025-09-06,259000.0
ICSA,2025-09-13,233000.0
ICSA,2025-09-20,219000.0
ICSA,2025-09-27,225000.0
ICSA,2025-10-04,233000.0
ICSA,2025-10-11,222000.0
ICSA,2025-10-18,231000.0
ICSA,2025-10-25,221000.0
ICSA,2025-11-01,228000.0
ICSA,2025-11-08,228000.0
ICSA,2025-11-15,222000.0
ICSA,2025-11-22,218000.0
ICSA,2025-11-29,216000.0
ICSA,2025-12-06,235000.0
ICSA,2025-12-13,224000.0
ICSA,2025-12-20,215000.0
ICSA,2025-12-27,203000.0
ICSA,2026-01-03,207000.0
ICSA,2026-01-10,201000.0
ICSA,2026-01-17,210000.0
ICSA,2026-01-24,211000.0
ICSA,2026-01-31,230000.0
ICSA,2026-02-07,230000.0
ICSA,2026-02-14,208000.0
ICSA,2026-02-21,211000.0
ICSA,2026-02-28,214000.0
ICSA,2026-03-07,213000.0
ICSA,2026-03-14,205000.0
ICSA,2026-03-21,211000.0
ICSA,2026-03-28,203000.0
ICSA,2026-04-04,218000.0
ICSA,2026-04-11,208000.0
ICSA,2026-04-18,215000.0
ICSA,2026-04-25,190000.0
ICSA,2026-05-02,199000.0
ICSA,2026-05-09,212000.0
ICSA,2026-05-16,210000.0
ICSA,2026-05-23,212000.0
ICSA,2026-05-30,225000.0
ICSA,2026-06-06,230000.0
ICSA,2026-06-13,227000.0
ICSA,2026-06-20,216000.0
ICSA,2026-06-27,217000.0
ICSA,2026-07-04,217000.0
ICSA,2026-07-11,209000.0
ICSA,2026-07-18,189000.0
ICSA,2026-07-25,198000.0
ICSA,2026-08-01,200000.0
ICSA,2026-08-08,212000.0
ICSA,2026-08-15,207000.0
ICSA,2026-08-22,204000.0
ICSA,2026-08-29,207000.0
ICSA,2026-09-05,207000.0
ICSA,2026-09-12,198000.0
ICSA,2026-09-19,198000.0
ICSA,2026-09-26,197000.0
INDPRO,2014-01-01,100.1599
INDPRO,2014-02-01,100.9168
INDPRO,2014-03-01,101.8942
INDPRO,2014-04-01,101.9928
INDPRO,2014-05-01,102.3836
INDPRO,2014-06-01,102.735
INDPRO,2014-07-01,102.9632
INDPRO,2014-08-01,102.7688
INDPRO,2014-09-01,103.0641
INDPRO,2014-10-01,103.0764
INDPRO,2014-11-01,103.7126
INDPRO,2014-12-01,103.7044
INDPRO,2015-01-01,102.8905
INDPRO,2015-02-01,102.2335
INDPRO,2015-03-01,101.8914
INDPRO,2015-04-01,101.3355
INDPRO,2015-05-01,100.8883
INDPRO,2015-06-01,100.571
INDPRO,2015-07-01,101.2228
INDPRO,2015-08-01,101.0367
INDPRO,2015-09-01,100.7547
INDPRO,2015-10-01,100.2675
INDPRO,2015-11-01,99.5298
INDPRO,2015-12-01,99.0417
INDPRO,2016-01-01,99.5607
INDPRO,2016-02-01,99.0445
INDPRO,2016-03-01,98.3096
INDPRO,2016-04-01,98.6421
INDPRO,2016-05-01,98.4184
INDPRO,2016-06-01,98.8833
INDPRO,2016-07-01,98.9992
INDPRO,2016-08-01,98.85
INDPRO,2016-09-01,98.7457
INDPRO,2016-10-01,98.7611
INDPRO,2016-11-01,98.3491
INDPRO,2016-12-01,99.0214
INDPRO,2017-01-01,98.7611
INDPRO,2017-02-01,98.3646
INDPRO,2017-03-01,99.0137
INDPRO,2017-04-01,100.0224
INDPRO,2017-05-01,100.1408
INDPRO,2017-06-01,100.3471
INDPRO,2017-07-01,100.1068
INDPRO,2017-08-01,99.6925
INDPRO,2017-09-01,99.7954
INDPRO,2017-10-01,101.0247
INDPRO,2017-11-01,101.2664
INDPRO,2017-12-01,101.4644
INDPRO,2018-01-01,101.4625
INDPRO,2018-02-01,101.7085
INDPRO,2018-03-01,102.2067
INDPRO,2018-04-01,103.3329
INDPRO,2018-05-01,102.4024
INDPRO,2018-06-01,103.198
INDPRO,2018-07-01,103.3646
INDPRO,2018-08-01,104.0327
INDPRO,2018-09-01,104.1004
INDPRO,2018-10-01,103.9856
INDPRO,2018-11-01,104.0681
INDPRO,2018-12-01,104.0936
INDPRO,2019-01-01,103.4021
INDPRO,2019-02-01,102.8371
INDPRO,2019-03-01,102.8757
INDPRO,2019-04-01,102.274
INDPRO,2019-05-01,102.392
INDPRO,2019-06-01,102.4375
INDPRO,2019-07-01,101.9408
INDPRO,2019-08-01,102.639
INDPRO,2019-09-01,102.2917
INDPRO,2019-10-01,101.4281
INDPRO,2019-11-01,101.9372
INDPRO,2019-12-01,101.7003
INDPRO,2020-01-01,101.0338
INDPRO,2020-02-01,101.3735
INDPRO,2020-03-01,97.4078
INDPRO,2020-04-01,84.5619
INDPRO,2020-05-01,85.9604
INDPRO,2020-06-01,91.5934
INDPRO,2020-07-01,95.0256
INDPRO,2020-08-01,95.9549
INDPRO,2020-09-01,95.9669
INDPRO,2020-10-01,96.7394
INDPRO,2020-11-01,97.0816
INDPRO,2020-12-01,98.363
INDPRO,2021-01-01,98.8822
INDPRO,2021-02-01,95.6149
INDPRO,2021-03-01,98.3856
INDPRO,2021-04-01,98.5587
INDPRO,2021-05-01,99.4333
INDPRO,2021-06-01,99.7987
INDPRO,2021-07-01,100.2519
INDPRO,2021-08-01,100.0437
INDPRO,2021-09-01,98.8579
INDPRO,2021-10-01,100.1861
INDPRO,2021-11-01,100.8654
INDPRO,2021-12-01,100.5726
INDPRO,2022-01-01,100.1856
INDPRO,2022-02-01,100.8064
INDPRO,2022-03-01,101.3907
INDPRO,2022-04-01,101.44
INDPRO,2022-05-01,101.3335
INDPRO,2022-06-01,101.018
INDPRO,2022-07-01,101.223
INDPRO,2022-08-01,101.0963
INDPRO,2022-09-01,101.2918
INDPRO,2022-10-01,101.2529
INDPRO,2022-11-01,100.9552
INDPRO,2022-12-01,99.7664
INDPRO,2023-01-01,100.505
INDPRO,2023-02-01,100.6416
INDPRO,2023-03-01,101.0205
INDPRO,2023-04-01,101.253
INDPRO,2023-05-01,100.9286
INDPRO,2023-06-01,100.1196
INDPRO,2023-07-01,100.9067
INDPRO,2023-08-01,100.8393
INDPRO,2023-09-01,101.0211
INDPRO,2023-10-01,100.4689
INDPRO,2023-11-01,100.8639
INDPRO,2023-12-01,100.6031
INDPRO,2024-01-01,99.2223
INDPRO,2024-02-01,100.285
INDPRO,2024-03-01,100.4575
INDPRO,2024-04-01,100.2434
INDPRO,2024-05-01,100.863
INDPRO,2024-06-01,100.894
INDPRO,2024-07-01,99.9757
INDPRO,2024-08-01,100.4309
INDPRO,2024-09-01,99.8084
INDPRO,2024-10-01,99.4695
INDPRO,2024-11-01,99.2925
INDPRO,2024-12-01,100.3273
INDPRO,2025-01-01,100.0647
INDPRO,2025-02-01,101.0993
INDPRO,2025-03-01,101.0404
INDPRO,2025-04-01,101.1279
INDPRO,2025-05-01,100.9655
INDPRO,2025-06-01,101.4785
INDPRO,2025-07-01,101.894
INDPRO,2025-08-01,101.6247
INDPRO,2025-09-01,101.668
INDPRO,2025-10-01,101.2195
INDPRO,2025-11-01,101.0344
INDPRO,2025-12-01,101.4941
INDPRO,2026-01-01,101.0388
INDPRO,2026-02-01,101.9053
INDPRO,2026-03-01,101.7336
INDPRO,2026-04-01,102.5783
INDPRO,2026-05-01,102.6396
INDPRO,2026-06-01,102.842
INDPRO,2026-07-01,103.0454
INDPRO,2026-08-01,103.0682
IPG3344S,2014-01-01,74.522
IPG3344S,2014-02-01,76.7132
IPG3344S,2014-03-01,78.497
IPG3344S,2014-04-01,80.0616
IPG3344S,2014-05-01,81.8774
IPG3344S,2014-06-01,82.4052
IPG3344S,2014-07-01,82.7456
IPG3344S,2014-08-01,82.6163
IPG3344S,2014-09-01,82.6105
IPG3344S,2014-10-01,82.3956
IPG3344S,2014-11-01,81.9877
IPG3344S,2014-12-01,82.1515
IPG3344S,2015-01-01,82.1504
IPG3344S,2015-02-01,81.8215
IPG3344S,2015-03-01,81.026
IPG3344S,2015-04-01,80.5543
IPG3344S,2015-05-01,79.9374
IPG3344S,2015-06-01,80.4261
IPG3344S,2015-07-01,79.8745
IPG3344S,2015-08-01,80.2585
IPG3344S,2015-09-01,80.721
IPG3344S,2015-10-01,81.048
IPG3344S,2015-11-01,81.2548
IPG3344S,2015-12-01,82.4698
IPG3344S,2016-01-01,81.6281
IPG3344S,2016-02-01,82.5464
IPG3344S,2016-03-01,82.9313
IPG3344S,2016-04-01,83.7862
IPG3344S,2016-05-01,84.7635
IPG3344S,2016-06-01,86.0963
IPG3344S,2016-07-01,88.2021
IPG3344S,2016-08-01,89.4199
IPG3344S,2016-09-01,91.3266
IPG3344S,2016-10-01,92.678
IPG3344S,2016-11-01,93.5939
IPG3344S,2016-12-01,94.1908
IPG3344S,2017-01-01,95.0183
IPG3344S,2017-02-01,96.0273
IPG3344S,2017-03-01,97.5229
IPG3344S,2017-04-01,101.0176
IPG3344S,2017-05-01,101.0408
IPG3344S,2017-06-01,100.548
IPG3344S,2017-07-01,99.5657
IPG3344S,2017-08-01,99.3714
IPG3344S,2017-09-01,100.0478
IPG3344S,2017-10-01,101.3948
IPG3344S,2017-11-01,103.144
IPG3344S,2017-12-01,105.3014
IPG3344S,2018-01-01,106.5123
IPG3344S,2018-02-01,106.2109
IPG3344S,2018-03-01,105.5107
IPG3344S,2018-04-01,106.0022
IPG3344S,2018-05-01,106.3259
IPG3344S,2018-06-01,107.3727
IPG3344S,2018-07-01,107.5357
IPG3344S,2018-08-01,107.8675
IPG3344S,2018-09-01,106.6054
IPG3344S,2018-10-01,105.2557
IPG3344S,2018-11-01,103.0036
IPG3344S,2018-12-01,102.4992
IPG3344S,2019-01-01,103.7506
IPG3344S,2019-02-01,104.7604
IPG3344S,2019-03-01,105.3679
IPG3344S,2019-04-01,105.8286
IPG3344S,2019-05-01,105.8115
IPG3344S,2019-06-01,106.7633
IPG3344S,2019-07-01,107.5196
IPG3344S,2019-08-01,109.1758
IPG3344S,2019-09-01,108.7369
IPG3344S,2019-10-01,108.9746
IPG3344S,2019-11-01,110.9638
IPG3344S,2019-12-01,112.6269
IPG3344S,2020-01-01,110.9344
IPG3344S,2020-02-01,108.6923
IPG3344S,2020-03-01,109.4757
IPG3344S,2020-04-01,107.5225
IPG3344S,2020-05-01,107.1574
IPG3344S,2020-06-01,109.2417
IPG3344S,2020-07-01,111.7799
IPG3344S,2020-08-01,112.4082
IPG3344S,2020-09-01,115.8024
IPG3344S,2020-10-01,119.86
IPG3344S,2020-11-01,121.1263
IPG3344S,2020-12-01,121.0366
IPG3344S,2021-01-01,120.3158
IPG3344S,2021-02-01,119.1051
IPG3344S,2021-03-01,119.6459
IPG3344S,2021-04-01,121.9916
IPG3344S,2021-05-01,123.9862
IPG3344S,2021-06-01,121.2857
IPG3344S,2021-07-01,117.7423
IPG3344S,2021-08-01,117.8182
IPG3344S,2021-09-01,118.1095
IPG3344S,2021-10-01,119.9345
IPG3344S,2021-11-01,122.4168
IPG3344S,2021-12-01,124.7074
IPG3344S,2022-01-01,125.773
IPG3344S,2022-02-01,128.9521
IPG3344S,2022-03-01,129.5542
IPG3344S,2022-04-01,127.9384
IPG3344S,2022-05-01,128.77
IPG3344S,2022-06-01,131.2495
IPG3344S,2022-07-01,131.7061
IPG3344S,2022-08-01,132.8333
IPG3344S,2022-09-01,134.0567
IPG3344S,2022-10-01,132.9257
IPG3344S,2022-11-01,133.4489
IPG3344S,2022-12-01,130.8489
IPG3344S,2023-01-01,130.0403
IPG3344S,2023-02-01,133.54
IPG3344S,2023-03-01,133.5331
IPG3344S,2023-04-01,135.8398
IPG3344S,2023-05-01,136.0676
IPG3344S,2023-06-01,135.4366
IPG3344S,2023-07-01,136.6894
IPG3344S,2023-08-01,135.6233
IPG3344S,2023-09-01,134.4233
IPG3344S,2023-10-01,136.4045
IPG3344S,2023-11-01,137.8263
IPG3344S,2023-12-01,138.9374
IPG3344S,2024-01-01,139.4212
IPG3344S,2024-02-01,138.2248
IPG3344S,2024-03-01,138.3547
IPG3344S,2024-04-01,143.8737
IPG3344S,2024-05-01,144.2792
IPG3344S,2024-06-01,143.4192
IPG3344S,2024-07-01,143.4068
IPG3344S,2024-08-01,148.7946
IPG3344S,2024-09-01,146.4195
IPG3344S,2024-10-01,148.7125
IPG3344S,2024-11-01,148.1992
IPG3344S,2024-12-01,150.2275
IPG3344S,2025-01-01,158.0732
IPG3344S,2025-02-01,159.6876
IPG3344S,2025-03-01,159.2281
IPG3344S,2025-04-01,162.2271
IPG3344S,2025-05-01,164.3526
IPG3344S,2025-06-01,163.1741
IPG3344S,2025-07-01,171.5555
IPG3344S,2025-08-01,169.197
IPG3344S,2025-09-01,165.667
IPG3344S,2025-10-01,169.1163
IPG3344S,2025-11-01,169.7424
IPG3344S,2025-12-01,170.5402
IPG3344S,2026-01-01,176.7104
IPG3344S,2026-02-01,176.1804
IPG3344S,2026-03-01,173.6932
IPG3344S,2026-04-01,176.6948
IPG3344S,2026-05-01,184.1891
IPG3344S,2026-06-01,187.5187
IPG3344S,2026-07-01,190.2607
IPG3344S,2026-08-01,190.0987
PAYEMS,2014-01-01,137561.0
PAYEMS,2014-02-01,137712.0
PAYEMS,2014-03-01,137985.0
PAYEMS,2014-04-01,138298.0
PAYEMS,2014-05-01,138513.0
PAYEMS,2014-06-01,138849.0
PAYEMS,2014-07-01,139072.0
PAYEMS,2014-08-01,139269.0
PAYEMS,2014-09-01,139563.0
PAYEMS,2014-10-01,139798.0
PAYEMS,2014-11-01,140089.0
PAYEMS,2014-12-01,140364.0
PAYEMS,2015-01-01,140568.0
PAYEMS,2015-02-01,140827.0
PAYEMS,2015-03-01,140923.0
PAYEMS,2015-04-01,141196.0
PAYEMS,2015-05-01,141538.0
PAYEMS,2015-06-01,141709.0
PAYEMS,2015-07-01,141991.0
PAYEMS,2015-08-01,142125.0
PAYEMS,2015-09-01,142275.0
PAYEMS,2015-10-01,142579.0
PAYEMS,2015-11-01,142808.0
PAYEMS,2015-12-01,143077.0
PAYEMS,2016-01-01,143210.0
PAYEMS,2016-02-01,143406.0
PAYEMS,2016-03-01,143662.0
PAYEMS,2016-04-01,143854.0
PAYEMS,2016-05-01,143900.0
PAYEMS,2016-06-01,144147.0
PAYEMS,2016-07-01,144520.0
PAYEMS,2016-08-01,144661.0
PAYEMS,2016-09-01,144967.0
PAYEMS,2016-10-01,145065.0
PAYEMS,2016-11-01,145183.0
PAYEMS,2016-12-01,145408.0
PAYEMS,2017-01-01,145628.0
PAYEMS,2017-02-01,145846.0
PAYEMS,2017-03-01,145970.0
PAYEMS,2017-04-01,146175.0
PAYEMS,2017-05-01,146380.0
PAYEMS,2017-06-01,146583.0
PAYEMS,2017-07-01,146772.0
PAYEMS,2017-08-01,146919.0
PAYEMS,2017-09-01,147008.0
PAYEMS,2017-10-01,147149.0
PAYEMS,2017-11-01,147372.0
PAYEMS,2017-12-01,147523.0
PAYEMS,2018-01-01,147660.0
PAYEMS,2018-02-01,148054.0
PAYEMS,2018-03-01,148280.0
PAYEMS,2018-04-01,148420.0
PAYEMS,2018-05-01,148742.0
PAYEMS,2018-06-01,148960.0
PAYEMS,2018-07-01,149020.0
PAYEMS,2018-08-01,149277.0
PAYEMS,2018-09-01,149358.0
PAYEMS,2018-10-01,149527.0
PAYEMS,2018-11-01,149617.0
PAYEMS,2018-12-01,149809.0
PAYEMS,2019-01-01,150060.0
PAYEMS,2019-02-01,150067.0
PAYEMS,2019-03-01,150295.0
PAYEMS,2019-04-01,150591.0
PAYEMS,2019-05-01,150618.0
PAYEMS,2019-06-01,150838.0
PAYEMS,2019-07-01,150937.0
PAYEMS,2019-08-01,151169.0
PAYEMS,2019-09-01,151365.0
PAYEMS,2019-10-01,151460.0
PAYEMS,2019-11-01,151667.0
PAYEMS,2019-12-01,151794.0
PAYEMS,2020-01-01,152031.0
PAYEMS,2020-02-01,152293.0
PAYEMS,2020-03-01,150895.0
PAYEMS,2020-04-01,130426.0
PAYEMS,2020-05-01,133040.0
PAYEMS,2020-06-01,137671.0
PAYEMS,2020-07-01,139255.0
PAYEMS,2020-08-01,140821.0
PAYEMS,2020-09-01,141770.0
PAYEMS,2020-10-01,142460.0
PAYEMS,2020-11-01,142733.0
PAYEMS,2020-12-01,142548.0
PAYEMS,2021-01-01,142863.0
PAYEMS,2021-02-01,143380.0
PAYEMS,2021-03-01,144232.0
PAYEMS,2021-04-01,144587.0
PAYEMS,2021-05-01,145065.0
PAYEMS,2021-06-01,145820.0
PAYEMS,2021-07-01,146762.0
PAYEMS,2021-08-01,147314.0
PAYEMS,2021-09-01,147771.0
PAYEMS,2021-10-01,148572.0
PAYEMS,2021-11-01,149230.0
PAYEMS,2021-12-01,149816.0
PAYEMS,2022-01-01,150006.0
PAYEMS,2022-02-01,150825.0
PAYEMS,2022-03-01,151315.0
PAYEMS,2022-04-01,151623.0
PAYEMS,2022-05-01,151924.0
PAYEMS,2022-06-01,152358.0
PAYEMS,2022-07-01,153072.0
PAYEMS,2022-08-01,153362.0
PAYEMS,2022-09-01,153582.0
PAYEMS,2022-10-01,153939.0
PAYEMS,2022-11-01,154242.0
PAYEMS,2022-12-01,154342.0
PAYEMS,2023-01-01,154776.0
PAYEMS,2023-02-01,155066.0
PAYEMS,2023-03-01,155134.0
PAYEMS,2023-04-01,155375.0
PAYEMS,2023-05-01,155655.0
PAYEMS,2023-06-01,155880.0
PAYEMS,2023-07-01,156043.0
PAYEMS,2023-08-01,156261.0
PAYEMS,2023-09-01,156417.0
PAYEMS,2023-10-01,156576.0
PAYEMS,2023-11-01,156703.0
PAYEMS,2023-12-01,156857.0
PAYEMS,2024-01-01,157032.0
PAYEMS,2024-02-01,157238.0
PAYEMS,2024-03-01,157466.0
PAYEMS,2024-04-01,157530.0
PAYEMS,2024-05-01,157608.0
PAYEMS,2024-06-01,157695.0
PAYEMS,2024-07-01,157748.0
PAYEMS,2024-08-01,157757.0
PAYEMS,2024-09-01,157912.0
PAYEMS,2024-10-01,157945.0
PAYEMS,2024-11-01,158079.0
PAYEMS,2024-12-01,158316.0
PAYEMS,2025-01-01,158268.0
PAYEMS,2025-02-01,158310.0
PAYEMS,2025-03-01,158377.0
PAYEMS,2025-04-01,158485.0
PAYEMS,2025-05-01,158498.0
PAYEMS,2025-06-01,158478.0
PAYEMS,2025-07-01,158542.0
PAYEMS,2025-08-01,158472.0
PAYEMS,2025-09-01,158548.0
PAYEMS,2025-10-01,158408.0
PAYEMS,2025-11-01,158449.0
PAYEMS,2025-12-01,158432.0
PAYEMS,2026-01-01,158592.0
PAYEMS,2026-02-01,158436.0
PAYEMS,2026-03-01,158650.0
PAYEMS,2026-04-01,158798.0
PAYEMS,2026-05-01,158861.0
PAYEMS,2026-06-01,158892.0
PAYEMS,2026-07-01,158882.0
PAYEMS,2026-08-01,159015.0
PAYEMS,2026-09-01,159044.0
PCEPILFE,2014-01-01,95.064
PCEPILFE,2014-02-01,95.109
PCEPILFE,2014-03-01,95.25
PCEPILFE,2014-04-01,95.413
PCEPILFE,2014-05-01,95.574
PCEPILFE,2014-06-01,95.682
PCEPILFE,2014-07-01,95.848
PCEPILFE,2014-08-01,95.885
PCEPILFE,2014-09-01,96.013
PCEPILFE,2014-10-01,96.096
PCEPILFE,2014-11-01,96.181
PCEPILFE,2014-12-01,96.249
PCEPILFE,2015-01-01,96.214
PCEPILFE,2015-02-01,96.324
PCEPILFE,2015-03-01,96.47
PCEPILFE,2015-04-01,96.648
PCEPILFE,2015-05-01,96.766
PCEPILFE,2015-06-01,96.882
PCEPILFE,2015-07-01,96.978
PCEPILFE,2015-08-01,97.056
PCEPILFE,2015-09-01,97.196
PCEPILFE,2015-10-01,97.228
PCEPILFE,2015-11-01,97.332
PCEPILFE,2015-12-01,97.396
PCEPILFE,2016-01-01,97.567
PCEPILFE,2016-02-01,97.736
PCEPILFE,2016-03-01,97.876
PCEPILFE,2016-04-01,98.117
PCEPILFE,2016-05-01,98.284
PCEPILFE,2016-06-01,98.386
PCEPILFE,2016-07-01,98.529
PCEPILFE,2016-08-01,98.703
PCEPILFE,2016-09-01,98.834
PCEPILFE,2016-10-01,98.961
PCEPILFE,2016-11-01,99.005
PCEPILFE,2016-12-01,99.12
PCEPILFE,2017-01-01,99.385
PCEPILFE,2017-02-01,99.561
PCEPILFE,2017-03-01,99.519
PCEPILFE,2017-04-01,99.723
PCEPILFE,2017-05-01,99.803
PCEPILFE,2017-06-01,99.937
PCEPILFE,2017-07-01,100.01
PCEPILFE,2017-08-01,100.118
PCEPILFE,2017-09-01,100.24
PCEPILFE,2017-10-01,100.486
PCEPILFE,2017-11-01,100.535
PCEPILFE,2017-12-01,100.683
PCEPILFE,2018-01-01,101.007
PCEPILFE,2018-02-01,101.198
PCEPILFE,2018-03-01,101.419
PCEPILFE,2018-04-01,101.602
PCEPILFE,2018-05-01,101.78
PCEPILFE,2018-06-01,101.872
PCEPILFE,2018-07-01,102.006
PCEPILFE,2018-08-01,102.016
PCEPILFE,2018-09-01,102.205
PCEPILFE,2018-10-01,102.366
PCEPILFE,2018-11-01,102.556
PCEPILFE,2018-12-01,102.735
PCEPILFE,2019-01-01,102.87
PCEPILFE,2019-02-01,102.963
PCEPILFE,2019-03-01,103.058
PCEPILFE,2019-04-01,103.265
PCEPILFE,2019-05-01,103.371
PCEPILFE,2019-06-01,103.56
PCEPILFE,2019-07-01,103.678
PCEPILFE,2019-08-01,103.797
PCEPILFE,2019-09-01,103.873
PCEPILFE,2019-10-01,104.028
PCEPILFE,2019-11-01,104.092
PCEPILFE,2019-12-01,104.322
PCEPILFE,2020-01-01,104.507
PCEPILFE,2020-02-01,104.711
PCEPILFE,2020-03-01,104.632
PCEPILFE,2020-04-01,104.293
PCEPILFE,2020-05-01,104.402
PCEPILFE,2020-06-01,104.565
PCEPILFE,2020-07-01,104.937
PCEPILFE,2020-08-01,105.243
PCEPILFE,2020-09-01,105.41
PCEPILFE,2020-10-01,105.507
PCEPILFE,2020-11-01,105.605
PCEPILFE,2020-12-01,105.896
PCEPILFE,2021-01-01,106.168
PCEPILFE,2021-02-01,106.435
PCEPILFE,2021-03-01,106.865
PCEPILFE,2021-04-01,107.493
PCEPILFE,2021-05-01,107.989
PCEPILFE,2021-06-01,108.522
PCEPILFE,2021-07-01,108.971
PCEPILFE,2021-08-01,109.34
PCEPILFE,2021-09-01,109.548
PCEPILFE,2021-10-01,110.119
PCEPILFE,2021-11-01,110.671
PCEPILFE,2021-12-01,111.28
PCEPILFE,2022-01-01,111.822
PCEPILFE,2022-02-01,112.362
PCEPILFE,2022-03-01,112.807
PCEPILFE,2022-04-01,113.178
PCEPILFE,2022-05-01,113.571
PCEPILFE,2022-06-01,114.273
PCEPILFE,2022-07-01,114.658
PCEPILFE,2022-08-01,115.248
PCEPILFE,2022-09-01,115.727
PCEPILFE,2022-10-01,116.186
PCEPILFE,2022-11-01,116.52
PCEPILFE,2022-12-01,116.923
PCEPILFE,2023-01-01,117.415
PCEPILFE,2023-02-01,117.825
PCEPILFE,2023-03-01,118.295
PCEPILFE,2023-04-01,118.671
PCEPILFE,2023-05-01,119.061
PCEPILFE,2023-06-01,119.35
PCEPILFE,2023-07-01,119.515
PCEPILFE,2023-08-01,119.662
PCEPILFE,2023-09-01,120.053
PCEPILFE,2023-10-01,120.321
PCEPILFE,2023-11-01,120.525
PCEPILFE,2023-12-01,120.694
PCEPILFE,2024-01-01,121.201
PCEPILFE,2024-02-01,121.57
PCEPILFE,2024-03-01,122.016
PCEPILFE,2024-04-01,122.252
PCEPILFE,2024-05-01,122.406
PCEPILFE,2024-06-01,122.667
PCEPILFE,2024-07-01,122.872
PCEPILFE,2024-08-01,123.135
PCEPILFE,2024-09-01,123.462
PCEPILFE,2024-10-01,123.816
PCEPILFE,2024-11-01,123.989
PCEPILFE,2024-12-01,124.198
PCEPILFE,2025-01-01,124.609
PCEPILFE,2025-02-01,125.002
PCEPILFE,2025-03-01,125.144
PCEPILFE,2025-04-01,125.524
PCEPILFE,2025-05-01,125.818
PCEPILFE,2025-06-01,126.133
PCEPILFE,2025-07-01,126.363
PCEPILFE,2025-08-01,126.646
PCEPILFE,2025-09-01,126.94
PCEPILFE,2025-10-01,127.165
PCEPILFE,2025-11-01,127.363
PCEPILFE,2025-12-01,127.765
PCEPILFE,2026-01-01,128.27
PCEPILFE,2026-02-01,128.701
PCEPILFE,2026-03-01,129.03
PCEPILFE,2026-04-01,129.395
PCEPILFE,2026-05-01,129.796
PCEPILFE,2026-06-01,129.969
PCEPILFE,2026-07-01,130.133
PCEPILFE,2026-08-01,130.455
RSAFS,2014-01-01,411561.0
RSAFS,2014-02-01,416736.0
RSAFS,2014-03-01,421230.0
RSAFS,2014-04-01,425546.0
RSAFS,2014-05-01,426253.0
RSAFS,2014-06-01,427305.0
RSAFS,2014-07-01,428079.0
RSAFS,2014-08-01,431379.0
RSAFS,2014-09-01,430189.0
RSAFS,2014-10-01,431903.0
RSAFS,2014-11-01,433113.0
RSAFS,2014-12-01,430110.0
RSAFS,2015-01-01,428186.0
RSAFS,2015-02-01,427105.0
RSAFS,2015-03-01,433620.0
RSAFS,2015-04-01,434514.0
RSAFS,2015-05-01,437866.0
RSAFS,2015-06-01,437918.0
RSAFS,2015-07-01,442012.0
RSAFS,2015-08-01,441903.0
RSAFS,2015-09-01,439795.0
RSAFS,2015-10-01,438818.0
RSAFS,2015-11-01,440363.0
RSAFS,2015-12-01,442155.0
RSAFS,2016-01-01,439252.0
RSAFS,2016-02-01,443208.0
RSAFS,2016-03-01,441814.0
RSAFS,2016-04-01,444233.0
RSAFS,2016-05-01,445441.0
RSAFS,2016-06-01,450407.0
RSAFS,2016-07-01,449745.0
RSAFS,2016-08-01,449923.0
RSAFS,2016-09-01,453210.0
RSAFS,2016-10-01,453910.0
RSAFS,2016-11-01,453727.0
RSAFS,2016-12-01,459605.0
RSAFS,2017-01-01,464228.0
RSAFS,2017-02-01,464309.0
RSAFS,2017-03-01,463589.0
RSAFS,2017-04-01,465260.0
RSAFS,2017-05-01,462759.0
RSAFS,2017-06-01,465241.0
RSAFS,2017-07-01,465157.0
RSAFS,2017-08-01,466010.0
RSAFS,2017-09-01,475658.0
RSAFS,2017-10-01,475945.0
RSAFS,2017-11-01,481123.0
RSAFS,2017-12-01,483576.0
RSAFS,2018-01-01,481190.0
RSAFS,2018-02-01,484223.0
RSAFS,2018-03-01,484447.0
RSAFS,2018-04-01,484252.0
RSAFS,2018-05-01,492202.0
RSAFS,2018-06-01,490468.0
RSAFS,2018-07-01,493382.0
RSAFS,2018-08-01,493757.0
RSAFS,2018-09-01,491744.0
RSAFS,2018-10-01,496568.0
RSAFS,2018-11-01,499451.0
RSAFS,2018-12-01,489878.0
RSAFS,2019-01-01,490789.0
RSAFS,2019-02-01,492328.0
RSAFS,2019-03-01,499614.0
RSAFS,2019-04-01,499609.0
RSAFS,2019-05-01,505356.0
RSAFS,2019-06-01,505681.0
RSAFS,2019-07-01,509389.0
RSAFS,2019-08-01,513222.0
RSAFS,2019-09-01,509503.0
RSAFS,2019-10-01,510902.0
RSAFS,2019-11-01,514649.0
RSAFS,2019-12-01,516273.0
RSAFS,2020-01-01,515417.0
RSAFS,2020-02-01,515800.0
RSAFS,2020-03-01,468632.0
RSAFS,2020-04-01,402157.0
RSAFS,2020-05-01,480256.0
RSAFS,2020-06-01,518998.0
RSAFS,2020-07-01,526938.0
RSAFS,2020-08-01,531019.0
RSAFS,2020-09-01,541241.0
RSAFS,2020-10-01,539469.0
RSAFS,2020-11-01,534539.0
RSAFS,2020-12-01,539422.0
RSAFS,2021-01-01,559736.0
RSAFS,2021-02-01,545417.0
RSAFS,2021-03-01,603580.0
RSAFS,2021-04-01,609247.0
RSAFS,2021-05-01,605589.0
RSAFS,2021-06-01,611711.0
RSAFS,2021-07-01,602014.0
RSAFS,2021-08-01,605419.0
RSAFS,2021-09-01,610161.0
RSAFS,2021-10-01,619018.0
RSAFS,2021-11-01,625980.0
RSAFS,2021-12-01,621734.0
RSAFS,2022-01-01,634120.0
RSAFS,2022-02-01,640815.0
RSAFS,2022-03-01,652673.0
RSAFS,2022-04-01,661508.0
RSAFS,2022-05-01,661325.0
RSAFS,2022-06-01,667984.0
RSAFS,2022-07-01,659750.0
RSAFS,2022-08-01,662999.0
RSAFS,2022-09-01,661072.0
RSAFS,2022-10-01,666924.0
RSAFS,2022-11-01,656410.0
RSAFS,2022-12-01,648305.0
RSAFS,2023-01-01,674646.0
RSAFS,2023-02-01,664692.0
RSAFS,2023-03-01,655146.0
RSAFS,2023-04-01,658962.0
RSAFS,2023-05-01,662303.0
RSAFS,2023-06-01,664476.0
RSAFS,2023-07-01,663391.0
RSAFS,2023-08-01,667632.0
RSAFS,2023-09-01,671096.0
RSAFS,2023-10-01,667815.0
RSAFS,2023-11-01,666419.0
RSAFS,2023-12-01,666963.0
RSAFS,2024-01-01,660602.0
RSAFS,2024-02-01,664621.0
RSAFS,2024-03-01,664328.0
RSAFS,2024-04-01,664858.0
RSAFS,2024-05-01,667659.0
RSAFS,2024-06-01,666040.0
RSAFS,2024-07-01,673662.0
RSAFS,2024-08-01,670668.0
RSAFS,2024-09-01,676005.0
RSAFS,2024-10-01,681808.0
RSAFS,2024-11-01,685709.0
RSAFS,2024-12-01,691794.0
RSAFS,2025-01-01,687058.0
RSAFS,2025-02-01,683772.0
RSAFS,2025-03-01,694750.0
RSAFS,2025-04-01,695464.0
RSAFS,2025-05-01,685488.0
RSAFS,2025-06-01,691883.0
RSAFS,2025-07-01,698280.0
RSAFS,2025-08-01,700218.0
RSAFS,2025-09-01,701453.0
RSAFS,2025-10-01,700790.0
RSAFS,2025-11-01,705453.0
RSAFS,2025-12-01,706264.0
RSAFS,2026-01-01,701860.0
RSAFS,2026-02-01,707959.0
RSAFS,2026-03-01,719700.0
RSAFS,2026-04-01,723921.0
RSAFS,2026-05-01,731415.0
RSAFS,2026-06-01,732898.0
RSAFS,2026-07-01,729538.0
RSAFS,2026-08-01,737763.0
UMCSENT,2014-01-01,81.2
UMCSENT,2014-02-01,81.6
UMCSENT,2014-03-01,80.0
UMCSENT,2014-04-01,84.1
UMCSENT,2014-05-01,81.9
UMCSENT,2014-06-01,82.5
UMCSENT,2014-07-01,81.8
UMCSENT,2014-08-01,82.5
UMCSENT,2014-09-01,84.6
UMCSENT,2014-10-01,86.9
UMCSENT,2014-11-01,88.8
UMCSENT,2014-12-01,93.6
UMCSENT,2015-01-01,98.1
UMCSENT,2015-02-01,95.4
UMCSENT,2015-03-01,93.0
UMCSENT,2015-04-01,95.9
UMCSENT,2015-05-01,90.7
UMCSENT,2015-06-01,96.1
UMCSENT,2015-07-01,93.1
UMCSENT,2015-08-01,91.9
UMCSENT,2015-09-01,87.2
UMCSENT,2015-10-01,90.0
UMCSENT,2015-11-01,91.3
UMCSENT,2015-12-01,92.6
UMCSENT,2016-01-01,92.0
UMCSENT,2016-02-01,91.7
UMCSENT,2016-03-01,91.0
UMCSENT,2016-04-01,89.0
UMCSENT,2016-05-01,94.7
UMCSENT,2016-06-01,93.5
UMCSENT,2016-07-01,90.0
UMCSENT,2016-08-01,89.8
UMCSENT,2016-09-01,91.2
UMCSENT,2016-10-01,87.2
UMCSENT,2016-11-01,93.8
UMCSENT,2016-12-01,98.2
UMCSENT,2017-01-01,98.5
UMCSENT,2017-02-01,96.3
UMCSENT,2017-03-01,96.9
UMCSENT,2017-04-01,97.0
UMCSENT,2017-05-01,97.1
UMCSENT,2017-06-01,95.0
UMCSENT,2017-07-01,93.4
UMCSENT,2017-08-01,96.8
UMCSENT,2017-09-01,95.1
UMCSENT,2017-10-01,100.7
UMCSENT,2017-11-01,98.5
UMCSENT,2017-12-01,95.9
UMCSENT,2018-01-01,95.7
UMCSENT,2018-02-01,99.7
UMCSENT,2018-03-01,101.4
UMCSENT,2018-04-01,98.8
UMCSENT,2018-05-01,98.0
UMCSENT,2018-06-01,98.2
UMCSENT,2018-07-01,97.9
UMCSENT,2018-08-01,96.2
UMCSENT,2018-09-01,100.1
UMCSENT,2018-10-01,98.6
UMCSENT,2018-11-01,97.5
UMCSENT,2018-12-01,98.3
UMCSENT,2019-01-01,91.2
UMCSENT,2019-02-01,93.8
UMCSENT,2019-03-01,98.4
UMCSENT,2019-04-01,97.2
UMCSENT,2019-05-01,100.0
UMCSENT,2019-06-01,98.2
UMCSENT,2019-07-01,98.4
UMCSENT,2019-08-01,89.8
UMCSENT,2019-09-01,93.2
UMCSENT,2019-10-01,95.5
UMCSENT,2019-11-01,96.8
UMCSENT,2019-12-01,99.3
UMCSENT,2020-01-01,99.8
UMCSENT,2020-02-01,101.0
UMCSENT,2020-03-01,89.1
UMCSENT,2020-04-01,71.8
UMCSENT,2020-05-01,72.3
UMCSENT,2020-06-01,78.1
UMCSENT,2020-07-01,72.5
UMCSENT,2020-08-01,74.1
UMCSENT,2020-09-01,80.4
UMCSENT,2020-10-01,81.8
UMCSENT,2020-11-01,76.9
UMCSENT,2020-12-01,80.7
UMCSENT,2021-01-01,79.0
UMCSENT,2021-02-01,76.8
UMCSENT,2021-03-01,84.9
UMCSENT,2021-04-01,88.3
UMCSENT,2021-05-01,82.9
UMCSENT,2021-06-01,85.5
UMCSENT,2021-07-01,81.2
UMCSENT,2021-08-01,70.3
UMCSENT,2021-09-01,72.8
UMCSENT,2021-10-01,71.7
UMCSENT,2021-11-01,67.4
UMCSENT,2021-12-01,70.6
UMCSENT,2022-01-01,67.2
UMCSENT,2022-02-01,62.8
UMCSENT,2022-03-01,59.4
UMCSENT,2022-04-01,65.2
UMCSENT,2022-05-01,58.4
UMCSENT,2022-06-01,50.0
UMCSENT,2022-07-01,51.5
UMCSENT,2022-08-01,58.2
UMCSENT,2022-09-01,58.6
UMCSENT,2022-10-01,59.9
UMCSENT,2022-11-01,56.7
UMCSENT,2022-12-01,59.8
UMCSENT,2023-01-01,64.9
UMCSENT,2023-02-01,66.9
UMCSENT,2023-03-01,62.0
UMCSENT,2023-04-01,63.7
UMCSENT,2023-05-01,59.0
UMCSENT,2023-06-01,64.2
UMCSENT,2023-07-01,71.5
UMCSENT,2023-08-01,69.4
UMCSENT,2023-09-01,67.8
UMCSENT,2023-10-01,63.8
UMCSENT,2023-11-01,61.3
UMCSENT,2023-12-01,69.7
UMCSENT,2024-01-01,79.0
UMCSENT,2024-02-01,76.9
UMCSENT,2024-03-01,79.4
UMCSENT,2024-04-01,77.2
UMCSENT,2024-05-01,69.1
UMCSENT,2024-06-01,68.2
UMCSENT,2024-07-01,66.4
UMCSENT,2024-08-01,67.9
UMCSENT,2024-09-01,70.1
UMCSENT,2024-10-01,70.5
UMCSENT,2024-11-01,71.8
UMCSENT,2024-12-01,74.0
UMCSENT,2025-01-01,71.7
UMCSENT,2025-02-01,64.7
UMCSENT,2025-03-01,57.0
UMCSENT,2025-04-01,52.2
UMCSENT,2025-05-01,52.2
UMCSENT,2025-06-01,60.7
UMCSENT,2025-07-01,61.7
UMCSENT,2025-08-01,58.2
UMCSENT,2025-09-01,55.1
UMCSENT,2025-10-01,53.6
UMCSENT,2025-11-01,51.0
UMCSENT,2025-12-01,52.9
UMCSENT,2026-01-01,56.4
UMCSENT,2026-02-01,56.6
UMCSENT,2026-03-01,53.3
UMCSENT,2026-04-01,49.8
UMCSENT,2026-05-01,44.8
UMCSENT,2026-06-01,49.5
UMCSENT,2026-07-01,55.2
UMCSENT,2026-08-01,51.7
UNRATE,2014-01-01,6.6
UNRATE,2014-02-01,6.7
UNRATE,2014-03-01,6.7
UNRATE,2014-04-01,6.2
UNRATE,2014-05-01,6.3
UNRATE,2014-06-01,6.1
UNRATE,2014-07-01,6.2
UNRATE,2014-08-01,6.1
UNRATE,2014-09-01,5.9
UNRATE,2014-10-01,5.7
UNRATE,2014-11-01,5.8
UNRATE,2014-12-01,5.6
UNRATE,2015-01-01,5.7
UNRATE,2015-02-01,5.5
UNRATE,2015-03-01,5.4
UNRATE,2015-04-01,5.4
UNRATE,2015-05-01,5.6
UNRATE,2015-06-01,5.3
UNRATE,2015-07-01,5.2
UNRATE,2015-08-01,5.1
UNRATE,2015-09-01,5.0
UNRATE,2015-10-01,5.0
UNRATE,2015-11-01,5.1
UNRATE,2015-12-01,5.0
UNRATE,2016-01-01,4.8
UNRATE,2016-02-01,4.9
UNRATE,2016-03-01,5.0
UNRATE,2016-04-01,5.1
UNRATE,2016-05-01,4.8
UNRATE,2016-06-01,4.9
UNRATE,2016-07-01,4.8
UNRATE,2016-08-01,4.9
UNRATE,2016-09-01,5.0
UNRATE,2016-10-01,4.9
UNRATE,2016-11-01,4.7
UNRATE,2016-12-01,4.7
UNRATE,2017-01-01,4.7
UNRATE,2017-02-01,4.6
UNRATE,2017-03-01,4.4
UNRATE,2017-04-01,4.4
UNRATE,2017-05-01,4.4
UNRATE,2017-06-01,4.3
UNRATE,2017-07-01,4.3
UNRATE,2017-08-01,4.4
UNRATE,2017-09-01,4.3
UNRATE,2017-10-01,4.2
UNRATE,2017-11-01,4.2
UNRATE,2017-12-01,4.1
UNRATE,2018-01-01,4.0
UNRATE,2018-02-01,4.1
UNRATE,2018-03-01,4.0
UNRATE,2018-04-01,4.0
UNRATE,2018-05-01,3.8
UNRATE,2018-06-01,4.0
UNRATE,2018-07-01,3.8
UNRATE,2018-08-01,3.8
UNRATE,2018-09-01,3.7
UNRATE,2018-10-01,3.8
UNRATE,2018-11-01,3.8
UNRATE,2018-12-01,3.9
UNRATE,2019-01-01,4.0
UNRATE,2019-02-01,3.8
UNRATE,2019-03-01,3.8
UNRATE,2019-04-01,3.7
UNRATE,2019-05-01,3.6
UNRATE,2019-06-01,3.6
UNRATE,2019-07-01,3.7
UNRATE,2019-08-01,3.6
UNRATE,2019-09-01,3.5
UNRATE,2019-10-01,3.6
UNRATE,2019-11-01,3.6
UNRATE,2019-12-01,3.6
UNRATE,2020-01-01,3.6
UNRATE,2020-02-01,3.5
UNRATE,2020-03-01,4.4
UNRATE,2020-04-01,14.8
UNRATE,2020-05-01,13.2
UNRATE,2020-06-01,11.0
UNRATE,2020-07-01,10.2
UNRATE,2020-08-01,8.4
UNRATE,2020-09-01,7.8
UNRATE,2020-10-01,6.9
UNRATE,2020-11-01,6.7
UNRATE,2020-12-01,6.7
UNRATE,2021-01-01,6.4
UNRATE,2021-02-01,6.2
UNRATE,2021-03-01,6.1
UNRATE,2021-04-01,6.1
UNRATE,2021-05-01,5.8
UNRATE,2021-06-01,5.9
UNRATE,2021-07-01,5.4
UNRATE,2021-08-01,5.1
UNRATE,2021-09-01,4.7
UNRATE,2021-10-01,4.5
UNRATE,2021-11-01,4.1
UNRATE,2021-12-01,3.9
UNRATE,2022-01-01,4.0
UNRATE,2022-02-01,3.9
UNRATE,2022-03-01,3.7
UNRATE,2022-04-01,3.7
UNRATE,2022-05-01,3.6
UNRATE,2022-06-01,3.6
UNRATE,2022-07-01,3.5
UNRATE,2022-08-01,3.6
UNRATE,2022-09-01,3.5
UNRATE,2022-10-01,3.6
UNRATE,2022-11-01,3.6
UNRATE,2022-12-01,3.5
UNRATE,2023-01-01,3.5
UNRATE,2023-02-01,3.6
UNRATE,2023-03-01,3.5
UNRATE,2023-04-01,3.4
UNRATE,2023-05-01,3.6
UNRATE,2023-06-01,3.6
UNRATE,2023-07-01,3.5
UNRATE,2023-08-01,3.7
UNRATE,2023-09-01,3.7
UNRATE,2023-10-01,3.9
UNRATE,2023-11-01,3.7
UNRATE,2023-12-01,3.8
UNRATE,2024-01-01,3.7
UNRATE,2024-02-01,3.9
UNRATE,2024-03-01,3.9
UNRATE,2024-04-01,3.9
UNRATE,2024-05-01,3.9
UNRATE,2024-06-01,4.1
UNRATE,2024-07-01,4.2
UNRATE,2024-08-01,4.2
UNRATE,2024-09-01,4.1
UNRATE,2024-10-01,4.1
UNRATE,2024-11-01,4.2
UNRATE,2024-12-01,4.1
UNRATE,2025-01-01,4.0
UNRATE,2025-02-01,4.2
UNRATE,2025-03-01,4.2
UNRATE,2025-04-01,4.2
UNRATE,2025-05-01,4.3
UNRATE,2025-06-01,4.1
UNRATE,2025-07-01,4.3
UNRATE,2025-08-01,4.3
UNRATE,2025-09-01,4.4
UNRATE,2025-11-01,4.5
UNRATE,2025-12-01,4.4
UNRATE,2026-01-01,4.3
UNRATE,2026-02-01,4.4
UNRATE,2026-03-01,4.3
UNRATE,2026-04-01,4.3
UNRATE,2026-05-01,4.3
UNRATE,2026-06-01,4.2
UNRATE,2026-07-01,4.1
UNRATE,2026-08-01,4.1
UNRATE,2026-09-01,4.2
XTEXVA01KRM659S,2014-01-01,1.262762
XTEXVA01KRM659S,2014-02-01,0.2193923
XTEXVA01KRM659S,2014-03-01,4.9935
XTEXVA01KRM659S,2014-04-01,7.595959
XTEXVA01KRM659S,2014-05-01,-0.03807462
XTEXVA01KRM659S,2014-06-01,1.977037
XTEXVA01KRM659S,2014-07-01,4.945633
XTEXVA01KRM659S,2014-08-01,-0.1909554
XTEXVA01KRM659S,2014-09-01,5.587562
XTEXVA01KRM659S,2014-10-01,2.359577
XTEXVA01KRM659S,2014-11-01,-2.305237
XTEXVA01KRM659S,2014-12-01,2.341866
XTEXVA01KRM659S,2015-01-01,-0.5213876
XTEXVA01KRM659S,2015-02-01,-3.42306
XTEXVA01KRM659S,2015-03-01,-4.486989
XTEXVA01KRM659S,2015-04-01,-8.185168
XTEXVA01KRM659S,2015-05-01,-10.49737
XTEXVA01KRM659S,2015-06-01,-2.515605
XTEXVA01KRM659S,2015-07-01,-6.361102
XTEXVA01KRM659S,2015-08-01,-13.81271
XTEXVA01KRM659S,2015-09-01,-10.75147
XTEXVA01KRM659S,2015-10-01,-13.80344
XTEXVA01KRM659S,2015-11-01,-6.761507
XTEXVA01KRM659S,2015-12-01,-13.31399
XTEXVA01KRM659S,2016-01-01,-20.05766
XTEXVA01KRM659S,2016-02-01,-12.92118
XTEXVA01KRM659S,2016-03-01,-8.493168
XTEXVA01KRM659S,2016-04-01,-11.20548
XTEXVA01KRM659S,2016-05-01,-5.152491
XTEXVA01KRM659S,2016-06-01,-4.241406
XTEXVA01KRM659S,2016-07-01,-8.90997
XTEXVA01KRM659S,2016-08-01,0.2852312
XTEXVA01KRM659S,2016-09-01,-4.823939
XTEXVA01KRM659S,2016-10-01,-3.906828
XTEXVA01KRM659S,2016-11-01,3.665424
XTEXVA01KRM659S,2016-12-01,5.077928
XTEXVA01KRM659S,2017-01-01,12.34968
XTEXVA01KRM659S,2017-02-01,18.45251
XTEXVA01KRM659S,2017-03-01,14.81016
XTEXVA01KRM659S,2017-04-01,22.3603
XTEXVA01KRM659S,2017-05-01,13.68657
XTEXVA01KRM659S,2017-06-01,14.35481
XTEXVA01KRM659S,2017-07-01,17.53625
XTEXVA01KRM659S,2017-08-01,19.83847
XTEXVA01KRM659S,2017-09-01,29.9363
XTEXVA01KRM659S,2017-10-01,10.71732
XTEXVA01KRM659S,2017-11-01,6.406388
XTEXVA01KRM659S,2017-12-01,12.49382
XTEXVA01KRM659S,2018-01-01,17.64915
XTEXVA01KRM659S,2018-02-01,6.894102
XTEXVA01KRM659S,2018-03-01,2.447829
XTEXVA01KRM659S,2018-04-01,0.9656501
XTEXVA01KRM659S,2018-05-01,10.47256
XTEXVA01KRM659S,2018-06-01,1.240247
XTEXVA01KRM659S,2018-07-01,6.41878
XTEXVA01KRM659S,2018-08-01,6.217444
XTEXVA01KRM659S,2018-09-01,-5.532769
XTEXVA01KRM659S,2018-10-01,18.49275
XTEXVA01KRM659S,2018-11-01,6.611248
XTEXVA01KRM659S,2018-12-01,-3.815163
XTEXVA01KRM659S,2019-01-01,-5.329757
XTEXVA01KRM659S,2019-02-01,-12.01473
XTEXVA01KRM659S,2019-03-01,-7.787877
XTEXVA01KRM659S,2019-04-01,-2.498448
XTEXVA01KRM659S,2019-05-01,-9.554443
XTEXVA01KRM659S,2019-06-01,-13.33147
XTEXVA01KRM659S,2019-07-01,-11.31327
XTEXVA01KRM659S,2019-08-01,-13.83042
XTEXVA01KRM659S,2019-09-01,-12.05595
XTEXVA01KRM659S,2019-10-01,-15.06413
XTEXVA01KRM659S,2019-11-01,-13.42532
XTEXVA01KRM659S,2019-12-01,-6.961896
XTEXVA01KRM659S,2020-01-01,-5.261824
XTEXVA01KRM659S,2020-02-01,1.644292
XTEXVA01KRM659S,2020-03-01,-0.5585414
XTEXVA01KRM659S,2020-04-01,-26.26982
XTEXVA01KRM659S,2020-05-01,-23.17904
XTEXVA01KRM659S,2020-06-01,-10.8121
XTEXVA01KRM659S,2020-07-01,-7.899283
XTEXVA01KRM659S,2020-08-01,-8.887308
XTEXVA01KRM659S,2020-09-01,4.834574
XTEXVA01KRM659S,2020-10-01,-1.577299
XTEXVA01KRM659S,2020-11-01,2.659526
XTEXVA01KRM659S,2020-12-01,13.17319
XTEXVA01KRM659S,2021-01-01,10.25065
XTEXVA01KRM659S,2021-02-01,10.25254
XTEXVA01KRM659S,2021-03-01,14.49727
XTEXVA01KRM659S,2021-04-01,43.66994
XTEXVA01KRM659S,2021-05-01,44.27137
XTEXVA01KRM659S,2021-06-01,39.55313
XTEXVA01KRM659S,2021-07-01,30.60139
XTEXVA01KRM659S,2021-08-01,32.99955
XTEXVA01KRM659S,2021-09-01,17.86077
XTEXVA01KRM659S,2021-10-01,24.29036
XTEXVA01KRM659S,2021-11-01,31.93673
XTEXVA01KRM659S,2021-12-01,18.32305
XTEXVA01KRM659S,2022-01-01,15.51608
XTEXVA01KRM659S,2022-02-01,21.39055
XTEXVA01KRM659S,2022-03-01,17.51948
XTEXVA01KRM659S,2022-04-01,15.18162
XTEXVA01KRM659S,2022-05-01,18.93579
XTEXVA01KRM659S,2022-06-01,6.817605
XTEXVA01KRM659S,2022-07-01,7.628793
XTEXVA01KRM659S,2022-08-01,6.57865
XTEXVA01KRM659S,2022-09-01,2.129272
XTEXVA01KRM659S,2022-10-01,-6.252287
XTEXVA01KRM659S,2022-11-01,-12.83302
XTEXVA01KRM659S,2022-12-01,-11.59515
XTEXVA01KRM659S,2023-01-01,-14.29974
XTEXVA01KRM659S,2023-02-01,-9.914864
XTEXVA01KRM659S,2023-03-01,-11.93657
XTEXVA01KRM659S,2023-04-01,-15.95643
XTEXVA01KRM659S,2023-05-01,-13.72871
XTEXVA01KRM659S,2023-06-01,-8.031624
XTEXVA01KRM659S,2023-07-01,-14.32287
XTEXVA01KRM659S,2023-08-01,-9.753635
XTEXVA01KRM659S,2023-09-01,-3.822121
XTEXVA01KRM659S,2023-10-01,4.659845
XTEXVA01KRM659S,2023-11-01,6.986932
XTEXVA01KRM659S,2023-12-01,5.603561
XTEXVA01KRM659S,2024-01-01,16.85792
XTEXVA01KRM659S,2024-02-01,5.136439
XTEXVA01KRM659S,2024-03-01,2.627504
XTEXVA01KRM659S,2024-04-01,14.15977
XTEXVA01KRM659S,2024-05-01,10.86211
XTEXVA01KRM659S,2024-06-01,6.238287
XTEXVA01KRM659S,2024-07-01,13.4761
XTEXVA01KRM659S,2024-08-01,10.73183
XTEXVA01KRM659S,2024-09-01,7.292421
XTEXVA01KRM659S,2024-10-01,3.677812
XTEXVA01KRM659S,2024-11-01,3.016776
XTEXVA01KRM659S,2024-12-01,3.99627
XTEXVA01KRM659S,2025-01-01,-7.927939
XTEXVA01KRM659S,2025-02-01,-1.284022
XTEXVA01KRM659S,2025-03-01,4.252434
XTEXVA01KRM659S,2025-04-01,2.412166
XTEXVA01KRM659S,2025-05-01,-0.7033097
XTEXVA01KRM659S,2025-06-01,4.438334
XTEXVA01KRM659S,2025-07-01,4.899362
XTEXVA01KRM659S,2025-08-01,2.38093
XTEXVA01KRM659S,2025-09-01,10.51615
XTEXVA01KRM659S,2025-10-01,5.260522
XTEXVA01KRM659S,2025-11-01,6.567577
XTEXVA01KRM659S,2025-12-01,14.39454
XTEXVA01KRM659S,2026-01-01,32.28889
XTEXVA01KRM659S,2026-02-01,30.88101
XTEXVA01KRM659S,2026-03-01,49.05217
XTEXVA01KRM659S,2026-04-01,48.5828
XTEXVA01KRM659S,2026-05-01,52.64164
XTEXVA01KRM659S,2026-06-01,70.67088
tw_coincident,1982-01-01,107.1066347
tw_coincident,1982-02-01,104.0990113
tw_coincident,1982-03-01,101.4438883
tw_coincident,1982-04-01,99.21566286
tw_coincident,1982-05-01,97.42472922
tw_coincident,1982-06-01,96.10158834
tw_coincident,1982-07-01,95.24552647
tw_coincident,1982-08-01,94.78156131
tw_coincident,1982-09-01,94.64453383
tw_coincident,1982-10-01,94.66138237
tw_coincident,1982-11-01,94.84511817
tw_coincident,1982-12-01,95.22091382
tw_coincident,1983-01-01,95.70059393
tw_coincident,1983-02-01,96.32587214
tw_coincident,1983-03-01,96.84864003
tw_coincident,1983-04-01,97.64471804
tw_coincident,1983-05-01,98.71655274
tw_coincident,1983-06-01,99.92493897
tw_coincident,1983-07-01,101.0170971
tw_coincident,1983-08-01,101.9604047
tw_coincident,1983-09-01,102.7297531
tw_coincident,1983-10-01,103.3460684
tw_coincident,1983-11-01,104.0078769
tw_coincident,1983-12-01,104.7837599
tw_coincident,1984-01-01,105.6633551
tw_coincident,1984-02-01,106.3401929
tw_coincident,1984-03-01,106.7236956
tw_coincident,1984-04-01,106.735085
tw_coincident,1984-05-01,106.4363568
tw_coincident,1984-06-01,105.8480392
tw_coincident,1984-07-01,104.9012528
tw_coincident,1984-08-01,103.6417958
tw_coincident,1984-09-01,102.1882925
tw_coincident,1984-10-01,100.7167017
tw_coincident,1984-11-01,99.32248861
tw_coincident,1984-12-01,98.0277252
tw_coincident,1985-01-01,96.81153801
tw_coincident,1985-02-01,95.45409467
tw_coincident,1985-03-01,93.66845517
tw_coincident,1985-04-01,91.9465238
tw_coincident,1985-05-01,90.39726983
tw_coincident,1985-06-01,89.13362385
tw_coincident,1985-07-01,88.15872812
tw_coincident,1985-08-01,87.75254669
tw_coincident,1985-09-01,88.02175723
tw_coincident,1985-10-01,88.96588363
tw_coincident,1985-11-01,90.64528096
tw_coincident,1985-12-01,92.8581525
tw_coincident,1986-01-01,95.26619023
tw_coincident,1986-02-01,97.35970274
tw_coincident,1986-03-01,98.85424503
tw_coincident,1986-04-01,99.83388519
tw_coincident,1986-05-01,100.5961997
tw_coincident,1986-06-01,101.2334684
tw_coincident,1986-07-01,101.7000146
tw_coincident,1986-08-01,101.9414604
tw_coincident,1986-09-01,102.3790587
tw_coincident,1986-10-01,103.1171981
tw_coincident,1986-11-01,103.9718165
tw_coincident,1986-12-01,104.7562224
tw_coincident,1987-01-01,105.3271036
tw_coincident,1987-02-01,105.5667036
tw_coincident,1987-03-01,105.4233415
tw_coincident,1987-04-01,104.9385819
tw_coincident,1987-05-01,104.3023778
tw_coincident,1987-06-01,103.6889154
tw_coincident,1987-07-01,103.1845692
tw_coincident,1987-08-01,102.804163
tw_coincident,1987-09-01,102.416113
tw_coincident,1987-10-01,102.0070491
tw_coincident,1987-11-01,101.6289079
tw_coincident,1987-12-01,101.2279274
tw_coincident,1988-01-01,100.7756631
tw_coincident,1988-02-01,100.2843143
tw_coincident,1988-03-01,99.74011139
tw_coincident,1988-04-01,99.36776804
tw_coincident,1988-05-01,99.18084836
tw_coincident,1988-06-01,99.10330266
tw_coincident,1988-07-01,99.14737854
tw_coincident,1988-08-01,99.23171774
tw_coincident,1988-09-01,99.37690107
tw_coincident,1988-10-01,99.64022477
tw_coincident,1988-11-01,99.98180862
tw_coincident,1988-12-01,100.296819
tw_coincident,1989-01-01,100.4503283
tw_coincident,1989-02-01,100.6259336
tw_coincident,1989-03-01,100.8412467
tw_coincident,1989-04-01,100.9171098
tw_coincident,1989-05-01,100.7787936
tw_coincident,1989-06-01,100.4526451
tw_coincident,1989-07-01,99.99804494
tw_coincident,1989-08-01,99.35507309
tw_coincident,1989-09-01,98.55984937
tw_coincident,1989-10-01,97.72549055
tw_coincident,1989-11-01,97.063347
tw_coincident,1989-12-01,96.56316644
tw_coincident,1990-01-01,96.18886392
tw_coincident,1990-02-01,95.97704218
tw_coincident,1990-03-01,95.86485071
tw_coincident,1990-04-01,95.74348586
tw_coincident,1990-05-01,95.7278682
tw_coincident,1990-06-01,95.92961361
tw_coincident,1990-07-01,96.30424137
tw_coincident,1990-08-01,96.70390536
tw_coincident,1990-09-01,97.11853177
tw_coincident,1990-10-01,97.36472491
tw_coincident,1990-11-01,97.44101955
tw_coincident,1990-12-01,97.4156257
tw_coincident,1991-01-01,97.41426858
tw_coincident,1991-02-01,97.56216399
tw_coincident,1991-03-01,98.04853078
tw_coincident,1991-04-01,98.86351915
tw_coincident,1991-05-01,99.91334604
tw_coincident,1991-06-01,101.0418393
tw_coincident,1991-07-01,101.9519326
tw_coincident,1991-08-01,102.6140179
tw_coincident,1991-09-01,102.9861244
tw_coincident,1991-10-01,102.9218851
tw_coincident,1991-11-01,102.5834903
tw_coincident,1991-12-01,102.0975223
tw_coincident,1992-01-01,101.5492081
tw_coincident,1992-02-01,101.0764883
tw_coincident,1992-03-01,100.7866276
tw_coincident,1992-04-01,100.6742298
tw_coincident,1992-05-01,100.4025284
tw_coincident,1992-06-01,100.0335664
tw_coincident,1992-07-01,99.55826613
tw_coincident,1992-08-01,98.9964889
tw_coincident,1992-09-01,98.30106317
tw_coincident,1992-10-01,97.71579418
tw_coincident,1992-11-01,97.27420902
tw_coincident,1992-12-01,97.07452938
tw_coincident,1993-01-01,97.11793752
tw_coincident,1993-02-01,97.2945734
tw_coincident,1993-03-01,97.49003407
tw_coincident,1993-04-01,97.58762158
tw_coincident,1993-05-01,97.70542997
tw_coincident,1993-06-01,97.80826382
tw_coincident,1993-07-01,97.93602661
tw_coincident,1993-08-01,97.9217533
tw_coincident,1993-09-01,97.7520069
tw_coincident,1993-10-01,97.64583263
tw_coincident,1993-11-01,97.68304952
tw_coincident,1993-12-01,97.94387228
tw_coincident,1994-01-01,98.38507517
tw_coincident,1994-02-01,98.90082797
tw_coincident,1994-03-01,99.43003929
tw_coincident,1994-04-01,99.91575611
tw_coincident,1994-05-01,100.2790474
tw_coincident,1994-06-01,100.4033335
tw_coincident,1994-07-01,100.5093185
tw_coincident,1994-08-01,100.7718311
tw_coincident,1994-09-01,101.2807969
tw_coincident,1994-10-01,101.9557488
tw_coincident,1994-11-01,102.6512464
tw_coincident,1994-12-01,103.2141119
tw_coincident,1995-01-01,103.6013854
tw_coincident,1995-02-01,103.8270995
tw_coincident,1995-03-01,103.5558698
tw_coincident,1995-04-01,103.0668584
tw_coincident,1995-05-01,102.3701906
tw_coincident,1995-06-01,101.4441791
tw_coincident,1995-07-01,100.3434223
tw_coincident,1995-08-01,99.20838275
tw_coincident,1995-09-01,98.18439537
tw_coincident,1995-10-01,97.36750437
tw_coincident,1995-11-01,96.70027934
tw_coincident,1995-12-01,96.19657208
tw_coincident,1996-01-01,95.93325444
tw_coincident,1996-02-01,95.77941771
tw_coincident,1996-03-01,95.80031764
tw_coincident,1996-04-01,95.92108349
tw_coincident,1996-05-01,96.15566348
tw_coincident,1996-06-01,96.58380636
tw_coincident,1996-07-01,97.08295559
tw_coincident,1996-08-01,97.69083938
tw_coincident,1996-09-01,98.3914712
tw_coincident,1996-10-01,99.08867735
tw_coincident,1996-11-01,99.75199224
tw_coincident,1996-12-01,100.3058523
tw_coincident,1997-01-01,100.6672153
tw_coincident,1997-02-01,100.8032024
tw_coincident,1997-03-01,100.7607239
tw_coincident,1997-04-01,100.5874503
tw_coincident,1997-05-01,100.4010923
tw_coincident,1997-06-01,100.2577826
tw_coincident,1997-07-01,100.3037035
tw_coincident,1997-08-01,100.4916274
tw_coincident,1997-09-01,100.8572209
tw_coincident,1997-10-01,101.1699398
tw_coincident,1997-11-01,101.2702033
tw_coincident,1997-12-01,101.0248501
tw_coincident,1998-01-01,100.4484198
tw_coincident,1998-02-01,99.85726469
tw_coincident,1998-03-01,99.00593828
tw_coincident,1998-04-01,98.12352531
tw_coincident,1998-05-01,97.40169018
tw_coincident,1998-06-01,96.86142177
tw_coincident,1998-07-01,96.57739044
tw_coincident,1998-08-01,96.59119584
tw_coincident,1998-09-01,96.64603993
tw_coincident,1998-10-01,96.63090885
tw_coincident,1998-11-01,96.67479921
tw_coincident,1998-12-01,96.84948641
tw_coincident,1999-01-01,97.24467384
tw_coincident,1999-02-01,98.01359825
tw_coincident,1999-03-01,98.8491608
tw_coincident,1999-04-01,99.52579604
tw_coincident,1999-05-01,99.96686286
tw_coincident,1999-06-01,100.1423615
tw_coincident,1999-07-01,100.1286727
tw_coincident,1999-08-01,100.0594091
tw_coincident,1999-09-01,100.1910597
tw_coincident,1999-10-01,100.9189515
tw_coincident,1999-11-01,102.0070924
tw_coincident,1999-12-01,103.3017145
tw_coincident,2000-01-01,104.7304556
tw_coincident,2000-02-01,106.196054
tw_coincident,2000-03-01,107.5428083
tw_coincident,2000-04-01,108.7752104
tw_coincident,2000-05-01,109.753401
tw_coincident,2000-06-01,110.3682826
tw_coincident,2000-07-01,110.5194048
tw_coincident,2000-08-01,110.1907262
tw_coincident,2000-09-01,109.4230809
tw_coincident,2000-10-01,108.1380842
tw_coincident,2000-11-01,106.4602919
tw_coincident,2000-12-01,104.638788
tw_coincident,2001-01-01,102.7401982
tw_coincident,2001-02-01,100.8258402
tw_coincident,2001-03-01,98.80688745
tw_coincident,2001-04-01,96.78844201
tw_coincident,2001-05-01,94.90609206
tw_coincident,2001-06-01,93.29211443
tw_coincident,2001-07-01,91.96577532
tw_coincident,2001-08-01,91.0893845
tw_coincident,2001-09-01,90.77613007
tw_coincident,2001-10-01,91.119784
tw_coincident,2001-11-01,91.85318132
tw_coincident,2001-12-01,92.972519
tw_coincident,2002-01-01,94.42208794
tw_coincident,2002-02-01,96.10959052
tw_coincident,2002-03-01,97.7586473
tw_coincident,2002-04-01,99.06686872
tw_coincident,2002-05-01,99.8945211
tw_coincident,2002-06-01,100.1939056
tw_coincident,2002-07-01,100.180825
tw_coincident,2002-08-01,100.0163235
tw_coincident,2002-09-01,99.8075531
tw_coincident,2002-10-01,99.61647719
tw_coincident,2002-11-01,99.39850195
tw_coincident,2002-12-01,99.0850827
tw_coincident,2003-01-01,98.613733
tw_coincident,2003-02-01,97.91293196
tw_coincident,2003-03-01,97.12403699
tw_coincident,2003-04-01,96.49437771
tw_coincident,2003-05-01,96.26680124
tw_coincident,2003-06-01,96.64062829
tw_coincident,2003-07-01,97.60174845
tw_coincident,2003-08-01,98.92276086
tw_coincident,2003-09-01,100.3778747
tw_coincident,2003-10-01,101.8003772
tw_coincident,2003-11-01,103.0539182
tw_coincident,2003-12-01,103.9980633
tw_coincident,2004-01-01,104.4847506
tw_coincident,2004-02-01,104.5131501
tw_coincident,2004-03-01,104.2950548
tw_coincident,2004-04-01,103.9919547
tw_coincident,2004-05-01,103.620176
tw_coincident,2004-06-01,103.1904003
tw_coincident,2004-07-01,102.7127453
tw_coincident,2004-08-01,102.2251273
tw_coincident,2004-09-01,101.7921211
tw_coincident,2004-10-01,101.3291889
tw_coincident,2004-11-01,100.8549496
tw_coincident,2004-12-01,100.4286214
tw_coincident,2005-01-01,100.0292281
tw_coincident,2005-02-01,99.72829714
tw_coincident,2005-03-01,99.52124
tw_coincident,2005-04-01,99.32344703
tw_coincident,2005-05-01,99.15692453
tw_coincident,2005-06-01,99.06295425
tw_coincident,2005-07-01,99.17810284
tw_coincident,2005-08-01,99.5967709
tw_coincident,2005-09-01,100.1957203
tw_coincident,2005-10-01,100.8080261
tw_coincident,2005-11-01,101.3577516
tw_coincident,2005-12-01,101.7402168
tw_coincident,2006-01-01,101.9231353
tw_coincident,2006-02-01,101.9048202
tw_coincident,2006-03-01,101.7031441
tw_coincident,2006-04-01,101.3898257
tw_coincident,2006-05-01,101.0278374
tw_coincident,2006-06-01,100.6562774
tw_coincident,2006-07-01,100.2000502
tw_coincident,2006-08-01,99.9078616
tw_coincident,2006-09-01,99.7201106
tw_coincident,2006-10-01,99.69122403
tw_coincident,2006-11-01,99.80647426
tw_coincident,2006-12-01,99.98113797
tw_coincident,2007-01-01,100.262041
tw_coincident,2007-02-01,100.6565203
tw_coincident,2007-03-01,101.198411
tw_coincident,2007-04-01,101.8950088
tw_coincident,2007-05-01,102.777118
tw_coincident,2007-06-01,103.7367827
tw_coincident,2007-07-01,104.8106776
tw_coincident,2007-08-01,105.8973683
tw_coincident,2007-09-01,106.9779642
tw_coincident,2007-10-01,108.0917184
tw_coincident,2007-11-01,109.1376108
tw_coincident,2007-12-01,110.0798178
tw_coincident,2008-01-01,110.8594678
tw_coincident,2008-02-01,111.3202942
tw_coincident,2008-03-01,111.4440768
tw_coincident,2008-04-01,111.1648705
tw_coincident,2008-05-01,110.2206461
tw_coincident,2008-06-01,108.3871447
tw_coincident,2008-07-01,105.4807215
tw_coincident,2008-08-01,101.5521447
tw_coincident,2008-09-01,96.37909745
tw_coincident,2008-10-01,90.1963439
tw_coincident,2008-11-01,83.88904381
tw_coincident,2008-12-01,78.81810582
tw_coincident,2009-01-01,75.94914802
tw_coincident,2009-02-01,75.4667794
tw_coincident,2009-03-01,76.77406625
tw_coincident,2009-04-01,79.43633201
tw_coincident,2009-05-01,82.88366049
tw_coincident,2009-06-01,86.71287035
tw_coincident,2009-07-01,90.38357592
tw_coincident,2009-08-01,93.61431397
tw_coincident,2009-09-01,96.40512584
tw_coincident,2009-10-01,98.70286814
tw_coincident,2009-11-01,100.599596
tw_coincident,2009-12-01,102.2400128
tw_coincident,2010-01-01,103.6171068
tw_coincident,2010-02-01,104.7773076
tw_coincident,2010-03-01,105.6112591
tw_coincident,2010-04-01,106.1628104
tw_coincident,2010-05-01,106.4992023
tw_coincident,2010-06-01,106.7088031
tw_coincident,2010-07-01,106.866213
tw_coincident,2010-08-01,107.011084
tw_coincident,2010-09-01,107.2345625
tw_coincident,2010-10-01,107.5327122
tw_coincident,2010-11-01,107.8758006
tw_coincident,2010-12-01,108.1127886
tw_coincident,2011-01-01,108.0729869
tw_coincident,2011-02-01,107.7493766
tw_coincident,2011-03-01,107.1102663
tw_coincident,2011-04-01,106.1969748
tw_coincident,2011-05-01,105.1268513
tw_coincident,2011-06-01,103.9828574
tw_coincident,2011-07-01,102.8087376
tw_coincident,2011-08-01,101.6416149
tw_coincident,2011-09-01,100.5202426
tw_coincident,2011-10-01,99.56163155
tw_coincident,2011-11-01,98.82616153
tw_coincident,2011-12-01,98.35716654
tw_coincident,2012-01-01,98.20234236
tw_coincident,2012-02-01,98.30796772
tw_coincident,2012-03-01,98.66316739
tw_coincident,2012-04-01,98.90823778
tw_coincident,2012-05-01,98.96800103
tw_coincident,2012-06-01,98.83515665
tw_coincident,2012-07-01,98.69076045
tw_coincident,2012-08-01,98.52062473
tw_coincident,2012-09-01,98.34594183
tw_coincident,2012-10-01,98.20118072
tw_coincident,2012-11-01,98.11854612
tw_coincident,2012-12-01,98.20222758
tw_coincident,2013-01-01,98.5216998
tw_coincident,2013-02-01,98.88215527
tw_coincident,2013-03-01,99.29124748
tw_coincident,2013-04-01,99.71828375
tw_coincident,2013-05-01,100.074783
tw_coincident,2013-06-01,100.2340239
tw_coincident,2013-07-01,100.1292998
tw_coincident,2013-08-01,99.94444774
tw_coincident,2013-09-01,99.779613
tw_coincident,2013-10-01,99.72276897
tw_coincident,2013-11-01,99.8164316
tw_coincident,2013-12-01,100.0319986
tw_coincident,2014-01-01,100.3401354
tw_coincident,2014-02-01,100.8076669
tw_coincident,2014-03-01,101.3699299
tw_coincident,2014-04-01,101.9936305
tw_coincident,2014-05-01,102.5583076
tw_coincident,2014-06-01,103.0237971
tw_coincident,2014-07-01,103.3760143
tw_coincident,2014-08-01,103.6102941
tw_coincident,2014-09-01,103.6786716
tw_coincident,2014-10-01,103.6386334
tw_coincident,2014-11-01,103.5064963
tw_coincident,2014-12-01,103.2674109
tw_coincident,2015-01-01,102.9448391
tw_coincident,2015-02-01,102.4755058
tw_coincident,2015-03-01,101.8397181
tw_coincident,2015-04-01,101.0985091
tw_coincident,2015-05-01,100.2741039
tw_coincident,2015-06-01,99.40348901
tw_coincident,2015-07-01,98.54012384
tw_coincident,2015-08-01,97.69766797
tw_coincident,2015-09-01,96.99017344
tw_coincident,2015-10-01,96.47354716
tw_coincident,2015-11-01,96.02395522
tw_coincident,2015-12-01,95.7145465
tw_coincident,2016-01-01,95.61155855
tw_coincident,2016-02-01,95.76962767
tw_coincident,2016-03-01,96.27369389
tw_coincident,2016-04-01,97.10902894
tw_coincident,2016-05-01,98.07359457
tw_coincident,2016-06-01,99.05495044
tw_coincident,2016-07-01,100.0071748
tw_coincident,2016-08-01,100.8577419
tw_coincident,2016-09-01,101.632153
tw_coincident,2016-10-01,102.3055781
tw_coincident,2016-11-01,102.5955226
tw_coincident,2016-12-01,102.4420168
tw_coincident,2017-01-01,101.8714733
tw_coincident,2017-02-01,101.1035621
tw_coincident,2017-03-01,100.4690903
tw_coincident,2017-04-01,100.1227837
tw_coincident,2017-05-01,100.1393502
tw_coincident,2017-06-01,100.4979176
tw_coincident,2017-07-01,101.0297123
tw_coincident,2017-08-01,101.611738
tw_coincident,2017-09-01,102.1103907
tw_coincident,2017-10-01,102.4223175
tw_coincident,2017-11-01,102.6076217
tw_coincident,2017-12-01,102.6431638
tw_coincident,2018-01-01,102.551802
tw_coincident,2018-02-01,102.4713987
tw_coincident,2018-03-01,102.413953
tw_coincident,2018-04-01,102.3419667
tw_coincident,2018-05-01,102.2900892
tw_coincident,2018-06-01,102.1592957
tw_coincident,2018-07-01,101.9188397
tw_coincident,2018-08-01,101.5789087
tw_coincident,2018-09-01,101.0935007
tw_coincident,2018-10-01,100.4338264
tw_coincident,2018-11-01,99.67863275
tw_coincident,2018-12-01,98.93107068
tw_coincident,2019-01-01,98.27886658
tw_coincident,2019-02-01,97.79278543
tw_coincident,2019-03-01,97.58495144
tw_coincident,2019-04-01,97.59429356
tw_coincident,2019-05-01,97.75758342
tw_coincident,2019-06-01,97.98637711
tw_coincident,2019-07-01,98.1835529
tw_coincident,2019-08-01,98.34885906
tw_coincident,2019-09-01,98.45472972
tw_coincident,2019-10-01,98.51081017
tw_coincident,2019-11-01,98.45472822
tw_coincident,2019-12-01,98.15027541
tw_coincident,2020-01-01,97.50264524
tw_coincident,2020-02-01,96.57609389
tw_coincident,2020-03-01,95.60510584
tw_coincident,2020-04-01,94.81541574
tw_coincident,2020-05-01,94.51784693
tw_coincident,2020-06-01,94.83288364
tw_coincident,2020-07-01,95.70853252
tw_coincident,2020-08-01,96.97348168
tw_coincident,2020-09-01,98.43483898
tw_coincident,2020-10-01,99.95182882
tw_coincident,2020-11-01,101.4209673
tw_coincident,2020-12-01,102.6962899
tw_coincident,2021-01-01,103.7221397
tw_coincident,2021-02-01,104.4537761
tw_coincident,2021-03-01,104.8700745
tw_coincident,2021-04-01,105.0789256
tw_coincident,2021-05-01,105.1477078
tw_coincident,2021-06-01,105.208992
tw_coincident,2021-07-01,105.5112051
tw_coincident,2021-08-01,106.1054299
tw_coincident,2021-09-01,106.930769
tw_coincident,2021-10-01,107.8219719
tw_coincident,2021-11-01,108.5935302
tw_coincident,2021-12-01,109.1669392
tw_coincident,2022-01-01,109.4861467
tw_coincident,2022-02-01,109.5227686
tw_coincident,2022-03-01,109.1914622
tw_coincident,2022-04-01,108.5571848
tw_coincident,2022-05-01,107.6194957
tw_coincident,2022-06-01,106.4758383
tw_coincident,2022-07-01,105.0958635
tw_coincident,2022-08-01,103.4775845
tw_coincident,2022-09-01,101.7525172
tw_coincident,2022-10-01,100.0376804
tw_coincident,2022-11-01,98.37241629
tw_coincident,2022-12-01,96.89991986
tw_coincident,2023-01-01,95.64781615
tw_coincident,2023-02-01,94.66462052
tw_coincident,2023-03-01,93.9877733
tw_coincident,2023-04-01,93.64136553
tw_coincident,2023-05-01,93.61072134
tw_coincident,2023-06-01,93.88051737
tw_coincident,2023-07-01,94.38006204
tw_coincident,2023-08-01,94.8833221
tw_coincident,2023-09-01,95.33836316
tw_coincident,2023-10-01,95.6142
tw_coincident,2023-11-01,95.72916307
tw_coincident,2023-12-01,95.8146866
tw_coincident,2024-01-01,95.9391429
tw_coincident,2024-02-01,96.16529745
tw_coincident,2024-03-01,96.52867206
tw_coincident,2024-04-01,96.9592876
tw_coincident,2024-05-01,97.37172838
tw_coincident,2024-06-01,97.69025193
tw_coincident,2024-07-01,97.83982036
tw_coincident,2024-08-01,97.83356954
tw_coincident,2024-09-01,97.68856645
tw_coincident,2024-10-01,97.5536255
tw_coincident,2024-11-01,97.58289585
tw_coincident,2024-12-01,97.7812582
tw_coincident,2025-01-01,98.17259098
tw_coincident,2025-02-01,98.78780369
tw_coincident,2025-03-01,99.49456199
tw_coincident,2025-04-01,100.1422427
tw_coincident,2025-05-01,100.4896138
tw_coincident,2025-06-01,100.5019349
tw_coincident,2025-07-01,100.3575028
tw_coincident,2025-08-01,100.2384029
tw_coincident,2025-09-01,100.2382081
tw_coincident,2025-10-01,100.4609735
tw_coincident,2025-11-01,100.9111537
tw_coincident,2025-12-01,101.5227014
tw_coincident,2026-01-01,102.3257826
tw_coincident,2026-02-01,103.1911957
tw_coincident,2026-03-01,104.0245906
tw_coincident,2026-04-01,104.6907625
tw_coincident,2026-05-01,105.2713384
tw_coincident,2026-06-01,105.7225372
tw_coincident,2026-07-01,106.0881387
tw_coincident,2026-08-01,106.4711496
tw_export,1982-01-01,65.56
tw_export,1982-02-01,57.99
tw_export,1982-03-01,70.61
tw_export,1982-04-01,71.81
tw_export,1982-05-01,76.04
tw_export,1982-06-01,72.64
tw_export,1982-07-01,78.69
tw_export,1982-08-01,78.72
tw_export,1982-09-01,72.26
tw_export,1982-10-01,69.28
tw_export,1982-11-01,71.17
tw_export,1982-12-01,83.07
tw_export,1983-01-01,66.63
tw_export,1983-02-01,62.68
tw_export,1983-03-01,71.38
tw_export,1983-04-01,83.61
tw_export,1983-05-01,85.96
tw_export,1983-06-01,88.82
tw_export,1983-07-01,93.15
tw_export,1983-08-01,96.42
tw_export,1983-09-01,86.84
tw_export,1983-10-01,85.9
tw_export,1983-11-01,94.73
tw_export,1983-12-01,92.66
tw_export,1984-01-01,94.91
tw_export,1984-02-01,76.52
tw_export,1984-03-01,99.2
tw_export,1984-04-01,103.59
tw_export,1984-05-01,114.16
tw_export,1984-06-01,107.75
tw_export,1984-07-01,115.71
tw_export,1984-08-01,108.61
tw_export,1984-09-01,94.58
tw_export,1984-10-01,103.97
tw_export,1984-11-01,97.29
tw_export,1984-12-01,93.29
tw_export,1985-01-01,108.04
tw_export,1985-02-01,82.78
tw_export,1985-03-01,88.24
tw_export,1985-04-01,106.64
tw_export,1985-05-01,105.29
tw_export,1985-06-01,105.65
tw_export,1985-07-01,110.77
tw_export,1985-08-01,100.73
tw_export,1985-09-01,103.29
tw_export,1985-10-01,105.0
tw_export,1985-11-01,106.48
tw_export,1985-12-01,103.82
tw_export,1986-01-01,123.44
tw_export,1986-02-01,90.19
tw_export,1986-03-01,116.85
tw_export,1986-04-01,122.01
tw_export,1986-05-01,120.67
tw_export,1986-06-01,127.99
tw_export,1986-07-01,136.75
tw_export,1986-08-01,136.98
tw_export,1986-09-01,118.69
tw_export,1986-10-01,141.75
tw_export,1986-11-01,140.3
tw_export,1986-12-01,134.02
tw_export,1987-01-01,118.71
tw_export,1987-02-01,135.23
tw_export,1987-03-01,142.57
tw_export,1987-04-01,150.55
tw_export,1987-05-01,144.16
tw_export,1987-06-01,155.91
tw_export,1987-07-01,138.76
tw_export,1987-08-01,151.63
tw_export,1987-09-01,154.34
tw_export,1987-10-01,128.26
tw_export,1987-11-01,154.97
tw_export,1987-12-01,134.91
tw_export,1988-01-01,140.14
tw_export,1988-02-01,122.99
tw_export,1988-03-01,129.85
tw_export,1988-04-01,138.18
tw_export,1988-05-01,154.45
tw_export,1988-06-01,151.61
tw_export,1988-07-01,150.41
tw_export,1988-08-01,163.58
tw_export,1988-09-01,129.29
tw_export,1988-10-01,156.54
tw_export,1988-11-01,154.64
tw_export,1988-12-01,143.45
tw_export,1989-01-01,149.82
tw_export,1989-02-01,113.42
tw_export,1989-03-01,152.27
tw_export,1989-04-01,152.71
tw_export,1989-05-01,163.39
tw_export,1989-06-01,136.7
tw_export,1989-07-01,165.45
tw_export,1989-08-01,153.2
tw_export,1989-09-01,135.15
tw_export,1989-10-01,146.52
tw_export,1989-11-01,142.87
tw_export,1989-12-01,139.73
tw_export,1990-01-01,129.29
tw_export,1990-02-01,131.91
tw_export,1990-03-01,138.25
tw_export,1990-04-01,150.73
tw_export,1990-05-01,148.98
tw_export,1990-06-01,144.67
tw_export,1990-07-01,169.98
tw_export,1990-08-01,157.51
tw_export,1990-09-01,152.78
tw_export,1990-10-01,169.31
tw_export,1990-11-01,166.03
tw_export,1990-12-01,149.01
tw_export,1991-01-01,169.33
tw_export,1991-02-01,133.25
tw_export,1991-03-01,155.43
tw_export,1991-04-01,154.46
tw_export,1991-05-01,185.92
tw_export,1991-06-01,187.79
tw_export,1991-07-01,193.0
tw_export,1991-08-01,165.83
tw_export,1991-09-01,185.65
tw_export,1991-10-01,176.14
tw_export,1991-11-01,184.03
tw_export,1991-12-01,160.23
tw_export,1992-01-01,177.83
tw_export,1992-02-01,130.99
tw_export,1992-03-01,175.84
tw_export,1992-04-01,178.55
tw_export,1992-05-01,176.3
tw_export,1992-06-01,171.42
tw_export,1992-07-01,171.16
tw_export,1992-08-01,183.56
tw_export,1992-09-01,164.53
tw_export,1992-10-01,178.82
tw_export,1992-11-01,191.64
tw_export,1992-12-01,163.73
tw_export,1993-01-01,162.04
tw_export,1993-02-01,163.67
tw_export,1993-03-01,193.28
tw_export,1993-04-01,181.72
tw_export,1993-05-01,209.02
tw_export,1993-06-01,184.78
tw_export,1993-07-01,192.76
tw_export,1993-08-01,207.25
tw_export,1993-09-01,174.83
tw_export,1993-10-01,201.86
tw_export,1993-11-01,203.68
tw_export,1993-12-01,186.94
tw_export,1994-01-01,197.67
tw_export,1994-02-01,153.24
tw_export,1994-03-01,191.63
tw_export,1994-04-01,201.47
tw_export,1994-05-01,227.68
tw_export,1994-06-01,196.88
tw_export,1994-07-01,211.52
tw_export,1994-08-01,214.01
tw_export,1994-09-01,201.22
tw_export,1994-10-01,232.15
tw_export,1994-11-01,249.01
tw_export,1994-12-01,212.57
tw_export,1995-01-01,196.69
tw_export,1995-02-01,226.19
tw_export,1995-03-01,239.61
tw_export,1995-04-01,248.99
tw_export,1995-05-01,257.95
tw_export,1995-06-01,224.43
tw_export,1995-07-01,268.06
tw_export,1995-08-01,270.16
tw_export,1995-09-01,242.42
tw_export,1995-10-01,288.56
tw_export,1995-11-01,274.3
tw_export,1995-12-01,256.83
tw_export,1996-01-01,295.95
tw_export,1996-02-01,209.77
tw_export,1996-03-01,250.47
tw_export,1996-04-01,277.45
tw_export,1996-05-01,262.62
tw_export,1996-06-01,270.96
tw_export,1996-07-01,264.89
tw_export,1996-08-01,270.51
tw_export,1996-09-01,273.16
tw_export,1996-10-01,273.31
tw_export,1996-11-01,286.47
tw_export,1996-12-01,285.99
tw_export,1997-01-01,287.65
tw_export,1997-02-01,215.3
tw_export,1997-03-01,297.78
tw_export,1997-04-01,275.0
tw_export,1997-05-01,285.72
tw_export,1997-06-01,282.41
tw_export,1997-07-01,302.38
tw_export,1997-08-01,274.88
tw_export,1997-09-01,314.88
tw_export,1997-10-01,302.66
tw_export,1997-11-01,356.73
tw_export,1997-12-01,346.11
tw_export,1998-01-01,256.4
tw_export,1998-02-01,293.46
tw_export,1998-03-01,347.18
tw_export,1998-04-01,303.52
tw_export,1998-05-01,314.77
tw_export,1998-06-01,317.25
tw_export,1998-07-01,312.8
tw_export,1998-08-01,338.11
tw_export,1998-09-01,334.35
tw_export,1998-10-01,296.58
tw_export,1998-11-01,345.97
tw_export,1998-12-01,300.09
tw_export,1999-01-01,320.63
tw_export,1999-02-01,248.18
tw_export,1999-03-01,348.92
tw_export,1999-04-01,305.92
tw_export,1999-05-01,352.72
tw_export,1999-06-01,326.18
tw_export,1999-07-01,326.8
tw_export,1999-08-01,349.7
tw_export,1999-09-01,309.23
tw_export,1999-10-01,370.21
tw_export,1999-11-01,372.7
tw_export,1999-12-01,355.19
tw_export,2000-01-01,377.75
tw_export,2000-02-01,282.41
tw_export,2000-03-01,375.19
tw_export,2000-04-01,382.81
tw_export,2000-05-01,411.61
tw_export,2000-06-01,391.04
tw_export,2000-07-01,428.41
tw_export,2000-08-01,405.17
tw_export,2000-09-01,412.65
tw_export,2000-10-01,436.31
tw_export,2000-11-01,417.14
tw_export,2000-12-01,408.79
tw_export,2001-01-01,331.63
tw_export,2001-02-01,336.71
tw_export,2001-03-01,389.53
tw_export,2001-04-01,366.9
tw_export,2001-05-01,342.38
tw_export,2001-06-01,360.71
tw_export,2001-07-01,347.42
tw_export,2001-08-01,338.64
tw_export,2001-09-01,316.01
tw_export,2001-10-01,409.97
tw_export,2001-11-01,362.89
tw_export,2001-12-01,367.78
tw_export,2002-01-01,351.7
tw_export,2002-02-01,291.12
tw_export,2002-03-01,417.98
tw_export,2002-04-01,395.19
tw_export,2002-05-01,395.69
tw_export,2002-06-01,398.5
tw_export,2002-07-01,387.86
tw_export,2002-08-01,381.21
tw_export,2002-09-01,402.41
tw_export,2002-10-01,417.15
tw_export,2002-11-01,428.78
tw_export,2002-12-01,425.24
tw_export,2003-01-01,365.12
tw_export,2003-02-01,354.29
tw_export,2003-03-01,459.19
tw_export,2003-04-01,420.62
tw_export,2003-05-01,408.75
tw_export,2003-06-01,421.26
tw_export,2003-07-01,420.48
tw_export,2003-08-01,445.86
tw_export,2003-09-01,452.08
tw_export,2003-10-01,463.43
tw_export,2003-11-01,492.76
tw_export,2003-12-01,501.91
tw_export,2004-01-01,421.74
tw_export,2004-02-01,463.79
tw_export,2004-03-01,518.08
tw_export,2004-04-01,490.4
tw_export,2004-05-01,551.49
tw_export,2004-06-01,514.53
tw_export,2004-07-01,521.49
tw_export,2004-08-01,530.31
tw_export,2004-09-01,535.0
tw_export,2004-10-01,550.38
tw_export,2004-11-01,544.27
tw_export,2004-12-01,507.04
tw_export,2005-01-01,520.03
tw_export,2005-02-01,389.58
tw_export,2005-03-01,515.73
tw_export,2005-04-01,520.6
tw_export,2005-05-01,538.93
tw_export,2005-06-01,490.7
tw_export,2005-07-01,517.13
tw_export,2005-08-01,532.26
tw_export,2005-09-01,556.72
tw_export,2005-10-01,629.42
tw_export,2005-11-01,610.8
tw_export,2005-12-01,605.0
tw_export,2006-01-01,550.2
tw_export,2006-02-01,499.38
tw_export,2006-03-01,585.18
tw_export,2006-04-01,616.89
tw_export,2006-05-01,605.71
tw_export,2006-06-01,588.42
tw_export,2006-07-01,643.02
tw_export,2006-08-01,639.86
tw_export,2006-09-01,665.96
tw_export,2006-10-01,661.27
tw_export,2006-11-01,650.4
tw_export,2006-12-01,645.67
tw_export,2007-01-01,653.45
tw_export,2007-02-01,493.71
tw_export,2007-03-01,657.02
tw_export,2007-04-01,661.15
tw_export,2007-05-01,656.48
tw_export,2007-06-01,671.29
tw_export,2007-07-01,701.94
tw_export,2007-08-01,705.2
tw_export,2007-09-01,737.98
tw_export,2007-10-01,748.75
tw_export,2007-11-01,713.75
tw_export,2007-12-01,764.98
tw_export,2008-01-01,722.51
tw_export,2008-02-01,569.28
tw_export,2008-03-01,756.96
tw_export,2008-04-01,689.82
tw_export,2008-05-01,726.52
tw_export,2008-06-01,745.76
tw_export,2008-07-01,701.68
tw_export,2008-08-01,783.72
tw_export,2008-09-01,700.32
tw_export,2008-10-01,674.82
tw_export,2008-11-01,559.95
tw_export,2008-12-01,458.5
tw_export,2009-01-01,413.05
tw_export,2009-02-01,430.08
tw_export,2009-03-01,544.31
tw_export,2009-04-01,503.44
tw_export,2009-05-01,541.82
tw_export,2009-06-01,558.16
tw_export,2009-07-01,572.07
tw_export,2009-08-01,627.97
tw_export,2009-09-01,630.78
tw_export,2009-10-01,645.22
tw_export,2009-11-01,653.17
tw_export,2009-12-01,649.44
tw_export,2010-01-01,700.01
tw_export,2010-02-01,538.79
tw_export,2010-03-01,753.21
tw_export,2010-04-01,699.26
tw_export,2010-05-01,811.1
tw_export,2010-06-01,742.08
tw_export,2010-07-01,775.86
tw_export,2010-08-01,777.31
tw_export,2010-09-01,723.66
tw_export,2010-10-01,761.47
tw_export,2010-11-01,748.23
tw_export,2010-12-01,726.4
tw_export,2011-01-01,750.59
tw_export,2011-02-01,626.83
tw_export,2011-03-01,814.4
tw_export,2011-04-01,807.87
tw_export,2011-05-01,809.3
tw_export,2011-06-01,733.32
tw_export,2011-07-01,821.56
tw_export,2011-08-01,755.72
tw_export,2011-09-01,730.0
tw_export,2011-10-01,835.19
tw_export,2011-11-01,751.06
tw_export,2011-12-01,736.58
tw_export,2012-01-01,644.81
tw_export,2012-02-01,704.96
tw_export,2012-03-01,789.58
tw_export,2012-04-01,763.89
tw_export,2012-05-01,777.06
tw_export,2012-06-01,738.28
tw_export,2012-07-01,755.19
tw_export,2012-08-01,752.35
tw_export,2012-09-01,818.19
tw_export,2012-10-01,787.16
tw_export,2012-11-01,736.34
tw_export,2012-12-01,769.53
tw_export,2013-01-01,754.73
tw_export,2013-02-01,587.16
tw_export,2013-03-01,822.83
tw_export,2013-04-01,761.43
tw_export,2013-05-01,804.73
tw_export,2013-06-01,804.71
tw_export,2013-07-01,774.61
tw_export,2013-08-01,778.62
tw_export,2013-09-01,766.11
tw_export,2013-10-01,798.78
tw_export,2013-11-01,772.71
tw_export,2013-12-01,792.63
tw_export,2014-01-01,742.36
tw_export,2014-02-01,653.85
tw_export,2014-03-01,856.77
tw_export,2014-04-01,821.9
tw_export,2014-05-01,819.49
tw_export,2014-06-01,821.53
tw_export,2014-07-01,816.76
tw_export,2014-08-01,855.73
tw_export,2014-09-01,804.76
tw_export,2014-10-01,829.0
tw_export,2014-11-01,830.36
tw_export,2014-12-01,810.92
tw_export,2015-01-01,808.58
tw_export,2015-02-01,630.92
tw_export,2015-03-01,805.67
tw_export,2015-04-01,743.37
tw_export,2015-05-01,795.11
tw_export,2015-06-01,719.55
tw_export,2015-07-01,736.51
tw_export,2015-08-01,768.28
tw_export,2015-09-01,746.46
tw_export,2015-10-01,795.06
tw_export,2015-11-01,731.67
tw_export,2015-12-01,732.55
tw_export,2016-01-01,730.9
tw_export,2016-02-01,586.8
tw_export,2016-03-01,746.46
tw_export,2016-04-01,714.43
tw_export,2016-05-01,762.72
tw_export,2016-06-01,741.92
tw_export,2016-07-01,774.53
tw_export,2016-08-01,777.13
tw_export,2016-09-01,711.0
tw_export,2016-10-01,838.28
tw_export,2016-11-01,793.19
tw_export,2016-12-01,819.81
tw_export,2017-01-01,754.31
tw_export,2017-02-01,699.73
tw_export,2017-03-01,787.45
tw_export,2017-04-01,733.96
tw_export,2017-05-01,763.79
tw_export,2017-06-01,773.8
tw_export,2017-07-01,819.56
tw_export,2017-08-01,836.02
tw_export,2017-09-01,864.96
tw_export,2017-10-01,827.97
tw_export,2017-11-01,863.18
tw_export,2017-12-01,881.04
tw_export,2018-01-01,808.9
tw_export,2018-02-01,647.84
tw_export,2018-03-01,871.5
tw_export,2018-04-01,775.28
tw_export,2018-05-01,860.86
tw_export,2018-06-01,840.81
tw_export,2018-07-01,860.42
tw_export,2018-08-01,860.89
tw_export,2018-09-01,906.76
tw_export,2018-10-01,906.31
tw_export,2018-11-01,854.33
tw_export,2018-12-01,875.18
tw_export,2019-01-01,835.72
tw_export,2019-02-01,625.79
tw_export,2019-03-01,877.42
tw_export,2019-04-01,788.03
tw_export,2019-05-01,852.95
tw_export,2019-06-01,887.81
tw_export,2019-07-01,872.9
tw_export,2019-08-01,902.17
tw_export,2019-09-01,877.09
tw_export,2019-10-01,894.74
tw_export,2019-11-01,870.37
tw_export,2019-12-01,896.94
tw_export,2020-01-01,751.69
tw_export,2020-02-01,760.75
tw_export,2020-03-01,850.84
tw_export,2020-04-01,761.34
tw_export,2020-05-01,808.08
tw_export,2020-06-01,809.34
tw_export,2020-07-01,833.09
tw_export,2020-08-01,919.52
tw_export,2020-09-01,903.92
tw_export,2020-10-01,935.88
tw_export,2020-11-01,921.39
tw_export,2020-12-01,942.9
tw_export,2021-01-01,974.87
tw_export,2021-02-01,788.19
tw_export,2021-03-01,1013.09
tw_export,2021-04-01,994.72
tw_export,2021-05-01,1047.76
tw_export,2021-06-01,1016.29
tw_export,2021-07-01,1058.49
tw_export,2021-08-01,1102.42
tw_export,2021-09-01,1100.1
tw_export,2021-10-01,1118.5
tw_export,2021-11-01,1157.32
tw_export,2021-12-01,1129.85
tw_export,2022-01-01,1105.52
tw_export,2022-02-01,1041.6
tw_export,2022-03-01,1228.75
tw_export,2022-04-01,1194.51
tw_export,2022-05-01,1242.83
tw_export,2022-06-01,1246.5
tw_export,2022-07-01,1289.04
tw_export,2022-08-01,1206.97
tw_export,2022-09-01,1151.06
tw_export,2022-10-01,1265.68
tw_export,2022-11-01,1150.54
tw_export,2022-12-01,1095.27
tw_export,2023-01-01,963.9
tw_export,2023-02-01,937.09
tw_export,2023-03-01,1075.336
tw_export,2023-04-01,1093.816
tw_export,2023-05-01,1108.92
tw_export,2023-06-01,993.102
tw_export,2023-07-01,1199.681
tw_export,2023-08-01,1181.937
tw_export,2023-09-01,1237.515
tw_export,2023-10-01,1227.285
tw_export,2023-11-01,1207.995
tw_export,2023-12-01,1255.53
tw_export,2024-01-01,1154.028
tw_export,2024-02-01,985.601
tw_export,2024-03-01,1319.319
tw_export,2024-04-01,1201.936
tw_export,2024-05-01,1209.873
tw_export,2024-06-01,1288.938
tw_export,2024-07-01,1297.449
tw_export,2024-08-01,1421.71
tw_export,2024-09-01,1298.002
tw_export,2024-10-01,1320.601
tw_export,2024-11-01,1321.086
tw_export,2024-12-01,1414.727
tw_export,2025-01-01,1272.979
tw_export,2025-02-01,1353.171
tw_export,2025-03-01,1627.967
tw_export,2025-04-01,1600.01
tw_export,2025-05-01,1601.325
tw_export,2025-06-01,1592.33
tw_export,2025-07-01,1654.391
tw_export,2025-08-01,1740.06
tw_export,2025-09-01,1648.305
tw_export,2025-10-01,1855.228
tw_export,2025-11-01,1982.716
tw_export,2025-12-01,1958.226
tw_export,2026-01-01,2073.372
tw_export,2026-02-01,1571.858
tw_export,2026-03-01,2536.954
tw_export,2026-04-01,2153.671
tw_export,2026-05-01,2475.946
tw_export,2026-06-01,2356.625
tw_export,2026-07-01,2409.368
tw_export,2026-08-01,2655.817
tw_ipi,1996-01-01,29.62
tw_ipi,1996-02-01,24.8
tw_ipi,1996-03-01,29.68
tw_ipi,1996-04-01,29.68
tw_ipi,1996-05-01,30.88
tw_ipi,1996-06-01,30.03
tw_ipi,1996-07-01,30.71
tw_ipi,1996-08-01,30.86
tw_ipi,1996-09-01,30.09
tw_ipi,1996-10-01,31.29
tw_ipi,1996-11-01,31.73
tw_ipi,1996-12-01,32.89
tw_ipi,1997-01-01,31.4
tw_ipi,1997-02-01,25.18
tw_ipi,1997-03-01,32.89
tw_ipi,1997-04-01,31.8
tw_ipi,1997-05-01,33.09
tw_ipi,1997-06-01,31.55
tw_ipi,1997-07-01,32.95
tw_ipi,1997-08-01,32.66
tw_ipi,1997-09-01,32.58
tw_ipi,1997-10-01,34.63
tw_ipi,1997-11-01,33.52
tw_ipi,1997-12-01,35.81
tw_ipi,1998-01-01,29.36
tw_ipi,1998-02-01,30.34
tw_ipi,1998-03-01,34.19
tw_ipi,1998-04-01,33.6
tw_ipi,1998-05-01,33.42
tw_ipi,1998-06-01,33.54
tw_ipi,1998-07-01,34.01
tw_ipi,1998-08-01,33.83
tw_ipi,1998-09-01,34.41
tw_ipi,1998-10-01,35.01
tw_ipi,1998-11-01,34.63
tw_ipi,1998-12-01,35.32
tw_ipi,1999-01-01,34.14
tw_ipi,1999-02-01,28.23
tw_ipi,1999-03-01,36.6
tw_ipi,1999-04-01,36.32
tw_ipi,1999-05-01,36.86
tw_ipi,1999-06-01,36.58
tw_ipi,1999-07-01,36.84
tw_ipi,1999-08-01,36.77
tw_ipi,1999-09-01,34.0
tw_ipi,1999-10-01,37.8
tw_ipi,1999-11-01,38.14
tw_ipi,1999-12-01,39.02
tw_ipi,2000-01-01,37.57
tw_ipi,2000-02-01,30.92
tw_ipi,2000-03-01,40.19
tw_ipi,2000-04-01,37.71
tw_ipi,2000-05-01,40.02
tw_ipi,2000-06-01,39.88
tw_ipi,2000-07-01,39.32
tw_ipi,2000-08-01,39.95
tw_ipi,2000-09-01,40.04
tw_ipi,2000-10-01,40.51
tw_ipi,2000-11-01,39.32
tw_ipi,2000-12-01,39.23
tw_ipi,2001-01-01,33.33
tw_ipi,2001-02-01,34.88
tw_ipi,2001-03-01,38.71
tw_ipi,2001-04-01,35.25
tw_ipi,2001-05-01,36.69
tw_ipi,2001-06-01,34.64
tw_ipi,2001-07-01,34.43
tw_ipi,2001-08-01,36.52
tw_ipi,2001-09-01,33.58
tw_ipi,2001-10-01,36.96
tw_ipi,2001-11-01,35.74
tw_ipi,2001-12-01,35.34
tw_ipi,2002-01-01,36.49
tw_ipi,2002-02-01,30.04
tw_ipi,2002-03-01,38.92
tw_ipi,2002-04-01,39.0
tw_ipi,2002-05-01,40.72
tw_ipi,2002-06-01,38.31
tw_ipi,2002-07-01,39.87
tw_ipi,2002-08-01,39.99
tw_ipi,2002-09-01,38.74
tw_ipi,2002-10-01,40.66
tw_ipi,2002-11-01,39.66
tw_ipi,2002-12-01,39.9
tw_ipi,2003-01-01,40.62
tw_ipi,2003-02-01,33.98
tw_ipi,2003-03-01,41.24
tw_ipi,2003-04-01,40.8
tw_ipi,2003-05-01,41.31
tw_ipi,2003-06-01,40.42
tw_ipi,2003-07-01,43.08
tw_ipi,2003-08-01,42.93
tw_ipi,2003-09-01,42.55
tw_ipi,2003-10-01,45.63
tw_ipi,2003-11-01,44.24
tw_ipi,2003-12-01,47.51
tw_ipi,2004-01-01,40.7
tw_ipi,2004-02-01,43.37
tw_ipi,2004-03-01,47.9
tw_ipi,2004-04-01,46.43
tw_ipi,2004-05-01,47.29
tw_ipi,2004-06-01,46.47
tw_ipi,2004-07-01,46.53
tw_ipi,2004-08-01,46.05
tw_ipi,2004-09-01,46.08
tw_ipi,2004-10-01,47.06
tw_ipi,2004-11-01,46.75
tw_ipi,2004-12-01,47.21
tw_ipi,2005-01-01,46.82
tw_ipi,2005-02-01,38.19
tw_ipi,2005-03-01,48.75
tw_ipi,2005-04-01,47.18
tw_ipi,2005-05-01,47.55
tw_ipi,2005-06-01,47.5
tw_ipi,2005-07-01,46.58
tw_ipi,2005-08-01,48.85
tw_ipi,2005-09-01,48.52
tw_ipi,2005-10-01,49.61
tw_ipi,2005-11-01,49.37
tw_ipi,2005-12-01,50.18
tw_ipi,2006-01-01,47.86
tw_ipi,2006-02-01,43.57
tw_ipi,2006-03-01,51.92
tw_ipi,2006-04-01,49.58
tw_ipi,2006-05-01,51.08
tw_ipi,2006-06-01,49.87
tw_ipi,2006-07-01,49.79
tw_ipi,2006-08-01,51.33
tw_ipi,2006-09-01,50.01
tw_ipi,2006-10-01,50.08
tw_ipi,2006-11-01,49.98
tw_ipi,2006-12-01,49.49
tw_ipi,2007-01-01,50.85
tw_ipi,2007-02-01,41.3
tw_ipi,2007-03-01,52.28
tw_ipi,2007-04-01,51.56
tw_ipi,2007-05-01,54.85
tw_ipi,2007-06-01,53.54
tw_ipi,2007-07-01,55.89
tw_ipi,2007-08-01,56.2
tw_ipi,2007-09-01,53.93
tw_ipi,2007-10-01,58.43
tw_ipi,2007-11-01,56.67
tw_ipi,2007-12-01,56.58
tw_ipi,2008-01-01,57.32
tw_ipi,2008-02-01,48.52
tw_ipi,2008-03-01,57.65
tw_ipi,2008-04-01,57.58
tw_ipi,2008-05-01,58.31
tw_ipi,2008-06-01,56.58
tw_ipi,2008-07-01,57.58
tw_ipi,2008-08-01,57.4
tw_ipi,2008-09-01,53.98
tw_ipi,2008-10-01,51.07
tw_ipi,2008-11-01,41.24
tw_ipi,2008-12-01,38.92
tw_ipi,2009-01-01,32.18
tw_ipi,2009-02-01,35.09
tw_ipi,2009-03-01,42.27
tw_ipi,2009-04-01,45.95
tw_ipi,2009-05-01,48.35
tw_ipi,2009-06-01,51.14
tw_ipi,2009-07-01,53.63
tw_ipi,2009-08-01,52.95
tw_ipi,2009-09-01,55.18
tw_ipi,2009-10-01,56.19
tw_ipi,2009-11-01,55.96
tw_ipi,2009-12-01,58.79
tw_ipi,2010-01-01,57.21
tw_ipi,2010-02-01,50.49
tw_ipi,2010-03-01,61.85
tw_ipi,2010-04-01,62.36
tw_ipi,2010-05-01,63.69
tw_ipi,2010-06-01,64.36
tw_ipi,2010-07-01,65.98
tw_ipi,2010-08-01,64.34
tw_ipi,2010-09-01,61.92
tw_ipi,2010-10-01,62.8
tw_ipi,2010-11-01,65.11
tw_ipi,2010-12-01,67.58
tw_ipi,2011-01-01,65.82
tw_ipi,2011-02-01,55.87
tw_ipi,2011-03-01,68.43
tw_ipi,2011-04-01,65.31
tw_ipi,2011-05-01,67.27
tw_ipi,2011-06-01,65.55
tw_ipi,2011-07-01,66.35
tw_ipi,2011-08-01,64.95
tw_ipi,2011-09-01,61.09
tw_ipi,2011-10-01,63.13
tw_ipi,2011-11-01,60.8
tw_ipi,2011-12-01,60.74
tw_ipi,2012-01-01,55.27
tw_ipi,2012-02-01,59.64
tw_ipi,2012-03-01,67.1
tw_ipi,2012-04-01,64.93
tw_ipi,2012-05-01,67.2
tw_ipi,2012-06-01,63.54
tw_ipi,2012-07-01,66.92
tw_ipi,2012-08-01,67.48
tw_ipi,2012-09-01,64.89
tw_ipi,2012-10-01,66.64
tw_ipi,2012-11-01,65.33
tw_ipi,2012-12-01,63.77
tw_ipi,2013-01-01,67.0
tw_ipi,2013-02-01,54.76
tw_ipi,2013-03-01,67.31
tw_ipi,2013-04-01,66.07
tw_ipi,2013-05-01,69.42
tw_ipi,2013-06-01,67.15
tw_ipi,2013-07-01,70.84
tw_ipi,2013-08-01,69.35
tw_ipi,2013-09-01,66.59
tw_ipi,2013-10-01,68.44
tw_ipi,2013-11-01,66.63
tw_ipi,2013-12-01,69.53
tw_ipi,2014-01-01,66.81
tw_ipi,2014-02-01,59.88
tw_ipi,2014-03-01,70.55
tw_ipi,2014-04-01,70.57
tw_ipi,2014-05-01,73.11
tw_ipi,2014-06-01,72.78
tw_ipi,2014-07-01,75.63
tw_ipi,2014-08-01,75.1
tw_ipi,2014-09-01,74.11
tw_ipi,2014-10-01,75.98
tw_ipi,2014-11-01,72.91
tw_ipi,2014-12-01,75.79
tw_ipi,2015-01-01,74.19
tw_ipi,2015-02-01,62.06
tw_ipi,2015-03-01,76.1
tw_ipi,2015-04-01,72.32
tw_ipi,2015-05-01,72.72
tw_ipi,2015-06-01,72.75
tw_ipi,2015-07-01,73.39
tw_ipi,2015-08-01,70.29
tw_ipi,2015-09-01,69.93
tw_ipi,2015-10-01,71.02
tw_ipi,2015-11-01,67.87
tw_ipi,2015-12-01,70.9
tw_ipi,2016-01-01,68.6
tw_ipi,2016-02-01,58.05
tw_ipi,2016-03-01,73.57
tw_ipi,2016-04-01,68.85
tw_ipi,2016-05-01,73.5
tw_ipi,2016-06-01,74.44
tw_ipi,2016-07-01,74.49
tw_ipi,2016-08-01,77.01
tw_ipi,2016-09-01,75.99
tw_ipi,2016-10-01,76.36
tw_ipi,2016-11-01,78.43
tw_ipi,2016-12-01,78.38
tw_ipi,2017-01-01,72.47
tw_ipi,2017-02-01,67.43
tw_ipi,2017-03-01,79.7
tw_ipi,2017-04-01,69.67
tw_ipi,2017-05-01,75.9
tw_ipi,2017-06-01,78.71
tw_ipi,2017-07-01,76.39
tw_ipi,2017-08-01,81.46
tw_ipi,2017-09-01,80.04
tw_ipi,2017-10-01,78.36
tw_ipi,2017-11-01,79.89
tw_ipi,2017-12-01,81.46
tw_ipi,2018-01-01,79.31
tw_ipi,2018-02-01,63.76
tw_ipi,2018-03-01,83.86
tw_ipi,2018-04-01,75.35
tw_ipi,2018-05-01,81.98
tw_ipi,2018-06-01,78.81
tw_ipi,2018-07-01,80.02
tw_ipi,2018-08-01,82.51
tw_ipi,2018-09-01,81.11
tw_ipi,2018-10-01,84.6
tw_ipi,2018-11-01,81.4
tw_ipi,2018-12-01,79.85
tw_ipi,2019-01-01,79.78
tw_ipi,2019-02-01,62.7
tw_ipi,2019-03-01,77.52
tw_ipi,2019-04-01,77.05
tw_ipi,2019-05-01,80.43
tw_ipi,2019-06-01,78.63
tw_ipi,2019-07-01,83.92
tw_ipi,2019-08-01,85.07
tw_ipi,2019-09-01,81.72
tw_ipi,2019-10-01,84.28
tw_ipi,2019-11-01,83.75
tw_ipi,2019-12-01,86.85
tw_ipi,2020-01-01,78.32
tw_ipi,2020-02-01,77.42
tw_ipi,2020-03-01,87.56
tw_ipi,2020-04-01,81.23
tw_ipi,2020-05-01,82.42
tw_ipi,2020-06-01,85.22
tw_ipi,2020-07-01,88.2
tw_ipi,2020-08-01,90.24
tw_ipi,2020-09-01,93.41
tw_ipi,2020-10-01,91.23
tw_ipi,2020-11-01,92.67
tw_ipi,2020-12-01,98.0
tw_ipi,2021-01-01,95.39
tw_ipi,2021-02-01,80.59
tw_ipi,2021-03-01,102.74
tw_ipi,2021-04-01,94.47
tw_ipi,2021-05-01,98.96
tw_ipi,2021-06-01,102.67
tw_ipi,2021-07-01,102.98
tw_ipi,2021-08-01,104.03
tw_ipi,2021-09-01,105.03
tw_ipi,2021-10-01,102.79
tw_ipi,2021-11-01,104.05
tw_ipi,2021-12-01,106.33
tw_ipi,2022-01-01,103.46
tw_ipi,2022-02-01,87.87
tw_ipi,2022-03-01,105.75
tw_ipi,2022-04-01,98.84
tw_ipi,2022-05-01,100.63
tw_ipi,2022-06-01,100.38
tw_ipi,2022-07-01,100.51
tw_ipi,2022-08-01,101.9
tw_ipi,2022-09-01,95.76
tw_ipi,2022-10-01,94.37
tw_ipi,2022-11-01,94.38
tw_ipi,2022-12-01,94.03
tw_ipi,2023-01-01,79.34
tw_ipi,2023-02-01,79.18
tw_ipi,2023-03-01,88.89
tw_ipi,2023-04-01,76.06
tw_ipi,2023-05-01,84.34
tw_ipi,2023-06-01,82.81
tw_ipi,2023-07-01,84.76
tw_ipi,2023-08-01,90.57
tw_ipi,2023-09-01,89.34
tw_ipi,2023-10-01,92.46
tw_ipi,2023-11-01,92.79
tw_ipi,2023-12-01,90.57
tw_ipi,2024-01-01,91.54
tw_ipi,2024-02-01,78.61
tw_ipi,2024-03-01,93.23
tw_ipi,2024-04-01,87.75
tw_ipi,2024-05-01,98.11
tw_ipi,2024-06-01,94.08
tw_ipi,2024-07-01,96.31
tw_ipi,2024-08-01,102.66
tw_ipi,2024-09-01,99.97
tw_ipi,2024-10-01,100.58
tw_ipi,2024-11-01,102.44
tw_ipi,2024-12-01,108.37
tw_ipi,2025-01-01,96.89
tw_ipi,2025-02-01,92.9
tw_ipi,2025-03-01,106.39
tw_ipi,2025-04-01,110.05
tw_ipi,2025-05-01,122.25
tw_ipi,2025-06-01,113.41
tw_ipi,2025-07-01,115.63
tw_ipi,2025-08-01,118.22
tw_ipi,2025-09-01,118.12
tw_ipi,2025-10-01,116.56
tw_ipi,2025-11-01,121.28
tw_ipi,2025-12-01,133.38
tw_ipi,2026-01-01,123.9
tw_ipi,2026-02-01,108.35
tw_ipi,2026-03-01,134.18
tw_ipi,2026-04-01,126.49
tw_ipi,2026-05-01,136.74
tw_ipi,2026-06-01,139.0
tw_ipi,2026-07-01,143.32
tw_ipi,2026-08-01,145.97
tw_leading,1982-01-01,100.3404372
tw_leading,1982-02-01,99.91716172
tw_leading,1982-03-01,99.38209488
tw_leading,1982-04-01,98.49098626
tw_leading,1982-05-01,97.34507307
tw_leading,1982-06-01,96.08620361
tw_leading,1982-07-01,94.77700011
tw_leading,1982-08-01,93.68217217
tw_leading,1982-09-01,92.95276023
tw_leading,1982-10-01,92.77341413
tw_leading,1982-11-01,93.3857175
tw_leading,1982-12-01,94.84031238
tw_leading,1983-01-01,96.99419772
tw_leading,1983-02-01,99.36792354
tw_leading,1983-03-01,101.7165413
tw_leading,1983-04-01,103.9773588
tw_leading,1983-05-01,105.6428269
tw_leading,1983-06-01,106.2931259
tw_leading,1983-07-01,105.9156185
tw_leading,1983-08-01,104.5856165
tw_leading,1983-09-01,103.8347323
tw_leading,1983-10-01,103.7549867
tw_leading,1983-11-01,103.9830433
tw_leading,1983-12-01,104.3925126
tw_leading,1984-01-01,105.0457054
tw_leading,1984-02-01,105.9197525
tw_leading,1984-03-01,106.5686089
tw_leading,1984-04-01,106.6594706
tw_leading,1984-05-01,105.9633745
tw_leading,1984-06-01,104.5529701
tw_leading,1984-07-01,102.7703299
tw_leading,1984-08-01,100.9279498
tw_leading,1984-09-01,99.33444875
tw_leading,1984-10-01,98.19524032
tw_leading,1984-11-01,97.5022454
tw_leading,1984-12-01,97.13836704
tw_leading,1985-01-01,96.79621941
tw_leading,1985-02-01,95.80025125
tw_leading,1985-03-01,94.24226016
tw_leading,1985-04-01,92.33688388
tw_leading,1985-05-01,90.32265868
tw_leading,1985-06-01,88.53969032
tw_leading,1985-07-01,87.31176839
tw_leading,1985-08-01,86.92727293
tw_leading,1985-09-01,87.39730393
tw_leading,1985-10-01,88.70339535
tw_leading,1985-11-01,90.62966577
tw_leading,1985-12-01,92.89729422
tw_leading,1986-01-01,95.13078201
tw_leading,1986-02-01,96.81192753
tw_leading,1986-03-01,97.67972666
tw_leading,1986-04-01,97.79015499
tw_leading,1986-05-01,97.39823312
tw_leading,1986-06-01,96.79662478
tw_leading,1986-07-01,96.14016693
tw_leading,1986-08-01,95.76355798
tw_leading,1986-09-01,95.80189599
tw_leading,1986-10-01,96.27096005
tw_leading,1986-11-01,97.09191648
tw_leading,1986-12-01,98.04224756
tw_leading,1987-01-01,99.08664589
tw_leading,1987-02-01,100.0276535
tw_leading,1987-03-01,100.7910801
tw_leading,1987-04-01,101.4355063
tw_leading,1987-05-01,101.9165321
tw_leading,1987-06-01,102.198628
tw_leading,1987-07-01,102.2019899
tw_leading,1987-08-01,101.7902319
tw_leading,1987-09-01,101.207697
tw_leading,1987-10-01,100.5175768
tw_leading,1987-11-01,99.88926418
tw_leading,1987-12-01,99.69211522
tw_leading,1988-01-01,100.0426082
tw_leading,1988-02-01,100.7905764
tw_leading,1988-03-01,101.82228
tw_leading,1988-04-01,103.0692333
tw_leading,1988-05-01,104.3307765
tw_leading,1988-06-01,105.3984777
tw_leading,1988-07-01,106.1238518
tw_leading,1988-08-01,106.1423601
tw_leading,1988-09-01,105.6903965
tw_leading,1988-10-01,105.0339665
tw_leading,1988-11-01,104.4302704
tw_leading,1988-12-01,103.8249728
tw_leading,1989-01-01,103.3552554
tw_leading,1989-02-01,103.0769092
tw_leading,1989-03-01,102.9040727
tw_leading,1989-04-01,102.8125195
tw_leading,1989-05-01,102.7952031
tw_leading,1989-06-01,102.8737682
tw_leading,1989-07-01,102.8884984
tw_leading,1989-08-01,102.5361524
tw_leading,1989-09-01,102.0189891
tw_leading,1989-10-01,101.5621588
tw_leading,1989-11-01,101.2423882
tw_leading,1989-12-01,101.0594785
tw_leading,1990-01-01,100.9241618
tw_leading,1990-02-01,100.5790782
tw_leading,1990-03-01,99.70758372
tw_leading,1990-04-01,98.24908592
tw_leading,1990-05-01,96.37448376
tw_leading,1990-06-01,94.17375096
tw_leading,1990-07-01,91.85466881
tw_leading,1990-08-01,89.82400357
tw_leading,1990-09-01,88.32489026
tw_leading,1990-10-01,87.56823492
tw_leading,1990-11-01,87.60198765
tw_leading,1990-12-01,88.16133203
tw_leading,1991-01-01,89.18885065
tw_leading,1991-02-01,90.62709904
tw_leading,1991-03-01,92.47703945
tw_leading,1991-04-01,94.54103191
tw_leading,1991-05-01,96.4919891
tw_leading,1991-06-01,98.19938341
tw_leading,1991-07-01,99.64206432
tw_leading,1991-08-01,100.7268968
tw_leading,1991-09-01,101.5391375
tw_leading,1991-10-01,102.0299153
tw_leading,1991-11-01,102.239311
tw_leading,1991-12-01,102.2498636
tw_leading,1992-01-01,102.1942435
tw_leading,1992-02-01,102.0806919
tw_leading,1992-03-01,101.9491987
tw_leading,1992-04-01,101.7884729
tw_leading,1992-05-01,101.500262
tw_leading,1992-06-01,101.005248
tw_leading,1992-07-01,100.2559794
tw_leading,1992-08-01,99.32221569
tw_leading,1992-09-01,98.43387396
tw_leading,1992-10-01,97.75240842
tw_leading,1992-11-01,97.22244053
tw_leading,1992-12-01,96.83055295
tw_leading,1993-01-01,96.72021933
tw_leading,1993-02-01,97.00502827
tw_leading,1993-03-01,97.48678582
tw_leading,1993-04-01,98.01224593
tw_leading,1993-05-01,98.34167363
tw_leading,1993-06-01,98.49147864
tw_leading,1993-07-01,98.57803241
tw_leading,1993-08-01,98.70542779
tw_leading,1993-09-01,98.88100371
tw_leading,1993-10-01,99.13851191
tw_leading,1993-11-01,99.52906318
tw_leading,1993-12-01,100.0444991
tw_leading,1994-01-01,100.5376139
tw_leading,1994-02-01,100.9276282
tw_leading,1994-03-01,101.3054234
tw_leading,1994-04-01,101.8190414
tw_leading,1994-05-01,102.5815605
tw_leading,1994-06-01,103.5753747
tw_leading,1994-07-01,104.6519316
tw_leading,1994-08-01,105.6183937
tw_leading,1994-09-01,106.3313427
tw_leading,1994-10-01,106.6191738
tw_leading,1994-11-01,106.332203
tw_leading,1994-12-01,105.558033
tw_leading,1995-01-01,104.4404762
tw_leading,1995-02-01,103.2498542
tw_leading,1995-03-01,102.0083206
tw_leading,1995-04-01,100.7516
tw_leading,1995-05-01,99.54505619
tw_leading,1995-06-01,98.33139652
tw_leading,1995-07-01,97.00331308
tw_leading,1995-08-01,95.58335321
tw_leading,1995-09-01,93.98349772
tw_leading,1995-10-01,92.28094809
tw_leading,1995-11-01,90.68176637
tw_leading,1995-12-01,89.3799675
tw_leading,1996-01-01,88.52332401
tw_leading,1996-02-01,88.30590127
tw_leading,1996-03-01,88.81456881
tw_leading,1996-04-01,89.87101595
tw_leading,1996-05-01,91.28581756
tw_leading,1996-06-01,92.8233778
tw_leading,1996-07-01,94.30127585
tw_leading,1996-08-01,95.6257482
tw_leading,1996-09-01,96.8484554
tw_leading,1996-10-01,97.97417255
tw_leading,1996-11-01,99.0433495
tw_leading,1996-12-01,100.1782664
tw_leading,1997-01-01,101.4272527
tw_leading,1997-02-01,102.8111465
tw_leading,1997-03-01,104.0835798
tw_leading,1997-04-01,104.9647115
tw_leading,1997-05-01,105.489271
tw_leading,1997-06-01,105.7478747
tw_leading,1997-07-01,105.7979307
tw_leading,1997-08-01,105.5944764
tw_leading,1997-09-01,105.0549641
tw_leading,1997-10-01,104.1146879
tw_leading,1997-11-01,102.8879037
tw_leading,1997-12-01,101.4710419
tw_leading,1998-01-01,99.88410731
tw_leading,1998-02-01,98.22472999
tw_leading,1998-03-01,96.52391801
tw_leading,1998-04-01,94.83351819
tw_leading,1998-05-01,93.24933374
tw_leading,1998-06-01,92.01972283
tw_leading,1998-07-01,91.33854285
tw_leading,1998-08-01,91.15035222
tw_leading,1998-09-01,91.37061911
tw_leading,1998-10-01,91.9198537
tw_leading,1998-11-01,92.92286733
tw_leading,1998-12-01,94.44703846
tw_leading,1999-01-01,96.43142154
tw_leading,1999-02-01,98.52383279
tw_leading,1999-03-01,100.5526262
tw_leading,1999-04-01,102.3171084
tw_leading,1999-05-01,103.7837035
tw_leading,1999-06-01,104.8193328
tw_leading,1999-07-01,105.4533405
tw_leading,1999-08-01,105.9026315
tw_leading,1999-09-01,106.3727726
tw_leading,1999-10-01,107.0008919
tw_leading,1999-11-01,107.7611659
tw_leading,1999-12-01,108.5534511
tw_leading,2000-01-01,109.3168703
tw_leading,2000-02-01,110.0350741
tw_leading,2000-03-01,110.1268629
tw_leading,2000-04-01,109.485483
tw_leading,2000-05-01,108.2303962
tw_leading,2000-06-01,106.559534
tw_leading,2000-07-01,104.6459595
tw_leading,2000-08-01,102.6157415
tw_leading,2000-09-01,100.5186759
tw_leading,2000-10-01,98.51360002
tw_leading,2000-11-01,96.78584036
tw_leading,2000-12-01,95.41760646
tw_leading,2001-01-01,94.32989774
tw_leading,2001-02-01,93.18217859
tw_leading,2001-03-01,91.86225203
tw_leading,2001-04-01,90.45969436
tw_leading,2001-05-01,89.14042646
tw_leading,2001-06-01,88.08865242
tw_leading,2001-07-01,87.59708427
tw_leading,2001-08-01,87.8306955
tw_leading,2001-09-01,88.8353725
tw_leading,2001-10-01,90.6376808
tw_leading,2001-11-01,93.06337068
tw_leading,2001-12-01,95.74238739
tw_leading,2002-01-01,98.25532288
tw_leading,2002-02-01,100.3396202
tw_leading,2002-03-01,101.8108283
tw_leading,2002-04-01,102.5948369
tw_leading,2002-05-01,102.7047756
tw_leading,2002-06-01,102.2651605
tw_leading,2002-07-01,101.5045555
tw_leading,2002-08-01,100.5680624
tw_leading,2002-09-01,99.62357627
tw_leading,2002-10-01,98.69957846
tw_leading,2002-11-01,97.81496573
tw_leading,2002-12-01,97.00312458
tw_leading,2003-01-01,96.2330754
tw_leading,2003-02-01,95.55113608
tw_leading,2003-03-01,95.13790098
tw_leading,2003-04-01,95.19627236
tw_leading,2003-05-01,96.0415016
tw_leading,2003-06-01,97.594454
tw_leading,2003-07-01,99.5559962
tw_leading,2003-08-01,101.5248396
tw_leading,2003-09-01,103.2153362
tw_leading,2003-10-01,104.4597481
tw_leading,2003-11-01,105.2970427
tw_leading,2003-12-01,105.9125295
tw_leading,2004-01-01,106.4441684
tw_leading,2004-02-01,106.6901954
tw_leading,2004-03-01,106.5549232
tw_leading,2004-04-01,106.0940739
tw_leading,2004-05-01,105.4059293
tw_leading,2004-06-01,104.5667717
tw_leading,2004-07-01,103.6352248
tw_leading,2004-08-01,102.6662402
tw_leading,2004-09-01,101.7639883
tw_leading,2004-10-01,100.9129362
tw_leading,2004-11-01,100.1091
tw_leading,2004-12-01,99.39376956
tw_leading,2005-01-01,98.78213696
tw_leading,2005-02-01,98.31733268
tw_leading,2005-03-01,98.10623564
tw_leading,2005-04-01,98.11554324
tw_leading,2005-05-01,98.36984672
tw_leading,2005-06-01,98.83629743
tw_leading,2005-07-01,99.39996562
tw_leading,2005-08-01,99.88091266
tw_leading,2005-09-01,100.140424
tw_leading,2005-10-01,100.1596381
tw_leading,2005-11-01,100.0804535
tw_leading,2005-12-01,99.98716072
tw_leading,2006-01-01,100.0265255
tw_leading,2006-02-01,100.2651898
tw_leading,2006-03-01,100.4702002
tw_leading,2006-04-01,100.6479511
tw_leading,2006-05-01,100.8379003
tw_leading,2006-06-01,101.0500497
tw_leading,2006-07-01,101.261873
tw_leading,2006-08-01,101.4237179
tw_leading,2006-09-01,101.5800714
tw_leading,2006-10-01,101.6681052
tw_leading,2006-11-01,101.7710129
tw_leading,2006-12-01,101.9467708
tw_leading,2007-01-01,102.2607687
tw_leading,2007-02-01,102.7540459
tw_leading,2007-03-01,103.4301032
tw_leading,2007-04-01,104.300664
tw_leading,2007-05-01,105.2584754
tw_leading,2007-06-01,106.1522991
tw_leading,2007-07-01,106.8575777
tw_leading,2007-08-01,107.2304574
tw_leading,2007-09-01,107.2594297
tw_leading,2007-10-01,106.9894725
tw_leading,2007-11-01,106.460016
tw_leading,2007-12-01,105.7993475
tw_leading,2008-01-01,105.1600509
tw_leading,2008-02-01,104.6097986
tw_leading,2008-03-01,104.0595842
tw_leading,2008-04-01,103.2550942
tw_leading,2008-05-01,101.931677
tw_leading,2008-06-01,99.92511853
tw_leading,2008-07-01,97.20380432
tw_leading,2008-08-01,93.87095097
tw_leading,2008-09-01,90.07437584
tw_leading,2008-10-01,86.28197372
tw_leading,2008-11-01,83.24571007
tw_leading,2008-12-01,81.66922072
tw_leading,2009-01-01,82.0161023
tw_leading,2009-02-01,83.9467744
tw_leading,2009-03-01,86.93117606
tw_leading,2009-04-01,90.36840348
tw_leading,2009-05-01,93.79393773
tw_leading,2009-06-01,96.92980343
tw_leading,2009-07-01,99.61492166
tw_leading,2009-08-01,101.8463997
tw_leading,2009-09-01,103.5886635
tw_leading,2009-10-01,104.9075845
tw_leading,2009-11-01,105.8391001
tw_leading,2009-12-01,106.3770427
tw_leading,2010-01-01,106.5522036
tw_leading,2010-02-01,106.5114902
tw_leading,2010-03-01,106.373687
tw_leading,2010-04-01,106.129056
tw_leading,2010-05-01,105.8052653
tw_leading,2010-06-01,105.5074565
tw_leading,2010-07-01,105.3714543
tw_leading,2010-08-01,105.4390216
tw_leading,2010-09-01,105.6703525
tw_leading,2010-10-01,105.9144837
tw_leading,2010-11-01,106.1505577
tw_leading,2010-12-01,106.2668836
tw_leading,2011-01-01,106.1985608
tw_leading,2011-02-01,105.9389706
tw_leading,2011-03-01,105.430581
tw_leading,2011-04-01,104.670327
tw_leading,2011-05-01,103.7484201
tw_leading,2011-06-01,102.6718794
tw_leading,2011-07-01,101.4553259
tw_leading,2011-08-01,100.1363131
tw_leading,2011-09-01,98.88921549
tw_leading,2011-10-01,97.95921788
tw_leading,2011-11-01,97.54829492
tw_leading,2011-12-01,97.71549877
tw_leading,2012-01-01,98.36303665
tw_leading,2012-02-01,98.93626395
tw_leading,2012-03-01,99.19082635
tw_leading,2012-04-01,99.14672711
tw_leading,2012-05-01,98.88439804
tw_leading,2012-06-01,98.52146931
tw_leading,2012-07-01,98.13023312
tw_leading,2012-08-01,97.78536608
tw_leading,2012-09-01,97.60556249
tw_leading,2012-10-01,97.62341416
tw_leading,2012-11-01,97.93647528
tw_leading,2012-12-01,98.50935125
tw_leading,2013-01-01,99.21620441
tw_leading,2013-02-01,99.95836033
tw_leading,2013-03-01,100.6137146
tw_leading,2013-04-01,101.0776348
tw_leading,2013-05-01,101.2965322
tw_leading,2013-06-01,101.3256456
tw_leading,2013-07-01,101.2566814
tw_leading,2013-08-01,101.1589617
tw_leading,2013-09-01,101.2197212
tw_leading,2013-10-01,101.5256975
tw_leading,2013-11-01,102.056134
tw_leading,2013-12-01,102.7547043
tw_leading,2014-01-01,103.5423393
tw_leading,2014-02-01,104.1514546
tw_leading,2014-03-01,104.5155789
tw_leading,2014-04-01,104.6238195
tw_leading,2014-05-01,104.4725034
tw_leading,2014-06-01,104.1035344
tw_leading,2014-07-01,103.6393622
tw_leading,2014-08-01,103.0541891
tw_leading,2014-09-01,102.4297899
tw_leading,2014-10-01,101.9036726
tw_leading,2014-11-01,101.5825818
tw_leading,2014-12-01,101.4480756
tw_leading,2015-01-01,101.3802941
tw_leading,2015-02-01,101.272159
tw_leading,2015-03-01,101.0486578
tw_leading,2015-04-01,100.7531867
tw_leading,2015-05-01,100.4198956
tw_leading,2015-06-01,100.0518218
tw_leading,2015-07-01,99.6157716
tw_leading,2015-08-01,99.18341803
tw_leading,2015-09-01,98.80836579
tw_leading,2015-10-01,98.54609535
tw_leading,2015-11-01,98.38299955
tw_leading,2015-12-01,98.34779075
tw_leading,2016-01-01,98.42125212
tw_leading,2016-02-01,98.5883597
tw_leading,2016-03-01,98.82362107
tw_leading,2016-04-01,99.08522163
tw_leading,2016-05-01,99.41950248
tw_leading,2016-06-01,99.80766516
tw_leading,2016-07-01,100.2365245
tw_leading,2016-08-01,100.670685
tw_leading,2016-09-01,101.0824441
tw_leading,2016-10-01,101.4194709
tw_leading,2016-11-01,101.6427745
tw_leading,2016-12-01,101.8082477
tw_leading,2017-01-01,101.961252
tw_leading,2017-02-01,102.0433475
tw_leading,2017-03-01,102.0736154
tw_leading,2017-04-01,102.0347582
tw_leading,2017-05-01,102.0055034
tw_leading,2017-06-01,101.9944127
tw_leading,2017-07-01,101.9663031
tw_leading,2017-08-01,101.9275035
tw_leading,2017-09-01,101.8731107
tw_leading,2017-10-01,101.847439
tw_leading,2017-11-01,101.8228858
tw_leading,2017-12-01,101.7440998
tw_leading,2018-01-01,101.6113526
tw_leading,2018-02-01,101.5468633
tw_leading,2018-03-01,101.6040693
tw_leading,2018-04-01,101.7481178
tw_leading,2018-05-01,101.8142558
tw_leading,2018-06-01,101.6660191
tw_leading,2018-07-01,101.3019363
tw_leading,2018-08-01,100.7390574
tw_leading,2018-09-01,100.0621413
tw_leading,2018-10-01,99.37872172
tw_leading,2018-11-01,98.89134866
tw_leading,2018-12-01,98.72597516
tw_leading,2019-01-01,98.94372359
tw_leading,2019-02-01,99.48040023
tw_leading,2019-03-01,100.0522129
tw_leading,2019-04-01,100.4611983
tw_leading,2019-05-01,100.6486921
tw_leading,2019-06-01,100.6740734
tw_leading,2019-07-01,100.5803119
tw_leading,2019-08-01,100.4233154
tw_leading,2019-09-01,100.1999237
tw_leading,2019-10-01,99.79422048
tw_leading,2019-11-01,99.14437399
tw_leading,2019-12-01,98.19665301
tw_leading,2020-01-01,97.04754846
tw_leading,2020-02-01,95.9154957
tw_leading,2020-03-01,95.15839302
tw_leading,2020-04-01,95.25633045
tw_leading,2020-05-01,96.23832298
tw_leading,2020-06-01,97.78622318
tw_leading,2020-07-01,99.50970295
tw_leading,2020-08-01,101.1853375
tw_leading,2020-09-01,102.6275732
tw_leading,2020-10-01,103.7459531
tw_leading,2020-11-01,104.4554604
tw_leading,2020-12-01,104.7263222
tw_leading,2021-01-01,104.6513721
tw_leading,2021-02-01,104.3602062
tw_leading,2021-03-01,103.9151358
tw_leading,2021-04-01,103.4239104
tw_leading,2021-05-01,103.0525835
tw_leading,2021-06-01,103.1028192
tw_leading,2021-07-01,103.6912256
tw_leading,2021-08-01,104.4666465
tw_leading,2021-09-01,105.1607544
tw_leading,2021-10-01,105.5987263
tw_leading,2021-11-01,105.5988199
tw_leading,2021-12-01,105.2715348
tw_leading,2022-01-01,104.7461491
tw_leading,2022-02-01,104.1297911
tw_leading,2022-03-01,103.4511246
tw_leading,2022-04-01,102.5949168
tw_leading,2022-05-01,101.5909776
tw_leading,2022-06-01,100.5916595
tw_leading,2022-07-01,99.7885455
tw_leading,2022-08-01,99.23666003
tw_leading,2022-09-01,98.89741459
tw_leading,2022-10-01,98.81342374
tw_leading,2022-11-01,99.0210767
tw_leading,2022-12-01,99.45021446
tw_leading,2023-01-01,99.9914809
tw_leading,2023-02-01,100.3049914
tw_leading,2023-03-01,100.2916713
tw_leading,2023-04-01,100.0250986
tw_leading,2023-05-01,99.65311536
tw_leading,2023-06-01,99.29287214
tw_leading,2023-07-01,98.99183073
tw_leading,2023-08-01,98.70723047
tw_leading,2023-09-01,98.50338267
tw_leading,2023-10-01,98.51846262
tw_leading,2023-11-01,98.7504023
tw_leading,2023-12-01,99.13471995
tw_leading,2024-01-01,99.57544526
tw_leading,2024-02-01,100.0556176
tw_leading,2024-03-01,100.6043174
tw_leading,2024-04-01,101.2196117
tw_leading,2024-05-01,101.7936369
tw_leading,2024-06-01,102.1957552
tw_leading,2024-07-01,102.3621023
tw_leading,2024-08-01,102.2188045
tw_leading,2024-09-01,101.9369676
tw_leading,2024-10-01,101.6271638
tw_leading,2024-11-01,101.390641
tw_leading,2024-12-01,101.1754798
tw_leading,2025-01-01,100.9481146
tw_leading,2025-02-01,100.4682702
tw_leading,2025-03-01,99.78161447
tw_leading,2025-04-01,99.15347183
tw_leading,2025-05-01,98.71229526
tw_leading,2025-06-01,98.46293621
tw_leading,2025-07-01,98.44306742
tw_leading,2025-08-01,98.68184449
tw_leading,2025-09-01,99.09137977
tw_leading,2025-10-01,99.60483533
tw_leading,2025-11-01,100.1337275
tw_leading,2025-12-01,100.6135832
tw_leading,2026-01-01,100.9587292
tw_leading,2026-02-01,101.1775728
tw_leading,2026-03-01,101.5602023
tw_leading,2026-04-01,102.1297299
tw_leading,2026-05-01,102.7224031
tw_leading,2026-06-01,103.3155186
tw_leading,2026-07-01,103.8779136
tw_leading,2026-08-01,104.4086599
tw_m1b_yoy,1988-05-01,31.38889
tw_m1b_yoy,1988-06-01,32.16996
tw_m1b_yoy,1988-07-01,30.67203
tw_m1b_yoy,1988-08-01,30.31715
tw_m1b_yoy,1988-09-01,30.14993
tw_m1b_yoy,1988-10-01,26.3645
tw_m1b_yoy,1988-11-01,26.74902
tw_m1b_yoy,1988-12-01,24.14326
tw_m1b_yoy,1989-01-01,26.76571
tw_m1b_yoy,1989-02-01,26.72051
tw_m1b_yoy,1989-03-01,28.73078
tw_m1b_yoy,1989-04-01,26.09045
tw_m1b_yoy,1989-05-01,12.45404
tw_m1b_yoy,1989-06-01,7.18998
tw_m1b_yoy,1989-07-01,7.25133
tw_m1b_yoy,1989-08-01,8.11494
tw_m1b_yoy,1989-09-01,7.13285
tw_m1b_yoy,1989-10-01,7.14561
tw_m1b_yoy,1989-11-01,3.90242
tw_m1b_yoy,1989-12-01,4.97675
tw_m1b_yoy,1990-01-01,7.88589
tw_m1b_yoy,1990-02-01,3.41749
tw_m1b_yoy,1990-03-01,-3.37977
tw_m1b_yoy,1990-04-01,-7.65442
tw_m1b_yoy,1990-05-01,-0.54967
tw_m1b_yoy,1990-06-01,1.57971
tw_m1b_yoy,1990-07-01,-1.94821
tw_m1b_yoy,1990-08-01,-5.10562
tw_m1b_yoy,1990-09-01,-7.22081
tw_m1b_yoy,1990-10-01,-8.13847
tw_m1b_yoy,1990-11-01,-6.14221
tw_m1b_yoy,1990-12-01,-6.38489
tw_m1b_yoy,1991-01-01,-9.62651
tw_m1b_yoy,1991-02-01,-2.69715
tw_m1b_yoy,1991-03-01,-0.0262
tw_m1b_yoy,1991-04-01,4.92565
tw_m1b_yoy,1991-05-01,5.45097
tw_m1b_yoy,1991-06-01,6.95742
tw_m1b_yoy,1991-07-01,10.91695
tw_m1b_yoy,1991-08-01,11.20208
tw_m1b_yoy,1991-09-01,11.91568
tw_m1b_yoy,1991-10-01,13.42858
tw_m1b_yoy,1991-11-01,11.41622
tw_m1b_yoy,1991-12-01,11.50643
tw_m1b_yoy,1992-01-01,15.60897
tw_m1b_yoy,1992-02-01,13.1061
tw_m1b_yoy,1992-03-01,14.95872
tw_m1b_yoy,1992-04-01,16.95872
tw_m1b_yoy,1992-05-01,17.85466
tw_m1b_yoy,1992-06-01,17.47688
tw_m1b_yoy,1992-07-01,17.31408
tw_m1b_yoy,1992-08-01,16.398
tw_m1b_yoy,1992-09-01,15.93991
tw_m1b_yoy,1992-10-01,14.05986
tw_m1b_yoy,1992-11-01,13.60496
tw_m1b_yoy,1992-12-01,12.33042
tw_m1b_yoy,1993-01-01,12.27285
tw_m1b_yoy,1993-02-01,5.29126
tw_m1b_yoy,1993-03-01,8.38758
tw_m1b_yoy,1993-04-01,7.03191
tw_m1b_yoy,1993-05-01,5.46051
tw_m1b_yoy,1993-06-01,5.63219
tw_m1b_yoy,1993-07-01,5.35556
tw_m1b_yoy,1993-08-01,7.00167
tw_m1b_yoy,1993-09-01,7.59966
tw_m1b_yoy,1993-10-01,9.5728
tw_m1b_yoy,1993-11-01,11.14624
tw_m1b_yoy,1993-12-01,14.09706
tw_m1b_yoy,1994-01-01,13.26469
tw_m1b_yoy,1994-02-01,20.38964
tw_m1b_yoy,1994-03-01,14.54596
tw_m1b_yoy,1994-04-01,13.94228
tw_m1b_yoy,1994-05-01,16.53297
tw_m1b_yoy,1994-06-01,17.47756
tw_m1b_yoy,1994-07-01,19.74348
tw_m1b_yoy,1994-08-01,19.91334
tw_m1b_yoy,1994-09-01,19.62535
tw_m1b_yoy,1994-10-01,18.51274
tw_m1b_yoy,1994-11-01,15.90925
tw_m1b_yoy,1994-12-01,13.75461
tw_m1b_yoy,1995-01-01,12.13637
tw_m1b_yoy,1995-02-01,7.87728
tw_m1b_yoy,1995-03-01,9.32777
tw_m1b_yoy,1995-04-01,8.2647
tw_m1b_yoy,1995-05-01,5.39661
tw_m1b_yoy,1995-06-01,3.82321
tw_m1b_yoy,1995-07-01,2.23296
tw_m1b_yoy,1995-08-01,2.78193
tw_m1b_yoy,1995-09-01,2.35621
tw_m1b_yoy,1995-10-01,1.63859
tw_m1b_yoy,1995-11-01,1.4135
tw_m1b_yoy,1995-12-01,0.73861
tw_m1b_yoy,1996-01-01,-2.51563
tw_m1b_yoy,1996-02-01,1.24479
tw_m1b_yoy,1996-03-01,2.05868
tw_m1b_yoy,1996-04-01,3.77284
tw_m1b_yoy,1996-05-01,4.29729
tw_m1b_yoy,1996-06-01,5.51312
tw_m1b_yoy,1996-07-01,5.73239
tw_m1b_yoy,1996-08-01,4.3834
tw_m1b_yoy,1996-09-01,4.69392
tw_m1b_yoy,1996-10-01,5.48466
tw_m1b_yoy,1996-11-01,7.1595
tw_m1b_yoy,1996-12-01,8.2394
tw_m1b_yoy,1997-01-01,11.26373
tw_m1b_yoy,1997-02-01,12.86914
tw_m1b_yoy,1997-03-01,14.44287
tw_m1b_yoy,1997-04-01,14.22021
tw_m1b_yoy,1997-05-01,14.51114
tw_m1b_yoy,1997-06-01,14.44009
tw_m1b_yoy,1997-07-01,15.79017
tw_m1b_yoy,1997-08-01,17.06457
tw_m1b_yoy,1997-09-01,15.17755
tw_m1b_yoy,1997-10-01,11.6872
tw_m1b_yoy,1997-11-01,13.10004
tw_m1b_yoy,1997-12-01,11.37105
tw_m1b_yoy,1998-01-01,11.51777
tw_m1b_yoy,1998-02-01,6.47737
tw_m1b_yoy,1998-03-01,4.88962
tw_m1b_yoy,1998-04-01,2.95988
tw_m1b_yoy,1998-05-01,2.06493
tw_m1b_yoy,1998-06-01,0.82099
tw_m1b_yoy,1998-07-01,-0.98449
tw_m1b_yoy,1998-08-01,-2.64007
tw_m1b_yoy,1998-09-01,-1.01312
tw_m1b_yoy,1998-10-01,2.06467
tw_m1b_yoy,1998-11-01,1.94098
tw_m1b_yoy,1998-12-01,2.8659
tw_m1b_yoy,1999-01-01,-0.33044
tw_m1b_yoy,1999-02-01,3.03512
tw_m1b_yoy,1999-03-01,4.01765
tw_m1b_yoy,1999-04-01,7.41042
tw_m1b_yoy,1999-05-01,9.22867
tw_m1b_yoy,1999-06-01,11.34982
tw_m1b_yoy,1999-07-01,12.82276
tw_m1b_yoy,1999-08-01,13.88942
tw_m1b_yoy,1999-09-01,15.4885
tw_m1b_yoy,1999-10-01,15.37252
tw_m1b_yoy,1999-11-01,13.15487
tw_m1b_yoy,1999-12-01,14.08036
tw_m1b_yoy,2000-01-01,19.16637
tw_m1b_yoy,2000-02-01,19.05478
tw_m1b_yoy,2000-03-01,19.87518
tw_m1b_yoy,2000-04-01,18.67756
tw_m1b_yoy,2000-05-01,14.5161
tw_m1b_yoy,2000-06-01,10.70466
tw_m1b_yoy,2000-07-01,7.31748
tw_m1b_yoy,2000-08-01,7.93927
tw_m1b_yoy,2000-09-01,5.76196
tw_m1b_yoy,2000-10-01,2.93239
tw_m1b_yoy,2000-11-01,3.22934
tw_m1b_yoy,2000-12-01,0.3687
tw_m1b_yoy,2001-01-01,0.06135
tw_m1b_yoy,2001-02-01,-4.147
tw_m1b_yoy,2001-03-01,-5.50523
tw_m1b_yoy,2001-04-01,-6.8421
tw_m1b_yoy,2001-05-01,-5.15985
tw_m1b_yoy,2001-06-01,-4.2129
tw_m1b_yoy,2001-07-01,-2.71628
tw_m1b_yoy,2001-08-01,-1.44402
tw_m1b_yoy,2001-09-01,0.28947
tw_m1b_yoy,2001-10-01,3.31063
tw_m1b_yoy,2001-11-01,5.00075
tw_m1b_yoy,2001-12-01,10.71526
tw_m1b_yoy,2002-01-01,10.96118
tw_m1b_yoy,2002-02-01,15.83928
tw_m1b_yoy,2002-03-01,17.57577
tw_m1b_yoy,2002-04-01,19.2936
tw_m1b_yoy,2002-05-01,20.79505
tw_m1b_yoy,2002-06-01,20.37157
tw_m1b_yoy,2002-07-01,20.01358
tw_m1b_yoy,2002-08-01,19.06367
tw_m1b_yoy,2002-09-01,18.15605
tw_m1b_yoy,2002-10-01,16.78892
tw_m1b_yoy,2002-11-01,15.22714
tw_m1b_yoy,2002-12-01,11.07757
tw_m1b_yoy,2003-01-01,9.56295
tw_m1b_yoy,2003-02-01,6.88605
tw_m1b_yoy,2003-03-01,5.78454
tw_m1b_yoy,2003-04-01,6.04403
tw_m1b_yoy,2003-05-01,7.08205
tw_m1b_yoy,2003-06-01,9.15911
tw_m1b_yoy,2003-07-01,11.16349
tw_m1b_yoy,2003-08-01,13.68911
tw_m1b_yoy,2003-09-01,16.15594
tw_m1b_yoy,2003-10-01,19.03739
tw_m1b_yoy,2003-11-01,19.08698
tw_m1b_yoy,2003-12-01,18.1019
tw_m1b_yoy,2004-01-01,20.55747
tw_m1b_yoy,2004-02-01,20.41923
tw_m1b_yoy,2004-03-01,23.7497
tw_m1b_yoy,2004-04-01,24.38913
tw_m1b_yoy,2004-05-01,23.54942
tw_m1b_yoy,2004-06-01,20.20478
tw_m1b_yoy,2004-07-01,18.98621
tw_m1b_yoy,2004-08-01,18.03901
tw_m1b_yoy,2004-09-01,16.80703
tw_m1b_yoy,2004-10-01,14.70677
tw_m1b_yoy,2004-11-01,13.8986
tw_m1b_yoy,2004-12-01,14.35035
tw_m1b_yoy,2005-01-01,9.04254
tw_m1b_yoy,2005-02-01,10.05552
tw_m1b_yoy,2005-03-01,8.23825
tw_m1b_yoy,2005-04-01,6.10484
tw_m1b_yoy,2005-05-01,5.90677
tw_m1b_yoy,2005-06-01,7.15012
tw_m1b_yoy,2005-07-01,7.67925
tw_m1b_yoy,2005-08-01,7.58565
tw_m1b_yoy,2005-09-01,6.3052
tw_m1b_yoy,2005-10-01,5.3857
tw_m1b_yoy,2005-11-01,5.44195
tw_m1b_yoy,2005-12-01,6.56199
tw_m1b_yoy,2006-01-01,8.3946
tw_m1b_yoy,2006-02-01,5.58307
tw_m1b_yoy,2006-03-01,4.27401
tw_m1b_yoy,2006-04-01,5.45191
tw_m1b_yoy,2006-05-01,7.08419
tw_m1b_yoy,2006-06-01,5.21627
tw_m1b_yoy,2006-07-01,3.12325
tw_m1b_yoy,2006-08-01,2.77296
tw_m1b_yoy,2006-09-01,4.71668
tw_m1b_yoy,2006-10-01,5.89546
tw_m1b_yoy,2006-11-01,5.81029
tw_m1b_yoy,2006-12-01,5.36484
tw_m1b_yoy,2007-01-01,4.44286
tw_m1b_yoy,2007-02-01,7.34647
tw_m1b_yoy,2007-03-01,8.22294
tw_m1b_yoy,2007-04-01,8.26291
tw_m1b_yoy,2007-05-01,6.65466
tw_m1b_yoy,2007-06-01,7.53452
tw_m1b_yoy,2007-07-01,9.13721
tw_m1b_yoy,2007-08-01,8.60464
tw_m1b_yoy,2007-09-01,6.37385
tw_m1b_yoy,2007-10-01,5.66475
tw_m1b_yoy,2007-11-01,4.33672
tw_m1b_yoy,2007-12-01,1.07292
tw_m1b_yoy,2008-01-01,-0.29727
tw_m1b_yoy,2008-02-01,-1.83542
tw_m1b_yoy,2008-03-01,-1.44996
tw_m1b_yoy,2008-04-01,-1.65939
tw_m1b_yoy,2008-05-01,-1.14168
tw_m1b_yoy,2008-06-01,-3.04118
tw_m1b_yoy,2008-07-01,-5.76858
tw_m1b_yoy,2008-08-01,-5.3167
tw_m1b_yoy,2008-09-01,-4.89174
tw_m1b_yoy,2008-10-01,-4.07509
tw_m1b_yoy,2008-11-01,-3.55084
tw_m1b_yoy,2008-12-01,-2.15749
tw_m1b_yoy,2009-01-01,1.77567
tw_m1b_yoy,2009-02-01,2.69883
tw_m1b_yoy,2009-03-01,5.43707
tw_m1b_yoy,2009-04-01,9.50159
tw_m1b_yoy,2009-05-01,12.94643
tw_m1b_yoy,2009-06-01,17.03438
tw_m1b_yoy,2009-07-01,20.6375
tw_m1b_yoy,2009-08-01,22.13757
tw_m1b_yoy,2009-09-01,23.50848
tw_m1b_yoy,2009-10-01,25.66148
tw_m1b_yoy,2009-11-01,28.62152
tw_m1b_yoy,2009-12-01,30.30359
tw_m1b_yoy,2010-01-01,26.16738
tw_m1b_yoy,2010-02-01,25.2738
tw_m1b_yoy,2010-03-01,21.56933
tw_m1b_yoy,2010-04-01,17.92294
tw_m1b_yoy,2010-05-01,14.66612
tw_m1b_yoy,2010-06-01,13.22335
tw_m1b_yoy,2010-07-01,12.49378
tw_m1b_yoy,2010-08-01,12.28994
tw_m1b_yoy,2010-09-01,12.15393
tw_m1b_yoy,2010-10-01,10.04575
tw_m1b_yoy,2010-11-01,9.18339
tw_m1b_yoy,2010-12-01,8.76501
tw_m1b_yoy,2011-01-01,9.35261
tw_m1b_yoy,2011-02-01,9.40032
tw_m1b_yoy,2011-03-01,9.21598
tw_m1b_yoy,2011-04-01,8.16644
tw_m1b_yoy,2011-05-01,7.99752
tw_m1b_yoy,2011-06-01,8.06158
tw_m1b_yoy,2011-07-01,7.60487
tw_m1b_yoy,2011-08-01,7.4431
tw_m1b_yoy,2011-09-01,6.28157
tw_m1b_yoy,2011-10-01,5.11549
tw_m1b_yoy,2011-11-01,4.2221
tw_m1b_yoy,2011-12-01,3.51312
tw_m1b_yoy,2012-01-01,3.86286
tw_m1b_yoy,2012-02-01,2.83707
tw_m1b_yoy,2012-03-01,3.46836
tw_m1b_yoy,2012-04-01,3.77011
tw_m1b_yoy,2012-05-01,3.23934
tw_m1b_yoy,2012-06-01,3.18452
tw_m1b_yoy,2012-07-01,2.88193
tw_m1b_yoy,2012-08-01,2.73053
tw_m1b_yoy,2012-09-01,3.34871
tw_m1b_yoy,2012-10-01,3.56589
tw_m1b_yoy,2012-11-01,3.65286
tw_m1b_yoy,2012-12-01,4.90835
tw_m1b_yoy,2013-01-01,3.97461
tw_m1b_yoy,2013-02-01,5.6625
tw_m1b_yoy,2013-03-01,6.02546
tw_m1b_yoy,2013-04-01,5.71922
tw_m1b_yoy,2013-05-01,7.03633
tw_m1b_yoy,2013-06-01,7.89283
tw_m1b_yoy,2013-07-01,8.6317
tw_m1b_yoy,2013-08-01,8.31339
tw_m1b_yoy,2013-09-01,8.05141
tw_m1b_yoy,2013-10-01,8.58356
tw_m1b_yoy,2013-11-01,8.85444
tw_m1b_yoy,2013-12-01,8.49841
tw_m1b_yoy,2014-01-01,9.92712
tw_m1b_yoy,2014-02-01,8.62538
tw_m1b_yoy,2014-03-01,8.86806
tw_m1b_yoy,2014-04-01,9.10255
tw_m1b_yoy,2014-05-01,8.14387
tw_m1b_yoy,2014-06-01,7.45951
tw_m1b_yoy,2014-07-01,7.65422
tw_m1b_yoy,2014-08-01,7.56382
tw_m1b_yoy,2014-09-01,7.36265
tw_m1b_yoy,2014-10-01,7.17589
tw_m1b_yoy,2014-11-01,6.95197
tw_m1b_yoy,2014-12-01,6.89521
tw_m1b_yoy,2015-01-01,5.0337
tw_m1b_yoy,2015-02-01,6.12261
tw_m1b_yoy,2015-03-01,5.86659
tw_m1b_yoy,2015-04-01,5.85227
tw_m1b_yoy,2015-05-01,6.17961
tw_m1b_yoy,2015-06-01,6.08698
tw_m1b_yoy,2015-07-01,5.66395
tw_m1b_yoy,2015-08-01,5.86332
tw_m1b_yoy,2015-09-01,6.62194
tw_m1b_yoy,2015-10-01,6.75242
tw_m1b_yoy,2015-11-01,6.73184
tw_m1b_yoy,2015-12-01,6.3732
tw_m1b_yoy,2016-01-01,6.91993
tw_m1b_yoy,2016-02-01,6.1088
tw_m1b_yoy,2016-03-01,6.15881
tw_m1b_yoy,2016-04-01,6.30122
tw_m1b_yoy,2016-05-01,6.30321
tw_m1b_yoy,2016-06-01,6.2337
tw_m1b_yoy,2016-07-01,6.2411
tw_m1b_yoy,2016-08-01,6.47996
tw_m1b_yoy,2016-09-01,6.36195
tw_m1b_yoy,2016-10-01,6.34502
tw_m1b_yoy,2016-11-01,6.5582
tw_m1b_yoy,2016-12-01,6.01163
tw_m1b_yoy,2017-01-01,6.04797
tw_m1b_yoy,2017-02-01,5.07445
tw_m1b_yoy,2017-03-01,4.56668
tw_m1b_yoy,2017-04-01,4.21006
tw_m1b_yoy,2017-05-01,3.93898
tw_m1b_yoy,2017-06-01,4.4335
tw_m1b_yoy,2017-07-01,4.96181
tw_m1b_yoy,2017-08-01,5.10747
tw_m1b_yoy,2017-09-01,4.51291
tw_m1b_yoy,2017-10-01,4.60566
tw_m1b_yoy,2017-11-01,4.39513
tw_m1b_yoy,2017-12-01,4.02856
tw_m1b_yoy,2018-01-01,3.10676
tw_m1b_yoy,2018-02-01,5.15679
tw_m1b_yoy,2018-03-01,5.45941
tw_m1b_yoy,2018-04-01,5.6002
tw_m1b_yoy,2018-05-01,6.34786
tw_m1b_yoy,2018-06-01,5.90104
tw_m1b_yoy,2018-07-01,5.75522
tw_m1b_yoy,2018-08-01,5.21138
tw_m1b_yoy,2018-09-01,5.21923
tw_m1b_yoy,2018-10-01,5.31122
tw_m1b_yoy,2018-11-01,5.08976
tw_m1b_yoy,2018-12-01,5.68995
tw_m1b_yoy,2019-01-01,6.55046
tw_m1b_yoy,2019-02-01,5.97055
tw_m1b_yoy,2019-03-01,6.86879
tw_m1b_yoy,2019-04-01,7.65037
tw_m1b_yoy,2019-05-01,7.23143
tw_m1b_yoy,2019-06-01,7.3534
tw_m1b_yoy,2019-07-01,7.3338
tw_m1b_yoy,2019-08-01,7.53356
tw_m1b_yoy,2019-09-01,7.38872
tw_m1b_yoy,2019-10-01,6.98637
tw_m1b_yoy,2019-11-01,7.46256
tw_m1b_yoy,2019-12-01,7.4385
tw_m1b_yoy,2020-01-01,7.60714
tw_m1b_yoy,2020-02-01,6.99525
tw_m1b_yoy,2020-03-01,7.02375
tw_m1b_yoy,2020-04-01,7.49636
tw_m1b_yoy,2020-05-01,7.80772
tw_m1b_yoy,2020-06-01,9.89534
tw_m1b_yoy,2020-07-01,10.29924
tw_m1b_yoy,2020-08-01,10.96096
tw_m1b_yoy,2020-09-01,12.0952
tw_m1b_yoy,2020-10-01,12.84973
tw_m1b_yoy,2020-11-01,14.29821
tw_m1b_yoy,2020-12-01,16.17055
tw_m1b_yoy,2021-01-01,17.80602
tw_m1b_yoy,2021-02-01,18.57175
tw_m1b_yoy,2021-03-01,18.23344
tw_m1b_yoy,2021-04-01,17.73479
tw_m1b_yoy,2021-05-01,17.7382
tw_m1b_yoy,2021-06-01,17.36308
tw_m1b_yoy,2021-07-01,16.6747
tw_m1b_yoy,2021-08-01,15.39164
tw_m1b_yoy,2021-09-01,14.96441
tw_m1b_yoy,2021-10-01,14.93981
tw_m1b_yoy,2021-11-01,14.18236
tw_m1b_yoy,2021-12-01,12.75216
tw_m1b_yoy,2022-01-01,11.48927
tw_m1b_yoy,2022-02-01,11.07516
tw_m1b_yoy,2022-03-01,10.91562
tw_m1b_yoy,2022-04-01,9.81204
tw_m1b_yoy,2022-05-01,8.53517
tw_m1b_yoy,2022-06-01,8.08159
tw_m1b_yoy,2022-07-01,6.67108
tw_m1b_yoy,2022-08-01,7.55447
tw_m1b_yoy,2022-09-01,6.58265
tw_m1b_yoy,2022-10-01,5.18076
tw_m1b_yoy,2022-11-01,4.42144
tw_m1b_yoy,2022-12-01,4.14386
tw_m1b_yoy,2023-01-01,2.74021
tw_m1b_yoy,2023-02-01,2.02979
tw_m1b_yoy,2023-03-01,2.0099
tw_m1b_yoy,2023-04-01,2.67844
tw_m1b_yoy,2023-05-01,3.27473
tw_m1b_yoy,2023-06-01,2.34676
tw_m1b_yoy,2023-07-01,3.69007
tw_m1b_yoy,2023-08-01,2.86394
tw_m1b_yoy,2023-09-01,2.76274
tw_m1b_yoy,2023-10-01,3.31563
tw_m1b_yoy,2023-11-01,3.03439
tw_m1b_yoy,2023-12-01,3.10619
tw_m1b_yoy,2024-01-01,3.55562
tw_m1b_yoy,2024-02-01,4.46866
tw_m1b_yoy,2024-03-01,5.38315
tw_m1b_yoy,2024-04-01,4.94098
tw_m1b_yoy,2024-05-01,4.999
tw_m1b_yoy,2024-06-01,5.23326
tw_m1b_yoy,2024-07-01,5.22395
tw_m1b_yoy,2024-08-01,4.05112
tw_m1b_yoy,2024-09-01,4.0682
tw_m1b_yoy,2024-10-01,4.9138
tw_m1b_yoy,2024-11-01,4.56104
tw_m1b_yoy,2024-12-01,3.99607
tw_m1b_yoy,2025-01-01,4.38191
tw_m1b_yoy,2025-02-01,3.10038
tw_m1b_yoy,2025-03-01,1.81618
tw_m1b_yoy,2025-04-01,1.85046
tw_m1b_yoy,2025-05-01,1.96718
tw_m1b_yoy,2025-06-01,2.4408
tw_m1b_yoy,2025-07-01,2.85539
tw_m1b_yoy,2025-08-01,4.45472
tw_m1b_yoy,2025-09-01,5.24344
tw_m1b_yoy,2025-10-01,4.84158
tw_m1b_yoy,2025-11-01,4.94018
tw_m1b_yoy,2025-12-01,4.84677
tw_m1b_yoy,2026-01-01,5.58581
tw_m1b_yoy,2026-02-01,7.11729
tw_m1b_yoy,2026-03-01,7.83444
tw_m1b_yoy,2026-04-01,8.24573
tw_m1b_yoy,2026-05-01,9.55664
tw_m1b_yoy,2026-06-01,9.40158
tw_m1b_yoy,2026-07-01,7.33948
tw_m1b_yoy,2026-08-01,6.65499
tw_m2_yoy,1988-05-01,20.30445
tw_m2_yoy,1988-06-01,20.45423
tw_m2_yoy,1988-07-01,22.45644
tw_m2_yoy,1988-08-01,22.41192
tw_m2_yoy,1988-09-01,22.39587
tw_m2_yoy,1988-10-01,20.93838
tw_m2_yoy,1988-11-01,21.21182
tw_m2_yoy,1988-12-01,19.8241
tw_m2_yoy,1989-01-01,20.87627
tw_m2_yoy,1989-02-01,21.5685
tw_m2_yoy,1989-03-01,21.2767
tw_m2_yoy,1989-04-01,22.96879
tw_m2_yoy,1989-05-01,22.69593
tw_m2_yoy,1989-06-01,22.02964
tw_m2_yoy,1989-07-01,19.99186
tw_m2_yoy,1989-08-01,18.90467
tw_m2_yoy,1989-09-01,18.5387
tw_m2_yoy,1989-10-01,19.13217
tw_m2_yoy,1989-11-01,18.60927
tw_m2_yoy,1989-12-01,19.18015
tw_m2_yoy,1990-01-01,18.57186
tw_m2_yoy,1990-02-01,17.1543
tw_m2_yoy,1990-03-01,16.88609
tw_m2_yoy,1990-04-01,13.71426
tw_m2_yoy,1990-05-01,12.12063
tw_m2_yoy,1990-06-01,11.24311
tw_m2_yoy,1990-07-01,11.00014
tw_m2_yoy,1990-08-01,10.8026
tw_m2_yoy,1990-09-01,10.84982
tw_m2_yoy,1990-10-01,11.44057
tw_m2_yoy,1990-11-01,11.17784
tw_m2_yoy,1990-12-01,10.41258
tw_m2_yoy,1991-01-01,10.19322
tw_m2_yoy,1991-02-01,12.16052
tw_m2_yoy,1991-03-01,13.28886
tw_m2_yoy,1991-04-01,14.39203
tw_m2_yoy,1991-05-01,15.1192
tw_m2_yoy,1991-06-01,16.6291
tw_m2_yoy,1991-07-01,18.07659
tw_m2_yoy,1991-08-01,18.81105
tw_m2_yoy,1991-09-01,19.29496
tw_m2_yoy,1991-10-01,18.94564
tw_m2_yoy,1991-11-01,19.15039
tw_m2_yoy,1991-12-01,19.35557
tw_m2_yoy,1992-01-01,19.98108
tw_m2_yoy,1992-02-01,18.82201
tw_m2_yoy,1992-03-01,17.87557
tw_m2_yoy,1992-04-01,18.45558
tw_m2_yoy,1992-05-01,19.21543
tw_m2_yoy,1992-06-01,19.13646
tw_m2_yoy,1992-07-01,21.86657
tw_m2_yoy,1992-08-01,21.72489
tw_m2_yoy,1992-09-01,21.11511
tw_m2_yoy,1992-10-01,20.69985
tw_m2_yoy,1992-11-01,20.39483
tw_m2_yoy,1992-12-01,19.61287
tw_m2_yoy,1993-01-01,19.54177
tw_m2_yoy,1993-02-01,18.31265
tw_m2_yoy,1993-03-01,19.08915
tw_m2_yoy,1993-04-01,18.13961
tw_m2_yoy,1993-05-01,17.2997
tw_m2_yoy,1993-06-01,17.26024
tw_m2_yoy,1993-07-01,13.84803
tw_m2_yoy,1993-08-01,14.11304
tw_m2_yoy,1993-09-01,14.90167
tw_m2_yoy,1993-10-01,15.2664
tw_m2_yoy,1993-11-01,14.93182
tw_m2_yoy,1993-12-01,15.49215
tw_m2_yoy,1994-01-01,15.58162
tw_m2_yoy,1994-02-01,17.02793
tw_m2_yoy,1994-03-01,16.27802
tw_m2_yoy,1994-04-01,16.67498
tw_m2_yoy,1994-05-01,17.24207
tw_m2_yoy,1994-06-01,17.30066
tw_m2_yoy,1994-07-01,16.95385
tw_m2_yoy,1994-08-01,16.47346
tw_m2_yoy,1994-09-01,15.4834
tw_m2_yoy,1994-10-01,15.97121
tw_m2_yoy,1994-11-01,15.58265
tw_m2_yoy,1994-12-01,15.15122
tw_m2_yoy,1995-01-01,14.56583
tw_m2_yoy,1995-02-01,13.41945
tw_m2_yoy,1995-03-01,13.34077
tw_m2_yoy,1995-04-01,12.77119
tw_m2_yoy,1995-05-01,11.72794
tw_m2_yoy,1995-06-01,11.38394
tw_m2_yoy,1995-07-01,11.30485
tw_m2_yoy,1995-08-01,11.43564
tw_m2_yoy,1995-09-01,11.11741
tw_m2_yoy,1995-10-01,9.75233
tw_m2_yoy,1995-11-01,9.44308
tw_m2_yoy,1995-12-01,9.44892
tw_m2_yoy,1996-01-01,8.44757
tw_m2_yoy,1996-02-01,8.6832
tw_m2_yoy,1996-03-01,8.45385
tw_m2_yoy,1996-04-01,8.37925
tw_m2_yoy,1996-05-01,9.01411
tw_m2_yoy,1996-06-01,9.4745
tw_m2_yoy,1996-07-01,9.58062
tw_m2_yoy,1996-08-01,9.40994
tw_m2_yoy,1996-09-01,9.70372
tw_m2_yoy,1996-10-01,9.93378
tw_m2_yoy,1996-11-01,10.06346
tw_m2_yoy,1996-12-01,9.55174
tw_m2_yoy,1997-01-01,9.34545
tw_m2_yoy,1997-02-01,9.88087
tw_m2_yoy,1997-03-01,10.03132
tw_m2_yoy,1997-04-01,9.76358
tw_m2_yoy,1997-05-01,8.99446
tw_m2_yoy,1997-06-01,8.34505
tw_m2_yoy,1997-07-01,7.60184
tw_m2_yoy,1997-08-01,7.09474
tw_m2_yoy,1997-09-01,6.50222
tw_m2_yoy,1997-10-01,6.52083
tw_m2_yoy,1997-11-01,7.28935
tw_m2_yoy,1997-12-01,8.0313
tw_m2_yoy,1998-01-01,9.37499
tw_m2_yoy,1998-02-01,8.50981
tw_m2_yoy,1998-03-01,8.1345
tw_m2_yoy,1998-04-01,8.37122
tw_m2_yoy,1998-05-01,8.28812
tw_m2_yoy,1998-06-01,7.76013
tw_m2_yoy,1998-07-01,7.94932
tw_m2_yoy,1998-08-01,8.45223
tw_m2_yoy,1998-09-01,9.58923
tw_m2_yoy,1998-10-01,9.74212
tw_m2_yoy,1998-11-01,9.81657
tw_m2_yoy,1998-12-01,9.04144
tw_m2_yoy,1999-01-01,7.3661
tw_m2_yoy,1999-02-01,7.8508
tw_m2_yoy,1999-03-01,8.57286
tw_m2_yoy,1999-04-01,9.09167
tw_m2_yoy,1999-05-01,9.32232
tw_m2_yoy,1999-06-01,9.63813
tw_m2_yoy,1999-07-01,9.68799
tw_m2_yoy,1999-08-01,9.0461
tw_m2_yoy,1999-09-01,8.13782
tw_m2_yoy,1999-10-01,7.62982
tw_m2_yoy,1999-11-01,6.65163
tw_m2_yoy,1999-12-01,7.07985
tw_m2_yoy,2000-01-01,8.2639
tw_m2_yoy,2000-02-01,8.32979
tw_m2_yoy,2000-03-01,8.22782
tw_m2_yoy,2000-04-01,7.89045
tw_m2_yoy,2000-05-01,6.99646
tw_m2_yoy,2000-06-01,6.58752
tw_m2_yoy,2000-07-01,5.95548
tw_m2_yoy,2000-08-01,6.28949
tw_m2_yoy,2000-09-01,6.32196
tw_m2_yoy,2000-10-01,6.3192
tw_m2_yoy,2000-11-01,6.73774
tw_m2_yoy,2000-12-01,6.72546
tw_m2_yoy,2001-01-01,6.8098
tw_m2_yoy,2001-02-01,5.84475
tw_m2_yoy,2001-03-01,5.39452
tw_m2_yoy,2001-04-01,4.9884
tw_m2_yoy,2001-05-01,5.55018
tw_m2_yoy,2001-06-01,5.93516
tw_m2_yoy,2001-07-01,6.24365
tw_m2_yoy,2001-08-01,6.37786
tw_m2_yoy,2001-09-01,6.07578
tw_m2_yoy,2001-10-01,5.78232
tw_m2_yoy,2001-11-01,5.04256
tw_m2_yoy,2001-12-01,4.59646
tw_m2_yoy,2002-01-01,3.78771
tw_m2_yoy,2002-02-01,4.31733
tw_m2_yoy,2002-03-01,4.313
tw_m2_yoy,2002-04-01,4.4953
tw_m2_yoy,2002-05-01,4.30456
tw_m2_yoy,2002-06-01,3.65456
tw_m2_yoy,2002-07-01,3.21232
tw_m2_yoy,2002-08-01,2.78685
tw_m2_yoy,2002-09-01,2.70628
tw_m2_yoy,2002-10-01,2.45345
tw_m2_yoy,2002-11-01,2.79442
tw_m2_yoy,2002-12-01,2.72761
tw_m2_yoy,2003-01-01,2.8409
tw_m2_yoy,2003-02-01,2.49374
tw_m2_yoy,2003-03-01,2.21128
tw_m2_yoy,2003-04-01,2.14915
tw_m2_yoy,2003-05-01,2.615
tw_m2_yoy,2003-06-01,2.91471
tw_m2_yoy,2003-07-01,3.32727
tw_m2_yoy,2003-08-01,4.37586
tw_m2_yoy,2003-09-01,4.85604
tw_m2_yoy,2003-10-01,5.52567
tw_m2_yoy,2003-11-01,5.47118
tw_m2_yoy,2003-12-01,5.3959
tw_m2_yoy,2004-01-01,6.36958
tw_m2_yoy,2004-02-01,6.61229
tw_m2_yoy,2004-03-01,7.68659
tw_m2_yoy,2004-04-01,8.26178
tw_m2_yoy,2004-05-01,8.37647
tw_m2_yoy,2004-06-01,7.72838
tw_m2_yoy,2004-07-01,7.60069
tw_m2_yoy,2004-08-01,7.13941
tw_m2_yoy,2004-09-01,6.90983
tw_m2_yoy,2004-10-01,6.59637
tw_m2_yoy,2004-11-01,6.82176
tw_m2_yoy,2004-12-01,7.15562
tw_m2_yoy,2005-01-01,6.05205
tw_m2_yoy,2005-02-01,6.37795
tw_m2_yoy,2005-03-01,5.86141
tw_m2_yoy,2005-04-01,5.51064
tw_m2_yoy,2005-05-01,5.59579
tw_m2_yoy,2005-06-01,6.31594
tw_m2_yoy,2005-07-01,6.51308
tw_m2_yoy,2005-08-01,6.54643
tw_m2_yoy,2005-09-01,6.3852
tw_m2_yoy,2005-10-01,6.32898
tw_m2_yoy,2005-11-01,6.20094
tw_m2_yoy,2005-12-01,6.69722
tw_m2_yoy,2006-01-01,7.25501
tw_m2_yoy,2006-02-01,6.55354
tw_m2_yoy,2006-03-01,6.16886
tw_m2_yoy,2006-04-01,6.534
tw_m2_yoy,2006-05-01,7.03627
tw_m2_yoy,2006-06-01,6.41641
tw_m2_yoy,2006-07-01,5.66308
tw_m2_yoy,2006-08-01,5.34972
tw_m2_yoy,2006-09-01,5.75293
tw_m2_yoy,2006-10-01,5.84904
tw_m2_yoy,2006-11-01,5.85969
tw_m2_yoy,2006-12-01,5.73878
tw_m2_yoy,2007-01-01,5.00927
tw_m2_yoy,2007-02-01,5.53859
tw_m2_yoy,2007-03-01,5.7599
tw_m2_yoy,2007-04-01,5.37619
tw_m2_yoy,2007-05-01,4.64158
tw_m2_yoy,2007-06-01,4.52588
tw_m2_yoy,2007-07-01,4.55412
tw_m2_yoy,2007-08-01,4.15701
tw_m2_yoy,2007-09-01,3.37922
tw_m2_yoy,2007-10-01,3.13416
tw_m2_yoy,2007-11-01,2.68919
tw_m2_yoy,2007-12-01,1.27029
tw_m2_yoy,2008-01-01,0.97043
tw_m2_yoy,2008-02-01,1.35423
tw_m2_yoy,2008-03-01,1.67678
tw_m2_yoy,2008-04-01,2.0463
tw_m2_yoy,2008-05-01,2.27616
tw_m2_yoy,2008-06-01,1.67442
tw_m2_yoy,2008-07-01,1.48019
tw_m2_yoy,2008-08-01,2.18724
tw_m2_yoy,2008-09-01,2.65129
tw_m2_yoy,2008-10-01,4.24726
tw_m2_yoy,2008-11-01,5.24485
tw_m2_yoy,2008-12-01,6.72698
tw_m2_yoy,2009-01-01,7.47249
tw_m2_yoy,2009-02-01,6.53767
tw_m2_yoy,2009-03-01,6.78851
tw_m2_yoy,2009-04-01,7.17098
tw_m2_yoy,2009-05-01,7.73691
tw_m2_yoy,2009-06-01,8.48087
tw_m2_yoy,2009-07-01,8.5827
tw_m2_yoy,2009-08-01,8.34856
tw_m2_yoy,2009-09-01,8.41819
tw_m2_yoy,2009-10-01,7.36954
tw_m2_yoy,2009-11-01,6.63962
tw_m2_yoy,2009-12-01,5.95234
tw_m2_yoy,2010-01-01,5.34024
tw_m2_yoy,2010-02-01,4.89665
tw_m2_yoy,2010-03-01,4.43884
tw_m2_yoy,2010-04-01,3.99113
tw_m2_yoy,2010-05-01,3.38058
tw_m2_yoy,2010-06-01,3.66828
tw_m2_yoy,2010-07-01,4.02715
tw_m2_yoy,2010-08-01,4.59877
tw_m2_yoy,2010-09-01,4.66678
tw_m2_yoy,2010-10-01,4.85868
tw_m2_yoy,2010-11-01,5.25727
tw_m2_yoy,2010-12-01,5.24723
tw_m2_yoy,2011-01-01,5.6268
tw_m2_yoy,2011-02-01,6.23754
tw_m2_yoy,2011-03-01,6.01605
tw_m2_yoy,2011-04-01,5.99535
tw_m2_yoy,2011-05-01,6.19866
tw_m2_yoy,2011-06-01,6.06595
tw_m2_yoy,2011-07-01,6.24078
tw_m2_yoy,2011-08-01,6.16144
tw_m2_yoy,2011-09-01,5.85218
tw_m2_yoy,2011-10-01,5.54498
tw_m2_yoy,2011-11-01,5.09545
tw_m2_yoy,2011-12-01,5.00815
tw_m2_yoy,2012-01-01,5.22476
tw_m2_yoy,2012-02-01,4.92232
tw_m2_yoy,2012-03-01,5.05168
tw_m2_yoy,2012-04-01,4.72132
tw_m2_yoy,2012-05-01,4.39561
tw_m2_yoy,2012-06-01,4.19215
tw_m2_yoy,2012-07-01,3.79603
tw_m2_yoy,2012-08-01,3.687
tw_m2_yoy,2012-09-01,3.95637
tw_m2_yoy,2012-10-01,3.29312
tw_m2_yoy,2012-11-01,3.25896
tw_m2_yoy,2012-12-01,3.66618
tw_m2_yoy,2013-01-01,2.98961
tw_m2_yoy,2013-02-01,3.53444
tw_m2_yoy,2013-03-01,3.77595
tw_m2_yoy,2013-04-01,3.70643
tw_m2_yoy,2013-05-01,4.31663
tw_m2_yoy,2013-06-01,4.82043
tw_m2_yoy,2013-07-01,5.41567
tw_m2_yoy,2013-08-01,5.41102
tw_m2_yoy,2013-09-01,5.54259
tw_m2_yoy,2013-10-01,5.99467
tw_m2_yoy,2013-11-01,6.04575
tw_m2_yoy,2013-12-01,5.75421
tw_m2_yoy,2014-01-01,5.9725
tw_m2_yoy,2014-02-01,5.60704
tw_m2_yoy,2014-03-01,5.88892
tw_m2_yoy,2014-04-01,6.23733
tw_m2_yoy,2014-05-01,5.91292
tw_m2_yoy,2014-06-01,5.74031
tw_m2_yoy,2014-07-01,5.63067
tw_m2_yoy,2014-08-01,5.63667
tw_m2_yoy,2014-09-01,5.31014
tw_m2_yoy,2014-10-01,4.97852
tw_m2_yoy,2014-11-01,5.21774
tw_m2_yoy,2014-12-01,5.8471
tw_m2_yoy,2015-01-01,5.86388
tw_m2_yoy,2015-02-01,6.51314
tw_m2_yoy,2015-03-01,6.56529
tw_m2_yoy,2015-04-01,6.52594
tw_m2_yoy,2015-05-01,6.81241
tw_m2_yoy,2015-06-01,6.52568
tw_m2_yoy,2015-07-01,6.06218
tw_m2_yoy,2015-08-01,6.01449
tw_m2_yoy,2015-09-01,6.49728
tw_m2_yoy,2015-10-01,6.58263
tw_m2_yoy,2015-11-01,6.39386
tw_m2_yoy,2015-12-01,5.68477
tw_m2_yoy,2016-01-01,5.62557
tw_m2_yoy,2016-02-01,5.17405
tw_m2_yoy,2016-03-01,4.81126
tw_m2_yoy,2016-04-01,4.64881
tw_m2_yoy,2016-05-01,4.14319
tw_m2_yoy,2016-06-01,4.41666
tw_m2_yoy,2016-07-01,4.70438
tw_m2_yoy,2016-08-01,4.51376
tw_m2_yoy,2016-09-01,4.05252
tw_m2_yoy,2016-10-01,3.98179
tw_m2_yoy,2016-11-01,3.96049
tw_m2_yoy,2016-12-01,4.11332
tw_m2_yoy,2017-01-01,3.72186
tw_m2_yoy,2017-02-01,3.55856
tw_m2_yoy,2017-03-01,3.63764
tw_m2_yoy,2017-04-01,3.63011
tw_m2_yoy,2017-05-01,4.06942
tw_m2_yoy,2017-06-01,3.70591
tw_m2_yoy,2017-07-01,3.60405
tw_m2_yoy,2017-08-01,3.74613
tw_m2_yoy,2017-09-01,3.80203
tw_m2_yoy,2017-10-01,3.8466
tw_m2_yoy,2017-11-01,4.06561
tw_m2_yoy,2017-12-01,3.5983
tw_m2_yoy,2018-01-01,3.41997
tw_m2_yoy,2018-02-01,3.7772
tw_m2_yoy,2018-03-01,3.60063
tw_m2_yoy,2018-04-01,3.59333
tw_m2_yoy,2018-05-01,3.72653
tw_m2_yoy,2018-06-01,4.09647
tw_m2_yoy,2018-07-01,3.6819
tw_m2_yoy,2018-08-01,3.42087
tw_m2_yoy,2018-09-01,3.33672
tw_m2_yoy,2018-10-01,3.38876
tw_m2_yoy,2018-11-01,3.09118
tw_m2_yoy,2018-12-01,3.0728
tw_m2_yoy,2019-01-01,3.13618
tw_m2_yoy,2019-02-01,2.91572
tw_m2_yoy,2019-03-01,3.09785
tw_m2_yoy,2019-04-01,3.70835
tw_m2_yoy,2019-05-01,3.40422
tw_m2_yoy,2019-06-01,3.04601
tw_m2_yoy,2019-07-01,3.38358
tw_m2_yoy,2019-08-01,3.35207
tw_m2_yoy,2019-09-01,3.39962
tw_m2_yoy,2019-10-01,3.79373
tw_m2_yoy,2019-11-01,4.13673
tw_m2_yoy,2019-12-01,4.12357
tw_m2_yoy,2020-01-01,4.59836
tw_m2_yoy,2020-02-01,4.34917
tw_m2_yoy,2020-03-01,4.41649
tw_m2_yoy,2020-04-01,4.21282
tw_m2_yoy,2020-05-01,4.17621
tw_m2_yoy,2020-06-01,5.41555
tw_m2_yoy,2020-07-01,5.8903
tw_m2_yoy,2020-08-01,6.68712
tw_m2_yoy,2020-09-01,7.14712
tw_m2_yoy,2020-10-01,7.05326
tw_m2_yoy,2020-11-01,7.59966
tw_m2_yoy,2020-12-01,8.4499
tw_m2_yoy,2021-01-01,8.83554
tw_m2_yoy,2021-02-01,9.12087
tw_m2_yoy,2021-03-01,8.9121
tw_m2_yoy,2021-04-01,8.83313
tw_m2_yoy,2021-05-01,9.20984
tw_m2_yoy,2021-06-01,9.22616
tw_m2_yoy,2021-07-01,8.70422
tw_m2_yoy,2021-08-01,8.44305
tw_m2_yoy,2021-09-01,8.68764
tw_m2_yoy,2021-10-01,8.44665
tw_m2_yoy,2021-11-01,8.25833
tw_m2_yoy,2021-12-01,8.02002
tw_m2_yoy,2022-01-01,7.86528
tw_m2_yoy,2022-02-01,7.67137
tw_m2_yoy,2022-03-01,8.10996
tw_m2_yoy,2022-04-01,8.12323
tw_m2_yoy,2022-05-01,7.94458
tw_m2_yoy,2022-06-01,7.65301
tw_m2_yoy,2022-07-01,6.98645
tw_m2_yoy,2022-08-01,6.92769
tw_m2_yoy,2022-09-01,6.82831
tw_m2_yoy,2022-10-01,7.31737
tw_m2_yoy,2022-11-01,7.37474
tw_m2_yoy,2022-12-01,7.06218
tw_m2_yoy,2023-01-01,6.6715
tw_m2_yoy,2023-02-01,6.7956
tw_m2_yoy,2023-03-01,6.57601
tw_m2_yoy,2023-04-01,6.70453
tw_m2_yoy,2023-05-01,6.62985
tw_m2_yoy,2023-06-01,5.9313
tw_m2_yoy,2023-07-01,6.93214
tw_m2_yoy,2023-08-01,6.52878
tw_m2_yoy,2023-09-01,5.98232
tw_m2_yoy,2023-10-01,5.69562
tw_m2_yoy,2023-11-01,5.33439
tw_m2_yoy,2023-12-01,5.29817
tw_m2_yoy,2024-01-01,5.4385
tw_m2_yoy,2024-02-01,5.58828
tw_m2_yoy,2024-03-01,6.15286
tw_m2_yoy,2024-04-01,6.06053
tw_m2_yoy,2024-05-01,6.04283
tw_m2_yoy,2024-06-01,6.25127
tw_m2_yoy,2024-07-01,6.19603
tw_m2_yoy,2024-08-01,5.79653
tw_m2_yoy,2024-09-01,5.595
tw_m2_yoy,2024-10-01,5.82629
tw_m2_yoy,2024-11-01,5.46764
tw_m2_yoy,2024-12-01,5.5101
tw_m2_yoy,2025-01-01,5.53122
tw_m2_yoy,2025-02-01,5.1879
tw_m2_yoy,2025-03-01,4.38383
tw_m2_yoy,2025-04-01,3.88267
tw_m2_yoy,2025-05-01,3.32587
tw_m2_yoy,2025-06-01,3.45145
tw_m2_yoy,2025-07-01,3.42151
tw_m2_yoy,2025-08-01,4.75835
tw_m2_yoy,2025-09-01,5.44348
tw_m2_yoy,2025-10-01,5.03531
tw_m2_yoy,2025-11-01,5.11267
tw_m2_yoy,2025-12-01,5.0041
tw_m2_yoy,2026-01-01,5.15973
tw_m2_yoy,2026-02-01,5.3819
tw_m2_yoy,2026-03-01,5.78571
tw_m2_yoy,2026-04-01,6.44937
tw_m2_yoy,2026-05-01,7.82658
tw_m2_yoy,2026-06-01,8.13398
tw_m2_yoy,2026-07-01,7.41536
tw_m2_yoy,2026-08-01,6.78887
tw_nmi,2014-08-01,54.6
tw_nmi,2014-09-01,55.2
tw_nmi,2014-10-01,55.9
tw_nmi,2014-11-01,52.8
tw_nmi,2014-12-01,53.6
tw_nmi,2015-01-01,53.9
tw_nmi,2015-02-01,50.8
tw_nmi,2015-03-01,52.8
tw_nmi,2015-04-01,57.3
tw_nmi,2015-05-01,54.8
tw_nmi,2015-06-01,50.5
tw_nmi,2015-07-01,52.1
tw_nmi,2015-08-01,47.5
tw_nmi,2015-09-01,45.3
tw_nmi,2015-10-01,50.8
tw_nmi,2015-11-01,48.7
tw_nmi,2015-12-01,50.0
tw_nmi,2016-01-01,48.8
tw_nmi,2016-02-01,42.9
tw_nmi,2016-03-01,50.5
tw_nmi,2016-04-01,48.8
tw_nmi,2016-05-01,47.9
tw_nmi,2016-06-01,51.7
tw_nmi,2016-07-01,54.4
tw_nmi,2016-08-01,52.5
tw_nmi,2016-09-01,51.0
tw_nmi,2016-10-01,49.4
tw_nmi,2016-11-01,49.8
tw_nmi,2016-12-01,51.3
tw_nmi,2017-01-01,54.1
tw_nmi,2017-02-01,48.5
tw_nmi,2017-03-01,55.1
tw_nmi,2017-04-01,56.3
tw_nmi,2017-05-01,55.4
tw_nmi,2017-06-01,53.0
tw_nmi,2017-07-01,54.8
tw_nmi,2017-08-01,55.2
tw_nmi,2017-09-01,53.6
tw_nmi,2017-10-01,53.0
tw_nmi,2017-11-01,53.4
tw_nmi,2017-12-01,53.3
tw_nmi,2018-01-01,55.9
tw_nmi,2018-02-01,50.7
tw_nmi,2018-03-01,54.4
tw_nmi,2018-04-01,55.6
tw_nmi,2018-05-01,53.7
tw_nmi,2018-06-01,54.7
tw_nmi,2018-07-01,57.0
tw_nmi,2018-08-01,52.6
tw_nmi,2018-09-01,50.8
tw_nmi,2018-10-01,49.9
tw_nmi,2018-11-01,52.3
tw_nmi,2018-12-01,51.6
tw_nmi,2019-01-01,49.0
tw_nmi,2019-02-01,47.8
tw_nmi,2019-03-01,53.3
tw_nmi,2019-04-01,55.6
tw_nmi,2019-05-01,54.0
tw_nmi,2019-06-01,52.0
tw_nmi,2019-07-01,54.9
tw_nmi,2019-08-01,53.1
tw_nmi,2019-09-01,51.0
tw_nmi,2019-10-01,53.9
tw_nmi,2019-11-01,55.0
tw_nmi,2019-12-01,54.1
tw_nmi,2020-01-01,55.0
tw_nmi,2020-02-01,40.4
tw_nmi,2020-03-01,42.3
tw_nmi,2020-04-01,42.5
tw_nmi,2020-05-01,45.2
tw_nmi,2020-06-01,54.0
tw_nmi,2020-07-01,57.3
tw_nmi,2020-08-01,59.4
tw_nmi,2020-09-01,55.6
tw_nmi,2020-10-01,53.4
tw_nmi,2020-11-01,53.8
tw_nmi,2020-12-01,55.0
tw_nmi,2021-01-01,55.0
tw_nmi,2021-02-01,52.1
tw_nmi,2021-03-01,55.2
tw_nmi,2021-04-01,60.1
tw_nmi,2021-05-01,49.2
tw_nmi,2021-06-01,46.0
tw_nmi,2021-07-01,53.2
tw_nmi,2021-08-01,56.7
tw_nmi,2021-09-01,57.3
tw_nmi,2021-10-01,58.5
tw_nmi,2021-11-01,62.3
tw_nmi,2021-12-01,58.6
tw_nmi,2022-01-01,53.9
tw_nmi,2022-02-01,51.6
tw_nmi,2022-03-01,55.8
tw_nmi,2022-04-01,55.1
tw_nmi,2022-05-01,45.1
tw_nmi,2022-06-01,49.7
tw_nmi,2022-07-01,56.7
tw_nmi,2022-08-01,53.8
tw_nmi,2022-09-01,52.2
tw_nmi,2022-10-01,50.0
tw_nmi,2022-11-01,52.2
tw_nmi,2022-12-01,53.3
tw_nmi,2023-01-01,50.1
tw_nmi,2023-02-01,50.2
tw_nmi,2023-03-01,53.2
tw_nmi,2023-04-01,55.8
tw_nmi,2023-05-01,52.0
tw_nmi,2023-06-01,54.6
tw_nmi,2023-07-01,55.7
tw_nmi,2023-08-01,54.3
tw_nmi,2023-09-01,53.5
tw_nmi,2023-10-01,53.2
tw_nmi,2023-11-01,56.2
tw_nmi,2023-12-01,56.0
tw_nmi,2024-01-01,53.5
tw_nmi,2024-02-01,52.3
tw_nmi,2024-03-01,53.5
tw_nmi,2024-04-01,54.1
tw_nmi,2024-05-01,54.2
tw_nmi,2024-06-01,58.6
tw_nmi,2024-07-01,57.3
tw_nmi,2024-08-01,54.5
tw_nmi,2024-09-01,53.3
tw_nmi,2024-10-01,53.8
tw_nmi,2024-11-01,54.6
tw_nmi,2024-12-01,56.5
tw_nmi,2025-01-01,55.0
tw_nmi,2025-02-01,49.2
tw_nmi,2025-03-01,53.8
tw_nmi,2025-04-01,51.0
tw_nmi,2025-05-01,51.9
tw_nmi,2025-06-01,54.3
tw_nmi,2025-07-01,52.8
tw_nmi,2025-08-01,50.7
tw_nmi,2025-09-01,52.1
tw_nmi,2025-10-01,54.4
tw_nmi,2025-11-01,55.8
tw_nmi,2025-12-01,54.6
tw_nmi,2026-01-01,55.3
tw_nmi,2026-02-01,53.4
tw_nmi,2026-03-01,54.3
tw_nmi,2026-04-01,58.3
tw_nmi,2026-05-01,58.2
tw_nmi,2026-06-01,59.9
tw_nmi,2026-07-01,57.3
tw_nmi,2026-08-01,55.6
tw_nmi,2026-09-01,56.9
tw_orders,1984-01-01,2627.0
tw_orders,1984-02-01,2321.0
tw_orders,1984-03-01,2821.0
tw_orders,1984-04-01,2797.0
tw_orders,1984-05-01,2879.0
tw_orders,1984-06-01,2759.0
tw_orders,1984-07-01,2776.0
tw_orders,1984-08-01,2741.0
tw_orders,1984-09-01,2507.0
tw_orders,1984-10-01,2568.0
tw_orders,1984-11-01,2534.0
tw_orders,1984-12-01,2446.0
tw_orders,1985-01-01,2599.0
tw_orders,1985-02-01,2279.0
tw_orders,1985-03-01,2841.0
tw_orders,1985-04-01,2630.0
tw_orders,1985-05-01,2780.0
tw_orders,1985-06-01,2551.0
tw_orders,1985-07-01,2596.0
tw_orders,1985-08-01,2650.0
tw_orders,1985-09-01,2524.0
tw_orders,1985-10-01,2776.0
tw_orders,1985-11-01,2683.0
tw_orders,1985-12-01,2828.0
tw_orders,1986-01-01,3120.0
tw_orders,1986-02-01,2487.0
tw_orders,1986-03-01,3288.0
tw_orders,1986-04-01,3226.0
tw_orders,1986-05-01,3477.0
tw_orders,1986-06-01,3336.0
tw_orders,1986-07-01,3521.0
tw_orders,1986-08-01,3589.0
tw_orders,1986-09-01,3448.0
tw_orders,1986-10-01,3915.0
tw_orders,1986-11-01,3872.0
tw_orders,1986-12-01,3863.0
tw_orders,1987-01-01,3799.0
tw_orders,1987-02-01,3769.0
tw_orders,1987-03-01,4286.0
tw_orders,1987-04-01,4650.0
tw_orders,1987-05-01,4495.0
tw_orders,1987-06-01,4665.0
tw_orders,1987-07-01,4644.0
tw_orders,1987-08-01,4530.0
tw_orders,1987-09-01,4720.0
tw_orders,1987-10-01,4680.0
tw_orders,1987-11-01,4684.0
tw_orders,1987-12-01,4819.0
tw_orders,1988-01-01,4624.0
tw_orders,1988-02-01,4309.0
tw_orders,1988-03-01,5174.0
tw_orders,1988-04-01,5275.0
tw_orders,1988-05-01,5165.0
tw_orders,1988-06-01,5090.0
tw_orders,1988-07-01,5064.0
tw_orders,1988-08-01,5036.0
tw_orders,1988-09-01,4952.0
tw_orders,1988-10-01,5366.0
tw_orders,1988-11-01,5238.0
tw_orders,1988-12-01,5476.0
tw_orders,1989-01-01,5429.0
tw_orders,1989-02-01,4658.0
tw_orders,1989-03-01,6260.0
tw_orders,1989-04-01,5820.0
tw_orders,1989-05-01,5744.0
tw_orders,1989-06-01,5685.0
tw_orders,1989-07-01,5609.0
tw_orders,1989-08-01,5294.0
tw_orders,1989-09-01,5458.0
tw_orders,1989-10-01,5131.0
tw_orders,1989-11-01,5476.0
tw_orders,1989-12-01,5207.0
tw_orders,1990-01-01,4910.0
tw_orders,1990-02-01,5038.0
tw_orders,1990-03-01,5932.0
tw_orders,1990-04-01,5851.0
tw_orders,1990-05-01,5997.0
tw_orders,1990-06-01,5556.0
tw_orders,1990-07-01,5798.0
tw_orders,1990-08-01,5580.0
tw_orders,1990-09-01,5577.0
tw_orders,1990-10-01,5979.0
tw_orders,1990-11-01,5935.0
tw_orders,1990-12-01,5551.0
tw_orders,1991-01-01,5807.0
tw_orders,1991-02-01,5393.0
tw_orders,1991-03-01,6415.0
tw_orders,1991-04-01,6256.0
tw_orders,1991-05-01,6540.0
tw_orders,1991-06-01,6360.0
tw_orders,1991-07-01,6324.0
tw_orders,1991-08-01,6394.0
tw_orders,1991-09-01,6315.0
tw_orders,1991-10-01,6336.0
tw_orders,1991-11-01,6434.0
tw_orders,1991-12-01,6379.0
tw_orders,1992-01-01,6438.0
tw_orders,1992-02-01,5451.0
tw_orders,1992-03-01,6795.0
tw_orders,1992-04-01,7188.0
tw_orders,1992-05-01,6936.0
tw_orders,1992-06-01,6771.0
tw_orders,1992-07-01,6802.0
tw_orders,1992-08-01,6625.0
tw_orders,1992-09-01,6784.0
tw_orders,1992-10-01,7147.0
tw_orders,1992-11-01,7046.0
tw_orders,1992-12-01,6935.0
tw_orders,1993-01-01,6107.0
tw_orders,1993-02-01,6943.0
tw_orders,1993-03-01,7650.0
tw_orders,1993-04-01,7156.0
tw_orders,1993-05-01,7463.0
tw_orders,1993-06-01,6991.0
tw_orders,1993-07-01,7140.0
tw_orders,1993-08-01,7268.0
tw_orders,1993-09-01,6993.0
tw_orders,1993-10-01,7418.0
tw_orders,1993-11-01,7265.0
tw_orders,1993-12-01,7490.0
tw_orders,1994-01-01,7094.0
tw_orders,1994-02-01,6382.0
tw_orders,1994-03-01,7814.0
tw_orders,1994-04-01,7802.0
tw_orders,1994-05-01,7764.0
tw_orders,1994-06-01,7747.0
tw_orders,1994-07-01,7802.0
tw_orders,1994-08-01,7698.0
tw_orders,1994-09-01,8433.0
tw_orders,1994-10-01,8412.0
tw_orders,1994-11-01,8606.0
tw_orders,1994-12-01,9034.0
tw_orders,1995-01-01,7965.0
tw_orders,1995-02-01,7616.0
tw_orders,1995-03-01,9915.0
tw_orders,1995-04-01,9248.0
tw_orders,1995-05-01,9962.0
tw_orders,1995-06-01,8991.0
tw_orders,1995-07-01,9601.0
tw_orders,1995-08-01,10093.0
tw_orders,1995-09-01,9816.0
tw_orders,1995-10-01,9866.0
tw_orders,1995-11-01,10460.0
tw_orders,1995-12-01,10018.0
tw_orders,1996-01-01,9675.0
tw_orders,1996-02-01,8847.0
tw_orders,1996-03-01,9919.0
tw_orders,1996-04-01,9904.0
tw_orders,1996-05-01,10019.0
tw_orders,1996-06-01,9771.0
tw_orders,1996-07-01,9772.0
tw_orders,1996-08-01,10094.0
tw_orders,1996-09-01,10513.0
tw_orders,1996-10-01,10301.0
tw_orders,1996-11-01,10028.0
tw_orders,1996-12-01,10113.0
tw_orders,1997-01-01,9872.0
tw_orders,1997-02-01,8696.0
tw_orders,1997-03-01,10472.0
tw_orders,1997-04-01,10491.0
tw_orders,1997-05-01,10444.0
tw_orders,1997-06-01,10359.0
tw_orders,1997-07-01,10470.0
tw_orders,1997-08-01,10200.0
tw_orders,1997-09-01,10896.0
tw_orders,1997-10-01,11019.0
tw_orders,1997-11-01,10299.0
tw_orders,1997-12-01,10582.0
tw_orders,1998-01-01,8460.0
tw_orders,1998-02-01,9621.0
tw_orders,1998-03-01,10186.0
tw_orders,1998-04-01,10011.0
tw_orders,1998-05-01,10042.0
tw_orders,1998-06-01,10118.0
tw_orders,1998-07-01,9924.0
tw_orders,1998-08-01,9978.0
tw_orders,1998-09-01,10376.0
tw_orders,1998-10-01,10380.0
tw_orders,1998-11-01,9749.0
tw_orders,1998-12-01,9992.0
tw_orders,1999-01-01,9806.0
tw_orders,1999-02-01,8659.0
tw_orders,1999-03-01,10553.0
tw_orders,1999-04-01,10558.0
tw_orders,1999-05-01,10355.0
tw_orders,1999-06-01,10502.0
tw_orders,1999-07-01,10895.0
tw_orders,1999-08-01,10951.0
tw_orders,1999-09-01,10739.0
tw_orders,1999-10-01,11747.0
tw_orders,1999-11-01,11564.0
tw_orders,1999-12-01,11140.0
tw_orders,2000-01-01,10873.0
tw_orders,2000-02-01,9831.0
tw_orders,2000-03-01,12645.0
tw_orders,2000-04-01,12409.0
tw_orders,2000-05-01,13363.0
tw_orders,2000-06-01,13928.0
tw_orders,2000-07-01,12983.0
tw_orders,2000-08-01,13699.0
tw_orders,2000-09-01,14323.0
tw_orders,2000-10-01,13663.0
tw_orders,2000-11-01,13269.0
tw_orders,2000-12-01,12446.0
tw_orders,2001-01-01,10368.0
tw_orders,2001-02-01,10706.0
tw_orders,2001-03-01,12503.0
tw_orders,2001-04-01,11587.0
tw_orders,2001-05-01,11498.0
tw_orders,2001-06-01,11153.0
tw_orders,2001-07-01,10804.0
tw_orders,2001-08-01,11410.0
tw_orders,2001-09-01,10482.0
tw_orders,2001-10-01,11978.0
tw_orders,2001-11-01,11787.0
tw_orders,2001-12-01,11438.0
tw_orders,2002-01-01,11322.0
tw_orders,2002-02-01,10159.0
tw_orders,2002-03-01,12713.0
tw_orders,2002-04-01,12913.0
tw_orders,2002-05-01,13139.0
tw_orders,2002-06-01,12381.0
tw_orders,2002-07-01,12628.0
tw_orders,2002-08-01,12995.0
tw_orders,2002-09-01,12787.0
tw_orders,2002-10-01,13455.0
tw_orders,2002-11-01,13416.0
tw_orders,2002-12-01,13041.0
tw_orders,2003-01-01,13016.0
tw_orders,2003-02-01,11164.0
tw_orders,2003-03-01,13489.0
tw_orders,2003-04-01,13503.0
tw_orders,2003-05-01,13708.0
tw_orders,2003-06-01,13826.0
tw_orders,2003-07-01,14500.0
tw_orders,2003-08-01,14385.0
tw_orders,2003-09-01,15400.0
tw_orders,2003-10-01,16137.0
tw_orders,2003-11-01,15181.0
tw_orders,2003-12-01,15715.0
tw_orders,2004-01-01,13934.0
tw_orders,2004-02-01,15037.0
tw_orders,2004-03-01,17239.0
tw_orders,2004-04-01,18032.0
tw_orders,2004-05-01,17251.0
tw_orders,2004-06-01,17702.0
tw_orders,2004-07-01,18537.0
tw_orders,2004-08-01,18061.0
tw_orders,2004-09-01,19495.0
tw_orders,2004-10-01,20245.0
tw_orders,2004-11-01,19752.0
tw_orders,2004-12-01,19797.0
tw_orders,2005-01-01,18422.0
tw_orders,2005-02-01,16192.0
tw_orders,2005-03-01,20900.0
tw_orders,2005-04-01,20813.0
tw_orders,2005-05-01,19520.0
tw_orders,2005-06-01,20658.0
tw_orders,2005-07-01,20154.0
tw_orders,2005-08-01,22152.0
tw_orders,2005-09-01,23779.0
tw_orders,2005-10-01,24612.0
tw_orders,2005-11-01,24607.0
tw_orders,2005-12-01,24590.0
tw_orders,2006-01-01,22108.0
tw_orders,2006-02-01,20262.0
tw_orders,2006-03-01,24939.0
tw_orders,2006-04-01,24680.0
tw_orders,2006-05-01,24599.0
tw_orders,2006-06-01,24915.0
tw_orders,2006-07-01,24068.0
tw_orders,2006-08-01,26212.0
tw_orders,2006-09-01,26630.0
tw_orders,2006-10-01,27293.0
tw_orders,2006-11-01,27216.0
tw_orders,2006-12-01,26388.0
tw_orders,2007-01-01,25925.0
tw_orders,2007-02-01,21918.0
tw_orders,2007-03-01,28032.0
tw_orders,2007-04-01,27462.0
tw_orders,2007-05-01,27528.0
tw_orders,2007-06-01,28698.0
tw_orders,2007-07-01,29723.0
tw_orders,2007-08-01,30488.0
tw_orders,2007-09-01,30919.0
tw_orders,2007-10-01,32200.0
tw_orders,2007-11-01,31892.0
tw_orders,2007-12-01,31023.0
tw_orders,2008-01-01,30306.0
tw_orders,2008-02-01,25880.0
tw_orders,2008-03-01,31617.0
tw_orders,2008-04-01,31769.0
tw_orders,2008-05-01,31511.0
tw_orders,2008-06-01,31362.0
tw_orders,2008-07-01,31365.0
tw_orders,2008-08-01,32130.0
tw_orders,2008-09-01,31791.0
tw_orders,2008-10-01,30413.0
tw_orders,2008-11-01,22800.0
tw_orders,2008-12-01,20785.0
tw_orders,2009-01-01,17675.0
tw_orders,2009-02-01,20116.0
tw_orders,2009-03-01,23935.0
tw_orders,2009-04-01,25125.0
tw_orders,2009-05-01,25166.0
tw_orders,2009-06-01,27936.0
tw_orders,2009-07-01,28614.0
tw_orders,2009-08-01,28286.0
tw_orders,2009-09-01,30837.0
tw_orders,2009-10-01,31755.0
tw_orders,2009-11-01,31259.0
tw_orders,2009-12-01,31726.0
tw_orders,2010-01-01,30371.0
tw_orders,2010-02-01,27406.0
tw_orders,2010-03-01,34387.0
tw_orders,2010-04-01,33959.0
tw_orders,2010-05-01,33729.0
tw_orders,2010-06-01,34222.0
tw_orders,2010-07-01,33830.0
tw_orders,2010-08-01,34878.0
tw_orders,2010-09-01,35979.0
tw_orders,2010-10-01,35647.0
tw_orders,2010-11-01,35740.0
tw_orders,2010-12-01,36567.0
tw_orders,2011-01-01,34458.0
tw_orders,2011-02-01,28872.0
tw_orders,2011-03-01,38986.0
tw_orders,2011-04-01,37406.0
tw_orders,2011-05-01,37616.0
tw_orders,2011-06-01,37362.0
tw_orders,2011-07-01,37587.0
tw_orders,2011-08-01,36716.0
tw_orders,2011-09-01,36958.0
tw_orders,2011-10-01,37205.0
tw_orders,2011-11-01,36651.0
tw_orders,2011-12-01,36304.0
tw_orders,2012-01-01,31485.0
tw_orders,2012-02-01,33953.0
tw_orders,2012-03-01,38370.0
tw_orders,2012-04-01,36089.0
tw_orders,2012-05-01,36474.0
tw_orders,2012-06-01,36382.0
tw_orders,2012-07-01,35937.0
tw_orders,2012-08-01,36153.0
tw_orders,2012-09-01,37662.0
tw_orders,2012-10-01,38380.0
tw_orders,2012-11-01,40726.0
tw_orders,2012-12-01,39392.0
tw_orders,2013-01-01,37137.0
tw_orders,2013-02-01,29039.0
tw_orders,2013-03-01,35839.0
tw_orders,2013-04-01,35688.0
tw_orders,2013-05-01,36328.0
tw_orders,2013-06-01,35094.0
tw_orders,2013-07-01,36116.0
tw_orders,2013-08-01,36319.0
tw_orders,2013-09-01,38419.0
tw_orders,2013-10-01,39591.0
tw_orders,2013-11-01,41046.0
tw_orders,2013-12-01,42313.0
tw_orders,2014-01-01,36109.0
tw_orders,2014-02-01,30706.0
tw_orders,2014-03-01,37940.0
tw_orders,2014-04-01,38868.0
tw_orders,2014-05-01,38018.0
tw_orders,2014-06-01,38817.0
tw_orders,2014-07-01,38182.0
tw_orders,2014-08-01,38210.0
tw_orders,2014-09-01,43313.0
tw_orders,2014-10-01,44911.0
tw_orders,2014-11-01,43512.0
tw_orders,2014-12-01,44228.0
tw_orders,2015-01-01,39038.0
tw_orders,2015-02-01,29890.0
tw_orders,2015-03-01,38427.0
tw_orders,2015-04-01,37318.0
tw_orders,2015-05-01,35793.0
tw_orders,2015-06-01,36582.0
tw_orders,2015-07-01,36287.0
tw_orders,2015-08-01,35026.0
tw_orders,2015-09-01,41345.0
tw_orders,2015-10-01,42548.0
tw_orders,2015-11-01,40755.0
tw_orders,2015-12-01,38805.0
tw_orders,2016-01-01,34186.0
tw_orders,2016-02-01,27669.0
tw_orders,2016-03-01,36625.0
tw_orders,2016-04-01,33159.0
tw_orders,2016-05-01,33729.0
tw_orders,2016-06-01,35704.0
tw_orders,2016-07-01,35035.0
tw_orders,2016-08-01,37927.0
tw_orders,2016-09-01,42962.0
tw_orders,2016-10-01,42683.0
tw_orders,2016-11-01,43620.0
tw_orders,2016-12-01,41237.0
tw_orders,2017-01-01,35969.0
tw_orders,2017-02-01,33753.0
tw_orders,2017-03-01,41124.0
tw_orders,2017-04-01,35614.0
tw_orders,2017-05-01,36813.0
tw_orders,2017-06-01,40353.0
tw_orders,2017-07-01,38721.0
tw_orders,2017-08-01,40778.0
tw_orders,2017-09-01,45921.0
tw_orders,2017-10-01,46601.0
tw_orders,2017-11-01,48689.0
tw_orders,2017-12-01,48471.0
tw_orders,2018-01-01,43063.0
tw_orders,2018-02-01,32454.0
tw_orders,2018-03-01,42383.0
tw_orders,2018-04-01,39111.0
tw_orders,2018-05-01,41112.0
tw_orders,2018-06-01,40314.0
tw_orders,2018-07-01,41799.0
tw_orders,2018-08-01,43676.0
tw_orders,2018-09-01,47858.0
tw_orders,2018-10-01,48986.0
tw_orders,2018-11-01,47684.0
tw_orders,2018-12-01,43382.0
tw_orders,2019-01-01,40535.0
tw_orders,2019-02-01,28948.0
tw_orders,2019-03-01,38631.0
tw_orders,2019-04-01,37709.0
tw_orders,2019-05-01,38760.0
tw_orders,2019-06-01,38537.0
tw_orders,2019-07-01,40566.0
tw_orders,2019-08-01,40083.0
tw_orders,2019-09-01,45559.0
tw_orders,2019-10-01,47312.0
tw_orders,2019-11-01,44567.0
tw_orders,2019-12-01,43817.0
tw_orders,2020-01-01,35365.0
tw_orders,2020-02-01,28740.0
tw_orders,2020-03-01,40321.0
tw_orders,2020-04-01,38586.0
tw_orders,2020-05-01,38947.0
tw_orders,2020-06-01,41048.0
tw_orders,2020-07-01,45615.0
tw_orders,2020-08-01,45534.0
tw_orders,2020-09-01,50071.0
tw_orders,2020-10-01,51637.0
tw_orders,2020-11-01,57834.0
tw_orders,2020-12-01,60603.0
tw_orders,2021-01-01,52775.0
tw_orders,2021-02-01,42663.0
tw_orders,2021-03-01,53723.0
tw_orders,2021-04-01,54998.0
tw_orders,2021-05-01,52364.0
tw_orders,2021-06-01,53812.0
tw_orders,2021-07-01,55388.0
tw_orders,2021-08-01,53607.0
tw_orders,2021-09-01,63020.0
tw_orders,2021-10-01,59228.0
tw_orders,2021-11-01,65670.0
tw_orders,2021-12-01,68022.0
tw_orders,2022-01-01,58956.0
tw_orders,2022-02-01,51666.0
tw_orders,2022-03-01,62801.0
tw_orders,2022-04-01,52054.0
tw_orders,2022-05-01,55583.0
tw_orders,2022-06-01,59009.0
tw_orders,2022-07-01,54430.0
tw_orders,2022-08-01,54761.0
tw_orders,2022-09-01,61107.0
tw_orders,2022-10-01,55576.0
tw_orders,2022-11-01,50309.0
tw_orders,2022-12-01,52327.0
tw_orders,2023-01-01,47702.0
tw_orders,2023-02-01,42290.0
tw_orders,2023-03-01,46759.0
tw_orders,2023-04-01,42653.0
tw_orders,2023-05-01,45810.0
tw_orders,2023-06-01,44297.0
tw_orders,2023-07-01,47846.0
tw_orders,2023-08-01,46146.0
tw_orders,2023-09-01,51484.0
tw_orders,2023-10-01,52945.0
tw_orders,2023-11-01,50713.0
tw_orders,2023-12-01,43886.0
tw_orders,2024-01-01,48494.0
tw_orders,2024-02-01,37804.0
tw_orders,2024-03-01,47229.0
tw_orders,2024-04-01,47166.0
tw_orders,2024-05-01,48957.0
tw_orders,2024-06-01,45626.0
tw_orders,2024-07-01,50103.0
tw_orders,2024-08-01,50286.0
tw_orders,2024-09-01,53862.0
tw_orders,2024-10-01,55529.0
tw_orders,2024-11-01,52341.0
tw_orders,2024-12-01,52992.0
tw_orders,2025-01-01,48035.0
tw_orders,2025-02-01,51611.0
tw_orders,2025-03-01,54922.0
tw_orders,2025-04-01,59060.0
tw_orders,2025-05-01,60781.0
tw_orders,2025-06-01,59753.0
tw_orders,2025-07-01,60511.0
tw_orders,2025-08-01,60084.0
tw_orders,2025-09-01,70341.0
tw_orders,2025-10-01,69434.0
tw_orders,2025-11-01,72999.0
tw_orders,2025-12-01,76198.0
tw_orders,2026-01-01,76907.0
tw_orders,2026-02-01,63877.0
tw_orders,2026-03-01,91125.0
tw_orders,2026-04-01,87449.0
tw_orders,2026-05-01,89475.0
tw_orders,2026-06-01,95262.0
tw_orders,2026-07-01,97939.0
tw_orders_elec,1984-01-01,300.0
tw_orders_elec,1984-02-01,265.0
tw_orders_elec,1984-03-01,322.0
tw_orders_elec,1984-04-01,319.0
tw_orders_elec,1984-05-01,328.0
tw_orders_elec,1984-06-01,314.0
tw_orders_elec,1984-07-01,317.0
tw_orders_elec,1984-08-01,313.0
tw_orders_elec,1984-09-01,286.0
tw_orders_elec,1984-10-01,293.0
tw_orders_elec,1984-11-01,289.0
tw_orders_elec,1984-12-01,279.0
tw_orders_elec,1985-01-01,255.0
tw_orders_elec,1985-02-01,223.0
tw_orders_elec,1985-03-01,278.0
tw_orders_elec,1985-04-01,258.0
tw_orders_elec,1985-05-01,272.0
tw_orders_elec,1985-06-01,250.0
tw_orders_elec,1985-07-01,254.0
tw_orders_elec,1985-08-01,260.0
tw_orders_elec,1985-09-01,247.0
tw_orders_elec,1985-10-01,272.0
tw_orders_elec,1985-11-01,263.0
tw_orders_elec,1985-12-01,277.0
tw_orders_elec,1986-01-01,306.0
tw_orders_elec,1986-02-01,244.0
tw_orders_elec,1986-03-01,322.0
tw_orders_elec,1986-04-01,316.0
tw_orders_elec,1986-05-01,341.0
tw_orders_elec,1986-06-01,327.0
tw_orders_elec,1986-07-01,345.0
tw_orders_elec,1986-08-01,352.0
tw_orders_elec,1986-09-01,338.0
tw_orders_elec,1986-10-01,384.0
tw_orders_elec,1986-11-01,379.0
tw_orders_elec,1986-12-01,379.0
tw_orders_elec,1987-01-01,407.0
tw_orders_elec,1987-02-01,403.0
tw_orders_elec,1987-03-01,459.0
tw_orders_elec,1987-04-01,498.0
tw_orders_elec,1987-05-01,482.0
tw_orders_elec,1987-06-01,499.0
tw_orders_elec,1987-07-01,497.0
tw_orders_elec,1987-08-01,470.0
tw_orders_elec,1987-09-01,505.0
tw_orders_elec,1987-10-01,501.0
tw_orders_elec,1987-11-01,478.0
tw_orders_elec,1987-12-01,516.0
tw_orders_elec,1988-01-01,509.0
tw_orders_elec,1988-02-01,474.0
tw_orders_elec,1988-03-01,569.0
tw_orders_elec,1988-04-01,580.0
tw_orders_elec,1988-05-01,568.0
tw_orders_elec,1988-06-01,560.0
tw_orders_elec,1988-07-01,557.0
tw_orders_elec,1988-08-01,554.0
tw_orders_elec,1988-09-01,503.0
tw_orders_elec,1988-10-01,594.0
tw_orders_elec,1988-11-01,586.0
tw_orders_elec,1988-12-01,657.0
tw_orders_elec,1989-01-01,646.0
tw_orders_elec,1989-02-01,592.0
tw_orders_elec,1989-03-01,795.0
tw_orders_elec,1989-04-01,728.0
tw_orders_elec,1989-05-01,725.0
tw_orders_elec,1989-06-01,682.0
tw_orders_elec,1989-07-01,673.0
tw_orders_elec,1989-08-01,635.0
tw_orders_elec,1989-09-01,677.0
tw_orders_elec,1989-10-01,606.0
tw_orders_elec,1989-11-01,690.0
tw_orders_elec,1989-12-01,620.0
tw_orders_elec,1990-01-01,502.0
tw_orders_elec,1990-02-01,545.0
tw_orders_elec,1990-03-01,621.0
tw_orders_elec,1990-04-01,697.0
tw_orders_elec,1990-05-01,607.0
tw_orders_elec,1990-06-01,601.0
tw_orders_elec,1990-07-01,651.0
tw_orders_elec,1990-08-01,650.0
tw_orders_elec,1990-09-01,698.0
tw_orders_elec,1990-10-01,622.0
tw_orders_elec,1990-11-01,617.0
tw_orders_elec,1990-12-01,625.0
tw_orders_elec,1991-01-01,693.0
tw_orders_elec,1991-02-01,689.0
tw_orders_elec,1991-03-01,705.0
tw_orders_elec,1991-04-01,718.0
tw_orders_elec,1991-05-01,683.0
tw_orders_elec,1991-06-01,626.0
tw_orders_elec,1991-07-01,568.0
tw_orders_elec,1991-08-01,623.0
tw_orders_elec,1991-09-01,639.0
tw_orders_elec,1991-10-01,625.0
tw_orders_elec,1991-11-01,592.0
tw_orders_elec,1991-12-01,626.0
tw_orders_elec,1992-01-01,668.0
tw_orders_elec,1992-02-01,580.0
tw_orders_elec,1992-03-01,719.0
tw_orders_elec,1992-04-01,804.0
tw_orders_elec,1992-05-01,702.0
tw_orders_elec,1992-06-01,673.0
tw_orders_elec,1992-07-01,718.0
tw_orders_elec,1992-08-01,685.0
tw_orders_elec,1992-09-01,686.0
tw_orders_elec,1992-10-01,736.0
tw_orders_elec,1992-11-01,698.0
tw_orders_elec,1992-12-01,721.0
tw_orders_elec,1993-01-01,705.0
tw_orders_elec,1993-02-01,741.0
tw_orders_elec,1993-03-01,771.0
tw_orders_elec,1993-04-01,794.0
tw_orders_elec,1993-05-01,850.0
tw_orders_elec,1993-06-01,785.0
tw_orders_elec,1993-07-01,852.0
tw_orders_elec,1993-08-01,918.0
tw_orders_elec,1993-09-01,865.0
tw_orders_elec,1993-10-01,933.0
tw_orders_elec,1993-11-01,860.0
tw_orders_elec,1993-12-01,987.0
tw_orders_elec,1994-01-01,875.0
tw_orders_elec,1994-02-01,878.0
tw_orders_elec,1994-03-01,884.0
tw_orders_elec,1994-04-01,857.0
tw_orders_elec,1994-05-01,987.0
tw_orders_elec,1994-06-01,1014.0
tw_orders_elec,1994-07-01,1024.0
tw_orders_elec,1994-08-01,1058.0
tw_orders_elec,1994-09-01,1151.0
tw_orders_elec,1994-10-01,1032.0
tw_orders_elec,1994-11-01,1143.0
tw_orders_elec,1994-12-01,1273.0
tw_orders_elec,1995-01-01,1106.0
tw_orders_elec,1995-02-01,1103.0
tw_orders_elec,1995-03-01,1412.0
tw_orders_elec,1995-04-01,1134.0
tw_orders_elec,1995-05-01,1330.0
tw_orders_elec,1995-06-01,1270.0
tw_orders_elec,1995-07-01,1341.0
tw_orders_elec,1995-08-01,1512.0
tw_orders_elec,1995-09-01,1532.0
tw_orders_elec,1995-10-01,1531.0
tw_orders_elec,1995-11-01,1525.0
tw_orders_elec,1995-12-01,1513.0
tw_orders_elec,1996-01-01,1517.0
tw_orders_elec,1996-02-01,1371.0
tw_orders_elec,1996-03-01,1470.0
tw_orders_elec,1996-04-01,1355.0
tw_orders_elec,1996-05-01,1345.0
tw_orders_elec,1996-06-01,1289.0
tw_orders_elec,1996-07-01,1351.0
tw_orders_elec,1996-08-01,1434.0
tw_orders_elec,1996-09-01,1507.0
tw_orders_elec,1996-10-01,1399.0
tw_orders_elec,1996-11-01,1448.0
tw_orders_elec,1996-12-01,1516.0
tw_orders_elec,1997-01-01,1370.0
tw_orders_elec,1997-02-01,1292.0
tw_orders_elec,1997-03-01,1500.0
tw_orders_elec,1997-04-01,1470.0
tw_orders_elec,1997-05-01,1474.0
tw_orders_elec,1997-06-01,1716.0
tw_orders_elec,1997-07-01,1748.0
tw_orders_elec,1997-08-01,1715.0
tw_orders_elec,1997-09-01,1860.0
tw_orders_elec,1997-10-01,1880.0
tw_orders_elec,1997-11-01,1787.0
tw_orders_elec,1997-12-01,1797.0
tw_orders_elec,1998-01-01,1369.0
tw_orders_elec,1998-02-01,1564.0
tw_orders_elec,1998-03-01,1604.0
tw_orders_elec,1998-04-01,1491.0
tw_orders_elec,1998-05-01,1447.0
tw_orders_elec,1998-06-01,1507.0
tw_orders_elec,1998-07-01,1473.0
tw_orders_elec,1998-08-01,1552.0
tw_orders_elec,1998-09-01,1769.0
tw_orders_elec,1998-10-01,1614.0
tw_orders_elec,1998-11-01,1600.0
tw_orders_elec,1998-12-01,1654.0
tw_orders_elec,1999-01-01,1590.0
tw_orders_elec,1999-02-01,1499.0
tw_orders_elec,1999-03-01,1706.0
tw_orders_elec,1999-04-01,1732.0
tw_orders_elec,1999-05-01,1699.0
tw_orders_elec,1999-06-01,1761.0
tw_orders_elec,1999-07-01,1809.0
tw_orders_elec,1999-08-01,1967.0
tw_orders_elec,1999-09-01,1950.0
tw_orders_elec,1999-10-01,2040.0
tw_orders_elec,1999-11-01,2196.0
tw_orders_elec,1999-12-01,2258.0
tw_orders_elec,2000-01-01,2121.0
tw_orders_elec,2000-02-01,1920.0
tw_orders_elec,2000-03-01,2204.0
tw_orders_elec,2000-04-01,2382.0
tw_orders_elec,2000-05-01,2788.0
tw_orders_elec,2000-06-01,3156.0
tw_orders_elec,2000-07-01,3160.0
tw_orders_elec,2000-08-01,3373.0
tw_orders_elec,2000-09-01,3528.0
tw_orders_elec,2000-10-01,3424.0
tw_orders_elec,2000-11-01,3271.0
tw_orders_elec,2000-12-01,2882.0
tw_orders_elec,2001-01-01,2373.0
tw_orders_elec,2001-02-01,2086.0
tw_orders_elec,2001-03-01,2263.0
tw_orders_elec,2001-04-01,2012.0
tw_orders_elec,2001-05-01,2187.0
tw_orders_elec,2001-06-01,2091.0
tw_orders_elec,2001-07-01,2017.0
tw_orders_elec,2001-08-01,2210.0
tw_orders_elec,2001-09-01,2110.0
tw_orders_elec,2001-10-01,2345.0
tw_orders_elec,2001-11-01,2244.0
tw_orders_elec,2001-12-01,2184.0
tw_orders_elec,2002-01-01,2203.0
tw_orders_elec,2002-02-01,1949.0
tw_orders_elec,2002-03-01,2347.0
tw_orders_elec,2002-04-01,2541.0
tw_orders_elec,2002-05-01,2420.0
tw_orders_elec,2002-06-01,2407.0
tw_orders_elec,2002-07-01,2404.0
tw_orders_elec,2002-08-01,2536.0
tw_orders_elec,2002-09-01,2616.0
tw_orders_elec,2002-10-01,2641.0
tw_orders_elec,2002-11-01,2643.0
tw_orders_elec,2002-12-01,2374.0
tw_orders_elec,2003-01-01,2375.0
tw_orders_elec,2003-02-01,2067.0
tw_orders_elec,2003-03-01,2406.0
tw_orders_elec,2003-04-01,2630.0
tw_orders_elec,2003-05-01,2550.0
tw_orders_elec,2003-06-01,2679.0
tw_orders_elec,2003-07-01,2819.0
tw_orders_elec,2003-08-01,2990.0
tw_orders_elec,2003-09-01,3333.0
tw_orders_elec,2003-10-01,3396.0
tw_orders_elec,2003-11-01,3201.0
tw_orders_elec,2003-12-01,3446.0
tw_orders_elec,2004-01-01,3057.0
tw_orders_elec,2004-02-01,3232.0
tw_orders_elec,2004-03-01,3588.0
tw_orders_elec,2004-04-01,3904.0
tw_orders_elec,2004-05-01,3859.0
tw_orders_elec,2004-06-01,3921.0
tw_orders_elec,2004-07-01,3926.0
tw_orders_elec,2004-08-01,4080.0
tw_orders_elec,2004-09-01,4424.0
tw_orders_elec,2004-10-01,4456.0
tw_orders_elec,2004-11-01,4338.0
tw_orders_elec,2004-12-01,4243.0
tw_orders_elec,2005-01-01,3879.0
tw_orders_elec,2005-02-01,3554.0
tw_orders_elec,2005-03-01,4196.0
tw_orders_elec,2005-04-01,4254.0
tw_orders_elec,2005-05-01,4384.0
tw_orders_elec,2005-06-01,4610.0
tw_orders_elec,2005-07-01,4760.0
tw_orders_elec,2005-08-01,5137.0
tw_orders_elec,2005-09-01,5518.0
tw_orders_elec,2005-10-01,5714.0
tw_orders_elec,2005-11-01,5635.0
tw_orders_elec,2005-12-01,5547.0
tw_orders_elec,2006-01-01,5009.0
tw_orders_elec,2006-02-01,4609.0
tw_orders_elec,2006-03-01,5577.0
tw_orders_elec,2006-04-01,5631.0
tw_orders_elec,2006-05-01,5475.0
tw_orders_elec,2006-06-01,5631.0
tw_orders_elec,2006-07-01,5709.0
tw_orders_elec,2006-08-01,6312.0
tw_orders_elec,2006-09-01,6375.0
tw_orders_elec,2006-10-01,6272.0
tw_orders_elec,2006-11-01,6212.0
tw_orders_elec,2006-12-01,6011.0
tw_orders_elec,2007-01-01,5991.0
tw_orders_elec,2007-02-01,4971.0
tw_orders_elec,2007-03-01,6195.0
tw_orders_elec,2007-04-01,6060.0
tw_orders_elec,2007-05-01,5952.0
tw_orders_elec,2007-06-01,6457.0
tw_orders_elec,2007-07-01,6932.0
tw_orders_elec,2007-08-01,7423.0
tw_orders_elec,2007-09-01,7496.0
tw_orders_elec,2007-10-01,7526.0
tw_orders_elec,2007-11-01,7330.0
tw_orders_elec,2007-12-01,7133.0
tw_orders_elec,2008-01-01,6966.0
tw_orders_elec,2008-02-01,6104.0
tw_orders_elec,2008-03-01,7131.0
tw_orders_elec,2008-04-01,7155.0
tw_orders_elec,2008-05-01,7018.0
tw_orders_elec,2008-06-01,7092.0
tw_orders_elec,2008-07-01,7528.0
tw_orders_elec,2008-08-01,7737.0
tw_orders_elec,2008-09-01,7735.0
tw_orders_elec,2008-10-01,7395.0
tw_orders_elec,2008-11-01,5300.0
tw_orders_elec,2008-12-01,4933.0
tw_orders_elec,2009-01-01,4260.0
tw_orders_elec,2009-02-01,4741.0
tw_orders_elec,2009-03-01,5947.0
tw_orders_elec,2009-04-01,6099.0
tw_orders_elec,2009-05-01,6223.0
tw_orders_elec,2009-06-01,6658.0
tw_orders_elec,2009-07-01,6928.0
tw_orders_elec,2009-08-01,6793.0
tw_orders_elec,2009-09-01,7716.0
tw_orders_elec,2009-10-01,7696.0
tw_orders_elec,2009-11-01,7591.0
tw_orders_elec,2009-12-01,7552.0
tw_orders_elec,2010-01-01,7421.0
tw_orders_elec,2010-02-01,6680.0
tw_orders_elec,2010-03-01,8274.0
tw_orders_elec,2010-04-01,8125.0
tw_orders_elec,2010-05-01,8261.0
tw_orders_elec,2010-06-01,8450.0
tw_orders_elec,2010-07-01,8355.0
tw_orders_elec,2010-08-01,8637.0
tw_orders_elec,2010-09-01,8938.0
tw_orders_elec,2010-10-01,8818.0
tw_orders_elec,2010-11-01,8545.0
tw_orders_elec,2010-12-01,8841.0
tw_orders_elec,2011-01-01,8152.0
tw_orders_elec,2011-02-01,6862.0
tw_orders_elec,2011-03-01,8912.0
tw_orders_elec,2011-04-01,8710.0
tw_orders_elec,2011-05-01,8549.0
tw_orders_elec,2011-06-01,8671.0
tw_orders_elec,2011-07-01,8416.0
tw_orders_elec,2011-08-01,8573.0
tw_orders_elec,2011-09-01,8652.0
tw_orders_elec,2011-10-01,8909.0
tw_orders_elec,2011-11-01,8760.0
tw_orders_elec,2011-12-01,8742.0
tw_orders_elec,2012-01-01,7649.0
tw_orders_elec,2012-02-01,7885.0
tw_orders_elec,2012-03-01,8928.0
tw_orders_elec,2012-04-01,8462.0
tw_orders_elec,2012-05-01,8517.0
tw_orders_elec,2012-06-01,8336.0
tw_orders_elec,2012-07-01,8575.0
tw_orders_elec,2012-08-01,8611.0
tw_orders_elec,2012-09-01,8846.0
tw_orders_elec,2012-10-01,8947.0
tw_orders_elec,2012-11-01,9513.0
tw_orders_elec,2012-12-01,9078.0
tw_orders_elec,2013-01-01,8652.0
tw_orders_elec,2013-02-01,6685.0
tw_orders_elec,2013-03-01,8439.0
tw_orders_elec,2013-04-01,8369.0
tw_orders_elec,2013-05-01,8453.0
tw_orders_elec,2013-06-01,8370.0
tw_orders_elec,2013-07-01,8603.0
tw_orders_elec,2013-08-01,8669.0
tw_orders_elec,2013-09-01,9342.0
tw_orders_elec,2013-10-01,9908.0
tw_orders_elec,2013-11-01,10102.0
tw_orders_elec,2013-12-01,10415.0
tw_orders_elec,2014-01-01,8882.0
tw_orders_elec,2014-02-01,7717.0
tw_orders_elec,2014-03-01,9289.0
tw_orders_elec,2014-04-01,9757.0
tw_orders_elec,2014-05-01,9517.0
tw_orders_elec,2014-06-01,9789.0
tw_orders_elec,2014-07-01,9569.0
tw_orders_elec,2014-08-01,9758.0
tw_orders_elec,2014-09-01,11150.0
tw_orders_elec,2014-10-01,11301.0
tw_orders_elec,2014-11-01,10955.0
tw_orders_elec,2014-12-01,10999.0
tw_orders_elec,2015-01-01,10135.0
tw_orders_elec,2015-02-01,7685.0
tw_orders_elec,2015-03-01,9428.0
tw_orders_elec,2015-04-01,9672.0
tw_orders_elec,2015-05-01,9182.0
tw_orders_elec,2015-06-01,9136.0
tw_orders_elec,2015-07-01,9514.0
tw_orders_elec,2015-08-01,8967.0
tw_orders_elec,2015-09-01,10529.0
tw_orders_elec,2015-10-01,10848.0
tw_orders_elec,2015-11-01,10673.0
tw_orders_elec,2015-12-01,9883.0
tw_orders_elec,2016-01-01,9331.0
tw_orders_elec,2016-02-01,7568.0
tw_orders_elec,2016-03-01,9578.0
tw_orders_elec,2016-04-01,8726.0
tw_orders_elec,2016-05-01,8896.0
tw_orders_elec,2016-06-01,9277.0
tw_orders_elec,2016-07-01,9344.0
tw_orders_elec,2016-08-01,10444.0
tw_orders_elec,2016-09-01,11595.0
tw_orders_elec,2016-10-01,11453.0
tw_orders_elec,2016-11-01,11753.0
tw_orders_elec,2016-12-01,10683.0
tw_orders_elec,2017-01-01,9463.0
tw_orders_elec,2017-02-01,8732.0
tw_orders_elec,2017-03-01,10715.0
tw_orders_elec,2017-04-01,9086.0
tw_orders_elec,2017-05-01,9292.0
tw_orders_elec,2017-06-01,10395.0
tw_orders_elec,2017-07-01,9738.0
tw_orders_elec,2017-08-01,10553.0
tw_orders_elec,2017-09-01,11729.0
tw_orders_elec,2017-10-01,11974.0
tw_orders_elec,2017-11-01,12646.0
tw_orders_elec,2017-12-01,12650.0
tw_orders_elec,2018-01-01,10649.0
tw_orders_elec,2018-02-01,7978.0
tw_orders_elec,2018-03-01,11312.0
tw_orders_elec,2018-04-01,10184.0
tw_orders_elec,2018-05-01,10597.0
tw_orders_elec,2018-06-01,10372.0
tw_orders_elec,2018-07-01,10706.0
tw_orders_elec,2018-08-01,11562.0
tw_orders_elec,2018-09-01,12922.0
tw_orders_elec,2018-10-01,12736.0
tw_orders_elec,2018-11-01,12202.0
tw_orders_elec,2018-12-01,11634.0
tw_orders_elec,2019-01-01,10434.0
tw_orders_elec,2019-02-01,7328.0
tw_orders_elec,2019-03-01,10062.0
tw_orders_elec,2019-04-01,9717.0
tw_orders_elec,2019-05-01,9930.0
tw_orders_elec,2019-06-01,9929.0
tw_orders_elec,2019-07-01,10565.0
tw_orders_elec,2019-08-01,10934.0
tw_orders_elec,2019-09-01,12371.0
tw_orders_elec,2019-10-01,12947.0
tw_orders_elec,2019-11-01,12469.0
tw_orders_elec,2019-12-01,12179.0
tw_orders_elec,2020-01-01,10303.0
tw_orders_elec,2020-02-01,8821.0
tw_orders_elec,2020-03-01,12453.0
tw_orders_elec,2020-04-01,11292.0
tw_orders_elec,2020-05-01,11266.0
tw_orders_elec,2020-06-01,12305.0
tw_orders_elec,2020-07-01,13248.0
tw_orders_elec,2020-08-01,14022.0
tw_orders_elec,2020-09-01,16049.0
tw_orders_elec,2020-10-01,15209.0
tw_orders_elec,2020-11-01,17186.0
tw_orders_elec,2020-12-01,19288.0
tw_orders_elec,2021-01-01,16930.0
tw_orders_elec,2021-02-01,13443.0
tw_orders_elec,2021-03-01,15844.0
tw_orders_elec,2021-04-01,17111.0
tw_orders_elec,2021-05-01,15805.0
tw_orders_elec,2021-06-01,16792.0
tw_orders_elec,2021-07-01,16341.0
tw_orders_elec,2021-08-01,16508.0
tw_orders_elec,2021-09-01,19492.0
tw_orders_elec,2021-10-01,17215.0
tw_orders_elec,2021-11-01,20270.0
tw_orders_elec,2021-12-01,21650.0
tw_orders_elec,2022-01-01,19215.0
tw_orders_elec,2022-02-01,17690.0
tw_orders_elec,2022-03-01,20862.0
tw_orders_elec,2022-04-01,17840.0
tw_orders_elec,2022-05-01,18551.0
tw_orders_elec,2022-06-01,18751.0
tw_orders_elec,2022-07-01,17783.0
tw_orders_elec,2022-08-01,19044.0
tw_orders_elec,2022-09-01,20655.0
tw_orders_elec,2022-10-01,18859.0
tw_orders_elec,2022-11-01,17198.0
tw_orders_elec,2022-12-01,17124.0
tw_orders_elec,2023-01-01,15030.0
tw_orders_elec,2023-02-01,13812.0
tw_orders_elec,2023-03-01,14734.0
tw_orders_elec,2023-04-01,13932.0
tw_orders_elec,2023-05-01,15473.0
tw_orders_elec,2023-06-01,14620.0
tw_orders_elec,2023-07-01,17713.0
tw_orders_elec,2023-08-01,15756.0
tw_orders_elec,2023-09-01,17206.0
tw_orders_elec,2023-10-01,18807.0
tw_orders_elec,2023-11-01,17800.0
tw_orders_elec,2023-12-01,14918.0
tw_orders_elec,2024-01-01,17446.0
tw_orders_elec,2024-02-01,13214.0
tw_orders_elec,2024-03-01,16504.0
tw_orders_elec,2024-04-01,17097.0
tw_orders_elec,2024-05-01,16893.0
tw_orders_elec,2024-06-01,15537.0
tw_orders_elec,2024-07-01,18098.0
tw_orders_elec,2024-08-01,17840.0
tw_orders_elec,2024-09-01,19008.0
tw_orders_elec,2024-10-01,20906.0
tw_orders_elec,2024-11-01,19089.0
tw_orders_elec,2024-12-01,19917.0
tw_orders_elec,2025-01-01,18252.0
tw_orders_elec,2025-02-01,20805.0
tw_orders_elec,2025-03-01,21139.0
tw_orders_elec,2025-04-01,24632.0
tw_orders_elec,2025-05-01,23100.0
tw_orders_elec,2025-06-01,22518.0
tw_orders_elec,2025-07-01,24060.0
tw_orders_elec,2025-08-01,24880.0
tw_orders_elec,2025-09-01,27733.0
tw_orders_elec,2025-10-01,28405.0
tw_orders_elec,2025-11-01,28233.0
tw_orders_elec,2025-12-01,27867.0
tw_orders_elec,2026-01-01,32591.0
tw_orders_elec,2026-02-01,26250.0
tw_orders_elec,2026-03-01,36713.0
tw_orders_elec,2026-04-01,35939.0
tw_orders_elec,2026-05-01,37242.0
tw_orders_elec,2026-06-01,40501.0
tw_orders_elec,2026-07-01,41319.0
tw_orders_idx,2000-01-01,37.39
tw_orders_idx,2000-02-01,67.59
tw_orders_idx,2000-03-01,53.78
tw_orders_idx,2000-04-01,52.96
tw_orders_idx,2000-05-01,49.86
tw_orders_idx,2000-06-01,49.24
tw_orders_idx,2000-07-01,49.81
tw_orders_idx,2000-08-01,51.07
tw_orders_idx,2000-09-01,49.0
tw_orders_idx,2000-10-01,46.17
tw_orders_idx,2000-11-01,40.78
tw_orders_idx,2000-12-01,33.15
tw_orders_idx,2001-01-01,55.28
tw_orders_idx,2001-02-01,55.39
tw_orders_idx,2001-03-01,47.99
tw_orders_idx,2001-04-01,44.57
tw_orders_idx,2001-05-01,43.28
tw_orders_idx,2001-06-01,40.94
tw_orders_idx,2001-07-01,43.51
tw_orders_idx,2001-08-01,43.3
tw_orders_idx,2001-09-01,42.95
tw_orders_idx,2001-10-01,42.16
tw_orders_idx,2001-11-01,42.25
tw_orders_idx,2001-12-01,42.77
tw_orders_idx,2002-01-01,36.09
tw_orders_idx,2002-02-01,65.29
tw_orders_idx,2002-03-01,53.24
tw_orders_idx,2002-04-01,50.76
tw_orders_idx,2002-05-01,47.23
tw_orders_idx,2002-06-01,46.13
tw_orders_idx,2002-07-01,46.1
tw_orders_idx,2002-08-01,48.24
tw_orders_idx,2002-09-01,49.48
tw_orders_idx,2002-10-01,45.49
tw_orders_idx,2002-11-01,41.07
tw_orders_idx,2002-12-01,41.33
tw_orders_idx,2003-01-01,41.1
tw_orders_idx,2003-02-01,62.28
tw_orders_idx,2003-03-01,50.0
tw_orders_idx,2003-04-01,42.21
tw_orders_idx,2003-05-01,46.27
tw_orders_idx,2003-06-01,48.0
tw_orders_idx,2003-07-01,49.68
tw_orders_idx,2003-08-01,52.27
tw_orders_idx,2003-09-01,51.48
tw_orders_idx,2003-10-01,48.54
tw_orders_idx,2003-11-01,45.68
tw_orders_idx,2003-12-01,36.08
tw_orders_idx,2004-01-01,56.87
tw_orders_idx,2004-02-01,57.7
tw_orders_idx,2004-03-01,52.21
tw_orders_idx,2004-04-01,50.55
tw_orders_idx,2004-05-01,48.97
tw_orders_idx,2004-06-01,49.27
tw_orders_idx,2004-07-01,47.53
tw_orders_idx,2004-08-01,50.57
tw_orders_idx,2004-09-01,48.97
tw_orders_idx,2004-10-01,47.33
tw_orders_idx,2004-11-01,43.18
tw_orders_idx,2004-12-01,41.67
tw_orders_idx,2005-01-01,37.52
tw_orders_idx,2005-02-01,63.49
tw_orders_idx,2005-03-01,52.16
tw_orders_idx,2005-04-01,50.78
tw_orders_idx,2005-05-01,49.58
tw_orders_idx,2005-06-01,47.93
tw_orders_idx,2005-07-01,49.67
tw_orders_idx,2005-08-01,51.98
tw_orders_idx,2005-09-01,49.5
tw_orders_idx,2005-10-01,47.64
tw_orders_idx,2005-11-01,45.68
tw_orders_idx,2005-12-01,38.59
tw_orders_idx,2006-01-01,45.71
tw_orders_idx,2006-02-01,62.88
tw_orders_idx,2006-03-01,51.7
tw_orders_idx,2006-04-01,51.97
tw_orders_idx,2006-05-01,48.92
tw_orders_idx,2006-06-01,47.4
tw_orders_idx,2006-07-01,49.54
tw_orders_idx,2006-08-01,50.29
tw_orders_idx,2006-09-01,49.56
tw_orders_idx,2006-10-01,49.35
tw_orders_idx,2006-11-01,44.17
tw_orders_idx,2006-12-01,43.19
tw_orders_idx,2007-01-01,32.39
tw_orders_idx,2007-02-01,66.32
tw_orders_idx,2007-03-01,52.32
tw_orders_idx,2007-04-01,52.35
tw_orders_idx,2007-05-01,48.97
tw_orders_idx,2007-06-01,50.12
tw_orders_idx,2007-07-01,49.06
tw_orders_idx,2007-08-01,51.14
tw_orders_idx,2007-09-01,50.58
tw_orders_idx,2007-10-01,49.04
tw_orders_idx,2007-11-01,45.49
tw_orders_idx,2007-12-01,41.28
tw_orders_idx,2008-01-01,35.41
tw_orders_idx,2008-02-01,63.22
tw_orders_idx,2008-03-01,53.41
tw_orders_idx,2008-04-01,51.13
tw_orders_idx,2008-05-01,47.43
tw_orders_idx,2008-06-01,46.86
tw_orders_idx,2008-07-01,46.27
tw_orders_idx,2008-08-01,47.02
tw_orders_idx,2008-09-01,42.84
tw_orders_idx,2008-10-01,33.7
tw_orders_idx,2008-11-01,28.36
tw_orders_idx,2008-12-01,24.14
tw_orders_idx,2009-01-01,42.4
tw_orders_idx,2009-02-01,49.33
tw_orders_idx,2009-03-01,49.45
tw_orders_idx,2009-04-01,47.98
tw_orders_idx,2009-05-01,48.51
tw_orders_idx,2009-06-01,48.52
tw_orders_idx,2009-07-01,48.49
tw_orders_idx,2009-08-01,51.55
tw_orders_idx,2009-09-01,48.99
tw_orders_idx,2009-10-01,46.6
tw_orders_idx,2009-11-01,47.89
tw_orders_idx,2009-12-01,45.43
tw_orders_idx,2010-01-01,34.87
tw_orders_idx,2010-02-01,66.66
tw_orders_idx,2010-03-01,53.97
tw_orders_idx,2010-04-01,50.51
tw_orders_idx,2010-05-01,48.88
tw_orders_idx,2010-06-01,48.24
tw_orders_idx,2010-07-01,47.76
tw_orders_idx,2010-08-01,48.87
tw_orders_idx,2010-09-01,47.78
tw_orders_idx,2010-10-01,46.23
tw_orders_idx,2010-11-01,45.8
tw_orders_idx,2010-12-01,42.24
tw_orders_idx,2011-01-01,38.14
tw_orders_idx,2011-02-01,67.12
tw_orders_idx,2011-03-01,51.98
tw_orders_idx,2011-04-01,49.97
tw_orders_idx,2011-05-01,48.74
tw_orders_idx,2011-06-01,47.64
tw_orders_idx,2011-07-01,46.7
tw_orders_idx,2011-08-01,47.4
tw_orders_idx,2011-09-01,43.56
tw_orders_idx,2011-10-01,40.48
tw_orders_idx,2011-11-01,40.1
tw_orders_idx,2011-12-01,31.2
tw_orders_idx,2012-01-01,55.76
tw_orders_idx,2012-02-01,58.6
tw_orders_idx,2012-03-01,50.99
tw_orders_idx,2012-04-01,49.2
tw_orders_idx,2012-05-01,46.8
tw_orders_idx,2012-06-01,46.25
tw_orders_idx,2012-07-01,45.48
tw_orders_idx,2012-08-01,45.1
tw_orders_idx,2012-09-01,44.43
tw_orders_idx,2012-10-01,42.39
tw_orders_idx,2012-11-01,42.17
tw_orders_idx,2012-12-01,42.3
tw_orders_idx,2013-01-01,33.23
tw_orders_idx,2013-02-01,67.36
tw_orders_idx,2013-03-01,53.49
tw_orders_idx,2013-04-01,51.2
tw_orders_idx,2013-05-01,48.24
tw_orders_idx,2013-06-01,48.54
tw_orders_idx,2013-07-01,48.23
tw_orders_idx,2013-08-01,47.65
tw_orders_idx,2013-09-01,48.36
tw_orders_idx,2013-10-01,44.79
tw_orders_idx,2013-11-01,45.25
tw_orders_idx,2013-12-01,42.15
tw_orders_idx,2014-01-01,44.39
tw_orders_idx,2014-02-01,63.24
tw_orders_idx,2014-03-01,53.2
tw_orders_idx,2014-04-01,51.85
tw_orders_idx,2014-05-01,50.27
tw_orders_idx,2014-06-01,50.09
tw_orders_idx,2014-07-01,50.34
tw_orders_idx,2014-08-01,51.07
tw_orders_idx,2014-09-01,49.29
tw_orders_idx,2014-10-01,46.21
tw_orders_idx,2014-11-01,45.78
tw_orders_idx,2014-12-01,44.97
tw_orders_idx,2015-01-01,31.97
tw_orders_idx,2015-02-01,66.81
tw_orders_idx,2015-03-01,54.05
tw_orders_idx,2015-04-01,49.82
tw_orders_idx,2015-05-01,50.07
tw_orders_idx,2015-06-01,48.55
tw_orders_idx,2015-07-01,46.13
tw_orders_idx,2015-08-01,46.92
tw_orders_idx,2015-09-01,46.83
tw_orders_idx,2015-10-01,44.55
tw_orders_idx,2015-11-01,44.88
tw_orders_idx,2015-12-01,42.89
tw_orders_idx,2016-01-01,30.89
tw_orders_idx,2016-02-01,64.65
tw_orders_idx,2016-03-01,51.35
tw_orders_idx,2016-04-01,49.61
tw_orders_idx,2016-05-01,50.45
tw_orders_idx,2016-06-01,48.59
tw_orders_idx,2016-07-01,49.89
tw_orders_idx,2016-08-01,49.47
tw_orders_idx,2016-09-01,49.58
tw_orders_idx,2016-10-01,49.93
tw_orders_idx,2016-11-01,47.05
tw_orders_idx,2016-12-01,38.11
tw_orders_idx,2017-01-01,46.6
tw_orders_idx,2017-02-01,63.04
tw_orders_idx,2017-03-01,50.33
tw_orders_idx,2017-04-01,52.26
tw_orders_idx,2017-05-01,50.57
tw_orders_idx,2017-06-01,48.62
tw_orders_idx,2017-07-01,50.79
tw_orders_idx,2017-08-01,50.19
tw_orders_idx,2017-09-01,48.34
tw_orders_idx,2017-10-01,48.66
tw_orders_idx,2017-11-01,48.17
tw_orders_idx,2017-12-01,46.5
tw_orders_idx,2018-01-01,31.32
tw_orders_idx,2018-02-01,67.84
tw_orders_idx,2018-03-01,50.97
tw_orders_idx,2018-04-01,53.86
tw_orders_idx,2018-05-01,50.92
tw_orders_idx,2018-06-01,50.37
tw_orders_idx,2018-07-01,49.73
tw_orders_idx,2018-08-01,48.81
tw_orders_idx,2018-09-01,47.75
tw_orders_idx,2018-10-01,45.42
tw_orders_idx,2018-11-01,44.66
tw_orders_idx,2018-12-01,43.53
tw_orders_idx,2019-01-01,31.67
tw_orders_idx,2019-02-01,67.14
tw_orders_idx,2019-03-01,51.59
tw_orders_idx,2019-04-01,50.95
tw_orders_idx,2019-05-01,48.39
tw_orders_idx,2019-06-01,48.93
tw_orders_idx,2019-07-01,47.36
tw_orders_idx,2019-08-01,46.81
tw_orders_idx,2019-09-01,47.76
tw_orders_idx,2019-10-01,45.64
tw_orders_idx,2019-11-01,45.87
tw_orders_idx,2019-12-01,37.13
tw_orders_idx,2020-01-01,40.12
tw_orders_idx,2020-02-01,50.53
tw_orders_idx,2020-03-01,34.33
tw_orders_idx,2020-04-01,39.3
tw_orders_idx,2020-05-01,46.52
tw_orders_idx,2020-06-01,48.85
tw_orders_idx,2020-07-01,46.46
tw_orders_idx,2020-08-01,49.68
tw_orders_idx,2020-09-01,46.39
tw_orders_idx,2020-10-01,48.41
tw_orders_idx,2020-11-01,49.06
tw_orders_idx,2020-12-01,43.76
tw_orders_idx,2021-01-01,33.68
tw_orders_idx,2021-02-01,65.47
tw_orders_idx,2021-03-01,52.31
tw_orders_idx,2021-04-01,51.56
tw_orders_idx,2021-05-01,49.11
tw_orders_idx,2021-06-01,49.5
tw_orders_idx,2021-07-01,48.05
tw_orders_idx,2021-08-01,49.09
tw_orders_idx,2021-09-01,48.66
tw_orders_idx,2021-10-01,48.82
tw_orders_idx,2021-11-01,46.74
tw_orders_idx,2021-12-01,41.98
tw_orders_idx,2022-01-01,39.22
tw_orders_idx,2022-02-01,62.36
tw_orders_idx,2022-03-01,47.04
tw_orders_idx,2022-04-01,47.83
tw_orders_idx,2022-05-01,48.01
tw_orders_idx,2022-06-01,43.97
tw_orders_idx,2022-07-01,43.29
tw_orders_idx,2022-08-01,43.48
tw_orders_idx,2022-09-01,41.23
tw_orders_idx,2022-10-01,39.94
tw_orders_idx,2022-11-01,40.17
tw_orders_idx,2022-12-01,30.83
tw_orders_idx,2023-01-01,52.02
tw_orders_idx,2023-02-01,55.76
tw_orders_idx,2023-03-01,45.72
tw_orders_idx,2023-04-01,47.95
tw_orders_idx,2023-05-01,45.32
tw_orders_idx,2023-06-01,45.19
tw_orders_idx,2023-07-01,45.91
tw_orders_idx,2023-08-01,46.45
tw_orders_idx,2023-09-01,44.74
tw_orders_idx,2023-10-01,44.8
tw_orders_idx,2023-11-01,44.66
tw_orders_idx,2023-12-01,43.69
tw_orders_idx,2024-01-01,33.82
tw_orders_idx,2024-02-01,61.75
tw_orders_idx,2024-03-01,49.87
tw_orders_idx,2024-04-01,51.16
tw_orders_idx,2024-05-01,48.77
tw_orders_idx,2024-06-01,50.0
tw_orders_idx,2024-07-01,47.76
tw_orders_idx,2024-08-01,46.19
tw_orders_idx,2024-09-01,47.13
tw_orders_idx,2024-10-01,46.88
tw_orders_idx,2024-11-01,44.34
tw_orders_idx,2024-12-01,35.8
tw_orders_idx,2025-01-01,50.05
tw_orders_idx,2025-02-01,56.38
tw_orders_idx,2025-03-01,42.18
tw_orders_idx,2025-04-01,42.8
tw_orders_idx,2025-05-01,45.0
tw_orders_idx,2025-06-01,42.62
tw_orders_idx,2025-07-01,40.63
tw_orders_idx,2025-08-01,44.9
tw_orders_idx,2025-09-01,43.17
tw_orders_idx,2025-10-01,44.34
tw_orders_idx,2025-11-01,45.15
tw_orders_idx,2025-12-01,44.8
tw_orders_idx,2026-01-01,37.7
tw_orders_idx,2026-02-01,61.63
tw_orders_idx,2026-03-01,48.14
tw_orders_idx,2026-04-01,49.75
tw_orders_idx,2026-05-01,50.08
tw_orders_idx,2026-06-01,50.34
tw_orders_idx,2026-07-01,48.8
tw_orders_idx,2026-08-01,49.68
tw_pmi,2012-07-01,47.1
tw_pmi,2012-08-01,48.2
tw_pmi,2012-09-01,49.9
tw_pmi,2012-10-01,49.3
tw_pmi,2012-11-01,51.7
tw_pmi,2012-12-01,55.0
tw_pmi,2013-01-01,55.9
tw_pmi,2013-02-01,54.5
tw_pmi,2013-03-01,52.9
tw_pmi,2013-04-01,53.0
tw_pmi,2013-05-01,53.0
tw_pmi,2013-06-01,52.8
tw_pmi,2013-07-01,52.8
tw_pmi,2013-08-01,53.3
tw_pmi,2013-09-01,54.5
tw_pmi,2013-10-01,53.8
tw_pmi,2013-11-01,54.5
tw_pmi,2013-12-01,54.0
tw_pmi,2014-01-01,53.8
tw_pmi,2014-02-01,56.0
tw_pmi,2014-03-01,56.2
tw_pmi,2014-04-01,56.5
tw_pmi,2014-05-01,56.4
tw_pmi,2014-06-01,57.2
tw_pmi,2014-07-01,58.5
tw_pmi,2014-08-01,56.0
tw_pmi,2014-09-01,54.0
tw_pmi,2014-10-01,53.3
tw_pmi,2014-11-01,52.8
tw_pmi,2014-12-01,52.5
tw_pmi,2015-01-01,53.4
tw_pmi,2015-02-01,53.7
tw_pmi,2015-03-01,51.5
tw_pmi,2015-04-01,49.8
tw_pmi,2015-05-01,48.8
tw_pmi,2015-06-01,48.6
tw_pmi,2015-07-01,48.3
tw_pmi,2015-08-01,47.0
tw_pmi,2015-09-01,46.8
tw_pmi,2015-10-01,47.6
tw_pmi,2015-11-01,48.2
tw_pmi,2015-12-01,48.7
tw_pmi,2016-01-01,49.6
tw_pmi,2016-02-01,48.3
tw_pmi,2016-03-01,47.1
tw_pmi,2016-04-01,50.8
tw_pmi,2016-05-01,52.3
tw_pmi,2016-06-01,52.4
tw_pmi,2016-07-01,53.8
tw_pmi,2016-08-01,55.5
tw_pmi,2016-09-01,56.5
tw_pmi,2016-10-01,57.5
tw_pmi,2016-11-01,59.1
tw_pmi,2016-12-01,55.9
tw_pmi,2017-01-01,53.1
tw_pmi,2017-02-01,63.7
tw_pmi,2017-03-01,61.0
tw_pmi,2017-04-01,58.4
tw_pmi,2017-05-01,56.3
tw_pmi,2017-06-01,54.8
tw_pmi,2017-07-01,60.0
tw_pmi,2017-08-01,58.9
tw_pmi,2017-09-01,59.0
tw_pmi,2017-10-01,58.9
tw_pmi,2017-11-01,60.1
tw_pmi,2017-12-01,60.2
tw_pmi,2018-01-01,59.7
tw_pmi,2018-02-01,58.7
tw_pmi,2018-03-01,56.1
tw_pmi,2018-04-01,56.5
tw_pmi,2018-05-01,56.2
tw_pmi,2018-06-01,55.8
tw_pmi,2018-07-01,55.3
tw_pmi,2018-08-01,54.9
tw_pmi,2018-09-01,54.6
tw_pmi,2018-10-01,51.2
tw_pmi,2018-11-01,46.7
tw_pmi,2018-12-01,46.5
tw_pmi,2019-01-01,46.1
tw_pmi,2019-02-01,47.4
tw_pmi,2019-03-01,49.1
tw_pmi,2019-04-01,51.7
tw_pmi,2019-05-01,48.2
tw_pmi,2019-06-01,48.1
tw_pmi,2019-07-01,48.0
tw_pmi,2019-08-01,48.2
tw_pmi,2019-09-01,50.0
tw_pmi,2019-10-01,51.1
tw_pmi,2019-11-01,54.9
tw_pmi,2019-12-01,56.2
tw_pmi,2020-01-01,51.3
tw_pmi,2020-02-01,52.7
tw_pmi,2020-03-01,53.1
tw_pmi,2020-04-01,47.6
tw_pmi,2020-05-01,44.8
tw_pmi,2020-06-01,47.2
tw_pmi,2020-07-01,54.1
tw_pmi,2020-08-01,56.0
tw_pmi,2020-09-01,57.7
tw_pmi,2020-10-01,59.3
tw_pmi,2020-11-01,61.2
tw_pmi,2020-12-01,61.3
tw_pmi,2021-01-01,65.1
tw_pmi,2021-02-01,63.2
tw_pmi,2021-03-01,62.7
tw_pmi,2021-04-01,68.7
tw_pmi,2021-05-01,66.0
tw_pmi,2021-06-01,64.0
tw_pmi,2021-07-01,65.2
tw_pmi,2021-08-01,62.1
tw_pmi,2021-09-01,57.8
tw_pmi,2021-10-01,58.3
tw_pmi,2021-11-01,59.5
tw_pmi,2021-12-01,59.3
tw_pmi,2022-01-01,56.2
tw_pmi,2022-02-01,58.8
tw_pmi,2022-03-01,57.8
tw_pmi,2022-04-01,56.3
tw_pmi,2022-05-01,53.5
tw_pmi,2022-06-01,53.6
tw_pmi,2022-07-01,47.8
tw_pmi,2022-08-01,47.2
tw_pmi,2022-09-01,44.9
tw_pmi,2022-10-01,45.4
tw_pmi,2022-11-01,43.9
tw_pmi,2022-12-01,43.7
tw_pmi,2023-01-01,40.4
tw_pmi,2023-02-01,51.4
tw_pmi,2023-03-01,47.3
tw_pmi,2023-04-01,42.8
tw_pmi,2023-05-01,41.3
tw_pmi,2023-06-01,48.3
tw_pmi,2023-07-01,46.1
tw_pmi,2023-08-01,45.5
tw_pmi,2023-09-01,48.2
tw_pmi,2023-10-01,47.1
tw_pmi,2023-11-01,46.8
tw_pmi,2023-12-01,46.8
tw_pmi,2024-01-01,48.0
tw_pmi,2024-02-01,48.1
tw_pmi,2024-03-01,47.9
tw_pmi,2024-04-01,49.4
tw_pmi,2024-05-01,55.4
tw_pmi,2024-06-01,53.7
tw_pmi,2024-07-01,52.2
tw_pmi,2024-08-01,53.6
tw_pmi,2024-09-01,49.2
tw_pmi,2024-10-01,50.0
tw_pmi,2024-11-01,51.4
tw_pmi,2024-12-01,50.8
tw_pmi,2025-01-01,48.7
tw_pmi,2025-02-01,54.0
tw_pmi,2025-03-01,54.2
tw_pmi,2025-04-01,48.9
tw_pmi,2025-05-01,51.0
tw_pmi,2025-06-01,49.6
tw_pmi,2025-07-01,48.0
tw_pmi,2025-08-01,47.9
tw_pmi,2025-09-01,48.3
tw_pmi,2025-10-01,50.3
tw_pmi,2025-11-01,51.4
tw_pmi,2025-12-01,55.3
tw_pmi,2026-01-01,57.2
tw_pmi,2026-02-01,58.5
tw_pmi,2026-03-01,55.4
tw_pmi,2026-04-01,60.3
tw_pmi,2026-05-01,61.4
tw_pmi,2026-06-01,60.7
tw_pmi,2026-07-01,61.5
tw_pmi,2026-08-01,62.5
tw_pmi,2026-09-01,63.4
tw_semi_equip,2001-01-01,22821.0
tw_semi_equip,2001-02-01,18966.0
tw_semi_equip,2001-03-01,21636.0
tw_semi_equip,2001-04-01,22190.0
tw_semi_equip,2001-05-01,14813.0
tw_semi_equip,2001-06-01,18096.0
tw_semi_equip,2001-07-01,20026.0
tw_semi_equip,2001-08-01,9402.0
tw_semi_equip,2001-09-01,12083.0
tw_semi_equip,2001-10-01,15904.0
tw_semi_equip,2001-11-01,8963.0
tw_semi_equip,2001-12-01,9180.0
tw_semi_equip,2002-01-01,12766.0
tw_semi_equip,2002-02-01,6763.0
tw_semi_equip,2002-03-01,16338.0
tw_semi_equip,2002-04-01,18954.0
tw_semi_equip,2002-05-01,16989.0
tw_semi_equip,2002-06-01,19893.0
tw_semi_equip,2002-07-01,29343.0
tw_semi_equip,2002-08-01,20655.0
tw_semi_equip,2002-09-01,14092.0
tw_semi_equip,2002-10-01,22784.0
tw_semi_equip,2002-11-01,17509.0
tw_semi_equip,2002-12-01,18070.0
tw_semi_equip,2003-01-01,13142.0
tw_semi_equip,2003-02-01,15001.0
tw_semi_equip,2003-03-01,20364.0
tw_semi_equip,2003-04-01,15977.0
tw_semi_equip,2003-05-01,12792.0
tw_semi_equip,2003-06-01,15442.0
tw_semi_equip,2003-07-01,19514.0
tw_semi_equip,2003-08-01,17400.0
tw_semi_equip,2003-09-01,18391.0
tw_semi_equip,2003-10-01,25532.0
tw_semi_equip,2003-11-01,32068.0
tw_semi_equip,2003-12-01,31508.0
tw_semi_equip,2004-01-01,23242.0
tw_semi_equip,2004-02-01,34714.0
tw_semi_equip,2004-03-01,41309.0
tw_semi_equip,2004-04-01,36677.0
tw_semi_equip,2004-05-01,26066.0
tw_semi_equip,2004-06-01,31173.0
tw_semi_equip,2004-07-01,34956.0
tw_semi_equip,2004-08-01,38130.0
tw_semi_equip,2004-09-01,38312.0
tw_semi_equip,2004-10-01,43669.0
tw_semi_equip,2004-11-01,47079.0
tw_semi_equip,2004-12-01,35303.0
tw_semi_equip,2005-01-01,34171.0
tw_semi_equip,2005-02-01,20778.0
tw_semi_equip,2005-03-01,41182.0
tw_semi_equip,2005-04-01,38780.0
tw_semi_equip,2005-05-01,39546.0
tw_semi_equip,2005-06-01,30717.0
tw_semi_equip,2005-07-01,28693.0
tw_semi_equip,2005-08-01,24500.0
tw_semi_equip,2005-09-01,26892.0
tw_semi_equip,2005-10-01,21235.0
tw_semi_equip,2005-11-01,24970.0
tw_semi_equip,2005-12-01,19084.0
tw_semi_equip,2006-01-01,24245.0
tw_semi_equip,2006-02-01,28104.0
tw_semi_equip,2006-03-01,34265.0
tw_semi_equip,2006-04-01,31185.0
tw_semi_equip,2006-05-01,34982.0
tw_semi_equip,2006-06-01,37254.0
tw_semi_equip,2006-07-01,44162.0
tw_semi_equip,2006-08-01,34324.0
tw_semi_equip,2006-09-01,33383.0
tw_semi_equip,2006-10-01,33752.0
tw_semi_equip,2006-11-01,38801.0
tw_semi_equip,2006-12-01,38327.0
tw_semi_equip,2007-01-01,30450.0
tw_semi_equip,2007-02-01,22130.0
tw_semi_equip,2007-03-01,36963.0
tw_semi_equip,2007-04-01,40020.0
tw_semi_equip,2007-05-01,41395.0
tw_semi_equip,2007-06-01,55007.0
tw_semi_equip,2007-07-01,55710.0
tw_semi_equip,2007-08-01,46847.0
tw_semi_equip,2007-09-01,36121.0
tw_semi_equip,2007-10-01,33267.0
tw_semi_equip,2007-11-01,28583.0
tw_semi_equip,2007-12-01,44159.0
tw_semi_equip,2008-01-01,43448.0
tw_semi_equip,2008-02-01,29263.0
tw_semi_equip,2008-03-01,44825.0
tw_semi_equip,2008-04-01,32906.0
tw_semi_equip,2008-05-01,22630.0
tw_semi_equip,2008-06-01,26793.0
tw_semi_equip,2008-07-01,23708.0
tw_semi_equip,2008-08-01,21274.0
tw_semi_equip,2008-09-01,25468.0
tw_semi_equip,2008-10-01,17930.0
tw_semi_equip,2008-11-01,16525.0
tw_semi_equip,2008-12-01,12996.0
tw_semi_equip,2009-01-01,12019.0
tw_semi_equip,2009-02-01,10521.0
tw_semi_equip,2009-03-01,12526.0
tw_semi_equip,2009-04-01,9705.0
tw_semi_equip,2009-05-01,12593.0
tw_semi_equip,2009-06-01,22424.0
tw_semi_equip,2009-07-01,21123.0
tw_semi_equip,2009-08-01,22467.0
tw_semi_equip,2009-09-01,21238.0
tw_semi_equip,2009-10-01,33648.0
tw_semi_equip,2009-11-01,34734.0
tw_semi_equip,2009-12-01,32195.0
tw_semi_equip,2010-01-01,28454.0
tw_semi_equip,2010-02-01,29168.0
tw_semi_equip,2010-03-01,51294.0
tw_semi_equip,2010-04-01,42645.0
tw_semi_equip,2010-05-01,42885.0
tw_semi_equip,2010-06-01,39125.0
tw_semi_equip,2010-07-01,41234.0
tw_semi_equip,2010-08-01,46025.0
tw_semi_equip,2010-09-01,48548.0
tw_semi_equip,2010-10-01,42107.0
tw_semi_equip,2010-11-01,46047.0
tw_semi_equip,2010-12-01,43009.0
tw_semi_equip,2011-01-01,38802.0
tw_semi_equip,2011-02-01,37190.0
tw_semi_equip,2011-03-01,44904.0
tw_semi_equip,2011-04-01,32359.0
tw_semi_equip,2011-05-01,52145.0
tw_semi_equip,2011-06-01,35431.0
tw_semi_equip,2011-07-01,26842.0
tw_semi_equip,2011-08-01,21706.0
tw_semi_equip,2011-09-01,21243.0
tw_semi_equip,2011-10-01,22867.0
tw_semi_equip,2011-11-01,25450.0
tw_semi_equip,2011-12-01,30241.0
tw_semi_equip,2012-01-01,24948.0
tw_semi_equip,2012-02-01,24713.0
tw_semi_equip,2012-03-01,30932.0
tw_semi_equip,2012-04-01,33398.0
tw_semi_equip,2012-05-01,37874.0
tw_semi_equip,2012-06-01,45036.0
tw_semi_equip,2012-07-01,37756.0
tw_semi_equip,2012-08-01,35250.0
tw_semi_equip,2012-09-01,26667.0
tw_semi_equip,2012-10-01,24470.0
tw_semi_equip,2012-11-01,24500.0
tw_semi_equip,2012-12-01,33964.0
tw_semi_equip,2013-01-01,34408.0
tw_semi_equip,2013-02-01,30611.0
tw_semi_equip,2013-03-01,40634.0
tw_semi_equip,2013-04-01,28399.0
tw_semi_equip,2013-05-01,50238.0
tw_semi_equip,2013-06-01,41909.0
tw_semi_equip,2013-07-01,26355.0
tw_semi_equip,2013-08-01,26764.0
tw_semi_equip,2013-09-01,36232.0
tw_semi_equip,2013-10-01,30195.0
tw_semi_equip,2013-11-01,36019.0
tw_semi_equip,2013-12-01,55959.0
tw_semi_equip,2014-01-01,30165.0
tw_semi_equip,2014-02-01,34561.0
tw_semi_equip,2014-03-01,50377.0
tw_semi_equip,2014-04-01,42301.0
tw_semi_equip,2014-05-01,29343.0
tw_semi_equip,2014-06-01,39204.0
tw_semi_equip,2014-07-01,38422.0
tw_semi_equip,2014-08-01,28475.0
tw_semi_equip,2014-09-01,33795.0
tw_semi_equip,2014-10-01,27114.0
tw_semi_equip,2014-11-01,28931.0
tw_semi_equip,2014-12-01,33001.0
tw_semi_equip,2015-01-01,27972.0
tw_semi_equip,2015-02-01,24837.0
tw_semi_equip,2015-03-01,33246.0
tw_semi_equip,2015-04-01,31091.0
tw_semi_equip,2015-05-01,28215.0
tw_semi_equip,2015-06-01,45529.0
tw_semi_equip,2015-07-01,46408.0
tw_semi_equip,2015-08-01,38546.0
tw_semi_equip,2015-09-01,33792.0
tw_semi_equip,2015-10-01,36797.0
tw_semi_equip,2015-11-01,38286.0
tw_semi_equip,2015-12-01,36498.0
tw_semi_equip,2016-01-01,38621.0
tw_semi_equip,2016-02-01,26839.0
tw_semi_equip,2016-03-01,32923.0
tw_semi_equip,2016-04-01,30181.0
tw_semi_equip,2016-05-01,53277.0
tw_semi_equip,2016-06-01,47103.0
tw_semi_equip,2016-07-01,56304.0
tw_semi_equip,2016-08-01,54349.0
tw_semi_equip,2016-09-01,49442.0
tw_semi_equip,2016-10-01,65389.0
tw_semi_equip,2016-11-01,50357.0
tw_semi_equip,2016-12-01,58365.0
tw_semi_equip,2017-01-01,52381.0
tw_semi_equip,2017-02-01,42618.0
tw_semi_equip,2017-03-01,46911.0
tw_semi_equip,2017-04-01,51257.0
tw_semi_equip,2017-05-01,43262.0
tw_semi_equip,2017-06-01,32492.0
tw_semi_equip,2017-07-01,27883.0
tw_semi_equip,2017-08-01,27897.0
tw_semi_equip,2017-09-01,38685.0
tw_semi_equip,2017-10-01,47290.0
tw_semi_equip,2017-11-01,34161.0
tw_semi_equip,2017-12-01,43862.0
tw_semi_equip,2018-01-01,42259.0
tw_semi_equip,2018-02-01,31871.0
tw_semi_equip,2018-03-01,40576.0
tw_semi_equip,2018-04-01,33232.0
tw_semi_equip,2018-05-01,35837.0
tw_semi_equip,2018-06-01,30583.0
tw_semi_equip,2018-07-01,42447.0
tw_semi_equip,2018-08-01,49237.0
tw_semi_equip,2018-09-01,46903.0
tw_semi_equip,2018-10-01,41215.0
tw_semi_equip,2018-11-01,28783.0
tw_semi_equip,2018-12-01,44219.0
tw_semi_equip,2019-01-01,51455.0
tw_semi_equip,2019-02-01,40209.0
tw_semi_equip,2019-03-01,78540.0
tw_semi_equip,2019-04-01,44117.0
tw_semi_equip,2019-05-01,38455.0
tw_semi_equip,2019-06-01,63264.0
tw_semi_equip,2019-07-01,42224.0
tw_semi_equip,2019-08-01,47308.0
tw_semi_equip,2019-09-01,78635.0
tw_semi_equip,2019-10-01,59770.0
tw_semi_equip,2019-11-01,73312.0
tw_semi_equip,2019-12-01,112765.0
tw_semi_equip,2020-01-01,62518.0
tw_semi_equip,2020-02-01,57056.0
tw_semi_equip,2020-03-01,58235.0
tw_semi_equip,2020-04-01,44330.0
tw_semi_equip,2020-05-01,41879.0
tw_semi_equip,2020-06-01,59510.0
tw_semi_equip,2020-07-01,47498.0
tw_semi_equip,2020-08-01,56169.0
tw_semi_equip,2020-09-01,57711.0
tw_semi_equip,2020-10-01,62430.0
tw_semi_equip,2020-11-01,57716.0
tw_semi_equip,2020-12-01,83491.0
tw_semi_equip,2021-01-01,56702.0
tw_semi_equip,2021-02-01,68712.0
tw_semi_equip,2021-03-01,80818.0
tw_semi_equip,2021-04-01,64881.0
tw_semi_equip,2021-05-01,57162.0
tw_semi_equip,2021-06-01,62842.0
tw_semi_equip,2021-07-01,75604.0
tw_semi_equip,2021-08-01,96849.0
tw_semi_equip,2021-09-01,83817.0
tw_semi_equip,2021-10-01,87613.0
tw_semi_equip,2021-11-01,75810.0
tw_semi_equip,2021-12-01,87410.0
tw_semi_equip,2022-01-01,67403.0
tw_semi_equip,2022-02-01,62314.0
tw_semi_equip,2022-03-01,80915.0
tw_semi_equip,2022-04-01,85418.0
tw_semi_equip,2022-05-01,80263.0
tw_semi_equip,2022-06-01,92490.0
tw_semi_equip,2022-07-01,98487.0
tw_semi_equip,2022-08-01,97850.0
tw_semi_equip,2022-09-01,80762.0
tw_semi_equip,2022-10-01,117760.0
tw_semi_equip,2022-11-01,107885.0
tw_semi_equip,2022-12-01,112401.0
tw_semi_equip,2023-01-01,80913.0
tw_semi_equip,2023-02-01,84256.0
tw_semi_equip,2023-03-01,84976.0
tw_semi_equip,2023-04-01,61709.0
tw_semi_equip,2023-05-01,66587.0
tw_semi_equip,2023-06-01,54718.0
tw_semi_equip,2023-07-01,70122.0
tw_semi_equip,2023-08-01,44088.0
tw_semi_equip,2023-09-01,38238.0
tw_semi_equip,2023-10-01,54310.0
tw_semi_equip,2023-11-01,48503.0
tw_semi_equip,2023-12-01,63364.0
tw_semi_equip,2024-01-01,41228.0
tw_semi_equip,2024-02-01,28897.0
tw_semi_equip,2024-03-01,43776.0
tw_semi_equip,2024-04-01,77008.0
tw_semi_equip,2024-05-01,62289.0
tw_semi_equip,2024-06-01,65189.0
tw_semi_equip,2024-07-01,73896.0
tw_semi_equip,2024-08-01,66727.0
tw_semi_equip,2024-09-01,59906.0
tw_semi_equip,2024-10-01,75697.0
tw_semi_equip,2024-11-01,66851.0
tw_semi_equip,2024-12-01,100378.0
tw_semi_equip,2025-01-01,61874.0
tw_semi_equip,2025-02-01,101018.0
tw_semi_equip,2025-03-01,132493.0
tw_semi_equip,2025-04-01,114232.0
tw_semi_equip,2025-05-01,103875.0
tw_semi_equip,2025-06-01,114766.0
tw_semi_equip,2025-07-01,98169.0
tw_semi_equip,2025-08-01,114022.0
tw_semi_equip,2025-09-01,107787.0
tw_semi_equip,2025-10-01,81659.0
tw_semi_equip,2025-11-01,115688.0
tw_semi_equip,2025-12-01,103623.0
tw_semi_equip,2026-01-01,95685.0
tw_semi_equip,2026-02-01,91547.0
tw_semi_equip,2026-03-01,158510.0
tw_semi_equip,2026-04-01,145252.0
tw_semi_equip,2026-05-01,129635.0
tw_semi_equip,2026-06-01,192581.0
tw_semi_equip,2026-07-01,149586.0
tw_semi_equip,2026-08-01,132457.0
tw_signal,1984-01-01,42.0
tw_signal,1984-02-01,39.0
tw_signal,1984-03-01,37.0
tw_signal,1984-04-01,34.0
tw_signal,1984-05-01,37.0
tw_signal,1984-06-01,30.0
tw_signal,1984-07-01,30.0
tw_signal,1984-08-01,27.0
tw_signal,1984-09-01,25.0
tw_signal,1984-10-01,28.0
tw_signal,1984-11-01,21.0
tw_signal,1984-12-01,21.0
tw_signal,1985-01-01,16.0
tw_signal,1985-02-01,19.0
tw_signal,1985-03-01,14.0
tw_signal,1985-04-01,14.0
tw_signal,1985-05-01,14.0
tw_signal,1985-06-01,12.0
tw_signal,1985-07-01,12.0
tw_signal,1985-08-01,13.0
tw_signal,1985-09-01,14.0
tw_signal,1985-10-01,15.0
tw_signal,1985-11-01,15.0
tw_signal,1985-12-01,22.0
tw_signal,1986-01-01,21.0
tw_signal,1986-02-01,19.0
tw_signal,1986-03-01,33.0
tw_signal,1986-04-01,28.0
tw_signal,1986-05-01,29.0
tw_signal,1986-06-01,37.0
tw_signal,1986-07-01,34.0
tw_signal,1986-08-01,39.0
tw_signal,1986-09-01,36.0
tw_signal,1986-10-01,36.0
tw_signal,1986-11-01,38.0
tw_signal,1986-12-01,37.0
tw_signal,1987-01-01,36.0
tw_signal,1987-02-01,40.0
tw_signal,1987-03-01,32.0
tw_signal,1987-04-01,41.0
tw_signal,1987-05-01,39.0
tw_signal,1987-06-01,38.0
tw_signal,1987-07-01,34.0
tw_signal,1987-08-01,36.0
tw_signal,1987-09-01,37.0
tw_signal,1987-10-01,31.0
tw_signal,1987-11-01,35.0
tw_signal,1987-12-01,32.0
tw_signal,1988-01-01,29.0
tw_signal,1988-02-01,33.0
tw_signal,1988-03-01,28.0
tw_signal,1988-04-01,27.0
tw_signal,1988-05-01,31.0
tw_signal,1988-06-01,30.0
tw_signal,1988-07-01,30.0
tw_signal,1988-08-01,31.0
tw_signal,1988-09-01,28.0
tw_signal,1988-10-01,29.0
tw_signal,1988-11-01,33.0
tw_signal,1988-12-01,32.0
tw_signal,1989-01-01,36.0
tw_signal,1989-02-01,34.0
tw_signal,1989-03-01,40.0
tw_signal,1989-04-01,39.0
tw_signal,1989-05-01,34.0
tw_signal,1989-06-01,30.0
tw_signal,1989-07-01,32.0
tw_signal,1989-08-01,27.0
tw_signal,1989-09-01,24.0
tw_signal,1989-10-01,25.0
tw_signal,1989-11-01,24.0
tw_signal,1989-12-01,25.0
tw_signal,1990-01-01,23.0
tw_signal,1990-02-01,27.0
tw_signal,1990-03-01,21.0
tw_signal,1990-04-01,20.0
tw_signal,1990-05-01,17.0
tw_signal,1990-06-01,14.0
tw_signal,1990-07-01,17.0
tw_signal,1990-08-01,17.0
tw_signal,1990-09-01,18.0
tw_signal,1990-10-01,21.0
tw_signal,1990-11-01,20.0
tw_signal,1990-12-01,15.0
tw_signal,1991-01-01,20.0
tw_signal,1991-02-01,19.0
tw_signal,1991-03-01,19.0
tw_signal,1991-04-01,20.0
tw_signal,1991-05-01,23.0
tw_signal,1991-06-01,24.0
tw_signal,1991-07-01,29.0
tw_signal,1991-08-01,27.0
tw_signal,1991-09-01,27.0
tw_signal,1991-10-01,30.0
tw_signal,1991-11-01,30.0
tw_signal,1991-12-01,28.0
tw_signal,1992-01-01,29.0
tw_signal,1992-02-01,29.0
tw_signal,1992-03-01,28.0
tw_signal,1992-04-01,28.0
tw_signal,1992-05-01,24.0
tw_signal,1992-06-01,25.0
tw_signal,1992-07-01,25.0
tw_signal,1992-08-01,25.0
tw_signal,1992-09-01,22.0
tw_signal,1992-10-01,25.0
tw_signal,1992-11-01,21.0
tw_signal,1992-12-01,24.0
tw_signal,1993-01-01,19.0
tw_signal,1993-02-01,23.0
tw_signal,1993-03-01,24.0
tw_signal,1993-04-01,20.0
tw_signal,1993-05-01,20.0
tw_signal,1993-06-01,17.0
tw_signal,1993-07-01,21.0
tw_signal,1993-08-01,22.0
tw_signal,1993-09-01,23.0
tw_signal,1993-10-01,24.0
tw_signal,1993-11-01,21.0
tw_signal,1993-12-01,27.0
tw_signal,1994-01-01,32.0
tw_signal,1994-02-01,29.0
tw_signal,1994-03-01,26.0
tw_signal,1994-04-01,30.0
tw_signal,1994-05-01,30.0
tw_signal,1994-06-01,32.0
tw_signal,1994-07-01,30.0
tw_signal,1994-08-01,33.0
tw_signal,1994-09-01,34.0
tw_signal,1994-10-01,36.0
tw_signal,1994-11-01,39.0
tw_signal,1994-12-01,31.0
tw_signal,1995-01-01,30.0
tw_signal,1995-02-01,34.0
tw_signal,1995-03-01,30.0
tw_signal,1995-04-01,29.0
tw_signal,1995-05-01,28.0
tw_signal,1995-06-01,25.0
tw_signal,1995-07-01,23.0
tw_signal,1995-08-01,21.0
tw_signal,1995-09-01,22.0
tw_signal,1995-10-01,15.0
tw_signal,1995-11-01,13.0
tw_signal,1995-12-01,16.0
tw_signal,1996-01-01,18.0
tw_signal,1996-02-01,18.0
tw_signal,1996-03-01,13.0
tw_signal,1996-04-01,21.0
tw_signal,1996-05-01,15.0
tw_signal,1996-06-01,17.0
tw_signal,1996-07-01,19.0
tw_signal,1996-08-01,20.0
tw_signal,1996-09-01,24.0
tw_signal,1996-10-01,22.0
tw_signal,1996-11-01,26.0
tw_signal,1996-12-01,28.0
tw_signal,1997-01-01,26.0
tw_signal,1997-02-01,24.0
tw_signal,1997-03-01,31.0
tw_signal,1997-04-01,24.0
tw_signal,1997-05-01,24.0
tw_signal,1997-06-01,28.0
tw_signal,1997-07-01,30.0
tw_signal,1997-08-01,26.0
tw_signal,1997-09-01,31.0
tw_signal,1997-10-01,26.0
tw_signal,1997-11-01,28.0
tw_signal,1997-12-01,29.0
tw_signal,1998-01-01,23.0
tw_signal,1998-02-01,27.0
tw_signal,1998-03-01,25.0
tw_signal,1998-04-01,20.0
tw_signal,1998-05-01,19.0
tw_signal,1998-06-01,20.0
tw_signal,1998-07-01,16.0
tw_signal,1998-08-01,22.0
tw_signal,1998-09-01,18.0
tw_signal,1998-10-01,16.0
tw_signal,1998-11-01,19.0
tw_signal,1998-12-01,14.0
tw_signal,1999-01-01,18.0
tw_signal,1999-02-01,17.0
tw_signal,1999-03-01,16.0
tw_signal,1999-04-01,20.0
tw_signal,1999-05-01,22.0
tw_signal,1999-06-01,25.0
tw_signal,1999-07-01,24.0
tw_signal,1999-08-01,23.0
tw_signal,1999-09-01,19.0
tw_signal,1999-10-01,26.0
tw_signal,1999-11-01,26.0
tw_signal,1999-12-01,28.0
tw_signal,2000-01-01,32.0
tw_signal,2000-02-01,30.0
tw_signal,2000-03-01,29.0
tw_signal,2000-04-01,28.0
tw_signal,2000-05-01,29.0
tw_signal,2000-06-01,27.0
tw_signal,2000-07-01,26.0
tw_signal,2000-08-01,28.0
tw_signal,2000-09-01,28.0
tw_signal,2000-10-01,23.0
tw_signal,2000-11-01,17.0
tw_signal,2000-12-01,16.0
tw_signal,2001-01-01,10.0
tw_signal,2001-02-01,10.0
tw_signal,2001-03-01,10.0
tw_signal,2001-04-01,9.0
tw_signal,2001-05-01,9.0
tw_signal,2001-06-01,9.0
tw_signal,2001-07-01,9.0
tw_signal,2001-08-01,11.0
tw_signal,2001-09-01,9.0
tw_signal,2001-10-01,9.0
tw_signal,2001-11-01,10.0
tw_signal,2001-12-01,15.0
tw_signal,2002-01-01,15.0
tw_signal,2002-02-01,15.0
tw_signal,2002-03-01,20.0
tw_signal,2002-04-01,26.0
tw_signal,2002-05-01,25.0
tw_signal,2002-06-01,25.0
tw_signal,2002-07-01,29.0
tw_signal,2002-08-01,24.0
tw_signal,2002-09-01,29.0
tw_signal,2002-10-01,23.0
tw_signal,2002-11-01,26.0
tw_signal,2002-12-01,24.0
tw_signal,2003-01-01,20.0
tw_signal,2003-02-01,22.0
tw_signal,2003-03-01,17.0
tw_signal,2003-04-01,14.0
tw_signal,2003-05-01,14.0
tw_signal,2003-06-01,20.0
tw_signal,2003-07-01,24.0
tw_signal,2003-08-01,26.0
tw_signal,2003-09-01,29.0
tw_signal,2003-10-01,31.0
tw_signal,2003-11-01,30.0
tw_signal,2003-12-01,34.0
tw_signal,2004-01-01,35.0
tw_signal,2004-02-01,34.0
tw_signal,2004-03-01,36.0
tw_signal,2004-04-01,37.0
tw_signal,2004-05-01,39.0
tw_signal,2004-06-01,36.0
tw_signal,2004-07-01,35.0
tw_signal,2004-08-01,33.0
tw_signal,2004-09-01,32.0
tw_signal,2004-10-01,29.0
tw_signal,2004-11-01,28.0
tw_signal,2004-12-01,26.0
tw_signal,2005-01-01,23.0
tw_signal,2005-02-01,23.0
tw_signal,2005-03-01,22.0
tw_signal,2005-04-01,20.0
tw_signal,2005-05-01,18.0
tw_signal,2005-06-01,20.0
tw_signal,2005-07-01,19.0
tw_signal,2005-08-01,23.0
tw_signal,2005-09-01,23.0
tw_signal,2005-10-01,24.0
tw_signal,2005-11-01,24.0
tw_signal,2005-12-01,27.0
tw_signal,2006-01-01,28.0
tw_signal,2006-02-01,28.0
tw_signal,2006-03-01,23.0
tw_signal,2006-04-01,23.0
tw_signal,2006-05-01,24.0
tw_signal,2006-06-01,21.0
tw_signal,2006-07-01,21.0
tw_signal,2006-08-01,22.0
tw_signal,2006-09-01,22.0
tw_signal,2006-10-01,20.0
tw_signal,2006-11-01,21.0
tw_signal,2006-12-01,16.0
tw_signal,2007-01-01,18.0
tw_signal,2007-02-01,19.0
tw_signal,2007-03-01,23.0
tw_signal,2007-04-01,18.0
tw_signal,2007-05-01,20.0
tw_signal,2007-06-01,25.0
tw_signal,2007-07-01,30.0
tw_signal,2007-08-01,30.0
tw_signal,2007-09-01,32.0
tw_signal,2007-10-01,32.0
tw_signal,2007-11-01,28.0
tw_signal,2007-12-01,29.0
tw_signal,2008-01-01,29.0
tw_signal,2008-02-01,27.0
tw_signal,2008-03-01,26.0
tw_signal,2008-04-01,27.0
tw_signal,2008-05-01,22.0
tw_signal,2008-06-01,20.0
tw_signal,2008-07-01,16.0
tw_signal,2008-08-01,18.0
tw_signal,2008-09-01,12.0
tw_signal,2008-10-01,12.0
tw_signal,2008-11-01,11.0
tw_signal,2008-12-01,9.0
tw_signal,2009-01-01,9.0
tw_signal,2009-02-01,10.0
tw_signal,2009-03-01,10.0
tw_signal,2009-04-01,11.0
tw_signal,2009-05-01,12.0
tw_signal,2009-06-01,17.0
tw_signal,2009-07-01,18.0
tw_signal,2009-08-01,18.0
tw_signal,2009-09-01,20.0
tw_signal,2009-10-01,26.0
tw_signal,2009-11-01,37.0
tw_signal,2009-12-01,37.0
tw_signal,2010-01-01,38.0
tw_signal,2010-02-01,38.0
tw_signal,2010-03-01,39.0
tw_signal,2010-04-01,39.0
tw_signal,2010-05-01,37.0
tw_signal,2010-06-01,37.0
tw_signal,2010-07-01,38.0
tw_signal,2010-08-01,38.0
tw_signal,2010-09-01,37.0
tw_signal,2010-10-01,34.0
tw_signal,2010-11-01,32.0
tw_signal,2010-12-01,34.0
tw_signal,2011-01-01,34.0
tw_signal,2011-02-01,34.0
tw_signal,2011-03-01,31.0
tw_signal,2011-04-01,29.0
tw_signal,2011-05-01,27.0
tw_signal,2011-06-01,25.0
tw_signal,2011-07-01,23.0
tw_signal,2011-08-01,20.0
tw_signal,2011-09-01,21.0
tw_signal,2011-10-01,19.0
tw_signal,2011-11-01,16.0
tw_signal,2011-12-01,14.0
tw_signal,2012-01-01,13.0
tw_signal,2012-02-01,15.0
tw_signal,2012-03-01,14.0
tw_signal,2012-04-01,14.0
tw_signal,2012-05-01,15.0
tw_signal,2012-06-01,15.0
tw_signal,2012-07-01,16.0
tw_signal,2012-08-01,15.0
tw_signal,2012-09-01,20.0
tw_signal,2012-10-01,19.0
tw_signal,2012-11-01,21.0
tw_signal,2012-12-01,22.0
tw_signal,2013-01-01,19.0
tw_signal,2013-02-01,20.0
tw_signal,2013-03-01,18.0
tw_signal,2013-04-01,17.0
tw_signal,2013-05-01,19.0
tw_signal,2013-06-01,23.0
tw_signal,2013-07-01,20.0
tw_signal,2013-08-01,20.0
tw_signal,2013-09-01,20.0
tw_signal,2013-10-01,21.0
tw_signal,2013-11-01,21.0
tw_signal,2013-12-01,24.0
tw_signal,2014-01-01,22.0
tw_signal,2014-02-01,25.0
tw_signal,2014-03-01,25.0
tw_signal,2014-04-01,29.0
tw_signal,2014-05-01,24.0
tw_signal,2014-06-01,26.0
tw_signal,2014-07-01,27.0
tw_signal,2014-08-01,29.0
tw_signal,2014-09-01,27.0
tw_signal,2014-10-01,24.0
tw_signal,2014-11-01,25.0
tw_signal,2014-12-01,22.0
tw_signal,2015-01-01,23.0
tw_signal,2015-02-01,24.0
tw_signal,2015-03-01,22.0
tw_signal,2015-04-01,16.0
tw_signal,2015-05-01,18.0
tw_signal,2015-06-01,16.0
tw_signal,2015-07-01,14.0
tw_signal,2015-08-01,14.0
tw_signal,2015-09-01,14.0
tw_signal,2015-10-01,15.0
tw_signal,2015-11-01,15.0
tw_signal,2015-12-01,14.0
tw_signal,2016-01-01,14.0
tw_signal,2016-02-01,16.0
tw_signal,2016-03-01,16.0
tw_signal,2016-04-01,17.0
tw_signal,2016-05-01,20.0
tw_signal,2016-06-01,20.0
tw_signal,2016-07-01,23.0
tw_signal,2016-08-01,25.0
tw_signal,2016-09-01,23.0
tw_signal,2016-10-01,24.0
tw_signal,2016-11-01,26.0
tw_signal,2016-12-01,28.0
tw_signal,2017-01-01,29.0
tw_signal,2017-02-01,28.0
tw_signal,2017-03-01,24.0
tw_signal,2017-04-01,21.0
tw_signal,2017-05-01,20.0
tw_signal,2017-06-01,22.0
tw_signal,2017-07-01,22.0
tw_signal,2017-08-01,25.0
tw_signal,2017-09-01,28.0
tw_signal,2017-10-01,23.0
tw_signal,2017-11-01,23.0
tw_signal,2017-12-01,22.0
tw_signal,2018-01-01,20.0
tw_signal,2018-02-01,24.0
tw_signal,2018-03-01,23.0
tw_signal,2018-04-01,26.0
tw_signal,2018-05-01,29.0
tw_signal,2018-06-01,22.0
tw_signal,2018-07-01,26.0
tw_signal,2018-08-01,24.0
tw_signal,2018-09-01,22.0
tw_signal,2018-10-01,22.0
tw_signal,2018-11-01,17.0
tw_signal,2018-12-01,16.0
tw_signal,2019-01-01,20.0
tw_signal,2019-02-01,17.0
tw_signal,2019-03-01,20.0
tw_signal,2019-04-01,21.0
tw_signal,2019-05-01,18.0
tw_signal,2019-06-01,21.0
tw_signal,2019-07-01,22.0
tw_signal,2019-08-01,20.0
tw_signal,2019-09-01,19.0
tw_signal,2019-10-01,19.0
tw_signal,2019-11-01,24.0
tw_signal,2019-12-01,27.0
tw_signal,2020-01-01,25.0
tw_signal,2020-02-01,24.0
tw_signal,2020-03-01,20.0
tw_signal,2020-04-01,19.0
tw_signal,2020-05-01,19.0
tw_signal,2020-06-01,19.0
tw_signal,2020-07-01,21.0
tw_signal,2020-08-01,26.0
tw_signal,2020-09-01,27.0
tw_signal,2020-10-01,28.0
tw_signal,2020-11-01,30.0
tw_signal,2020-12-01,34.0
tw_signal,2021-01-01,37.0
tw_signal,2021-02-01,40.0
tw_signal,2021-03-01,40.0
tw_signal,2021-04-01,41.0
tw_signal,2021-05-01,41.0
tw_signal,2021-06-01,40.0
tw_signal,2021-07-01,38.0
tw_signal,2021-08-01,39.0
tw_signal,2021-09-01,38.0
tw_signal,2021-10-01,39.0
tw_signal,2021-11-01,37.0
tw_signal,2021-12-01,38.0
tw_signal,2022-01-01,36.0
tw_signal,2022-02-01,34.0
tw_signal,2022-03-01,31.0
tw_signal,2022-04-01,28.0
tw_signal,2022-05-01,28.0
tw_signal,2022-06-01,27.0
tw_signal,2022-07-01,24.0
tw_signal,2022-08-01,23.0
tw_signal,2022-09-01,17.0
tw_signal,2022-10-01,18.0
tw_signal,2022-11-01,12.0
tw_signal,2022-12-01,12.0
tw_signal,2023-01-01,11.0
tw_signal,2023-02-01,10.0
tw_signal,2023-03-01,11.0
tw_signal,2023-04-01,11.0
tw_signal,2023-05-01,12.0
tw_signal,2023-06-01,13.0
tw_signal,2023-07-01,15.0
tw_signal,2023-08-01,15.0
tw_signal,2023-09-01,17.0
tw_signal,2023-10-01,16.0
tw_signal,2023-11-01,20.0
tw_signal,2023-12-01,22.0
tw_signal,2024-01-01,27.0
tw_signal,2024-02-01,29.0
tw_signal,2024-03-01,31.0
tw_signal,2024-04-01,35.0
tw_signal,2024-05-01,36.0
tw_signal,2024-06-01,38.0
tw_signal,2024-07-01,35.0
tw_signal,2024-08-01,39.0
tw_signal,2024-09-01,34.0
tw_signal,2024-10-01,32.0
tw_signal,2024-11-01,34.0
tw_signal,2024-12-01,38.0
tw_signal,2025-01-01,35.0
tw_signal,2025-02-01,37.0
tw_signal,2025-03-01,35.0
tw_signal,2025-04-01,33.0
tw_signal,2025-05-01,31.0
tw_signal,2025-06-01,29.0
tw_signal,2025-07-01,29.0
tw_signal,2025-08-01,31.0
tw_signal,2025-09-01,34.0
tw_signal,2025-10-01,35.0
tw_signal,2025-11-01,37.0
tw_signal,2025-12-01,38.0
tw_signal,2026-01-01,39.0
tw_signal,2026-02-01,41.0
tw_signal,2026-03-01,39.0
tw_signal,2026-04-01,40.0
tw_signal,2026-05-01,39.0
tw_signal,2026-06-01,41.0
tw_signal,2026-07-01,41.0
tw_signal,2026-08-01,41.0
tw_unemp,1982-01-01,1.36
tw_unemp,1982-02-01,1.62
tw_unemp,1982-03-01,1.32
tw_unemp,1982-04-01,1.49
tw_unemp,1982-05-01,1.98
tw_unemp,1982-06-01,1.95
tw_unemp,1982-07-01,2.21
tw_unemp,1982-08-01,2.65
tw_unemp,1982-09-01,2.68
tw_unemp,1982-10-01,2.77
tw_unemp,1982-11-01,2.71
tw_unemp,1982-12-01,2.79
tw_unemp,1983-01-01,2.73
tw_unemp,1983-02-01,3.45
tw_unemp,1983-03-01,2.91
tw_unemp,1983-04-01,2.61
tw_unemp,1983-05-01,2.42
tw_unemp,1983-06-01,2.51
tw_unemp,1983-07-01,2.88
tw_unemp,1983-08-01,2.91
tw_unemp,1983-09-01,2.7
tw_unemp,1983-10-01,2.79
tw_unemp,1983-11-01,2.34
tw_unemp,1983-12-01,2.27
tw_unemp,1984-01-01,2.34
tw_unemp,1984-02-01,2.75
tw_unemp,1984-03-01,2.09
tw_unemp,1984-04-01,2.01
tw_unemp,1984-05-01,2.11
tw_unemp,1984-06-01,2.23
tw_unemp,1984-07-01,2.52
tw_unemp,1984-08-01,3.02
tw_unemp,1984-09-01,3.03
tw_unemp,1984-10-01,2.77
tw_unemp,1984-11-01,2.25
tw_unemp,1984-12-01,2.21
tw_unemp,1985-01-01,2.03
tw_unemp,1985-02-01,2.15
tw_unemp,1985-03-01,2.49
tw_unemp,1985-04-01,2.28
tw_unemp,1985-05-01,2.57
tw_unemp,1985-06-01,2.53
tw_unemp,1985-07-01,3.44
tw_unemp,1985-08-01,4.1
tw_unemp,1985-09-01,3.62
tw_unemp,1985-10-01,3.45
tw_unemp,1985-11-01,3.28
tw_unemp,1985-12-01,2.91
tw_unemp,1986-01-01,2.53
tw_unemp,1986-02-01,3.33
tw_unemp,1986-03-01,2.79
tw_unemp,1986-04-01,2.34
tw_unemp,1986-05-01,2.34
tw_unemp,1986-06-01,2.72
tw_unemp,1986-07-01,2.93
tw_unemp,1986-08-01,3.11
tw_unemp,1986-09-01,2.96
tw_unemp,1986-10-01,2.61
tw_unemp,1986-11-01,2.33
tw_unemp,1986-12-01,1.98
tw_unemp,1987-01-01,1.92
tw_unemp,1987-02-01,2.37
tw_unemp,1987-03-01,2.03
tw_unemp,1987-04-01,1.72
tw_unemp,1987-05-01,1.94
tw_unemp,1987-06-01,1.75
tw_unemp,1987-07-01,2.02
tw_unemp,1987-08-01,2.08
tw_unemp,1987-09-01,2.07
tw_unemp,1987-10-01,2.01
tw_unemp,1987-11-01,1.86
tw_unemp,1987-12-01,1.82
tw_unemp,1988-01-01,1.77
tw_unemp,1988-02-01,1.7
tw_unemp,1988-03-01,1.79
tw_unemp,1988-04-01,1.59
tw_unemp,1988-05-01,1.74
tw_unemp,1988-06-01,1.83
tw_unemp,1988-07-01,1.94
tw_unemp,1988-08-01,1.87
tw_unemp,1988-09-01,1.62
tw_unemp,1988-10-01,1.54
tw_unemp,1988-11-01,1.48
tw_unemp,1988-12-01,1.41
tw_unemp,1989-01-01,1.35
tw_unemp,1989-02-01,1.88
tw_unemp,1989-03-01,1.46
tw_unemp,1989-04-01,1.31
tw_unemp,1989-05-01,1.5
tw_unemp,1989-06-01,1.68
tw_unemp,1989-07-01,1.76
tw_unemp,1989-08-01,1.87
tw_unemp,1989-09-01,1.72
tw_unemp,1989-10-01,1.48
tw_unemp,1989-11-01,1.45
tw_unemp,1989-12-01,1.36
tw_unemp,1990-01-01,1.31
tw_unemp,1990-02-01,1.6
tw_unemp,1990-03-01,1.51
tw_unemp,1990-04-01,1.32
tw_unemp,1990-05-01,1.48
tw_unemp,1990-06-01,1.67
tw_unemp,1990-07-01,1.96
tw_unemp,1990-08-01,2.1
tw_unemp,1990-09-01,1.98
tw_unemp,1990-10-01,1.73
tw_unemp,1990-11-01,1.8
tw_unemp,1990-12-01,1.52
tw_unemp,1991-01-01,1.37
tw_unemp,1991-02-01,1.35
tw_unemp,1991-03-01,1.39
tw_unemp,1991-04-01,1.4
tw_unemp,1991-05-01,1.43
tw_unemp,1991-06-01,1.37
tw_unemp,1991-07-01,1.82
tw_unemp,1991-08-01,1.78
tw_unemp,1991-09-01,1.79
tw_unemp,1991-10-01,1.56
tw_unemp,1991-11-01,1.49
tw_unemp,1991-12-01,1.39
tw_unemp,1992-01-01,1.37
tw_unemp,1992-02-01,1.54
tw_unemp,1992-03-01,1.38
tw_unemp,1992-04-01,1.33
tw_unemp,1992-05-01,1.4
tw_unemp,1992-06-01,1.54
tw_unemp,1992-07-01,1.76
tw_unemp,1992-08-01,1.92
tw_unemp,1992-09-01,1.72
tw_unemp,1992-10-01,1.55
tw_unemp,1992-11-01,1.36
tw_unemp,1992-12-01,1.27
tw_unemp,1993-01-01,1.23
tw_unemp,1993-02-01,1.32
tw_unemp,1993-03-01,1.34
tw_unemp,1993-04-01,1.34
tw_unemp,1993-05-01,1.29
tw_unemp,1993-06-01,1.4
tw_unemp,1993-07-01,1.71
tw_unemp,1993-08-01,1.9
tw_unemp,1993-09-01,1.58
tw_unemp,1993-10-01,1.58
tw_unemp,1993-11-01,1.39
tw_unemp,1993-12-01,1.24
tw_unemp,1994-01-01,1.2
tw_unemp,1994-02-01,1.66
tw_unemp,1994-03-01,1.52
tw_unemp,1994-04-01,1.38
tw_unemp,1994-05-01,1.43
tw_unemp,1994-06-01,1.53
tw_unemp,1994-07-01,1.85
tw_unemp,1994-08-01,1.99
tw_unemp,1994-09-01,1.65
tw_unemp,1994-10-01,1.62
tw_unemp,1994-11-01,1.48
tw_unemp,1994-12-01,1.41
tw_unemp,1995-01-01,1.38
tw_unemp,1995-02-01,1.7
tw_unemp,1995-03-01,1.53
tw_unemp,1995-04-01,1.53
tw_unemp,1995-05-01,1.63
tw_unemp,1995-06-01,1.77
tw_unemp,1995-07-01,1.95
tw_unemp,1995-08-01,2.09
tw_unemp,1995-09-01,2.03
tw_unemp,1995-10-01,2.02
tw_unemp,1995-11-01,1.95
tw_unemp,1995-12-01,1.9
tw_unemp,1996-01-01,2.03
tw_unemp,1996-02-01,2.1
tw_unemp,1996-03-01,2.24
tw_unemp,1996-04-01,2.21
tw_unemp,1996-05-01,2.35
tw_unemp,1996-06-01,2.6
tw_unemp,1996-07-01,2.97
tw_unemp,1996-08-01,3.19
tw_unemp,1996-09-01,3.03
tw_unemp,1996-10-01,3.05
tw_unemp,1996-11-01,2.86
tw_unemp,1996-12-01,2.6
tw_unemp,1997-01-01,2.68
tw_unemp,1997-02-01,2.97
tw_unemp,1997-03-01,2.79
tw_unemp,1997-04-01,2.59
tw_unemp,1997-05-01,2.51
tw_unemp,1997-06-01,2.67
tw_unemp,1997-07-01,2.85
tw_unemp,1997-08-01,3.03
tw_unemp,1997-09-01,2.84
tw_unemp,1997-10-01,2.63
tw_unemp,1997-11-01,2.6
tw_unemp,1997-12-01,2.45
tw_unemp,1998-01-01,2.35
tw_unemp,1998-02-01,2.57
tw_unemp,1998-03-01,2.34
tw_unemp,1998-04-01,2.29
tw_unemp,1998-05-01,2.37
tw_unemp,1998-06-01,2.7
tw_unemp,1998-07-01,2.93
tw_unemp,1998-08-01,3.05
tw_unemp,1998-09-01,2.98
tw_unemp,1998-10-01,2.98
tw_unemp,1998-11-01,2.93
tw_unemp,1998-12-01,2.8
tw_unemp,1999-01-01,2.76
tw_unemp,1999-02-01,2.73
tw_unemp,1999-03-01,2.84
tw_unemp,1999-04-01,2.75
tw_unemp,1999-05-01,2.84
tw_unemp,1999-06-01,2.92
tw_unemp,1999-07-01,3.11
tw_unemp,1999-08-01,3.22
tw_unemp,1999-09-01,3.08
tw_unemp,1999-10-01,3.05
tw_unemp,1999-11-01,2.94
tw_unemp,1999-12-01,2.85
tw_unemp,2000-01-01,2.74
tw_unemp,2000-02-01,2.91
tw_unemp,2000-03-01,2.83
tw_unemp,2000-04-01,2.73
tw_unemp,2000-05-01,2.78
tw_unemp,2000-06-01,2.89
tw_unemp,2000-07-01,3.06
tw_unemp,2000-08-01,3.16
tw_unemp,2000-09-01,3.1
tw_unemp,2000-10-01,3.19
tw_unemp,2000-11-01,3.23
tw_unemp,2000-12-01,3.27
tw_unemp,2001-01-01,3.35
tw_unemp,2001-02-01,3.73
tw_unemp,2001-03-01,3.89
tw_unemp,2001-04-01,3.96
tw_unemp,2001-05-01,4.22
tw_unemp,2001-06-01,4.51
tw_unemp,2001-07-01,4.92
tw_unemp,2001-08-01,5.17
tw_unemp,2001-09-01,5.26
tw_unemp,2001-10-01,5.33
tw_unemp,2001-11-01,5.28
tw_unemp,2001-12-01,5.22
tw_unemp,2002-01-01,5.14
tw_unemp,2002-02-01,5.12
tw_unemp,2002-03-01,5.16
tw_unemp,2002-04-01,4.98
tw_unemp,2002-05-01,5.02
tw_unemp,2002-06-01,5.11
tw_unemp,2002-07-01,5.23
tw_unemp,2002-08-01,5.35
tw_unemp,2002-09-01,5.32
tw_unemp,2002-10-01,5.31
tw_unemp,2002-11-01,5.22
tw_unemp,2002-12-01,5.04
tw_unemp,2003-01-01,5.03
tw_unemp,2003-02-01,5.17
tw_unemp,2003-03-01,5.08
tw_unemp,2003-04-01,4.92
tw_unemp,2003-05-01,4.98
tw_unemp,2003-06-01,5.09
tw_unemp,2003-07-01,5.16
tw_unemp,2003-08-01,5.21
tw_unemp,2003-09-01,5.05
tw_unemp,2003-10-01,4.92
tw_unemp,2003-11-01,4.71
tw_unemp,2003-12-01,4.58
tw_unemp,2004-01-01,4.53
tw_unemp,2004-02-01,4.61
tw_unemp,2004-03-01,4.45
tw_unemp,2004-04-01,4.36
tw_unemp,2004-05-01,4.41
tw_unemp,2004-06-01,4.54
tw_unemp,2004-07-01,4.62
tw_unemp,2004-08-01,4.67
tw_unemp,2004-09-01,4.5
tw_unemp,2004-10-01,4.31
tw_unemp,2004-11-01,4.14
tw_unemp,2004-12-01,4.09
tw_unemp,2005-01-01,4.06
tw_unemp,2005-02-01,4.28
tw_unemp,2005-03-01,4.15
tw_unemp,2005-04-01,4.04
tw_unemp,2005-05-01,4.1
tw_unemp,2005-06-01,4.22
tw_unemp,2005-07-01,4.32
tw_unemp,2005-08-01,4.36
tw_unemp,2005-09-01,4.14
tw_unemp,2005-10-01,4.07
tw_unemp,2005-11-01,3.94
tw_unemp,2005-12-01,3.86
tw_unemp,2006-01-01,3.8
tw_unemp,2006-02-01,3.92
tw_unemp,2006-03-01,3.87
tw_unemp,2006-04-01,3.78
tw_unemp,2006-05-01,3.84
tw_unemp,2006-06-01,3.98
tw_unemp,2006-07-01,4.05
tw_unemp,2006-08-01,4.09
tw_unemp,2006-09-01,3.96
tw_unemp,2006-10-01,3.9
tw_unemp,2006-11-01,3.86
tw_unemp,2006-12-01,3.81
tw_unemp,2007-01-01,3.79
tw_unemp,2007-02-01,3.78
tw_unemp,2007-03-01,3.94
tw_unemp,2007-04-01,3.83
tw_unemp,2007-05-01,3.87
tw_unemp,2007-06-01,3.96
tw_unemp,2007-07-01,4.03
tw_unemp,2007-08-01,4.09
tw_unemp,2007-09-01,3.99
tw_unemp,2007-10-01,3.92
tw_unemp,2007-11-01,3.87
tw_unemp,2007-12-01,3.83
tw_unemp,2008-01-01,3.8
tw_unemp,2008-02-01,3.94
tw_unemp,2008-03-01,3.86
tw_unemp,2008-04-01,3.81
tw_unemp,2008-05-01,3.84
tw_unemp,2008-06-01,3.95
tw_unemp,2008-07-01,4.06
tw_unemp,2008-08-01,4.14
tw_unemp,2008-09-01,4.27
tw_unemp,2008-10-01,4.37
tw_unemp,2008-11-01,4.64
tw_unemp,2008-12-01,5.03
tw_unemp,2009-01-01,5.31
tw_unemp,2009-02-01,5.75
tw_unemp,2009-03-01,5.81
tw_unemp,2009-04-01,5.76
tw_unemp,2009-05-01,5.82
tw_unemp,2009-06-01,5.94
tw_unemp,2009-07-01,6.07
tw_unemp,2009-08-01,6.13
tw_unemp,2009-09-01,6.04
tw_unemp,2009-10-01,5.96
tw_unemp,2009-11-01,5.86
tw_unemp,2009-12-01,5.74
tw_unemp,2010-01-01,5.68
tw_unemp,2010-02-01,5.76
tw_unemp,2010-03-01,5.67
tw_unemp,2010-04-01,5.39
tw_unemp,2010-05-01,5.14
tw_unemp,2010-06-01,5.16
tw_unemp,2010-07-01,5.2
tw_unemp,2010-08-01,5.17
tw_unemp,2010-09-01,5.05
tw_unemp,2010-10-01,4.92
tw_unemp,2010-11-01,4.73
tw_unemp,2010-12-01,4.67
tw_unemp,2011-01-01,4.64
tw_unemp,2011-02-01,4.69
tw_unemp,2011-03-01,4.48
tw_unemp,2011-04-01,4.29
tw_unemp,2011-05-01,4.27
tw_unemp,2011-06-01,4.35
tw_unemp,2011-07-01,4.41
tw_unemp,2011-08-01,4.45
tw_unemp,2011-09-01,4.28
tw_unemp,2011-10-01,4.3
tw_unemp,2011-11-01,4.28
tw_unemp,2011-12-01,4.18
tw_unemp,2012-01-01,4.18
tw_unemp,2012-02-01,4.25
tw_unemp,2012-03-01,4.17
tw_unemp,2012-04-01,4.1
tw_unemp,2012-05-01,4.12
tw_unemp,2012-06-01,4.21
tw_unemp,2012-07-01,4.31
tw_unemp,2012-08-01,4.4
tw_unemp,2012-09-01,4.32
tw_unemp,2012-10-01,4.33
tw_unemp,2012-11-01,4.27
tw_unemp,2012-12-01,4.18
tw_unemp,2013-01-01,4.16
tw_unemp,2013-02-01,4.24
tw_unemp,2013-03-01,4.17
tw_unemp,2013-04-01,4.07
tw_unemp,2013-05-01,4.06
tw_unemp,2013-06-01,4.14
tw_unemp,2013-07-01,4.25
tw_unemp,2013-08-01,4.33
tw_unemp,2013-09-01,4.24
tw_unemp,2013-10-01,4.24
tw_unemp,2013-11-01,4.16
tw_unemp,2013-12-01,4.08
tw_unemp,2014-01-01,4.02
tw_unemp,2014-02-01,4.09
tw_unemp,2014-03-01,4.03
tw_unemp,2014-04-01,3.91
tw_unemp,2014-05-01,3.85
tw_unemp,2014-06-01,3.92
tw_unemp,2014-07-01,4.02
tw_unemp,2014-08-01,4.08
tw_unemp,2014-09-01,3.96
tw_unemp,2014-10-01,3.95
tw_unemp,2014-11-01,3.89
tw_unemp,2014-12-01,3.79
tw_unemp,2015-01-01,3.71
tw_unemp,2015-02-01,3.69
tw_unemp,2015-03-01,3.72
tw_unemp,2015-04-01,3.63
tw_unemp,2015-05-01,3.62
tw_unemp,2015-06-01,3.71
tw_unemp,2015-07-01,3.82
tw_unemp,2015-08-01,3.9
tw_unemp,2015-09-01,3.89
tw_unemp,2015-10-01,3.9
tw_unemp,2015-11-01,3.91
tw_unemp,2015-12-01,3.87
tw_unemp,2016-01-01,3.87
tw_unemp,2016-02-01,3.95
tw_unemp,2016-03-01,3.89
tw_unemp,2016-04-01,3.86
tw_unemp,2016-05-01,3.84
tw_unemp,2016-06-01,3.92
tw_unemp,2016-07-01,4.02
tw_unemp,2016-08-01,4.08
tw_unemp,2016-09-01,3.99
tw_unemp,2016-10-01,3.95
tw_unemp,2016-11-01,3.87
tw_unemp,2016-12-01,3.79
tw_unemp,2017-01-01,3.78
tw_unemp,2017-02-01,3.85
tw_unemp,2017-03-01,3.78
tw_unemp,2017-04-01,3.67
tw_unemp,2017-05-01,3.66
tw_unemp,2017-06-01,3.74
tw_unemp,2017-07-01,3.84
tw_unemp,2017-08-01,3.89
tw_unemp,2017-09-01,3.77
tw_unemp,2017-10-01,3.75
tw_unemp,2017-11-01,3.71
tw_unemp,2017-12-01,3.66
tw_unemp,2018-01-01,3.63
tw_unemp,2018-02-01,3.7
tw_unemp,2018-03-01,3.66
tw_unemp,2018-04-01,3.64
tw_unemp,2018-05-01,3.63
tw_unemp,2018-06-01,3.7
tw_unemp,2018-07-01,3.81
tw_unemp,2018-08-01,3.87
tw_unemp,2018-09-01,3.76
tw_unemp,2018-10-01,3.75
tw_unemp,2018-11-01,3.7
tw_unemp,2018-12-01,3.66
tw_unemp,2019-01-01,3.64
tw_unemp,2019-02-01,3.72
tw_unemp,2019-03-01,3.68
tw_unemp,2019-04-01,3.67
tw_unemp,2019-05-01,3.67
tw_unemp,2019-06-01,3.73
tw_unemp,2019-07-01,3.82
tw_unemp,2019-08-01,3.89
tw_unemp,2019-09-01,3.8
tw_unemp,2019-10-01,3.77
tw_unemp,2019-11-01,3.73
tw_unemp,2019-12-01,3.67
tw_unemp,2020-01-01,3.64
tw_unemp,2020-02-01,3.7
tw_unemp,2020-03-01,3.72
tw_unemp,2020-04-01,4.03
tw_unemp,2020-05-01,4.07
tw_unemp,2020-06-01,3.96
tw_unemp,2020-07-01,4.0
tw_unemp,2020-08-01,3.99
tw_unemp,2020-09-01,3.83
tw_unemp,2020-10-01,3.8
tw_unemp,2020-11-01,3.75
tw_unemp,2020-12-01,3.68
tw_unemp,2021-01-01,3.66
tw_unemp,2021-02-01,3.7
tw_unemp,2021-03-01,3.67
tw_unemp,2021-04-01,3.64
tw_unemp,2021-05-01,4.11
tw_unemp,2021-06-01,4.8
tw_unemp,2021-07-01,4.53
tw_unemp,2021-08-01,4.24
tw_unemp,2021-09-01,3.96
tw_unemp,2021-10-01,3.83
tw_unemp,2021-11-01,3.66
tw_unemp,2021-12-01,3.64
tw_unemp,2022-01-01,3.61
tw_unemp,2022-02-01,3.65
tw_unemp,2022-03-01,3.66
tw_unemp,2022-04-01,3.62
tw_unemp,2022-05-01,3.68
tw_unemp,2022-06-01,3.74
tw_unemp,2022-07-01,3.78
tw_unemp,2022-08-01,3.79
tw_unemp,2022-09-01,3.66
tw_unemp,2022-10-01,3.64
tw_unemp,2022-11-01,3.61
tw_unemp,2022-12-01,3.52
tw_unemp,2023-01-01,3.5
tw_unemp,2023-02-01,3.53
tw_unemp,2023-03-01,3.56
tw_unemp,2023-04-01,3.5
tw_unemp,2023-05-01,3.46
tw_unemp,2023-06-01,3.49
tw_unemp,2023-07-01,3.56
tw_unemp,2023-08-01,3.56
tw_unemp,2023-09-01,3.48
tw_unemp,2023-10-01,3.43
tw_unemp,2023-11-01,3.34
tw_unemp,2023-12-01,3.33
tw_unemp,2024-01-01,3.31
tw_unemp,2024-02-01,3.39
tw_unemp,2024-03-01,3.38
tw_unemp,2024-04-01,3.36
tw_unemp,2024-05-01,3.34
tw_unemp,2024-06-01,3.39
tw_unemp,2024-07-01,3.45
tw_unemp,2024-08-01,3.48
tw_unemp,2024-09-01,3.43
tw_unemp,2024-10-01,3.4
tw_unemp,2024-11-01,3.36
tw_unemp,2024-12-01,3.32
tw_unemp,2025-01-01,3.3
tw_unemp,2025-02-01,3.34
tw_unemp,2025-03-01,3.35
tw_unemp,2025-04-01,3.32
tw_unemp,2025-05-01,3.3
tw_unemp,2025-06-01,3.36
tw_unemp,2025-07-01,3.4
tw_unemp,2025-08-01,3.45
tw_unemp,2025-09-01,3.38
tw_unemp,2025-10-01,3.36
tw_unemp,2025-11-01,3.33
tw_unemp,2025-12-01,3.3
tw_unemp,2026-01-01,3.29
tw_unemp,2026-02-01,3.32
tw_unemp,2026-03-01,3.34
tw_unemp,2026-04-01,3.3
tw_unemp,2026-05-01,3.27
tw_unemp,2026-06-01,3.34
tw_unemp,2026-07-01,3.39
tw_unemp,2026-08-01,3.41
