code,name,industry,month,revenue,prev_month,prev_year,mom,yoy,cum,cum_yoy,market
1240,茂生農經,農業科技,11508,251724,242511,230525,3.7990029318257728,9.195965730398004,1934907,7.793180904035503,tpex
1259,安心,觀光餐旅,11508,557241,550828,518800,1.1642472786423348,7.409599074787972,4199264,4.243089830098666,tpex
1264,德麥,食品工業,11508,574572,593252,526051,-3.1487462326296414,9.223630408458495,4633411,7.149842688938043,tpex
1268,漢來美食,觀光餐旅,11508,593410,551405,494542,7.617812678521232,19.991830825288854,4820456,17.434670354058834,tpex
1294,漢田生技,食品工業,11508,51332,69919,68440,-26.583618186758965,-24.99707773232028,576577,16.5336427007941,tpex
1295,生合,食品工業,11508,75012,78660,75481,-4.63768115942029,-0.621348418807382,664388,-2.6236682696042295,tpex
1336,台翰,電子零組件業,11508,314788,324336,215400,-2.94386068768191,46.14113277623027,1886730,12.450605842069816,tpex
1565,精華,生技醫療業,11508,302119,303353,345141,-0.40678681272313116,-12.465050515586384,2385832,-16.328285555968606,tpex
1569,濱川,電腦及週邊設備業,11508,208971,207224,279673,0.8430490676755588,-25.280237992226635,2041190,-7.645398580921071,tpex
1570,力肯,電機機械,11508,30262,37664,54046,-19.652718776550554,-44.00695703659845,356082,-8.723603869638106,tpex
1580,新麥,電機機械,11508,374472,440522,416408,-14.993575803251597,-10.070892009759659,3079802,-3.209593928714311,tpex
1584,精剛,其他,11508,210511,195477,199485,7.690930390787663,5.5272326240068175,1490444,-14.591505131292202,tpex
1586,和勤,電機機械,11508,209678,219209,186346,-4.347905423591184,12.520794650810858,1598332,8.264897217126956,tpex
1591,駿吉-KY,電機機械,11508,53841,42489,5238,26.71750335380922,927.8923253150057,349504,337.08215049460375,tpex
1593,祺驊,運動休閒,11508,115295,122407,94577,-5.810125237935739,21.90596022288717,884304,12.505581997152705,tpex
1595,川寶,半導體業,11508,87427,111520,64469,-21.60419655667145,35.61091377251082,610904,27.77371087230242,tpex
1599,宏佳騰,電機機械,11508,292257,249147,147235,17.30303796553842,98.4969606411519,1614553,27.257515198281116,tpex
1742,台蠟,化學工業,11508,8002,3653,5247,119.05283328770874,52.506194015627976,52979,-36.71806877769682,tpex
1777,生泰,生技醫療業,11508,134826,102068,114568,32.09429008112239,17.68207527407304,848871,-2.2641548536848215,tpex
1780,立弘,食品工業,11508,74837,82537,66535,-9.329149351200067,12.477643345607575,655773,16.168821966341895,tpex
1781,合世,生技醫療業,11508,29128,21098,21874,38.06047966631908,33.16265886440523,243516,-5.367468755829137,tpex
1784,訊聯,生技醫療業,11508,109060,121005,95351,-9.87149291351597,14.37740558567818,883117,10.004060767011625,tpex
1785,光洋科,其他電子業,11508,4515809,5261124,3454857,-14.166459486604003,30.70899895422589,40546922,63.39603435324915,tpex
1788,杏昌,生技醫療業,11508,383189,362860,351739,5.602436201289754,8.941288853382764,2998845,6.142195420040782,tpex
1796,金穎生技,食品工業,11508,57338,64643,64348,-11.300527512646381,-10.893889475974389,444105,-0.17285793280794112,tpex
1799,易威,生技醫療業,11508,107765,67691,59075,59.20137093557489,82.42065171392298,638785,78.14643043397021,tpex
1813,寶利徠,生技醫療業,11508,22715,22779,22584,-0.2809605338250143,0.5800566772936592,193240,-8.08555976769296,tpex
1815,富喬,電子零組件業,11508,912400,854379,509132,6.791014292252034,79.20696400933353,5779410,51.19937149056726,tpex
2035,唐榮公司,鋼鐵工業,11508,669227,880207,923686,-23.96936175240597,-27.548214436507646,6841168,0.5639587093731805,tpex
2061,風青,電器電纜,11508,119426,126081,83854,-5.2783528049428545,42.421351396474826,918092,18.74878740923354,tpex
2063,世鎧精密,鋼鐵工業,11508,60563,88303,72923,-31.41456122668539,-16.94938496770566,608595,-8.537794970288816,tpex
2064,晉椿,鋼鐵工業,11508,128613,143500,140649,-10.374216027874564,-8.557472857965573,1166949,15.866109717192918,tpex
2065,世豐,鋼鐵工業,11508,205027,240139,159291,-14.621531696225937,28.712231073946427,1537632,10.645365094761868,tpex
2066,世德,電機機械,11508,223565,211148,199871,5.880709265538863,11.854646246829205,1906616,8.680888660880965,tpex
2067,嘉鋼,電機機械,11508,80111,75520,80827,6.079184322033898,-0.8858426021007831,620511,-9.04852222958355,tpex
2070,精湛,電機機械,11508,74081,106258,63963,-30.281955241017148,15.818520081922362,525837,24.850595835915406,tpex
2073,雄順,鋼鐵工業,11508,153282,147018,43822,4.260702771089254,249.78321391082105,679887,80.3361175138126,tpex
2221,大甲,其他,11508,198738,139767,109607,42.19236300414261,81.31871139616996,1145665,29.091341365027425,tpex
2230,泰茂,居家生活,11508,39324,133854,247693,-70.62172217490699,-84.12389530588268,1318884,17.812198520741774,tpex
2235,謚源,電機機械,11508,46590,29036,50153,60.45598567295771,-7.104260961457939,366037,-3.382332368134174,tpex
2596,綠意,建材營造,11508,446189,146580,32149,204.39964524491745,1287.8783165883854,1342876,51.48817312985642,tpex
2640,大車隊,數位雲端,11508,298693,292401,250491,2.151839425993755,19.243006734772905,2255934,10.36535131062689,tpex
2641,正德,航運業,11508,194097,196763,330321,-1.3549295345161438,-41.239884839292685,1568128,-0.07570177070774783,tpex
2643,捷迅,航運業,11508,799777,704464,741877,13.52986100070408,7.804528243900269,4915528,-9.584419951167956,tpex
2718,全心投控,建材營造,11508,27289,19419,395408,40.52731860548947,-93.09852102132481,277062,-89.69266460516486,tpex
2719,燦星旅,觀光餐旅,11508,119493,120445,155073,-0.7904022582921666,-22.944032810353832,1089536,-23.177707817000467,tpex
2724,藝舍-KY,其他,11508,23752,34185,7248,-30.5192335819804,227.70419426048565,164155,57.3466120946639,tpex
2726,雅茗-KY,觀光餐旅,11508,49619,47084,44694,5.3839945629088435,11.019376202622276,370739,-6.489788608945466,tpex
2729,瓦城,觀光餐旅,11508,612073,506325,597481,20.88539969387251,2.4422533938317703,4408114,5.955593543894599,tpex
2732,六角,觀光餐旅,11508,478705,446855,415321,7.127591724384867,15.261448373667596,3579005,29.548488494488677,tpex
2734,易飛網,觀光餐旅,11508,237457,216192,154552,9.836164150384842,53.642139862311716,1474078,32.937667797869686,tpex
2736,富野,觀光餐旅,11508,44339,44716,35489,-0.8430986671437517,24.93730451689256,385167,14.804559192603234,tpex
2740,華軒,觀光餐旅,11508,4020,3436,9785,16.996507566938302,-58.91670924885028,37700,-60.81895655788817,tpex
2743,山富,觀光餐旅,11508,492260,561704,489210,-12.363095153319186,0.6234541403487255,4504797,0.7969019834054644,tpex
2745,五福,觀光餐旅,11508,785145,937667,711076,-16.266115795906224,10.416467438079755,6772338,15.514619920945004,tpex
2751,王座,觀光餐旅,11508,203166,179589,193932,13.128309640345455,4.761462780768516,1395219,24.061151213474393,tpex
2752,豆府,觀光餐旅,11508,404580,363362,371903,11.34350867729702,8.786430870415135,2958121,10.37657843617935,tpex
2754,亞洲藏壽司,觀光餐旅,11508,578697,507276,540930,14.079317767842358,6.981864566579779,4075376,6.343932822929551,tpex
2755,揚秦,觀光餐旅,11508,310020,311206,269071,-0.38109805080878906,15.218659758948382,2328158,18.699996940929346,tpex
2756,聯發國際,觀光餐旅,11508,98218,108222,119153,-9.243961486573895,-17.56984717128398,817520,11.79470208637314,tpex
2916,滿心,居家生活,11508,128438,113217,125489,13.444094084810585,2.3500067735020598,1247301,1.2255315695503977,tpex
2924,宏太-KY,居家生活,11508,2160,2949,3992,-26.754832146490337,-45.89178356713427,33848,1.5724402832793183,tpex
2926,誠品生活,文化創意業,11508,614606,568096,601729,8.18699656396102,2.1399999002873384,4689335,4.219302285059989,tpex
2937,集雅社,居家生活,11508,411926,472313,393105,-12.785377493314815,4.787779346485036,3508259,12.497743316931295,tpex
2938,床的世界,居家生活,11508,56798,64377,68239,-11.772838125417463,-16.766072187458786,484170,0.8214899265969077,tpex
2941,米斯特,居家生活,11508,71233,67375,90891,5.726159554730983,-21.628103992694545,603964,-5.341324422767082,tpex
2947,振宇五金,居家生活,11508,209064,220460,205467,-5.169191690102513,1.7506460891530027,1617736,6.902127620206874,tpex
2948,寶陞,居家生活,11508,184412,199666,186954,-7.6397583965221925,-1.359692758646512,1485520,1.5024621958810576,tpex
2949,欣新網,數位雲端,11508,619341,533608,447357,16.06666316846824,38.44446381748805,4304776,26.076383712719498,tpex
3064,泰偉,文化創意業,11508,6586,6861,6183,-4.0081620754991985,6.517871583373767,54754,-3.134840604323674,tpex
3066,李洲,光電業,11508,18481,21483,15544,-13.973839780291394,18.89475038600103,180262,3.5018919058583053,tpex
3067,全域,居家生活,11508,3313,4736,2446,-30.0464527027027,35.44562551103843,40808,16.12315747538558,tpex
3071,協禧,電腦及週邊設備業,11508,194203,258660,185801,-24.919585556328773,4.522042400202367,1966573,31.580486264350206,tpex
3073,天方能源,綠能環保,11508,15672,52881,22170,-70.3636466783911,-29.309878213802435,158574,180.00282520791765,tpex
3078,僑威,電子零組件業,11508,403049,454323,795554,-11.285803272121376,-49.33731714000558,4067479,-46.92682205042415,tpex
3081,聯亞,通信網路業,11508,520469,501210,185285,3.8425011472237185,180.9018539007475,3147247,129.03610801621684,tpex
3083,網龍,文化創意業,11508,32215,27795,35418,15.902140672782874,-9.04342424755774,247065,1.8719719616534378,tpex
3085,新零售,數位雲端,11508,8236,5353,8172,53.85764991593499,0.7831620166421929,48146,25.20414001144224,tpex
3086,華義*,文化創意業,11508,7775,8957,10606,-13.19638271742771,-26.69243824250424,86235,-18.503222635946095,tpex
3088,艾訊,電腦及週邊設備業,11508,945678,944420,529714,0.13320344761864425,78.52614807235602,6503446,49.50165318684724,tpex
3093,港建*,其他電子業,11508,121580,248629,82083,-51.09983147581336,48.11836799337256,1136070,-22.211654797143098,tpex
3095,及成,通信網路業,11508,52804,53089,49060,-0.536834372468873,7.631471667346107,465183,16.669676312581824,tpex
3105,穩懋,半導體業,11508,1937397,1892049,1484003,2.396766679932708,30.55209457123739,13676774,33.00941273287851,tpex
3114,好德,電子零組件業,11508,244505,298699,235430,-18.143348320550118,3.854648940237013,2101338,4.397036415837777,tpex
3115,富榮綱,電子零組件業,11508,510,339,647,50.442477876106196,-21.174652241112828,4796,121.52424942263279,tpex
3118,進階,生技醫療業,11508,56813,65528,67817,-13.299658161396655,-16.226020024477638,443551,-7.2782878453408255,tpex
3122,笙泉,半導體業,11508,26899,22289,24871,20.682848041634887,8.154075027140042,211578,-2.4491677809027617,tpex
3128,昇銳,光電業,11508,61165,62980,86437,-2.8818672594474437,-29.237479320198528,606802,-17.01864339330818,tpex
3131,弘塑,半導體業,11508,681351,792895,475316,-14.067940900119183,43.346952343283206,4797154,22.90430169180782,tpex
3141,晶宏,半導體業,11508,242126,215671,134686,12.266368681927565,79.77072598488336,1342979,23.933582373286775,tpex
3147,大綜,資訊服務業,11508,1535454,1565626,460436,-1.9271524616990265,233.47826842384174,11956758,111.96193648884159,tpex
3152,璟德,通信網路業,11508,155549,145418,111397,6.966812911744076,39.634819609145666,1059758,9.313355366035806,tpex
3158,嘉實,資訊服務業,11508,110557,106191,79307,4.1114595398856775,39.40383572698501,773126,21.49975091109962,tpex
3162,精確,電機機械,11508,1137089,1076152,565183,5.662490057166646,101.18952622424949,6543627,33.42354480729761,tpex
3163,波若威,通信網路業,11508,205091,210064,186973,-2.3673737527610634,9.69016916881047,1663101,17.729328183666418,tpex
3169,亞信,半導體業,11508,87908,91252,80197,-3.6645772147459783,9.61507288302555,674421,5.355070211094119,tpex
3171,炎洲流通,居家生活,11508,219497,218169,193443,0.6087024279343078,13.468566968047435,1850723,65.61472303480936,tpex
3176,基亞,生技醫療業,11508,329175,96429,110683,241.3651494882245,197.40339528202162,971844,-10.451573430439558,tpex
3178,公準,半導體業,11508,110092,135120,102423,-18.522794552989936,7.487576032727024,907662,6.275642106446355,tpex
3188,鑫龍騰,建材營造,11508,153162,221791,584675,-30.943095075994968,-73.8039081541027,2906082,113.18668420431013,tpex
3191,雲嘉南,電子零組件業,11508,19726,17086,16738,15.45124663467166,17.85159517266101,126168,7.467568419349068,tpex
3205,佰研,生技醫療業,11508,35233,31430,35366,12.099904549793191,-0.37606740937623706,401902,40.71558367441258,tpex
3206,志豐,電子零組件業,11508,311861,350691,213309,-11.072425582635425,46.20151986085913,2269546,2.0121081580614004,tpex
3207,耀勝,電子零組件業,11508,126732,150528,167479,-15.808354591836734,-24.329617444575142,1101122,-8.91070598376292,tpex
3211,順達,電腦及週邊設備業,11508,1676806,1228732,1429009,36.46637346467741,17.340478611401327,9741351,20.89577300759378,tpex
3213,茂訊,電腦及週邊設備業,11508,389527,366207,365789,6.367983135221337,6.48953358356867,2492111,17.95607136687106,tpex
3217,優群,電子零組件業,11508,298689,340711,372286,-12.333619988788152,-19.768941082930866,2534741,-6.299844519477946,tpex
3218,大學光,生技醫療業,11508,396323,405819,362344,-2.3399594400459316,9.377552822731989,3018437,5.963200495967978,tpex
3219,倚強科,其他電子業,11508,247259,243178,206521,1.6781945735222759,19.72583901879228,1627331,32.19972314381249,tpex
3221,台嘉碩,通信網路業,11508,226412,250686,175988,-9.683029766321214,28.651953542286975,1682565,15.027202113274003,tpex
3224,三顧,電子通路業,11508,180766,199422,120839,-9.355036054196628,49.59243290659472,1207567,19.121401401559392,tpex
3226,龍鋒,電機機械,11508,195422,186791,87261,4.620672302198714,123.95113510044578,1017336,-13.819118890336528,tpex
3227,原相,半導體業,11508,815750,893048,740690,-8.655525794806103,10.133794164900296,6456416,5.979442363438792,tpex
3228,金麗科,半導體業,11508,28785,34278,25981,-16.024855592508313,10.792502213155768,234700,12.611315829878704,tpex
3230,錦明,光電業,11508,42481,41635,28158,2.031944277651015,50.86653881667732,287563,6.23136740612128,tpex
3232,昱捷,電子通路業,11508,98044,92971,65453,5.45654021146379,49.79298122316777,699912,11.401286050805373,tpex
3234,光環,通信網路業,11508,108640,96043,51702,13.116000124944035,110.12726780395343,583679,26.94082696105297,tpex
3236,千如,電子零組件業,11508,222684,247607,186515,-10.065547419903314,19.392006004878965,1631248,21.133506552913037,tpex
3252,海灣,觀光餐旅,11508,26639,25193,43925,5.739689596316437,-39.353443369379626,307769,-7.658126633322632,tpex
3259,鑫創,半導體業,11508,16547,21161,25478,-21.80426255848022,-35.05377188162336,142874,-4.637503170428909,tpex
3260,威剛,半導體業,11508,18925261,18379079,4982863,2.9717593574737884,279.80697041038457,101575864,218.13605646502873,tpex
3264,欣銓,半導體業,11508,1794449,1766652,1224270,1.573428156762056,46.57297818291717,12078170,33.89207749845497,tpex
3265,台星科,半導體業,11508,401868,421419,388792,-4.639325706719441,3.3632379267063106,3538668,16.451742201213527,tpex
3268,海德威,半導體業,11508,82587,84243,75642,-1.9657419607563833,9.181407154755295,680488,5.957055883406256,tpex
3272,東碩,電腦及週邊設備業,11508,137785,257522,236731,-46.49583336569303,-41.79680734673532,1793285,-8.724137737970477,tpex
3276,宇環,電子零組件業,11508,56822,80818,40222,-29.691405379989607,41.27094624832181,468474,36.8154830570101,tpex
3284,太普高,其他,11508,60032,66004,62459,-9.047936488697655,-3.885749051377704,546223,-2.665797075107407,tpex
3285,微端,其他電子業,11508,85703,104722,69577,-18.161417849162543,23.177199361858086,748944,74.48384797103678,tpex
3287,廣寰科,電腦及週邊設備業,11508,86141,76069,81248,13.240610498363328,6.022302087435999,596445,5.465807537654677,tpex
3288,點晶,電子零組件業,11508,2962,5419,8367,-45.34046872116627,-64.59901995936417,47532,1.479536283866009,tpex
3289,宜特,其他電子業,11508,370835,400151,402648,-7.326234346534183,-7.9009457392064535,3037965,-3.65869669454825,tpex
3290,東浦,電子零組件業,11508,370266,366177,205936,1.1166730843280708,79.79663584803046,2594030,84.26047338908913,tpex
3293,鈊象,文化創意業,11508,2268408,2228833,1817575,1.775592877528285,24.804093366160956,17175408,18.09148885524727,tpex
3294,英濟,電子零組件業,11508,362292,383530,356314,-5.537506844314656,1.6777336843346038,2212258,-4.489670804101457,tpex
3297,杭特,光電業,11508,25476,25485,23059,-0.03531489111241907,10.481807537187215,166531,20.61170983255113,tpex
3303,岱稜,其他電子業,11508,282427,346240,286462,-18.430279574861366,-1.4085637885653246,2382235,16.116354462117975,tpex
3306,鼎天,通信網路業,11508,130220,110135,89497,18.236709492895084,45.50208386873303,785549,13.244204435205434,tpex
3310,佳穎,電子零組件業,11508,462355,860312,128445,-46.25728805363636,259.96340846276615,2437812,18.10698372294364,tpex
3313,斐成,建材營造,11508,1145,631,1066,81.45800316957211,7.410881801125703,20953,251.56040268456377,tpex
3317,尼克森,半導體業,11508,165616,235344,228666,-29.628118838806174,-27.572966685034068,1835421,3.3830904059404325,tpex
3322,建舜電,電子零組件業,11508,210854,291708,261432,-27.71744347086813,-19.346522231402428,2116452,4.998050310908436,tpex
3323,加百裕,電腦及週邊設備業,11508,281339,388693,530588,-27.619226484654984,-46.97599644168356,2843758,-17.08585027182644,tpex
3324,雙鴻,其他電子業,11508,3141249,3765466,1878969,-16.577416978403203,67.17939465738924,24155518,81.01348291098509,tpex
3325,旭品,電腦及週邊設備業,11508,35424,37085,97622,-4.4788998247269785,-63.71309745754031,440796,-47.92390772713203,tpex
3332,幸康,電子零組件業,11508,199378,178060,128865,11.972368864427722,54.71850386062934,1323870,19.125153982581185,tpex
3339,泰谷,光電業,11508,69214,67334,75920,2.7920515638459027,-8.832982086406744,548820,-0.9255398079599673,tpex
3349,寶德,電腦及週邊設備業,11508,21294,12273,42030,73.50281104864337,-49.33618843683084,224585,-35.2372246461023,tpex
3354,律勝,電子零組件業,11508,9070,12342,6876,-26.511100307891752,31.90808609656777,86430,30.762364403830734,tpex
3357,臺慶科,電子零組件業,11508,815423,875885,532722,-6.902961005154786,53.06726585348456,5604810,32.22016146268528,tpex
3360,尚立,電子通路業,11508,854251,999135,602038,-14.500943315968312,41.8932027546434,7104023,61.73888316293205,tpex
3362,先進光,光電業,11508,244259,416111,364056,-41.299557089334336,-32.9062012437647,2718539,-5.29682235945306,tpex
3363,上詮,通信網路業,11508,204482,170843,180642,19.690007784925342,13.197373811184553,1186482,-10.557604339736999,tpex
3372,典範,半導體業,11508,127698,126159,98153,1.2198891874539273,30.100964820229642,901858,26.784398846108427,tpex
3373,熱映,其他電子業,11508,38634,37012,43528,4.382362477034476,-11.243337621760706,289644,8.844120266507334,tpex
3374,精材,半導體業,11508,908948,860894,664725,5.58187186808132,36.740456579788635,5868237,33.23769275602662,tpex
3379,彬台,電機機械,11508,45542,136408,133080,-66.61339510879127,-65.77847911030959,480797,-38.55315287682438,tpex
3388,崇越電,電子零組件業,11508,624644,729945,620384,-14.42588140202344,0.6866714808892557,5743087,16.870320068830956,tpex
3390,旭軟,電子零組件業,11508,75472,85919,68678,-12.159126619257673,9.892542007629809,648207,27.82475458779821,tpex
3402,漢科,其他電子業,11508,601466,592044,452763,1.5914357716656193,32.84345231390374,4137776,21.365823669200683,tpex
3430,奇鈦科,化學工業,11508,180394,152253,183600,18.48305123708564,-1.7461873638344227,1305206,21.505047016428055,tpex
3434,哲固,光電業,11508,54804,25027,38608,118.9795021376913,41.94985495234148,336046,-30.856297491209048,tpex
3438,類比科,半導體業,11508,72128,71159,82719,1.3617392037549714,-12.803588051112804,591510,-18.246086866383333,tpex
3441,聯一光電,光電業,11508,43916,51374,43540,-14.517070891890839,0.8635737253100597,350530,28.239085976856746,tpex
3444,利機,電子通路業,11508,131273,137220,103133,-4.333916338726133,27.285156060620753,921726,11.334759453886823,tpex
3455,由田,光電業,11508,206308,149552,168512,37.95067936236226,22.429263197873148,858572,-20.016470474252774,tpex
3465,進泰電子,其他電子業,11508,203753,144566,198980,40.94116182228186,2.398733541059403,1302448,9.20182644726494,tpex
3466,德晉,通信網路業,11508,15591,12740,10413,22.378335949764523,49.72630365888793,164900,185.12639623750735,tpex
3467,台灣精材,半導體業,11508,75929,68667,50685,10.57567681710283,49.80566242478051,519411,26.48354458121781,tpex
3479,安勤,電腦及週邊設備業,11508,961222,956538,709739,0.4896825844869728,35.43316627661718,6492588,17.268794857979795,tpex
3483,力致,電腦及週邊設備業,11508,626804,639108,924987,-1.9251832241186153,-32.23645305285372,5506896,-7.860607381898475,tpex
3484,崧騰,電子零組件業,11508,389259,415791,378949,-6.381090499794368,2.7206827303937997,3086960,-1.6866671762337895,tpex
3485,敘豐,電子零組件業,11508,61657,57534,47461,7.166197378941148,29.910874191441394,417039,11.316373187274285,tpex
3489,森寶,建材營造,11508,61548,86746,61704,-29.048025269176676,-0.2528199144301828,661345,70.04916253979029,tpex
3490,單井,光電業,11508,24105,30222,25458,-20.240222354576137,-5.314635870846099,175353,6.431289717584078,tpex
3491,昇達科,通信網路業,11508,321180,230139,166254,39.55913600041714,93.18632935147426,2473503,73.39943090565077,tpex
3492,長盛,電子零組件業,11508,70724,76657,59984,-7.739671523800827,17.904774606561748,579155,2.535798255056371,tpex
3498,陽程,其他電子業,11508,359366,429406,84349,-16.31090389980578,326.0465447130375,1861483,154.7955799441265,tpex
3499,環天科,通信網路業,11508,21793,26935,21013,-19.090402821607572,3.711987817065626,195470,-14.021297839865932,tpex
3508,位速,其他電子業,11508,98087,84050,58668,16.700773349196908,67.1899502284039,641964,7.670349243833346,tpex
3511,矽瑪,電子零組件業,11508,163374,188919,116898,-13.521668016451494,39.75773751475646,1283165,14.968434784634379,tpex
3512,皇龍,建材營造,11508,11017,0,40,,27442.5,283716,-62.79066107443284,tpex
3516,亞帝歐,光電業,11508,62566,82689,82613,-24.33576412823955,-24.266156658153076,713701,17.067333716066596,tpex
3520,華盈,電子零組件業,11508,126380,140954,94783,-10.339543397136655,33.33614677737569,894266,15.579009133712537,tpex
3521,台鋼建設,建材營造,11508,20,1,1028,1900.0,-98.05447470817121,11544,-94.24124513618678,tpex
3522,御嵿,觀光餐旅,11508,58158,58452,62036,-0.502976801478136,-6.251208975433619,801008,7.0771830293049005,tpex
3523,迎輝,光電業,11508,3579,8264,38487,-56.69167473378509,-90.70075609946215,52812,-41.89907257665269,tpex
3526,凡甲,電子零組件業,11508,417246,403504,300523,3.4056663626630717,38.839955677269295,3132441,28.568315081008798,tpex
3527,聚積,半導體業,11508,100126,101996,119754,-1.833405231577709,-16.390266713429195,934826,-5.770822224484592,tpex
3529,力旺,半導體業,11508,356928,675856,249996,-47.188750266328924,42.77348437575001,3223404,21.89801255131233,tpex
3531,先益,光電業,11508,86022,69617,92078,23.564646566212275,-6.577032515910424,686234,-25.69807541347481,tpex
3537,堡達,電子零組件業,11508,244095,304697,228978,-19.889267042340425,6.601944291591332,2080092,6.916799792755063,tpex
3540,曜越,電腦及週邊設備業,11508,398123,363837,436160,9.423450611125311,-8.720882245047688,3047227,-11.079222889718729,tpex
3541,西柏,其他電子業,11508,108858,108671,90523,0.1720790275234423,20.254520950476675,719410,-1.5597782731192418,tpex
3546,宇峻,文化創意業,11508,212520,153989,109634,38.00985784698907,93.84497509896565,1298392,49.8742383019689,tpex
3548,兆利,電子零組件業,11508,645658,656476,703011,-1.6478896410531383,-8.158193826270145,5368411,-19.341538992255096,tpex
3551,世禾,綠能環保,11508,299675,299604,245689,0.02369794795797119,21.973307718294265,2271602,20.496669051914413,tpex
3552,同致,其他電子業,11508,640832,636561,654878,0.6709490528009099,-2.1448269754061062,5168602,-3.2091747314732606,tpex
3555,博士旺,半導體業,11508,46831,78823,32044,-40.587138271824216,46.14592435401323,577030,346.69716745241027,tpex
3556,禾瑞亞,半導體業,11508,91617,116697,67233,-21.49155505282912,36.26790415420999,836595,30.67713214620431,tpex
3558,神準,通信網路業,11508,1599436,1292316,1169144,23.76508531968961,36.80402071943234,9519346,-8.324283907610724,tpex
3564,其陽,通信網路業,11508,269866,296008,182560,-8.831518067079267,47.823181419807185,1934035,26.177592726456627,tpex
3567,逸昌,半導體業,11508,27508,25501,25603,7.870279596878554,7.440534312385267,186355,4.190428267919043,tpex
3570,大塚,資訊服務業,11508,289969,233330,167218,24.274203917198818,73.407767106412,1955528,14.804084395498077,tpex
3577,泓格,電腦及週邊設備業,11508,122206,140503,91164,-13.022497740261773,34.0507217761397,1101881,39.27163936125302,tpex
3580,友威科,其他電子業,11508,46361,29720,36545,55.99259757738896,26.860035572581747,265591,-6.001458159321602,tpex
3581,博磊,半導體業,11508,111622,179420,154468,-37.78731468063761,-27.737783877566876,1135947,24.383882337869103,tpex
3587,閎康,其他電子業,11508,565259,563117,479926,0.38038276237442664,17.780449485962418,4196418,17.655116997143868,tpex
3594,磐儀,電腦及週邊設備業,11508,263008,256954,174742,2.356063731251508,50.512183676505934,1749609,43.95074303410667,tpex
3597,映興,電子零組件業,11508,104822,97879,79190,7.093452119453611,32.36772319737341,654078,19.687313010874878,tpex
3609,三一東林,電子零組件業,11508,16490,28697,16505,-42.53754747883054,-0.09088155104513784,225562,-31.62177073670553,tpex
3611,鼎翰,電腦及週邊設備業,11508,1084543,1045799,856285,3.7047271990124298,26.656778992975468,8039752,5.284777918220014,tpex
3615,安可,光電業,11508,43061,60179,80715,-28.445138669635586,-46.65056061450784,476058,-30.106076066449866,tpex
3623,富晶通,光電業,11508,40996,19405,20888,111.26513785106931,96.26579854461892,193470,-3.9049927482963462,tpex
3624,光頡,電子零組件業,11508,367119,351605,221475,4.412337708508127,65.7609210971893,2341623,30.703675195403314,tpex
3625,西勝,電腦及週邊設備業,11508,50505,35920,36174,40.604120267260576,39.61685188256759,308083,8.843635952531523,tpex
3628,盈正,其他電子業,11508,298667,375871,274912,-20.540025700306753,8.640946921196601,2423780,16.209481809215998,tpex
3629,地心引力,文化創意業,11508,1443,5525,300,-73.88235294117646,381.0,28143,3076.410835214447,tpex
3630,新鉅科,光電業,11508,172335,170881,193188,0.8508845336813338,-10.794148704888503,1591138,6.015296593879364,tpex
3631,晟楠,電子零組件業,11508,5543,5065,1062,9.437314906219152,421.939736346516,28539,35.275157605346735,tpex
3632,研勤,通信網路業,11508,20962,26928,20628,-22.155377302436126,1.619158425441148,190635,17.36368057821475,tpex
3646,艾恩特,電子零組件業,11508,84335,78979,55923,6.78154952582332,50.80557194714161,546674,20.043917917412358,tpex
3663,鑫科,其他電子業,11508,497170,516713,483181,-3.782176953163555,2.895188345568224,5109360,37.52306356864566,tpex
3664,安瑞-KY,通信網路業,11508,42844,31256,11603,37.07448169951369,269.24933206929245,198681,-28.55899750094389,tpex
3666,光耀,光電業,11508,39940,29473,33008,35.513860143181894,21.000969461948618,319334,-3.1675662562920737,tpex
3672,康聯訊,通信網路業,11508,9556,19368,9496,-50.660883932259395,0.6318449873631002,137352,-4.468061428889383,tpex
3675,德微,半導體業,11508,300057,291073,228170,3.0865109439899956,31.505894727615374,2076632,20.671206536575898,tpex
3680,家登,半導體業,11508,839771,870996,560069,-3.5849762800288407,49.94063231494691,5890827,31.321395984537013,tpex
3684,榮昌,通信網路業,11508,108712,105671,107020,2.8777999640393297,1.5810128947860214,800439,5.368752920733754,tpex
3685,元創精密,電機機械,11508,74395,88462,83404,-15.901743121340237,-10.80164020910268,886254,27.044383982660403,tpex
3687,歐買尬,數位雲端,11508,166403,167898,142050,-0.8904215654742761,17.14396339317142,1321625,14.271176211708942,tpex
3689,湧德,電子零組件業,11508,780917,842762,481849,-7.3383707381206085,62.06674705146218,5768612,43.33418890723997,tpex
3691,碩禾,光電業,11508,841543,918839,478589,-8.412355156888204,75.83834981581273,6912091,119.78541950258305,tpex
3693,營邦,電腦及週邊設備業,11508,1266730,1224872,467403,3.417336668647826,171.01452065990162,6588093,25.272232227252942,tpex
3707,漢磊,半導體業,11508,659489,647766,509097,1.8097584621607186,29.540932278131674,4637083,26.433406614500072,tpex
3709,鑫聯大投控,電腦及週邊設備業,11508,4882358,6513387,2773158,-25.041180571644215,76.05769307049941,38808319,44.75713821429095,tpex
3710,連展投控,電子零組件業,11508,697471,745256,558669,-6.411890679176015,24.845122961896937,5278821,14.450152330751559,tpex
3713,新晶投控,綠能環保,11508,80692,62589,28333,28.92361277540782,184.79864468993753,381324,97.83756861361584,tpex
3718,中光電投控,光電業,11508,3428522,0,0,,,3428522,,tpex
4102,永日,生技醫療業,11508,35325,41704,32868,-15.295894878189143,7.475355969331873,353059,8.697753749907637,tpex
4105,東洋,生技醫療業,11508,525921,537048,457878,-2.0718818429637573,14.860508694455728,4235119,8.276959310483063,tpex
4107,邦特,生技醫療業,11508,192806,192877,164291,-0.036811024642647905,17.356398098495962,1520319,9.283716476885953,tpex
4109,加捷生醫,生技醫療業,11508,44069,48736,38679,-9.576083388049902,13.935210320845938,360858,14.436393042320072,tpex
4111,濟生,生技醫療業,11508,118174,118833,110575,-0.5545597603359336,6.872258647976486,968874,5.51481919116566,tpex
4113,聯上,建材營造,11508,689457,581140,29310,18.638710121485357,2252.2927328556807,1458623,154.7256930801135,tpex
4114,健喬,生技醫療業,11508,754260,791740,503239,-4.7338772829464215,49.881070425781786,5095870,25.495925957484953,tpex
4116,明基醫,生技醫療業,11508,417672,431417,414072,-3.186012604973842,0.869414014953921,3602899,4.767109823900249,tpex
4120,友華,生技醫療業,11508,358940,395754,370245,-9.302243312765,-3.0533835703385597,3095779,3.126254400917276,tpex
4121,優盛,生技醫療業,11508,332235,324503,319361,2.3827206528136875,4.031174752083066,2541796,-0.23119018591773083,tpex
4123,晟德,生技醫療業,11508,150960,156530,93459,-3.5584233054366576,61.52537476326518,1205529,22.202140082554152,tpex
4126,太醫,生技醫療業,11508,223090,224734,222257,-0.7315314994615857,0.3747913451544833,1632454,1.0086922517188976,tpex
4127,天良,生技醫療業,11508,54765,58916,38886,-7.045624278633987,40.834747724116646,496683,50.27411517678311,tpex
4128,中天,生技醫療業,11508,154495,152047,156517,1.6100284780363967,-1.291872448360242,1287460,5.306293381406298,tpex
4129,聯合,生技醫療業,11508,486818,567506,452851,-14.21799945727446,7.500701113611321,4113829,13.310861190077919,tpex
4131,浩泰,生技醫療業,11508,15960,16775,14415,-4.858420268256334,10.718002081165453,188905,16.467113862240744,tpex
4138,曜亞,生技醫療業,11508,112251,117429,113724,-4.40947295812789,-1.295241110055925,916853,2.3605880927845986,tpex
4139,馬光-KY,生技醫療業,11508,93031,90501,90254,2.795549220450603,3.076871939193831,715163,0.2415059430365553,tpex
4147,中裕,生技醫療業,11508,60472,63691,50599,-5.0540892747797965,19.512243324966896,446079,10.90726463107489,tpex
4153,鈺緯,生技醫療業,11508,79634,83052,71222,-4.115493907431489,11.81095728847828,630648,9.275588832073913,tpex
4154,樂威科-KY,其他,11508,4870,5455,2244,-10.724106324472961,117.02317290552584,23123,67.14616163076478,tpex
4157,太景*-KY,生技醫療業,11508,7053,2956,2591,138.59945872801083,172.2115013508298,28575,4.858537301383436,tpex
4160,訊聯基因,生技醫療業,11508,51904,58876,46533,-11.84183708132346,11.542346291878882,410538,5.622018801809173,tpex
4161,聿新科,生技醫療業,11508,50852,95489,66586,-46.745698457413944,-23.62959180608536,608228,16.881958883734516,tpex
4162,智擎,生技醫療業,11508,20649,23335,22199,-11.510606385258196,-6.982296499842335,541795,26.37354947810368,tpex
4163,鐿鈦,生技醫療業,11508,248930,290155,210287,-14.20792335131223,18.376314275252394,1843472,13.438566867928058,tpex
4166,友霖,生技醫療業,11508,115915,131837,100919,-12.077034519899573,14.859441730496735,1006049,17.921149053980876,tpex
4167,松瑞藥,生技醫療業,11508,117173,97481,95808,20.200859654701944,22.2998079492318,734172,-8.684393167113187,tpex
4168,醣聯,生技醫療業,11508,91,1057,3266,-91.3907284768212,-97.21371708511941,15102,-54.09586917535487,tpex
4171,瑞基,農業科技,11508,18177,23251,17117,-21.822717302481614,6.1926739498743935,153733,8.586140404161693,tpex
4173,久裕,生技醫療業,11508,144189,123679,126801,16.583251805076042,13.712825608630848,1055481,4.036347829686821,tpex
4174,浩鼎,生技醫療業,11508,817,4081,1067,-79.98039696152904,-23.430178069353328,25742,-20.51994565888601,tpex
4175,杏一,生技醫療業,11508,692982,659023,668285,5.152930929573019,3.6955789820211438,5315015,1.4682984530280423,tpex
4183,福永生技,生技醫療業,11508,31695,26236,39169,20.807287696295166,-19.08141642625546,226895,-31.424314228030514,tpex
4188,安克,生技醫療業,11508,2399,3336,2332,-28.087529976019184,2.8730703259005144,18839,-2.901762704875786,tpex
4192,杏國,生技醫療業,11508,1848,2177,2099,-15.112540192926046,-11.958075273939972,16423,-7.642559892025644,tpex
4198,欣大健康,生技醫療業,11508,14563,21155,15039,-31.16048215551879,-3.165104062770131,108588,-17.580891226632055,tpex
4205,中華食,食品工業,11508,176841,211728,174767,-16.477272727272727,1.1867228939101775,1373003,2.4216360571113134,tpex
4207,環泰,食品工業,11508,489265,538483,395725,-9.140121415160738,23.637627140059383,3861051,10.758015435349842,tpex
4303,信立,塑膠工業,11508,148570,107880,97571,37.71783463107156,52.26860440089781,771492,11.346973178307104,tpex
4304,勝昱,塑膠工業,11508,22265,23845,26509,-6.62612707066471,-16.009657097589496,233579,2.1440815826759256,tpex
4305,世坤,塑膠工業,11508,67578,81957,96361,-17.544566052930197,-29.86996814063781,648459,-10.32757051865332,tpex
4401,東隆興,紡織纖維,11508,303204,288742,327333,5.008623615546059,-7.371392435226513,2527131,-3.045896775129166,tpex
4402,郡都開發,紡織纖維,11508,9131,1747,971,422.66742987979393,840.3707518022657,22502,36.499848346982105,tpex
4406,新昕纖,紡織纖維,11508,2184,6939,38044,-68.52572416774751,-94.2592787298917,114130,-65.64574146260705,tpex
4413,飛寶企業,紡織纖維,11508,51467,42343,103236,21.547835533618308,-50.146266806152894,333642,-37.675219678402776,tpex
4416,三圓,建材營造,11508,346612,514602,9285,-32.6446457650767,3633.031771674744,3019064,547.9095220722364,tpex
4417,金洲,紡織纖維,11508,393133,369401,248411,6.424454725352666,58.25909480659069,2310689,4.527684791459333,tpex
4419,皇家美食,觀光餐旅,11508,234026,231015,222791,1.3033785684912236,5.042842843741444,1851820,2.5807777508806353,tpex
4420,光明,紡織纖維,11508,86926,82044,76580,5.950465603822339,13.510054844606946,647132,-6.333569743374488,tpex
4430,耀億,其他,11508,205507,205483,156040,0.011679798328815522,31.70148679825686,1554224,9.921573702967384,tpex
4432,銘旺實,紡織纖維,11508,103449,96917,95937,6.739787653352869,7.830138528409268,649313,-14.968426456298602,tpex
4433,興采,紡織纖維,11508,167657,325377,307771,-48.47300208681007,-45.52540687719116,1604650,-18.73437004639988,tpex
4442,竣邦-KY,紡織纖維,11508,223990,134896,96831,66.04643577274345,131.32054817155662,1368742,32.31463758869362,tpex
4502,健信,電機機械,11508,135631,118612,76074,14.348463899099585,78.28824565554592,826764,35.85489775931537,tpex
4503,金雨,電機機械,11508,24768,17567,75521,40.99163203734275,-67.20382410190543,385513,-14.139643652561247,tpex
4506,崇友,電機機械,11508,480763,486652,544142,-1.21010496206735,-11.647511127610072,4363184,3.641504356061371,tpex
4510,高鋒,電機機械,11508,191491,186015,137738,2.943848614359057,39.02554124497234,1282633,29.575511201942067,tpex
4513,福裕,電機機械,11508,107888,109845,90837,-1.7816013473530885,18.770985391415394,1545970,133.38179194198253,tpex
4523,永彰,電機機械,11508,134657,67130,39311,100.59138984060777,242.54279972526774,782435,91.93464113212823,tpex
4527,方方土霖,電機機械,11508,228211,282229,178380,-19.13977656442109,27.935306648727437,1832554,10.978795045010946,tpex
4528,江興鍛,電機機械,11508,112013,127393,113231,-12.07287684566656,-1.0756771555492755,953254,-6.090843981908833,tpex
4529,淳紳,其他,11508,2068,3015,484,-31.40961857379768,327.27272727272725,14908,311.48219707424784,tpex
4530,天意能創,觀光餐旅,11508,31643,32513,27258,-2.6758527358287454,16.087020324308458,237859,9.542274764091204,tpex
4533,協易機,電機機械,11508,344232,404373,328044,-14.872654702465297,4.93470388118667,2654090,-2.6688156546070303,tpex
4534,慶騰,電機機械,11508,94266,116476,67604,-19.0683059170988,39.43849476362345,700963,33.58724507978496,tpex
4535,至興,電機機械,11508,201319,221374,222294,-9.059329460550924,-9.435702268167383,1681654,-2.9274380501140636,tpex
4538,大詠城,電機機械,11508,31535,38556,34944,-18.209876543209877,-9.755608974358974,261182,5.337834295232449,tpex
4541,晟田,其他,11508,174838,194527,141487,-10.121474139836629,23.571776912366506,1369892,32.748033090782585,tpex
4542,科嶠,電子零組件業,11508,123942,116044,42064,6.806039088621557,194.65100798782808,794983,54.126809332335526,tpex
4543,萬在,電機機械,11508,70265,72665,55187,-3.3028280465148283,27.32165183829525,628985,21.794822144337083,tpex
4549,桓達,電機機械,11508,102730,112179,97224,-8.42314515194466,5.66321072986094,787626,-6.992018534853814,tpex
4550,長佳,電機機械,11508,84331,57960,70212,45.498619737750175,20.109098159858714,507423,-1.3785771482325138,tpex
4554,橙的,其他電子業,11508,43649,44973,43975,-2.943988615391457,-0.7413303013075612,355264,10.742796936418527,tpex
4556,旭然,其他,11508,64451,85038,54284,-24.209177073778783,18.729275661336676,493331,16.84410475281434,tpex
4558,寶緯,電機機械,11508,181337,199469,155593,-9.09013430658398,16.54573149177662,1266629,16.33598709734305,tpex
4561,健椿,電機機械,11508,107857,125967,70784,-14.37678122047838,52.37483047016275,797348,23.0496196694697,tpex
4563,百德,電機機械,11508,259726,171855,201008,51.130895231445116,29.211772665764546,1721802,-9.178413203453728,tpex
4568,科際精密,電機機械,11508,89979,128710,90436,-30.09167896822314,-0.5053297359458623,816657,3.980152712577206,tpex
4577,達航科技,其他電子業,11508,73565,96544,64529,-23.801582698044417,14.003006400223155,624015,49.69988772778306,tpex
4580,捷流閥業,電機機械,11508,213490,205169,178358,4.055680926455751,19.69746240706893,1585903,4.565009985712091,tpex
4584,君帆,電機機械,11508,115067,103636,114225,11.029950982284149,0.7371416064784416,757556,-17.576683378594804,tpex
4609,唐鋒,居家生活,11508,10674,12096,44015,-11.755952380952381,-75.74917641713053,92632,-24.219344388360316,tpex
4702,中美實,居家生活,11508,10608,402,7620,2538.805970149254,39.21259842519685,47818,-7.226975534990203,tpex
4706,大恭,化學工業,11508,102555,95163,86648,7.767724851045049,18.358184839811653,790309,13.676069323920608,tpex
4707,磐亞,化學工業,11508,73027,101293,135858,-27.90518594572182,-46.2475525916766,791482,-14.706211986016458,tpex
4711,永純,化學工業,11508,72137,70668,59174,2.0787343635025755,21.906580592827932,574964,19.112915756000042,tpex
4714,永捷,化學工業,11508,191959,149459,134285,28.435892117570706,42.9489518561269,1525951,62.80718038996026,tpex
4716,大立,化學工業,11508,57166,44288,46212,29.077854046242773,23.703799878819353,366742,1.7938875149536886,tpex
4721,美琪瑪,化學工業,11508,264986,220002,153753,20.447086844665048,72.34525505193395,2059753,14.552911995016906,tpex
4726,永昕,生技醫療業,11508,105857,85963,45738,23.14251480288031,131.44212689667236,591727,36.956723002217316,tpex
4728,雙美,生技醫療業,11508,223159,221485,149954,0.7558073910197078,48.818304279979195,1627730,24.04559355526546,tpex
4729,熒茂,光電業,11508,95694,98129,80557,-2.481427508687544,18.790421688990403,721500,1.072786414920949,tpex
4735,豪展,生技醫療業,11508,101957,114761,82519,-11.15710040867542,23.55578715204983,704771,14.7041542905969,tpex
4741,泓瀚,化學工業,11508,32722,52442,38453,-37.60344761832119,-14.903908667724235,365492,15.609342578065691,tpex
4743,合一,生技醫療業,11508,5913,8679,9758,-31.870031109574835,-39.40356630457061,91119,15.350727279632373,tpex
4744,皇將,生技醫療業,11508,90637,37207,67342,143.6020103743919,34.59208220724065,558790,-27.76842048114745,tpex
4745,合富-KY,生技醫療業,11508,226372,245525,260957,-7.800834945524896,-13.253141322133532,2027884,-4.027979242733656,tpex
4747,強生*,生技醫療業,11508,45817,54470,45339,-15.885808702037819,1.0542799797084188,393423,5.079245524911459,tpex
4749,新應材,半導體業,11508,484959,414991,341633,16.86012467740264,41.953207096504144,3378370,20.987664047822495,tpex
4754,國碳科,化學工業,11508,57260,62188,51700,-7.924358397118415,10.754352030947775,470660,6.915938802630532,tpex
4760,勤凱科技,其他電子業,11508,305090,269740,159285,13.105212426781344,91.53718178108421,1913070,65.53244031575477,tpex
4767,誠泰科技,化學工業,11508,70562,75468,80919,-6.500768537658345,-12.799218972058478,607100,-10.957467560563149,tpex
4768,晶呈科技,化學工業,11508,130197,105060,67419,23.92632781267847,93.11618386508255,1056471,126.35883305765292,tpex
4772,台特化,化學工業,11508,323880,324218,272422,-0.10425084356821644,18.88907650630272,2398035,184.6028317449768,tpex
4804,大略-KY,觀光餐旅,11508,316,408,12766,-22.54901960784314,-97.52467491775027,1391,-98.33825128125486,tpex
4806,桂田文創,文化創意業,11508,9956,11713,3567,-15.00042687612055,179.11410148584244,124796,173.7594875619708,tpex
4903,聯光通,通信網路業,11508,70096,88352,145364,-20.662803332126042,-51.77898241655431,975076,10.515620023642832,tpex
4905,台聯電,生技醫療業,11508,91839,104164,54590,-11.832302906954418,68.23410881113757,641883,37.705899263289325,tpex
4907,富宇,建材營造,11508,29309,69,103696,42376.811594202896,-71.73565036259836,2477286,45.575332266570136,tpex
4908,前鼎,通信網路業,11508,97202,98660,75390,-1.4778025542266369,28.9322191272052,716566,28.287868290124088,tpex
4909,新復興,通信網路業,11508,15980,16683,28462,-4.213870407001139,-43.85496451408896,136138,-38.08531926505366,tpex
4911,德英,生技醫療業,11508,11564,11290,25889,2.4269264836138174,-55.33238054772297,89514,-58.1616437331738,tpex
4923,力士,半導體業,11508,108061,120061,83912,-9.994919249381564,28.77895890933359,743890,30.042060142857643,tpex
4924,欣厚-KY,綠能環保,11508,70400,69044,81447,1.9639650078210995,-13.563421611600182,538605,5.105963625009757,tpex
4931,新盛力,電腦及週邊設備業,11508,495100,449435,219200,10.160534893811118,125.86678832116789,2849173,88.36847369976456,tpex
4933,友輝,光電業,11508,157828,190523,245216,-17.160657768353428,-35.63715255122015,1764725,-13.532740429914591,tpex
4939,亞電,電子零組件業,11508,173881,168175,119581,3.3928943065259403,45.40855152574406,1091302,17.291835050128114,tpex
4946,辣椒,文化創意業,11508,20423,35160,32157,-41.91410693970421,-36.48972229996579,209001,-20.043688837540266,tpex
4950,金耘國際,鋼鐵工業,11508,127863,124411,77553,2.7746742651373273,64.87176511546942,892313,29.29786327634824,tpex
4951,精拓科,半導體業,11508,48800,45429,47305,7.42037024807942,3.1603424585138993,361336,0.43136993307095367,tpex
4953,緯致,資訊服務業,11508,1246449,1273547,984208,-2.1277581432016253,26.644875879895306,9542380,30.655893301844994,tpex
4966,譜瑞-KY,半導體業,11508,1326834,1353309,1323747,-1.9563159633165819,0.23320166164682526,10920138,-0.6555378015457511,tpex
4971,IET-KY,半導體業,11508,106034,105081,79705,0.9069194240633416,33.0330594065617,799278,20.4889637935245,tpex
4972,湯石照明,光電業,11508,77732,87973,63394,-11.641071692451092,22.617282392655458,664078,9.535386990571826,tpex
4973,廣穎電通,半導體業,11508,1001531,1008161,329420,-0.6576330566248844,204.02859571367858,6533523,135.88675742507232,tpex
4974,亞泰,電子零組件業,11508,428660,385056,307175,11.324067148674478,39.54911695287702,2823214,2.794090607050856,tpex
4979,華星光,通信網路業,11508,545866,508777,397141,7.289834249582823,37.44891612802506,3537229,20.318863463428258,tpex
4991,環宇-KY,半導體業,11508,262258,145446,180101,80.31296838689273,45.61718147039716,1894097,45.565624908737945,tpex
4995,晶達,光電業,11508,124241,141754,84441,-12.354501460276254,47.13350149808742,974148,19.345926867008316,tpex
5009,榮剛,鋼鐵工業,11508,1077050,1109543,775425,-2.928502996278648,38.89802366444208,8277759,5.825520622258882,tpex
5011,久陽,鋼鐵工業,11508,277979,264441,405080,5.119478446988175,-31.376765083440308,2719341,-25.0198111475135,tpex
5013,強新,鋼鐵工業,11508,789095,833363,639729,-5.31197089383618,23.34832405596745,5769395,13.438705412635763,tpex
5014,建錩,鋼鐵工業,11508,1542669,1664278,1191931,-7.307012410186279,29.42603221159614,11253529,17.7738594928563,tpex
5015,華祺,鋼鐵工業,11508,132290,136717,118815,-3.238075733083669,11.341160627866852,869454,-18.76842872358316,tpex
5016,松和,鋼鐵工業,11508,173491,187738,166441,-7.588767324675878,4.235735185441087,1471851,6.280422420796101,tpex
5201,凱衛,資訊服務業,11508,36695,27759,20452,32.19136136027955,79.42010561314297,186120,-7.235917423419292,tpex
5202,力新,資訊服務業,11508,9750,12597,7731,-22.60061919504644,26.115638339154057,91424,-10.616622508139182,tpex
5205,中茂,綠能環保,11508,7446,605,274,1130.7438016528927,2617.5182481751826,24292,94.80352846832398,tpex
5206,坤悅,建材營造,11508,894248,0,-34,,2630241.1764705884,3179072,-15.3744999515524,tpex
5209,新鼎,其他,11508,781310,381127,406553,104.9999081670939,92.1791254768751,2934179,-11.968626260310954,tpex
5210,寶碩,資訊服務業,11508,20809,25015,19256,-16.813911653008194,8.065018695471542,177566,5.474935996055812,tpex
5211,蒙恬,資訊服務業,11508,27162,28853,21022,-5.860742383807576,29.20749690800114,184948,36.212521818543365,tpex
5212,凌網,資訊服務業,11508,115547,93840,92603,23.131926683716966,24.776735094975326,711400,1.822907721021836,tpex
5213,亞昕,建材營造,11508,119623,279577,165435,-57.212860857652814,-27.69184271768368,5011993,-54.21259763752387,tpex
5220,萬達光電,光電業,11508,85752,87471,49701,-1.9652227595431628,72.53576386793023,706266,39.746730247927346,tpex
5223,安力-KY,電腦及週邊設備業,11508,182494,198835,171300,-8.21837201699902,6.534734384121425,1308349,1.4862843898640075,tpex
5227,立凱-KY,電子零組件業,11508,1675,1340,11544,25.0,-85.49029799029799,61561,-80.81183687209345,tpex
5228,鈺鎧,電子零組件業,11508,71765,78793,42153,-8.919574073839046,70.24885536023534,532292,55.60044315952866,tpex
5230,雷笛克光學,光電業,11508,134206,130024,111445,3.2163292930535903,20.423527300462112,921939,8.437514334811803,tpex
5245,智晶,光電業,11508,77615,81110,52921,-4.308963136481322,46.66200563103494,546038,-0.532279218886622,tpex
5251,天鉞電,光電業,11508,22218,17907,20255,24.074384318981405,9.691434213774377,225284,7.432081221178928,tpex
5263,智崴,文化創意業,11508,349487,202279,110401,72.77473192966151,216.5614441898171,1408083,79.29711524381315,tpex
5272,笙科,半導體業,11508,33794,33967,21431,-0.5093178673418318,57.68746208763007,228452,-3.465819297370845,tpex
5274,信驊,半導體業,11508,1625937,1524018,744425,6.6875194387467864,118.41515263458373,10168121,74.48866403472434,tpex
5276,達輝-KY,其他,11508,83738,103475,78097,-19.074172505436096,7.223068747839226,690134,13.523258702171162,tpex
5278,尚凡*,數位雲端,11508,258954,250132,206744,3.526937776853821,25.25345354641489,1905048,18.937642034812576,tpex
5287,數字,數位雲端,11508,205379,199085,200747,3.1614636964110807,2.3073819284970636,1540718,-1.3093477345997429,tpex
5289,宜鼎,電腦及週邊設備業,11508,8680123,8494810,1283486,2.1814849302103285,576.2927682888633,52800952,553.1525733190747,tpex
5291,邑昇,電子零組件業,11508,144890,185331,89763,-21.82095817753101,61.4139456123347,1043804,45.78003472004,tpex
5299,杰力,半導體業,11508,119505,121937,123503,-1.9944725554999714,-3.237168327894869,1031215,-3.289442834500933,tpex
5301,寶得利,觀光餐旅,11508,3241,3365,16484,-3.6849925705794946,-80.33851007037127,99051,-28.93813626808813,tpex
5302,太欣,半導體業,11508,1231,4137,1912,-70.24413826444284,-35.61715481171548,18834,60.74080396005804,tpex
5309,系統電,電子零組件業,11508,327559,319017,256804,2.6776002532780385,27.55214093238423,2416973,9.37474686726319,tpex
5310,天剛,資訊服務業,11508,171,7,245,2342.8571428571427,-30.20408163265306,501,-25.88757396449704,tpex
5312,寶島科,生技醫療業,11508,378945,392998,361430,-3.57584516969552,4.846028276568076,3008990,11.857158417251263,tpex
5314,世紀*,其他,11508,465313,552778,229759,-15.822807709424037,102.52220805278574,3886321,151.4041502193621,tpex
5315,光聯,光電業,11508,131249,143294,175216,-8.40579507864949,-25.0930280339695,1198852,-8.79280477348685,tpex
5321,美而快,數位雲端,11508,354562,169731,262795,108.89643023372277,34.91961414790997,1633533,-15.770870458370458,tpex
5324,士開,建材營造,11508,52812,48281,54618,9.384644062881879,-3.3066022190486652,581975,4.015120373183678,tpex
5328,華容,電子零組件業,11508,99782,99219,77784,0.5674316411171247,28.28088038671192,723028,25.4612213168233,tpex
5340,建榮,電子零組件業,11508,284845,272928,192761,4.366353030835971,47.7710740243099,1893108,27.800100452034155,tpex
5344,立衛,半導體業,11508,30342,32398,27884,-6.346070745107722,8.81509109166547,248324,12.866849987500853,tpex
5345,馥鴻,其他,11508,2236,2685,2554,-16.722532588454378,-12.45105716523101,26372,316.5534670668141,tpex
5347,世界,半導體業,11508,5092599,4705722,3625233,8.22141639476365,40.47646040957919,36574795,18.416073905771878,tpex
5348,正能量智能,運動休閒,11508,25014,26613,28408,-6.008341787848044,-11.947338777809067,193300,18.97581091893888,tpex
5351,鈺創,半導體業,11508,2260221,2125060,361453,6.360338061042983,525.3153245373534,12019379,488.92138522250326,tpex
5353,台林,通信網路業,11508,165356,172753,157196,-4.281835916018824,5.190971780452429,1265639,6.090635291987537,tpex
5355,佳總,電子零組件業,11508,62169,69023,30573,-9.930023325558148,103.3460896869787,417785,36.10493943796871,tpex
5356,協益,電腦及週邊設備業,11508,388919,430233,290545,-9.60270365127733,33.858438451874925,2591507,15.972111277435062,tpex
5364,力麗店,觀光餐旅,11508,6732,8860,34701,-24.018058690744923,-80.599982709432,91272,-58.31510296542243,tpex
5381,光譜,電機機械,11508,131129,242713,204466,-45.973639648473714,-35.8675770054679,1344118,-12.541740735053368,tpex
5386,青雲,電腦及週邊設備業,11508,4548288,1992270,233700,128.2967670044723,1846.2079589216944,21687550,625.4991757344794,tpex
5392,能率,光電業,11508,771157,852452,669730,-9.536607339768103,15.144461200782406,6067104,6.759575995607922,tpex
5398,慕康生醫,其他,11508,28822,12630,24923,128.20269200316707,15.644184086987924,109758,-26.353717943556504,tpex
5403,中菲,資訊服務業,11508,287867,301682,229742,-4.579325249766311,25.30011926421812,2227548,2.782852083090128,tpex
5410,國眾,資訊服務業,11508,226300,406263,510011,-44.29716710603722,-55.6284080147291,3950127,32.54436738104106,tpex
5425,台半,半導體業,11508,1714148,1730537,1400066,-0.947047072671662,22.43337099822437,12915166,7.494004466832429,tpex
5426,振發,電腦及週邊設備業,11508,193922,224969,132946,-13.800568078268562,45.86523851789448,1422218,20.640637617822897,tpex
5432,新門,綠能環保,11508,18639,23027,17981,-19.055890910670083,3.6594182748456703,133371,4.260441991541654,tpex
5438,東友,電腦及週邊設備業,11508,102441,95856,79212,6.869679519278918,29.325102257233752,573893,-37.46691611921856,tpex
5439,高技,電子零組件業,11508,1108099,1050323,1052950,5.500784044527255,5.237570634882948,7749508,34.29374766595645,tpex
5443,均豪,半導體業,11508,620014,837103,542052,-25.933367817341473,14.382752946211802,3629283,20.93151658088718,tpex
5450,南良,其他,11508,209183,249747,190330,-16.242036941384683,9.905427415541428,1801787,11.443825857405551,tpex
5452,佶優,其他電子業,11508,453595,442343,398218,2.5437273789796606,13.906202130491339,3344957,-2.026825956400352,tpex
5455,昇益,建材營造,11508,29872,198,4620,14986.868686868687,546.5800865800866,38085,-98.12440164053912,tpex
5457,宣德,電子零組件業,11508,1882890,2015669,2323368,-6.587341473227995,-18.958598035266046,14509675,-4.873796300405971,tpex
5460,同協,電子零組件業,11508,31652,21991,18345,43.93160838524851,72.53747615153993,187510,19.370014578280273,tpex
5464,霖宏,電子零組件業,11508,94350,100839,78916,-6.435010263885997,19.557504181661514,812554,29.81609676527774,tpex
5465,富驊,電腦及週邊設備業,11508,410577,375293,429320,9.401720788823665,-4.365741172086089,2790822,-31.379022918556878,tpex
5468,凱鈺,半導體業,11508,24970,9304,7501,168.37919174548583,232.88894814024798,117899,66.108739450808,tpex
5474,聰泰,電腦及週邊設備業,11508,126434,166451,190180,-24.04130945443404,-33.51877168997792,977829,-3.508541678179249,tpex
5475,德宏,電子零組件業,11508,254708,229336,68492,11.06324345065755,271.8799275827834,1318517,166.78962235136055,tpex
5478,智冠,文化創意業,11508,556614,552538,516314,0.7376868197300457,7.805327765661981,4706034,12.069454935830818,tpex
5481,新華,其他,11508,10053,8602,10377,16.868170192978376,-3.1222896790980053,61768,-7.8130829962837485,tpex
5483,中美晶,半導體業,11508,6716682,6997671,6014229,-4.015464573856073,11.679851232801411,54215496,6.102027041942864,tpex
5487,通泰,半導體業,11508,14121,15820,10960,-10.739570164348926,28.84124087591241,111895,0.09213539430370689,tpex
5488,松普,電子零組件業,11508,75655,85256,72186,-11.261377498357886,4.805640983016097,644023,34.441180952619526,tpex
5489,彩富,其他電子業,11508,167718,176330,142687,-4.884024272670561,17.542593228535186,1256866,14.064872350794591,tpex
5490,同亨,電腦及週邊設備業,11508,109488,140713,117435,-22.19055808631754,-6.767147783880445,1149595,19.039951456009078,tpex
5493,三聯,其他電子業,11508,650717,547645,450216,18.820951528818853,44.534401265170494,4285058,21.509499021840504,tpex
5498,凱崴,電子零組件業,11508,231281,226252,123334,2.2227427823842443,87.52412149123518,1487842,70.79154446159939,tpex
5508,永信建,建材營造,11508,318829,275059,43458,15.912949585361686,633.6485802383911,2324915,60.19059588257221,tpex
5511,德昌,建材營造,11508,998851,1048103,973675,-4.699156476033367,2.5856677022620485,7395587,11.493821742539515,tpex
5512,力麒,建材營造,11508,425192,762231,462079,-44.217435396881,-7.982834104125052,4151721,3.6792888201642797,tpex
5514,三豐,建材營造,11508,2021,1528,482,32.26439790575916,319.29460580912865,677157,17470.23871302543,tpex
5516,雙喜,建材營造,11508,285220,188981,200203,50.92522528719818,42.46539762141426,1712316,41.230674062313135,tpex
5520,力泰,建材營造,11508,378352,365849,366894,3.417530183217666,3.12297284774349,2676689,-2.9536411115401418,tpex
5523,豐謙,建材營造,11508,375,377,370,-0.5305039787798409,1.3513513513513513,3012,-19.936204146730464,tpex
5529,鉅陞,建材營造,11508,139924,31292,3680,347.15582257445993,3702.282608695652,741564,1148.9078262626942,tpex
5530,龍巖,其他,11508,304785,346190,271820,-11.96019526849418,12.127510852770216,2699302,-8.195063154321831,tpex
5536,聖暉*,其他電子業,11508,4878663,3885491,3375272,25.561042349602662,44.54132881735161,33748553,26.890969889756533,tpex
5543,桓鼎-KY,建材營造,11508,227256,273764,211978,-16.988354933446328,7.2073517063091455,2141825,4.524545266437364,tpex
5547,久舜,建材營造,11508,309920,220229,163543,40.72624404597033,89.50367793179775,1745531,20.860723558940627,tpex
5548,安倉,建材營造,11508,184109,243174,162454,-24.28919210112923,13.329927240942052,1736886,13.23303153261221,tpex
5601,台聯櫃,航運業,11508,8216,7686,7972,6.8956544366380434,3.0607124937280483,62712,1.7209777619178928,tpex
5603,陸海,航運業,11508,118009,118002,106621,0.005932102845714479,10.680822727230096,946313,2.737493730308827,tpex
5604,中連,其他,11508,13855,13520,13314,2.477810650887574,4.063391918281508,109225,3.49941250047379,tpex
5609,中菲行,航運業,11508,3415327,3269476,2456161,4.460990079144181,39.0514302604756,23267673,20.941532773027475,tpex
5701,劍湖山,觀光餐旅,11508,53860,42291,57848,27.355702158851766,-6.893928917162218,323508,-7.514179855456957,tpex
5703,亞都麗緻,觀光餐旅,11508,38791,28013,30283,38.47499375290044,28.094970775682725,318651,16.123072213638086,tpex
5704,老爺知,觀光餐旅,11508,625,843,32655,-25.86002372479241,-98.08605114071352,103165,-46.04989985514295,tpex
5864,致和證,金融業,11508,599176,-974304,281413,161.49784872072783,112.91695834947213,4850258,1225.1636558364207,tpex
5878,台名,金融業,11508,61717,75226,66080,-17.957886900805573,-6.602602905569007,581742,0.36454352698018905,tpex
5902,德記,居家生活,11508,219889,215040,181853,2.2549293154761907,20.915794625329248,1524289,-3.628605497185907,tpex
5903,全家,居家生活,11508,9922451,10173000,9602109,-2.46288213899538,3.336162920041837,77081581,7.0266423115236725,tpex
5904,寶雅*,居家生活,11508,2465114,2471748,2234511,-0.2683930562500708,10.320065553492464,18963841,13.909654302564213,tpex
5905,南仁湖,觀光餐旅,11508,151638,167415,128474,-9.423886748499239,18.030107259056308,2242634,224.17140668251892,tpex
6015,宏遠證,金融業,11508,587691,-192974,244367,404.544135479391,140.4952387188123,2790729,250.4778565902766,tpex
6016,康和證,金融業,11508,2727083,-2015901,864669,235.27861735273706,215.39039794418443,7374276,230.99167210518803,tpex
6020,大展證,金融業,11508,58662,-142681,88459,141.11409367750437,-33.684531816999964,898865,474.2702350453288,tpex
6021,美好證,金融業,11508,184117,94130,286418,95.59864017847657,-35.717378097745254,3243464,237.67968225379093,tpex
6023,元大期貨,金融業,11508,344450,513559,280825,-32.92883582996306,22.65645864862459,3336963,42.4309914834969,tpex
6026,福邦證,金融業,11508,217362,45116,65514,381.78473268906816,231.77946698415604,1221024,170.39888033589924,tpex
6028,公勝保經,金融業,11508,521574,515132,356784,1.2505532562527664,46.18760930983452,4115106,32.4004303627067,tpex
6101,寬魚國際,文化創意業,11508,30252,99816,145725,-69.69223371002644,-79.24034997426659,1117993,44.39690022602519,tpex
6103,合邦,半導體業,11508,4150,5329,8685,-22.124225933571026,-52.21646516983304,51963,-16.7433066829026,tpex
6104,創惟,半導體業,11508,319894,337913,309465,-5.332437639274015,3.370009532580421,2773075,0.7679304287663039,tpex
6109,亞元,通信網路業,11508,69020,75544,59691,-8.636026686434397,15.628821765425274,571056,19.97781363453005,tpex
6111,光聚晶電,文化創意業,11508,1034503,1149419,973016,-9.99774668767438,6.319217772369622,8352964,115.50013247910326,tpex
6113,亞矽,電子通路業,11508,109073,120638,47340,-9.586531606956349,130.4034643008027,724574,72.2960954962667,tpex
6114,久威,電子零組件業,11508,52598,81626,70264,-35.56219831916301,-25.142320391665717,551586,-13.714650422833973,tpex
6118,建達,電子通路業,11508,1094117,1004094,843977,8.965594854665001,29.63824843568012,6918813,7.281991023980709,tpex
6121,新普,電腦及週邊設備業,11508,6752335,7106470,6452555,-4.983275803598692,4.645911580761419,53245008,4.848010185132473,tpex
6122,擎邦,電機機械,11508,390014,347671,343346,12.179042830722148,13.592119902372534,2612897,-0.1948054180352384,tpex
6123,上奇,資訊服務業,11508,528124,416973,545535,26.656642036774564,-3.191545913644404,3168498,-7.022047981172577,tpex
6124,業強,電子零組件業,11508,139381,182228,131933,-23.512852031520953,5.645289654597409,1267046,-1.4522624712417498,tpex
6125,廣運,電機機械,11508,339026,365339,344163,-7.202351788339049,-1.4926067008946342,2562886,26.93920267936346,tpex
6126,信音,電子零組件業,11508,516739,552658,328605,-6.499317842137452,57.25232421904718,3982448,54.322022437339406,tpex
6127,九豪,電子零組件業,11508,107429,93620,82839,14.750053407391583,29.684085998140972,716540,5.470003444327017,tpex
6129,普誠,半導體業,11508,129236,124407,89997,3.8816143786121358,43.60034223363001,979020,41.40025275320455,tpex
6130,上亞科技,生技醫療業,11508,13420,22411,13237,-40.1186917138905,1.3824884792626728,124800,20.84475129026948,tpex
6134,萬旭,電子零組件業,11508,239959,231601,197130,3.6087927081489286,21.72627200324659,1685088,40.82711762419927,tpex
6138,茂達,半導體業,11508,665278,700098,649073,-4.973589411768066,2.4966375122674953,5408091,10.670702695977266,tpex
6140,訊達電腦,資訊服務業,11508,181217,288991,164189,-37.29320290251253,10.370974913057513,1354939,-14.39525898969222,tpex
6143,振曜,通信網路業,11508,674378,722533,774848,-6.664747492502072,-12.966414057982986,5709003,11.476204656067093,tpex
6144,得利影,文化創意業,11508,14381,12454,14807,15.472940420748355,-2.877017626798136,102863,-8.663647664713196,tpex
6146,耕興,其他電子業,11508,415183,415135,375856,0.011562503763835861,10.46331573794219,3264055,9.506875097502755,tpex
6147,頎邦,半導體業,11508,2619692,2522679,1824147,3.8456339470856182,43.611890927650016,17529787,23.864324168109885,tpex
6148,驊宏資,資訊服務業,11508,59218,41885,30306,41.38235645219052,95.40025077542401,343450,-34.765720711052694,tpex
6150,撼訊,電腦及週邊設備業,11508,574719,479412,730008,19.879977973016945,-21.272232633067034,3646216,-26.478079122725337,tpex
6151,晉倫,其他電子業,11508,155707,155384,131303,0.20787211038459558,18.586018598204152,1269371,11.827819633657295,tpex
6154,順發,電子通路業,11508,393985,384814,368797,2.383229300389279,6.829773561064759,2787574,5.580445997840346,tpex
6156,松上,電子零組件業,11508,576555,617622,371596,-6.649212625197936,55.156406419875346,4280050,24.92790459822721,tpex
6158,禾昌,電子零組件業,11508,172833,168476,152034,2.586125026710036,13.680492521409684,1238227,1.273953074098823,tpex
6160,欣技,電腦及週邊設備業,11508,52676,90464,87551,-41.77131234524231,-39.833925369213375,656647,-20.370422021107725,tpex
6161,捷波,電腦及週邊設備業,11508,118805,123135,145539,-3.516465667763024,-18.36895952287703,1041739,20.32722883494753,tpex
6163,華電網,資訊服務業,11508,457582,797162,622530,-42.59861859948166,-26.496393748092462,4285392,27.09003201130271,tpex
6167,久正,光電業,11508,82268,96076,94108,-14.371955535201298,-12.581289582182174,791235,0.6884484459008049,tpex
6169,昱泉,文化創意業,11508,1214,23,489,5178.260869565217,148.26175869120655,1485,-93.39853300733496,tpex
6170,統振,通信網路業,11508,285197,270405,272389,5.470313048945101,4.702098836590317,2144248,-0.6506076569877078,tpex
6171,大城地產,建材營造,11508,33,34,33020,-2.9411764705882355,-99.90006056935191,138869,-87.09350330216122,tpex
6173,信昌電,電子零組件業,11508,551669,537222,357611,2.68920483524502,54.26510929473646,3488672,26.13937451549827,tpex
6174,安碁,電子零組件業,11508,66923,75458,50377,-11.310927933419915,32.84435357405165,506684,26.128960791000676,tpex
6175,立敦,電子零組件業,11508,484052,474537,286526,2.005112351618525,68.93824644185868,3493450,24.453781332983734,tpex
6179,亞通,其他,11508,808983,1097072,250246,-26.259807925095163,223.27509730425263,5721463,131.39675731028802,tpex
6180,橘子,文化創意業,11508,912976,852478,707734,7.096722730674575,28.999878485419664,6183459,-3.7320933656205697,tpex
6182,合晶,半導體業,11508,1004466,994362,837265,1.0161289349351645,19.9699020023529,7201031,11.74607416207875,tpex
6185,幃翔,電子零組件業,11508,60473,65312,42158,-7.409051935325821,43.443711751031834,474309,34.91014693919345,tpex
6186,新潤,建材營造,11508,0,14651,978818,-100.0,-100.0,3874028,-57.39333563558698,tpex
6187,萬潤,半導體業,11508,1108737,1054680,546012,5.1254408920241215,103.06092173798378,5929498,51.11324845299687,tpex
6188,廣明,電腦及週邊設備業,11508,594489,681715,748542,-12.795082989225703,-20.580408313761954,5413017,-10.979119710752942,tpex
6190,萬泰科,通信網路業,11508,1061923,1063947,618036,-0.19023503990330345,71.82219158754506,7596398,29.675733762148994,tpex
6194,育富,電子零組件業,11508,84593,73380,115437,15.280730444262742,-26.719336088082677,644345,-34.7283255029002,tpex
6195,詩肯,居家生活,11508,190687,198160,184038,-3.7711949939442873,3.61284082635108,1664398,14.364576347585176,tpex
6198,瑞築,建材營造,11508,22,22,22,0.0,0.0,162,10.204081632653061,tpex
6199,天品,其他,11508,82949,77561,30530,6.946790268304947,171.69669177857844,643056,527.7881911902531,tpex
6203,海韻電,電子零組件業,11508,158667,149397,233981,6.204943874374988,-32.18808364781756,1319319,-30.32224638729774,tpex
6204,艾華,電子零組件業,11508,35672,46213,30482,-22.80959903057581,17.026441834525293,288482,7.780077561664513,tpex
6207,雷科,電子零組件業,11508,137881,112882,101526,22.146134901932992,35.8085613537419,853992,8.313452428514355,tpex
6208,日揚,半導體業,11508,363046,356909,336857,1.71948591938001,7.774515595638506,2483751,1.6947549479826676,tpex
6210,慶生,電子零組件業,11508,33824,42873,29518,-21.106523919483124,14.587709194389864,290959,51.90032681444666,tpex
6212,理銘,建材營造,11508,80448,115918,18642,-30.59921668765852,331.5416800772449,747762,-43.06817091684851,tpex
6217,中探針,電子零組件業,11508,419111,421657,340751,-0.603808308648973,22.996264134221175,3112987,34.124454053457846,tpex
6218,豪勉,通信網路業,11508,141060,102950,92286,37.01796988829529,52.85091996619205,1044876,17.20610306836002,tpex
6219,富旺,建材營造,11508,301719,718148,262,-57.98651531439202,115059.92366412214,2294510,31310.13004791239,tpex
6220,岳豐,電子零組件業,11508,986069,985000,586903,0.1085279187817259,68.01226096987067,6859558,25.581915624751705,tpex
6221,晉泰,資訊服務業,11508,468987,266051,386075,76.27710476562764,21.475620022016447,2709537,-27.959534523116975,tpex
6222,立軒,光電業,11508,130,112,232,16.071428571428573,-43.96551724137931,1594,-32.94068153134203,tpex
6223,旺矽,半導體業,11508,2048171,1805362,1205695,13.449324844546412,69.87471956008775,13019987,54.78774916750976,tpex
6227,茂綸,電子通路業,11508,3540073,3339960,1316716,5.991478939867544,168.85623019694452,18714442,51.405757198601734,tpex
6228,全譜,電腦及週邊設備業,11508,2348,3649,3857,-35.653603727048505,-39.12367124708322,29221,-13.728558353753948,tpex
6229,研通,半導體業,11508,256677,247273,219663,3.8030840407161315,16.850357137979543,1972556,42.72227504062676,tpex
6231,系微,資訊服務業,11508,139982,100921,131575,38.704531267030646,6.389511685350561,1144469,8.877800504209675,tpex
6233,旺玖,半導體業,11508,37463,42866,29365,-12.604395091681052,27.5770475055338,275262,6.01760913271555,tpex
6234,高僑,光電業,11508,75955,60801,45104,24.92393217216822,68.3996984746364,413182,33.77040476051723,tpex
6236,中湛,數位雲端,11508,2661,2562,2471,3.8641686182669788,7.689194658033185,21285,-16.230469518674486,tpex
6237,驊訊,半導體業,11508,24920,59139,36475,-57.86198616818005,-31.67923235092529,374295,36.12905337581286,tpex
6240,松崗,資訊服務業,11508,3118,3344,4020,-6.758373205741627,-22.437810945273633,31451,3.815811189965341,tpex
6241,鑫永洋,通信網路業,11508,62206,62764,47808,-0.8890446752915684,30.116298527443107,479527,0.8407478828841143,tpex
6242,立康,生技醫療業,11508,37017,42064,37204,-11.998383415747432,-0.5026341253628642,362630,-4.242453049411665,tpex
6244,茂迪,光電業,11508,254029,314183,255071,-19.146166406202756,-0.4085137079479831,2240423,14.099936747604609,tpex
6245,立端,通信網路業,11508,802502,1053432,580000,-23.82023709171546,38.36241379310345,5324320,20.669015536901785,tpex
6246,臺龍,光電業,11508,112154,121227,124611,-7.484306301401503,-9.996709760775534,852704,-18.010255641035258,tpex
6248,沛波,鋼鐵工業,11508,582591,628864,584045,-7.358188733971097,-0.248953419685127,4321925,-16.95340528652053,tpex
6259,百徽,電子零組件業,11508,67024,74415,34604,-9.932137337902304,93.68859091434516,507225,58.558352975010784,tpex
6261,久元,半導體業,11508,345096,374346,347241,-7.813626965427706,-0.6177265933458319,2852977,5.586898384836815,tpex
6263,普萊德,通信網路業,11508,154870,201059,169133,-22.97285871311406,-8.433008342546989,1323419,5.551545565407282,tpex
6264,富裔,建材營造,11508,2434,2478,1778,-1.7756255044390639,36.89538807649044,57670,36.88907878183674,tpex
6265,方土昶,電子通路業,11508,519833,631916,91852,-17.7370093493439,465.9463049253146,3577701,680.3753443601282,tpex
6266,泰詠,電子零組件業,11508,332259,286509,300626,15.968084772206108,10.522376640742984,2168843,-2.1623725966244702,tpex
6270,倍微,電子通路業,11508,314044,384610,210093,-18.347416863836095,49.478564254877604,2374270,18.046537065579475,tpex
6274,台燿,電子零組件業,11508,5914540,5908074,2544064,0.10944344976044647,132.48393122185607,36178244,97.0098143748561,tpex
6275,元山,電子零組件業,11508,330662,344441,323050,-4.000394842658104,2.3562915957282153,2855922,1.0675015579895937,tpex
6276,安鈦克,電腦及週邊設備業,11508,52247,53996,113065,-3.2391288243573597,-53.79029761641534,505644,-48.78008756060056,tpex
6279,胡連,電子零組件業,11508,974746,975942,750862,-0.1225482661879497,29.816930407984422,6820642,14.564111987468337,tpex
6284,佳邦,電子零組件業,11508,653708,642365,658765,1.7658184988285477,-0.7676485544921178,4862819,-5.931234197967668,tpex
6290,良維,電子零組件業,11508,974831,902247,824829,8.044803695662052,18.185830032649193,7183215,9.337905204453328,tpex
6291,沛亨,半導體業,11508,269712,244174,202146,10.458935021746788,33.424356653112106,1876583,40.498975784183955,tpex
6292,迅德,電子零組件業,11508,110189,117700,84313,-6.381478334749363,30.690403615100873,822943,30.586697006770983,tpex
6294,智基,文化創意業,11508,62231,77984,68163,-20.200297496922445,-8.70266860320115,610993,-12.24441431452192,tpex
6411,晶焱,半導體業,11508,227339,257812,219860,-11.819853226382016,3.4017101792049487,1838777,12.409935822587173,tpex
6417,韋僑,通信網路業,11508,170975,166748,127334,2.5349629380862138,34.27285721017167,1271876,22.617995173855913,tpex
6418,詠昇,電子零組件業,11508,93353,96879,62324,-3.6395916555703507,49.7865990629613,626950,22.64879933486575,tpex
6419,京晨科,光電業,11508,168661,171113,36217,-1.4329711944738273,365.69566778032413,1008065,214.59560842862138,tpex
6423,億而得,半導體業,11508,10457,77086,10324,-86.43463145058766,1.2882603641999224,212722,20.110668812286498,tpex
6425,易發,電機機械,11508,159422,178759,82193,-10.817357447736898,93.96055625174893,1212388,56.13194851355093,tpex
6432,今展科,電子零組件業,11508,81931,117203,92886,-30.09479279540626,-11.79402708696682,815114,8.212943909724528,tpex
6435,大中,半導體業,11508,339956,334509,270174,1.6283567856171284,25.82854012599288,2573026,14.349494387465324,tpex
6441,廣錠,電腦及週邊設備業,11508,35611,10448,15120,240.84035222052069,135.5224867724868,107409,-46.96087581292683,tpex
6461,益得,生技醫療業,11508,5654,211,470,2579.620853080569,1102.9787234042553,42312,-56.19966460321732,tpex
6462,神盾,半導體業,11508,532337,796402,479160,-33.15724973066366,11.097963102095333,5243929,61.61223018035232,tpex
6465,威潤,通信網路業,11508,33123,45076,14485,-26.51743721714438,128.67103900586815,233884,90.76375974682718,tpex
6469,大樹,生技醫療業,11508,1702411,1588849,1587627,7.147438176944442,7.229909796192683,12859902,2.538460189099584,tpex
6470,宇智,通信網路業,11508,117574,105206,171109,11.755983499039978,-31.28707432104682,788105,-44.87238047539139,tpex
6474,華豫寧,電子通路業,11508,415477,497248,332044,-16.44471169315915,25.127091590271167,3086798,19.43820516005264,tpex
6482,弘煜科,文化創意業,11508,29583,31671,37518,-6.592782040352373,-21.149848072924996,250118,-29.65440043199946,tpex
6485,點序,半導體業,11508,124170,114625,102481,8.327153762268265,21.16392306866639,872382,-6.752063757080053,tpex
6486,互動,通信網路業,11508,1491945,171320,161150,770.8527901003969,825.8113558796152,2699352,130.93748048323718,tpex
6488,環球晶,半導體業,11508,4764363,4977758,4427620,-4.286970158051075,7.605508151106012,38941229,-3.112790270542152,tpex
6492,生華科,生技醫療業,11508,80,80,83,0.0,-3.6144578313253013,640,-3.903903903903904,tpex
6494,九齊,半導體業,11508,129453,155174,94954,-16.575586116230813,36.3323293384165,1111997,46.71829088562935,tpex
6496,科懋,生技醫療業,11508,65774,87972,68485,-25.23302869094712,-3.9585310651967585,604293,10.30062424707042,tpex
6498,久禾光,光電業,11508,95760,110979,118602,-13.713405238828967,-19.25937168007285,930516,17.141814061811544,tpex
6499,益安,生技醫療業,11508,38071,42424,29395,-10.260701489722798,29.515223677496174,301395,12.968758784834797,tpex
6506,雙邦,紡織纖維,11508,165214,170491,146079,-3.095178044588864,13.09907652708466,1452743,12.197214730787172,tpex
6508,惠光,農業科技,11508,98032,84947,86329,15.403722320976609,13.55627888658504,1091402,-5.361781976976092,tpex
6509,聚和,化學工業,11508,431828,462096,359808,-6.550154080537378,20.01623087869086,3610556,7.325550010760628,tpex
6510,精測,半導體業,11508,638311,614606,413758,3.8569424964936885,54.27157903895514,4249901,33.14430578664898,tpex
6512,啟發電,其他電子業,11508,5584,3235,18076,72.61205564142195,-69.10820978092498,60203,-54.53289026508572,tpex
6516,勤崴國際,資訊服務業,11508,48623,43828,42205,10.940494660947339,15.206729060537851,418226,24.473135176802174,tpex
6517,保勝光學,光電業,11508,46855,56732,27547,-17.409927377846717,70.0911170000363,321244,0.1721277736893967,tpex
6523,達爾膚,生技醫療業,11508,129346,82967,150485,55.900538768426,-14.047247233943583,691531,-14.893101173597984,tpex
6527,明達醫,生技醫療業,11508,63959,73105,65835,-12.510772177005677,-2.8495481127060076,543150,-10.24465210817242,tpex
6530,創威,通信網路業,11508,32210,32296,29102,-0.26628684666831803,10.679678372620439,251257,16.326993592355272,tpex
6532,瑞耘,半導體業,11508,76657,87975,43998,-12.865018471156578,74.22837401700077,527626,14.983764464881121,tpex
6535,順藥,生技醫療業,11508,9058,78,173,11512.820512820514,5135.838150289017,18747,1.269446845289542,tpex
6538,倉和,電子零組件業,11508,167967,157252,107897,6.813903797725943,55.6734663614373,1022348,0.06518662362652959,tpex
6542,隆中,文化創意業,11508,73388,76108,67389,-3.5738687128816946,8.902046328035732,657411,18.333672332451936,tpex
6546,正基,通信網路業,11508,198536,213809,171813,-7.143291442362108,15.553537858020057,1509502,-3.9129253017079226,tpex
6547,高端疫苗,生技醫療業,11508,236386,47371,45735,399.0099427920035,416.8601727342298,504736,39.44562781972544,tpex
6548,長科*,半導體業,11508,1650483,1555599,1148903,6.099515363535204,43.657297439383484,11193013,28.263778227337742,tpex
6556,勝品,光電業,11508,114270,98934,127659,15.50124325307781,-10.488097196437383,969244,2.14481732378395,tpex
6560,欣普羅,光電業,11508,11103,15504,1978,-28.38622291021672,461.324570273003,163495,64.14995833375167,tpex
6561,是方,通信網路業,11508,359802,359172,309173,0.17540342788413352,16.375621415841618,2744930,1.881874882155482,tpex
6568,宏觀,半導體業,11508,114689,105911,92228,8.288090944283407,24.35377542611788,879311,20.316269243452336,tpex
6569,醫揚,生技醫療業,11508,135289,54973,94477,146.10081312644388,43.1978153413,996806,14.174348495400066,tpex
6570,維田,電腦及週邊設備業,11508,103840,106949,84698,-2.906993052763467,22.600297527686603,761147,27.520728587440377,tpex
6574,霈方,生技醫療業,11508,71449,68444,39086,4.390450587341476,82.79946784014737,554498,39.79211362908695,tpex
6576,逸達,生技醫療業,11508,26724,30280,141760,-11.743725231175693,-81.14841986455981,318965,-14.42235458252844,tpex
6577,勁豐,電腦及週邊設備業,11508,170789,192126,166155,-11.105732696251419,2.7889621136890255,1416276,3.431866581366612,tpex
6578,達邦蛋白,農業科技,11508,34005,37717,17230,-9.841715937110587,97.3592571096924,261297,29.5049711051416,tpex
6584,南俊國際,電子零組件業,11508,280097,280305,203464,-0.07420488396568024,37.664156804152086,2273670,50.04949580275593,tpex
6588,東典光電,通信網路業,11508,31318,30934,10836,1.24135255705696,189.01808785529715,246009,135.2352266207688,tpex
6590,普鴻,資訊服務業,11508,63252,60313,52326,4.872912970669673,20.88063295493636,494029,12.460020988269788,tpex
6593,台灣銘板,資訊服務業,11508,43672,32256,21026,35.39186507936508,107.70474650432797,316807,11.187269900432035,tpex
6596,寬宏藝術,文化創意業,11508,231395,94502,873452,144.85725169837676,-73.50798899080888,1648366,-32.97480648129587,tpex
6597,立誠,電子零組件業,11508,62044,61066,66371,1.6015458684046768,-6.519413599312953,430258,-13.692757949045072,tpex
6603,富強鑫,電機機械,11508,412012,443027,466589,-7.000701988817838,-11.69701814659154,3109389,1.4447461197100524,tpex
6609,瀧澤科,電機機械,11508,236882,239426,123079,-1.0625412444763727,92.46337718051008,1631205,7.802791285394987,tpex
6612,奈米醫材,生技醫療業,11508,142827,108192,98021,32.01253327417923,45.710613031901325,897295,19.82242199414038,tpex
6613,朋億*,其他電子業,11508,1690642,1292507,589449,30.803314798295098,186.81734976223558,9111592,63.620117125070124,tpex
6615,慧智,生技醫療業,11508,30372,33668,31131,-9.789711298562434,-2.4380842247277634,254146,-2.2537941432120796,tpex
6616,特昇-KY,居家生活,11508,78609,67331,80324,16.750085398998976,-2.135102833524227,539290,-20.880671815215607,tpex
6617,共信-KY,生技醫療業,11508,4648,4587,4310,1.329845214737301,7.842227378190255,31028,32.095874664736684,tpex
6620,漢達,生技醫療業,11508,66695,69658,332141,-4.25363920870539,-79.91967266913751,559992,-58.24666285413487,tpex
6624,萬年清,綠能環保,11508,17611,9011,32446,95.43890800133171,-45.72212291191518,215155,-31.137619142112776,tpex
6629,泰金-KY,居家生活,11508,200259,240320,138839,-16.669856857523303,44.238290393909494,1793478,85.53444610538403,tpex
6637,醫影,生技醫療業,11508,43329,50379,42943,-13.993926040612159,0.898865938569732,614228,-29.20655483763891,tpex
6640,均華,半導體業,11508,467768,688933,394121,-32.10254117599244,18.686393265012523,2808542,60.506916524507155,tpex
6642,富致,電子零組件業,11508,65228,71671,42954,-8.989688995549105,51.855473297015415,458177,25.70186147958134,tpex
6643,M31,半導體業,11508,176341,165627,101885,6.468752075446636,73.0784708249497,1158566,4.064528008694754,tpex
6649,台生材,生技醫療業,11508,14423,12387,21476,16.436586744167272,-32.84131123114174,90151,-35.909029510667494,tpex
6651,全宇昕,半導體業,11508,182425,186686,112375,-2.2824421756318096,62.335928809788655,1232046,19.46174409573648,tpex
6654,天正國際,其他電子業,11508,100199,90547,10561,10.65965741548588,848.7643215604583,518405,154.779527404262,tpex
6661,威健生技,生技醫療業,11508,32264,33161,46927,-2.7049847712674526,-31.246403989174677,256401,3.2318197556910144,tpex
6662,樂斯科,生技醫療業,11508,26671,23780,20079,12.157275021026072,32.83032023507147,175978,2.0759981206387508,tpex
6664,群翊,電子零組件業,11508,275299,274733,208126,0.20601820676802568,32.275160239470324,1930789,18.73638625582216,tpex
6667,信紘科,其他電子業,11508,801683,452041,474204,77.34740875274588,69.05867516933641,4472842,10.530222793110656,tpex
6679,鈺太,半導體業,11508,161250,174571,160742,-7.630706131029782,0.31603439051399135,1420131,6.473597358498771,tpex
6680,鑫創電子,電腦及週邊設備業,11508,61505,37284,41667,64.96352322712156,47.61081911344709,392196,23.284777538177178,tpex
6683,雍智科技,半導體業,11508,233323,230193,185567,1.359728575586573,25.735179207509955,1779761,29.817647359169055,tpex
6684,安格,半導體業,11508,25453,27024,24647,-5.813351095322676,3.270174869152432,210265,-0.06558841841608723,tpex
6690,安碁資訊,數位雲端,11508,219817,210914,203144,4.221151749054117,8.207478438939866,1715011,13.510660336585078,tpex
6692,進能服,綠能環保,11508,82064,106566,85846,-22.992324005780457,-4.405563450830557,555048,-51.29008676635392,tpex
6693,廣閎科,半導體業,11508,251209,242458,117280,3.6092849070766895,114.19594133697134,1660782,91.03457478012612,tpex
6697,東捷資訊,資訊服務業,11508,110355,117396,95284,-5.997648982929571,15.816926241551572,939707,1.259566086002642,tpex
6703,軒郁,生技醫療業,11508,271208,264207,266333,2.649816242567381,1.8304153071530753,2251314,13.88949453978317,tpex
6708,天擎,半導體業,11508,30790,30518,22354,0.8912772789828953,37.738212400465244,195867,-0.9266612375378732,tpex
6712,長聖,生技醫療業,11508,109644,99247,90537,10.475883402017189,21.10407899532788,669100,17.067623130084858,tpex
6716,應廣,半導體業,11508,174028,169513,82185,2.663512532962074,111.75153616840056,1172866,66.26539158342996,tpex
6720,久昌,半導體業,11508,32507,32091,25904,1.2963136081767475,25.4902717726992,257344,-17.806416582826298,tpex
6721,信實,其他,11508,268996,273850,304639,-1.772503195179843,-11.700077796999071,2378696,0.04702264236967199,tpex
6725,矽科宏晟,其他電子業,11508,335609,355094,383065,-5.487279424603063,-12.38849803558143,2574682,3.5164977430616284,tpex
6727,亞泰金屬,電子零組件業,11508,161759,194214,138790,-16.7109477174663,16.54946321781108,1548309,61.35866478382984,tpex
6728,上洋,居家生活,11508,451794,419284,329066,7.753694393299052,37.295861620465196,3346610,9.355082728411945,tpex
6730,常廣,生技醫療業,11508,43549,45431,42022,-4.14254583874447,3.633810860977583,331002,2.500247733240846,tpex
6732,昇佳電子,半導體業,11508,304802,302819,335561,0.6548466245512996,-9.166440676955904,2645424,-14.185979295698212,tpex
6733,博晟生醫,生技醫療業,11508,19279,19715,17635,-2.211514075576972,9.322370286362348,153365,7.76370892942466,tpex
6735,美達科技,其他電子業,11508,19488,19084,23431,2.1169566128694193,-16.82813366907089,238007,30.705569650839678,tpex
6739,竹陞科技,其他電子業,11508,148185,138046,75325,7.3446532315315185,96.72751410554265,930214,97.06337201665967,tpex
6741,91APP*-KY,數位雲端,11508,180645,184496,138505,-2.087308125921429,30.42489440814411,1464397,32.137410917149566,tpex
6751,智聯服務,資訊服務業,11508,141542,145638,112642,-2.8124527939136765,25.65650467853909,1139865,-13.963946624156803,tpex
6752,叡揚,資訊服務業,11508,175011,177870,157103,-1.6073536852757633,11.398891173306684,1340829,5.66311469338028,tpex
6761,穩得,電子零組件業,11508,185205,203826,153419,-9.135733419681493,20.718424706196757,1370217,-1.9651795398673806,tpex
6762,達亞,生技醫療業,11508,81462,80869,60131,0.7332846950005565,35.474214631388136,505098,5.172876909142018,tpex
6763,綠界科技*,數位雲端,11508,156361,157597,136072,-0.7842788885575233,14.910488564877419,1248733,13.083138859381975,tpex
6767,台微醫,生技醫療業,11508,28440,25852,29075,10.01083088349064,-2.184006878761823,220853,-1.4379114135892,tpex
6785,昱展新藥,生技醫療業,11508,0,0,0,,,1500,19.71268954509178,tpex
6788,華景電,半導體業,11508,244716,287236,203284,-14.803158378476235,20.381338423092817,1959085,18.487334985269865,tpex
6791,虎門科技,資訊服務業,11508,69968,72894,68199,-4.014047795428979,2.593879675655068,543448,8.643752336513991,tpex
6803,崑鼎,綠能環保,11508,849741,857407,914335,-0.894091137581102,-7.064587924557192,6417217,-0.22583306357748803,tpex
6804,明係,運動休閒,11508,120413,130618,123810,-7.812858870906001,-2.743720216460706,1035240,5.218009960361825,tpex
6811,宏碁資訊,數位雲端,11508,1170269,1122017,660751,4.300469600727975,77.11195291418402,8216083,25.852463373182637,tpex
6821,聯寶,電子零組件業,11508,33337,48875,48762,-31.791304347826088,-31.633238997580083,366726,-10.209048484165887,tpex
6823,濾能,半導體業,11508,45101,43103,65129,4.635408208245366,-30.751278232431023,399070,1.597784080204891,tpex
6829,千附精密,半導體業,11508,271758,201265,173626,35.02496708319877,56.51918491470172,1644392,42.253488229253804,tpex
6840,東研信超,其他電子業,11508,84499,90739,76261,-6.876866617441233,10.8023760506681,664441,12.572661982640753,tpex
6841,長佳智能,生技醫療業,11508,39962,29853,21483,33.862593374200245,86.01685053297956,237285,13.138320698040337,tpex
6843,進典,電機機械,11508,60035,63574,72734,-5.566741120583886,-17.459509995325433,494678,-4.767790175649348,tpex
6844,諾貝兒,生技醫療業,11508,331966,307947,331287,7.799718782777556,0.20495823862693072,2516615,-1.0715546446089703,tpex
6846,綠茵,食品工業,11508,63790,62153,71905,2.6338229852139077,-11.285724219456228,519793,-11.579378903964182,tpex
6855,數泓科,其他電子業,11508,62622,73290,38032,-14.555873925501432,64.65607909129155,447132,2.8021998234255445,tpex
6856,鑫傳,文化創意業,11508,60597,53968,59934,12.283204862140527,1.1062168385223745,462456,-0.03977174476915096,tpex
6859,伯特光,光電業,11508,52972,54812,59160,-3.3569291396044663,-10.459770114942529,432226,-37.76595821268594,tpex
6865,偉康科技,數位雲端,11508,13532,16705,31151,-18.994313079916193,-56.55998202304902,145792,-50.007886705757294,tpex
6870,騰雲,數位雲端,11508,95070,90325,70875,5.25325214503183,34.13756613756614,661028,45.11216629457181,tpex
6872,浩宇生醫,生技醫療業,11508,852,795,2458,7.169811320754717,-65.33767290480066,23152,196.97280656747049,tpex
6874,倍力,資訊服務業,11508,106962,117427,37865,-8.911919745884678,182.4825036313218,1571391,55.013554145556135,tpex
6875,國邑*,生技醫療業,11508,3,248,0,-98.79032258064517,,2043,-89.61520866161744,tpex
6877,鏵友益,其他電子業,11508,55149,55977,22962,-1.479178948496704,140.17507185785212,213947,-30.69083369778253,tpex
6881,潤德,其他,11508,180059,162570,213375,10.7578273974288,-15.613825424721734,1525538,-5.15141510812345,tpex
6884,海柏特,資訊服務業,11508,184914,174463,91899,5.990381914789955,101.21437665262951,1041600,38.70098326426692,tpex
6894,衛司特,綠能環保,11508,196773,199018,117242,-1.128038669869057,67.83490557991163,1502099,66.77036390625503,tpex
6895,宏碩系統,半導體業,11508,55279,51183,91387,8.002657132250942,-39.511090198824775,314504,-32.89364471424152,tpex
6899,創為精密,光電業,11508,87035,95952,102297,-9.293188260797065,-14.9193035963909,739311,-3.3486899386345867,tpex
6903,巨漢,其他電子業,11508,624329,600396,280344,3.986202439723116,122.70103872385356,5229428,231.10428709818348,tpex
6904,伯鑫,其他,11508,77105,86741,80563,-11.108933491659077,-4.292292988096272,639897,4.315952150395649,tpex
6907,雅特力-KY,半導體業,11508,366266,402798,122613,-9.069558438721145,198.71710177550506,2385294,115.31869105982413,tpex
6910,德鴻,數位雲端,11508,29471,26682,33656,10.452739674687056,-12.434632754932256,243104,2.099065122256474,tpex
6913,鴻呈,電子零組件業,11508,304574,372741,243585,-18.288033782170462,25.038077057290064,2291800,35.39403871591296,tpex
6922,宸曜,電腦及週邊設備業,11508,266107,283197,167389,-6.0346684463465365,58.97520147679955,1684911,45.93950596218192,tpex
6925,意藍,數位雲端,11508,16174,16158,16920,0.09902215620745142,-4.408983451536643,130773,2.9343933251997325,tpex
6929,佑全,生技醫療業,11508,275351,270039,269882,1.967123267379897,2.0264411854069557,2144887,-0.2887826176294071,tpex
6945,圓祥生技,生技醫療業,11508,0,0,0,,,0,,tpex
6953,家碩,半導體業,11508,153613,169370,112408,-9.303300466434434,36.656643655255856,957581,15.897911956505952,tpex
6961,旅天下,觀光餐旅,11508,401289,435626,371374,-7.882220069509166,8.055221959534055,3082253,4.570140720450165,tpex
6967,汎瑋材料,電子零組件業,11508,133664,151304,132178,-11.658647491143658,1.124241553057241,1105330,22.983615239629625,tpex
6968,萬達寵物,居家生活,11508,306098,296119,277130,3.3699289812541577,10.452856060332696,2435010,15.63052329363764,tpex
6971,惠民實業,綠能環保,11508,209150,168463,192296,24.15189091966782,8.764612888463619,1366025,-8.855591467011132,tpex
6982,大井泵浦,電機機械,11508,108582,140493,121560,-22.713587153808376,-10.676209279368214,1264737,17.468014656369437,tpex
6983,華洋精機,其他電子業,11508,30843,25367,28789,21.58710135215043,7.134669491819793,174865,9.382916836080442,tpex
6986,和迅,生技醫療業,11508,21419,15310,20431,39.902024820378834,4.83578875238608,203121,9.026644623840605,tpex
6996,力領科技,半導體業,11508,238613,255402,223199,-6.573558546918192,6.905944919108061,2075573,25.35682103142296,tpex
6997,博弘,數位雲端,11508,473839,503748,377616,-5.93729404384732,25.48170628363205,3678305,30.39510197483633,tpex
7402,邑錡,光電業,11508,51239,49518,44351,3.4755038571832464,15.53065319834953,326926,-9.202607335979181,tpex
7547,碩網,數位雲端,11508,33565,37659,34338,-10.871239278791258,-2.2511503290814843,266564,27.517568323917317,tpex
7556,意德士科技,半導體業,11508,77981,73025,53885,6.786716877781582,44.717453836874824,579128,15.38069205144961,tpex
7584,樂意,文化創意業,11508,106113,97648,81957,8.668892348025562,29.473992459460447,682073,-1.0359642084522491,tpex
7642,昶瑞機電,電機機械,11508,62623,74487,67136,-15.927611529528642,-6.722175881792183,450889,-26.393881515581892,tpex
7703,銳澤,其他電子業,11508,368630,313709,201155,17.506988961107268,83.25669260023365,1992746,27.913056818480882,tpex
7704,明遠精密,半導體業,11508,62543,60912,54952,2.677633307065931,13.813873926335711,492598,9.524878879577729,tpex
7708,全家餐飲,觀光餐旅,11508,279720,261095,251159,7.133418870526054,11.371680887405986,2009136,11.980238414257592,tpex
7709,榮田,電機機械,11508,49061,67271,41267,-27.069613949547353,18.88676181937141,595855,6.325971977359191,tpex
7712,博盛半導體,半導體業,11508,171154,168173,110068,1.772579427137531,55.49841915906531,1097165,22.430681402262117,tpex
7713,威力德生醫,生技醫療業,11508,116170,119973,101187,-3.169879889641836,14.80723808394359,854209,19.58351999104043,tpex
7714,創泓科技,數位雲端,11508,203888,215366,177124,-5.329532052413102,15.11031819516271,1448821,26.40475808252834,tpex
7715,裕山,綠能環保,11508,31778,68150,75523,-53.37050623624358,-57.92275200932166,535131,-42.70466291286709,tpex
7716,昱臺國際,航運業,11508,224061,212894,167178,5.245333358384924,34.02541004199117,1439316,4.154331659076913,tpex
7717,萊德光電-KY,通信網路業,11508,122627,109057,65860,12.443034376518701,86.19344063164287,821364,32.6760085611598,tpex
7718,友鋮,電機機械,11508,214196,220147,200307,-2.703193775068477,6.933856530226103,1690157,5.338482182310886,tpex
7723,築間,觀光餐旅,11508,355613,318976,445140,11.485817114767256,-20.112099564182056,2743892,-19.021251855590084,tpex
7728,光焱科技,其他電子業,11508,31078,30565,13095,1.6783903157205955,137.32722413134783,269405,36.796859925458776,tpex
7734,印能科技,半導體業,11508,255659,409159,258946,-37.51597789612351,-1.269376626787052,2454462,52.606316239752,tpex
7738,東聯互動,數位雲端,11508,63930,54992,55456,16.253273203375038,15.280582804385459,425181,14.138873378575724,tpex
7743,金利食安,食品工業,11508,58260,59716,69822,-2.4382075155737155,-16.559250665979203,482662,5.696960672028942,tpex
7744,崴寶,電子零組件業,11508,449941,460037,241344,-2.1946060860322105,86.43140082206311,2907230,89.98187897928923,tpex
7747,昕奇雲端,數位雲端,11508,144754,153172,122019,-5.495782518998251,18.632344143125252,1171971,11.636273923331034,tpex
7751,竑騰,半導體業,11508,241920,241946,171183,-0.010746199565192233,41.3224444016053,1833507,61.38165405221757,tpex
7753,星亞,光電業,11508,69634,60955,92031,14.238372569928636,-24.336364920515912,548032,-8.66316007013193,tpex
7757,金色三麥,觀光餐旅,11508,217508,189362,226756,14.863594596592769,-4.078392633491506,1548783,2.6140772582235274,tpex
7767,仁大資訊,資訊服務業,11508,285903,322536,192789,-11.357801919785699,48.29839876756454,2249429,49.02980160092011,tpex
7770,君曜,半導體業,11508,25214,22806,45998,10.558624923265807,-45.18457324231488,171418,-49.23309749242575,tpex
7772,耀穎,半導體業,11508,39167,29001,25400,35.053963656425644,54.2007874015748,258308,-6.123072002791144,tpex
7777,能率亞洲,其他,11508,-51703,-61900,59178,16.47334410339257,-187.36861671567135,65265,-29.436377593495582,tpex
7782,光速火箭,居家生活,11508,67103,59597,63040,12.594593687601725,6.44511421319797,479489,4.384920332559045,tpex
7792,安葆,其他電子業,11508,678719,617274,404682,9.954250462517455,67.71662688234218,4472038,21.549955329683787,tpex
7794,宏碁智新,居家生活,11508,167741,135765,82720,23.552461974735756,102.78167311411993,903400,43.16004323008611,tpex
7805,威聯通,數位雲端,11508,553328,584171,463992,-5.279789650633119,19.253780237590302,4587228,12.581560513446533,tpex
7810,捷創科技,半導體業,11508,77273,83863,35155,-7.858054207457401,119.80657090029868,579288,79.17361302275518,tpex
7811,民盛,運動休閒,11508,222909,264948,228529,-15.866887087277503,-2.4592064902047444,1891206,-4.7225946083195165,tpex
7814,海昌生技,生技醫療業,11508,7149,13686,6344,-47.76413853572994,12.689155107187894,69072,45.92470528584104,tpex
7819,精誠金融,資訊服務業,11508,24166,24702,33194,-2.1698647882762527,-27.197686328854612,240148,-34.47334026396427,tpex
7820,立盈,綠能環保,11508,33168,33772,27415,-1.7884638161790833,20.984862301659675,272526,44.2073848303013,tpex
7825,和亞智慧,其他電子業,11508,20507,20112,35292,1.9640015910898965,-41.893346934149385,180556,-30.258715922346596,tpex
7828,創新服務,半導體業,11508,157044,129614,53757,21.162837347817366,192.1368379931916,798121,226.2043822470358,tpex
7839,達人網,數位雲端,11508,15869,15539,14714,2.123688783061973,7.849666983824928,121150,4.6806010385974615,tpex
7842,天能綠電,綠能環保,11508,320022,318783,186556,0.38866564402744186,71.54205707669547,2314417,59.7858813116651,tpex
8024,佑華,半導體業,11508,18617,16239,11291,14.643758852146068,64.88353555929501,139710,26.489334733639954,tpex
8027,鈦昇,電機機械,11508,152884,189408,111357,-19.283240412231795,37.29177330567454,1351686,47.354042548552556,tpex
8032,光菱,電子通路業,11508,435297,487964,303072,-10.793214253510504,43.628246753246756,3400535,46.75360881556966,tpex
8034,榮群,通信網路業,11508,83363,22804,84204,265.5630591124364,-0.9987649042800817,229696,-35.84914091650468,tpex
8038,長園科,電子零組件業,11508,41171,48859,69617,-15.73507439775681,-40.86070930950773,435325,27.41169790556915,tpex
8040,九暘,半導體業,11508,86725,83887,56271,3.383122533884869,54.12023955501057,602690,34.811580522568505,tpex
8042,金山電,電子零組件業,11508,482033,436935,347406,10.321443692997814,38.75206530687438,3290370,36.35482082339105,tpex
8043,蜜望實,電子零組件業,11508,621856,762588,402551,-18.454525903895682,54.47881138042136,5050721,60.75033911888289,tpex
8044,網家,數位雲端,11508,3044442,2973775,2735121,2.3763398374120435,11.309225441945713,24971445,8.70763977635296,tpex
8047,星雲,其他電子業,11508,85439,87002,25746,-1.7965104250477,231.85349180455216,432334,50.695732191904966,tpex
8048,德勝,通信網路業,11508,102593,123568,87581,-16.974459406966204,17.140704033979972,869718,35.66598499702842,tpex
8049,晶采,光電業,11508,125884,109720,106426,14.732045205978855,18.283126303722774,882161,2.491530307325529,tpex
8050,廣積,電腦及週邊設備業,11508,693351,515336,356520,34.54348231057019,94.47744867048132,4544896,17.621075487543397,tpex
8054,安國,半導體業,11508,683183,633047,265367,7.9197911055577235,157.4483639638689,4205482,163.51277091553456,tpex
8059,凱碩,通信網路業,11508,659239,891953,1228441,-26.090388170677155,-46.3353144351255,6411046,71.81222406661689,tpex
8064,東捷,光電業,11508,145707,143680,257873,1.4107739420935412,-43.496604917924714,1517010,-0.9117754833703361,tpex
8066,來思達,居家生活,11508,410129,360345,367072,13.815648892034023,11.729851364309999,2802499,-6.672649831661044,tpex
8067,志旭,電子通路業,11508,8239,6751,9174,22.04117908458006,-10.191846522781775,60350,-18.539515421475333,tpex
8068,全達,電子通路業,11508,105034,112884,59429,-6.954041316749938,76.73862928873109,910187,78.37535398273447,tpex
8069,元太,光電業,11508,3446142,2876431,3336337,19.80617647355351,3.2911843138148216,25172156,-2.8761701994668485,tpex
8071,能率網通,電子零組件業,11508,207763,220002,161564,-5.563131244261416,28.59486024114283,1573845,21.11325897549947,tpex
8074,鉅橡,電子零組件業,11508,136193,140180,118679,-2.8442003138821517,14.757454983611254,1060119,22.3083925289498,tpex
8076,伍豐,電腦及週邊設備業,11508,232539,253776,103590,-8.368403631549082,124.4801621778164,1835851,55.048435454583846,tpex
8077,洛碁,觀光餐旅,11508,83667,81297,86079,2.915236724602384,-2.802077161677064,702572,2.4491962390051563,tpex
8080,泰霖,建材營造,11508,10570,6093,15176,73.4777613655014,-30.350553505535057,62833,-55.932952274082126,tpex
8083,瑞穎,電機機械,11508,110464,132076,104909,-16.363305975347526,5.295065247023611,1009835,2.127945760188674,tpex
8084,巨虹,電子通路業,11508,87780,64916,35809,35.22090085649147,145.133904884247,434896,14.078562528690407,tpex
8085,福華,其他電子業,11508,43758,52868,50172,-17.231595672240296,-12.784022961014111,416843,-1.5728304809399676,tpex
8086,宏捷科,半導體業,11508,421572,418583,374538,0.7140758224772625,12.557871297438444,3360912,35.833774875388144,tpex
8087,麗升能源,綠能環保,11508,28629,27557,26195,3.8901186631345936,9.291849589616339,541914,224.65881450772235,tpex
8088,品安,半導體業,11508,230574,216457,133329,6.521849605233372,72.93612042391378,1323264,49.209953915387885,tpex
8089,康全電訊,通信網路業,11508,58933,23607,34927,149.6420553225738,68.73192658974432,291932,-54.339607886072685,tpex
8091,翔名,半導體業,11508,304207,333375,177359,-8.749306336707912,71.52047541991102,2178911,57.81010880578714,tpex
8092,建暐,其他電子業,11508,30702,36423,40340,-15.707108145951734,-23.891918691125433,210482,-10.67797185585035,tpex
8093,保銳,電子零組件業,11508,22589,23222,10779,-2.725863405391439,109.56489470266258,174078,48.78334373210485,tpex
8096,擎亞,電子通路業,11508,7264099,10407626,1965621,-30.20407343615153,269.5574579229668,45161685,80.65756500129488,tpex
8097,常珵,通信網路業,11508,10547,16263,3648,-35.14726680194306,189.1173245614035,185108,-12.910844507174783,tpex
8099,大世科,資訊服務業,11508,721010,387394,982294,86.11800905538031,-26.599368417194853,3633796,14.475578537364797,tpex
8102,傑霖科技,半導體業,11508,35243,44085,32135,-20.056708631053645,9.671697526061926,304100,2.785101061312783,tpex
8107,大億金茂,電機機械,11508,56266,60099,74875,-6.377809946920914,-24.853422370617697,460519,-31.899058012806293,tpex
8109,博大,電子零組件業,11508,227249,211593,145565,7.399110556587411,56.11513756740975,1463093,30.70145504441602,tpex
8111,立碁,光電業,11508,67774,60729,74316,11.600717943651304,-8.802949566715109,529461,-6.101960033199259,tpex
8121,越峰,電子零組件業,11508,305960,313384,243295,-2.368978633242284,25.756797303684827,2364144,22.6178880510856,tpex
8147,正淩,電子零組件業,11508,229772,188823,117241,21.68644709595759,95.98263406146314,1401698,28.99781521545068,tpex
8155,博智,電子零組件業,11508,560984,557144,415122,0.6892293554269632,35.13714040691652,4248048,35.58821736384119,tpex
8171,天宇,綠能環保,11508,79895,80034,11727,-0.17367618762026138,581.2910377760724,395442,128.09531225665785,tpex
8176,智捷,通信網路業,11508,25399,34151,6652,-25.627360838628444,281.82501503307276,225918,-9.563706671897329,tpex
8182,加高,電子零組件業,11508,262918,262364,231269,0.21115701849339086,13.684929670643276,1929455,4.497307215708703,tpex
8183,精星,其他電子業,11508,918759,855049,588702,7.451034969925701,56.06520786408064,5841187,32.352889861495015,tpex
8227,巨有科技,半導體業,11508,149751,131133,105274,14.197799180984191,42.2487983737675,1263485,73.17289123352371,tpex
8234,新漢,電腦及週邊設備業,11508,612237,751899,413798,-18.574569190808873,47.955524192963715,4187426,5.26280596510668,tpex
8240,華宏,光電業,11508,527855,570992,603889,-7.554746826575504,-12.590724454328527,4351193,-10.178672726326907,tpex
8255,朋程,電機機械,11508,643041,666048,614720,-3.454255549149611,4.607138209266007,5377834,-3.147096151175877,tpex
8272,全景軟體,資訊服務業,11508,33944,27364,37149,24.046192077181697,-8.627419311421573,261685,-1.8947360528456656,tpex
8277,商丞,半導體業,11508,11734,10629,14450,10.396086179320726,-18.79584775086505,78754,-57.45303864418501,tpex
8279,生展,生技醫療業,11508,178706,178054,177697,0.36618104619946756,0.5678205034412511,1366834,-4.961646289229811,tpex
8284,三竹,資訊服務業,11508,297833,296382,244655,0.48957089161959905,21.735913837853303,2156586,13.58056551543981,tpex
8289,泰藝,電子零組件業,11508,214038,217251,128053,-1.478934504329094,67.14797779044615,1385028,18.172719803214402,tpex
8291,尚茂,電子零組件業,11508,209,271,756,-22.878228782287824,-72.35449735449735,3030,78.76106194690266,tpex
8299,群聯,半導體業,11508,28275661,27161687,5933811,4.101269556636891,376.5177219159828,164292557,278.98954917231555,tpex
8342,益張,其他,11508,144290,141198,136693,2.189832717177297,5.557709612050361,1104477,3.958506091276434,tpex
8349,恒耀國際,鋼鐵工業,11508,997885,1004144,890262,-0.6233169744578467,12.08891315140936,7888467,6.635028614562065,tpex
8354,冠好,其他,11508,47154,55095,50721,-14.41328614211816,-7.0325900514579756,443786,4.209364579908891,tpex
8358,金居,電子零組件業,11508,1056242,1008644,661352,4.719008887179223,59.709504167221084,7401876,46.82361174283261,tpex
8383,千附,半導體業,11508,511579,496334,294688,3.071520387481011,73.60021446411119,3422140,60.474595219159376,tpex
8390,金益鼎,綠能環保,11508,488730,547848,327043,-10.790949314408376,49.43906458783707,4386268,43.99004671347863,tpex
8401,白紗科,其他,11508,131268,130194,133802,0.8249228075026499,-1.8938431413581263,1031410,3.731856655509784,tpex
8403,盛弘,生技醫療業,11508,397936,412183,366437,-3.456474430046848,8.596020598356606,3072583,7.30904134141584,tpex
8409,商之器,生技醫療業,11508,20966,15026,15065,39.53147877013177,39.1702621971457,123348,35.19366930445648,tpex
8410,森田,電腦及週邊設備業,11508,57841,81756,97916,-29.251675717990118,-40.92793823277095,572502,-25.167930420143023,tpex
8415,大國鋼,鋼鐵工業,11508,2601881,2666400,1883875,-2.4197044704470447,38.11325061376153,19341692,23.397658252584264,tpex
8416,實威,資訊服務業,11508,177223,137452,140666,28.934464394843292,25.98851179389476,1158947,13.367289644661907,tpex
8421,旭源,其他,11508,121465,119474,96786,1.6664713661549793,25.498522513586675,907813,16.988623476772716,tpex
8423,保綠-KY,綠能環保,11508,36114,35438,30876,1.9075568598679384,16.964632724446172,284299,12.690510260302913,tpex
8424,惠普,建材營造,11508,88801,84895,82609,4.600977678308499,7.495551332179303,721117,-0.9544464375482442,tpex
8426,紅木-KY,其他,11508,198309,273465,280399,-27.4828588667654,-29.27613864528761,1561194,-4.717514296700011,tpex
8431,匯鑽科,其他電子業,11508,87357,81846,100884,6.733377318378418,-13.40846913286547,624166,-10.24308451587297,tpex
8432,東生華,生技醫療業,11508,124789,106976,95346,16.651398444510917,30.880162775575272,848270,15.210089626107424,tpex
8433,弘帆,居家生活,11508,291364,330833,302231,-11.930188342759035,-3.595594098553755,2376218,10.373815192843825,tpex
8435,鉅邁,其他,11508,55612,63165,51354,-11.95757143987968,8.291467071698408,444518,11.434831438140504,tpex
8436,大江,生技醫療業,11508,545596,513329,534650,6.285832282999792,2.0473206770784627,4413086,-1.9840241292728458,tpex
8437,大地-KY,其他,11508,15642,18595,11122,-15.88061306802904,40.640172630821795,131968,-4.512861329184907,tpex
8440,綠電,綠能環保,11508,92816,98519,81515,-5.788731107705113,13.863706066368152,637290,-1.3108686731035764,tpex
8444,綠河-KY,其他,11508,109022,94396,262724,15.49430060595788,-58.50322010931624,1012774,-58.956226145328195,tpex
8446,華研,文化創意業,11508,146623,85752,86637,70.98493329601642,69.23831619285063,849299,24.787905858705777,tpex
8450,霹靂,文化創意業,11508,14076,13944,20800,0.9466437177280551,-32.32692307692308,209522,37.69666539609101,tpex
8455,大拓-KY,其他電子業,11508,100725,108143,81742,-6.8594361169932405,23.22306770081476,841042,8.278445811983417,tpex
8472,納維康,數位雲端,11508,55646,48131,25145,15.613637780224803,121.30045734738516,352519,20.839075022452576,tpex
8477,創業家,數位雲端,11508,24510,27126,25474,-9.64388409643884,-3.7842506084635312,273033,-12.512696942800472,tpex
8489,三貝德,其他,11508,167552,163735,126398,2.331205911991938,32.55905947878922,1299487,50.31051374438282,tpex
8905,裕國,其他,11508,204525,196152,183247,4.268628410620336,11.611649849656475,1507888,13.885467119926226,tpex
8906,花王,其他,11508,17305,16012,17905,8.075193604796402,-3.351019268360793,134045,-1.0993470321319216,tpex
8908,欣雄,油電燃氣業,11508,1024179,883594,823086,15.910587894440207,24.431590380592066,7169566,1.6988134278362104,tpex
8916,光隆,其他,11508,842764,902934,591662,-6.6638314649797215,42.44010938677826,5467266,-1.6282282121265064,tpex
8917,欣泰,油電燃氣業,11508,259568,237385,234726,9.344735345535733,10.583403628059951,2041709,-2.7626117055830406,tpex
8921,沈氏,其他,11508,54956,58467,49922,-6.005096892264012,10.083730619766836,420438,6.961266933791261,tpex
8923,時報,文化創意業,11508,30927,33306,24329,-7.142857142857143,27.1198980640388,300037,3.0484852023450943,tpex
8924,大田,運動休閒,11508,293119,261459,485769,12.108973108594464,-39.65876785056272,2570640,-7.995886972633622,tpex
8927,北基,油電燃氣業,11508,921391,838011,762906,9.949750062946668,20.77385680542557,9396422,42.57168282715022,tpex
8928,鉅明,運動休閒,11508,141919,304158,181415,-53.34036915024428,-21.77107736405479,1816627,-13.633085367714772,tpex
8929,富堡,其他,11508,53177,49890,54846,6.588494688314292,-3.043066039455931,455410,-1.1967213826080543,tpex
8930,青鋼,鋼鐵工業,11508,106959,112315,118291,-4.768730801762899,-9.579765155421798,928220,-4.364006528082293,tpex
8931,大汽電,油電燃氣業,11508,313813,304339,227140,3.112975990589441,38.158404508232806,1922582,13.848072452250987,tpex
8932,智通*,數位雲端,11508,206275,192123,182933,7.3661144162854,12.75986290062482,1689473,11.97179551416388,tpex
8933,愛地雅,運動休閒,11508,276545,307950,145122,-10.19808410456243,90.56035611416601,1755690,-0.7557125002614384,tpex
8935,邦泰,其他,11508,35871,31609,43578,13.483501534373122,-17.68552939556657,315265,-12.412764207765653,tpex
8936,國統,其他,11508,556411,534947,495270,4.012360102963471,12.344983544329356,4409358,17.133057822479593,tpex
8937,合騏*,其他,11508,77680,7783,5168,898.0727226005397,1403.095975232198,488985,898.6622824932604,tpex
8938,明安,運動休閒,11508,1015880,1093307,862351,-7.081908375232208,17.803539394051842,9396739,-3.0402978480064666,tpex
8941,關中,居家生活,11508,256427,247963,251381,3.4134124849271865,2.007311610662699,2066306,5.192138128488492,tpex
8942,森鉅,其他,11508,296719,290660,201004,2.084566159774307,47.618455354122304,1931194,-35.888973911657835,tpex
9949,琉園,文化創意業,11508,13038,9338,11329,39.62304562004712,15.085179627504633,93284,7.888923585811272,tpex
9950,萬國通,塑膠工業,11508,209987,161965,176348,29.649615657703826,19.07535101050196,1413806,-7.391305771806805,tpex
9951,皇田,電機機械,11508,479604,536321,496274,-10.575196570710451,-3.359031502758557,4266595,5.553528289026908,tpex
9960,邁達康,運動休閒,11508,47721,46662,52571,2.2695126655522695,-9.225618687108863,449283,5.394487751209866,tpex
9962,有益,鋼鐵工業,11508,161658,187849,120581,-13.942581541557315,34.06589761239333,1253249,-8.86031855462131,tpex
1101,台泥,水泥工業,11508,13515534,13744103,12214776,-1.6630332295967223,10.649053245020621,98726969,2.699785952844798,twse
1102,亞泥,水泥工業,11508,5590320,5398231,5663764,3.558369399160577,-1.2967348215780177,43694999,-6.556344483257107,twse
1103,嘉泥,水泥工業,11508,230872,242322,236882,-4.725117818439927,-2.537128190407038,1828907,-8.999234241115033,twse
1104,環泥,水泥工業,11508,517521,663235,603054,-21.97019156106056,-14.183306967535245,4740038,-6.611461479506897,twse
1108,幸福,水泥工業,11508,290125,309786,344143,-6.34663929293125,-15.696382027238677,2503880,-18.569062370827073,twse
1109,信大,水泥工業,11508,268621,292047,365337,-8.021311638195222,-26.473091967142665,2418514,-18.16660418242871,twse
1110,東泥,水泥工業,11508,169661,261007,236226,-34.997528801909525,-28.178523955872766,1697994,-11.368330612954363,twse
1201,味全,食品工業,11508,2000571,1991488,1974741,0.45609112382299066,1.3080196339671886,14437677,-0.8206283969162342,twse
1203,味王,食品工業,11508,460482,431017,470431,6.8361572745390555,-2.1148691306482776,3502289,-9.122945315313725,twse
1210,大成,食品工業,11508,9704420,9639463,8556083,0.673865338764203,13.42129336519994,73025213,9.050925655605084,twse
1213,大飲,食品工業,11508,40028,32555,34176,22.954999232068808,17.12312734082397,223170,15.839194414886714,twse
1215,卜蜂,食品工業,11508,2363683,2562688,2333191,-7.7654790594875385,1.3068797196628994,19328014,4.6854447852652745,twse
1216,統一,食品工業,11508,63101242,62168637,60796560,1.5001213554030468,3.7908098747692303,475247869,4.050033417999241,twse
1217,愛之味,食品工業,11508,680053,505906,591972,34.42279791107439,14.879251045657565,3539508,0.9364439767642806,twse
1218,泰山,食品工業,11508,531098,563843,1021563,-5.807467681606405,-48.01123376629733,6127206,-10.569440560379581,twse
1219,福壽,食品工業,11508,984933,882904,1150184,11.556069516051576,-14.367353397369465,8944101,-4.796766703087737,twse
1220,台榮,食品工業,11508,361183,279357,280352,29.29083574064727,28.831968382604725,2144655,1.6164591130512158,twse
1225,福懋油,食品工業,11508,715560,903312,939446,-20.784845103352993,-23.831705068732,8047973,-1.5866274756432812,twse
1227,佳格,食品工業,11508,2624457,2077948,2370684,26.300417527291348,10.7046320808678,18636102,7.385662640417827,twse
1229,聯華,食品工業,11508,883894,2104623,1017481,-58.00226453858957,-13.12918865315421,8022524,-5.928266252287147,twse
1231,聯華食,食品工業,11508,1248708,1184866,1168240,5.3881198380238775,6.887968225707047,8759524,4.055671383836259,twse
1232,大統益,食品工業,11508,2395366,2488656,1780197,-3.7486096913354037,34.55623169795253,16366019,16.56652232738474,twse
1233,天仁,食品工業,11508,193635,166958,178499,15.978269984067849,8.479599325486417,1492026,5.191149150976985,twse
1234,黑松,食品工業,11508,893504,866862,887896,3.073384229554416,0.6316055033472389,6196982,-3.636402935669454,twse
1235,興泰,食品工業,11508,3666,8605,18931,-57.396862289366645,-80.63493740425757,105697,5.6653004098770365,twse
1236,宏亞,食品工業,11508,166049,167970,163447,-1.1436566053461927,1.5919533549101543,1219287,6.0707975533774166,twse
1256,鮮活果汁-KY,食品工業,11508,648858,619291,516828,4.774330645851466,25.546216536255777,3915891,38.877339098534726,twse
1301,台塑,塑膠工業,11508,13992385,15293925,13103184,-8.510176426260754,6.786144497398495,118525399,-1.4665821661107967,twse
1303,南亞,塑膠工業,11508,30601161,30572583,20853020,0.09347590944474662,46.746902846686,213417020,23.16770689005283,twse
1304,台聚,塑膠工業,11508,3671323,3340929,3376784,9.889285285619659,8.722470848002123,28772859,-6.01141803701763,twse
1305,華夏,塑膠工業,11508,682270,567866,768703,20.1463021205707,-11.244004511495337,6653515,0.18250686527557317,twse
1307,三芳,塑膠工業,11508,1053304,1066159,950351,-1.2057301021705018,10.833155328925839,7782856,6.376168563763941,twse
1308,亞聚,塑膠工業,11508,518710,501654,459866,3.3999529556228,12.795901414759951,3872607,1.8857485179288969,twse
1309,台達化,塑膠工業,11508,1147797,1032063,1079037,11.213850317277142,6.372348677570834,8353962,-19.0159923300409,twse
1310,台苯,塑膠工業,11508,827062,668728,716796,23.676891052864544,15.383177361480811,5658190,-9.312077148500734,twse
1312,國喬,塑膠工業,11508,2381254,1422114,1258413,67.44466336735312,89.22674829328686,16669124,20.162313431356427,twse
1313,聯成,塑膠工業,11508,5244696,5091842,4946044,3.001939180359485,6.038199417554717,41672457,6.803102597130695,twse
1314,中石化,塑膠工業,11508,927609,1059916,1227152,-12.482781654395254,-24.409608589644968,9967217,-30.191368977893482,twse
1315,達新,塑膠工業,11508,219175,218590,199708,0.2676243195022645,9.747731688264867,1404733,-11.386003392574061,twse
1316,上曜,建材營造,11508,690239,695494,357553,-0.7555780495590185,93.04522686147229,5362428,122.05590293593937,twse
1319,東陽,汽車工業,11508,1946454,2035775,1812381,-4.38756738834105,7.397616726284374,15275956,-8.29006526276899,twse
1321,大洋,塑膠工業,11508,271109,297426,256760,-8.848251329742524,5.588487303318274,2486189,-0.6473416592470872,twse
1323,永裕,塑膠工業,11508,213908,189518,159541,12.869489969290516,34.077133777524274,1484454,9.788935417403176,twse
1324,地球,塑膠工業,11508,40030,56386,62593,-29.007200368885893,-36.04716182320707,428842,-12.883737181674874,twse
1325,恆大,塑膠工業,11508,15611,19967,20429,-21.81599639405018,-23.584120612854274,158956,-23.0434803658141,twse
1326,台化,塑膠工業,11508,30558197,31267016,23203688,-2.2669863987020697,31.695431346947952,230729306,15.965623389576152,twse
1337,再生-KY,塑膠工業,11508,47354,50904,40851,-6.973911676881974,15.918826956500453,386515,-12.597264276168358,twse
1338,廣華-KY,汽車工業,11508,503046,370408,456525,35.80862184402065,10.190241498275013,3400344,0.2456063700227564,twse
1339,昭輝,汽車工業,11508,140264,141514,121383,-0.8833048320307532,15.554896484680722,1087273,-6.931000715603932,twse
1340,勝悅-KY,塑膠工業,11508,7115,7274,3321,-2.185867473192191,114.24269798253538,43115,44.303500903674944,twse
1341,富林-KY,塑膠工業,11508,181811,265664,173867,-31.563553962900507,4.569009645303594,1783429,7.182440972186747,twse
1342,八貫,其他,11508,307180,337627,188651,-9.017939915942742,62.82977561740993,2556955,37.036896105232465,twse
1402,遠東新,紡織纖維,11508,22832378,23366547,19820523,-2.2860416646070982,15.195638379471621,176712966,8.353315450032525,twse
1409,新纖,紡織纖維,11508,3425819,4641142,3746713,-26.185861152276747,-8.564680561334695,30122179,12.013942718978948,twse
1410,南染,紡織纖維,11508,18766,18088,13766,3.748341441839894,36.32137149498765,143619,8.853400839788385,twse
1413,宏洲,紡織纖維,11508,184216,173552,144296,6.144556098460404,27.66535454898265,1364932,-10.411432202032612,twse
1414,東和,紡織纖維,11508,31640,30089,33531,5.154707700488551,-5.6395574244728754,302434,-7.949986912349264,twse
1416,廣豐,其他,11508,44896,44583,30752,0.7020613238229818,45.99375650364204,316585,44.45382369045446,twse
1417,嘉裕,紡織纖維,11508,23777,24710,28755,-3.77579927154998,-17.311771865762477,193779,-0.8975421154377243,twse
1418,東華,紡織纖維,11508,38,834,17,-95.44364508393285,123.52941176470588,4298,19.955344683226347,twse
1419,新紡,紡織纖維,11508,510290,429159,481661,18.90464839371888,5.943806951362058,3500913,24.561940951689685,twse
1423,利華,紡織纖維,11508,10823,5951,4505,81.86859351369517,140.2441731409545,61173,15.816278233211534,twse
1432,大魯閣,運動休閒,11508,82129,70081,127741,17.191535508911116,-35.7066251242749,548711,-39.566743982677686,twse
1434,福懋,紡織纖維,11508,2026703,2152442,2183147,-5.841690507804624,-7.165985616177014,18389268,-4.731307243143775,twse
1435,中福,其他,11508,499,499,499,0.0,0.0,3988,0.0,twse
1436,華友聯,建材營造,11508,54343,88560,449276,-38.63708220415538,-87.90431716806596,625945,-82.49176886992339,twse
1437,勤益控,其他,11508,80186,107578,69292,-25.46245514882225,15.72187265485193,597629,-3.9254268568130706,twse
1438,三地開發,建材營造,11508,406071,39787,978,920.6122602860231,41420.552147239265,837553,68608.20344544708,twse
1439,雋揚,建材營造,11508,35925,22489,123109,59.7447641068967,-70.81854291725219,173564,-65.82390145160402,twse
1440,南紡,紡織纖維,11508,1050401,1300342,1096783,-19.221174121884857,-4.228913103138908,8914083,-11.807879102134608,twse
1441,大東,紡織纖維,11508,108006,89328,124523,20.909457281031703,-13.264216249206974,802457,-21.749148945921622,twse
1442,名軒,建材營造,11508,265545,271346,161359,-2.1378608861011403,64.5678270192552,1369325,-46.14378360052498,twse
1443,立益物流,其他,11508,82121,79430,79064,3.3878887070376433,3.8664879085297987,627811,-6.07607435389161,twse
1444,力麗,紡織纖維,11508,444102,517228,519789,-14.138059037793777,-14.561100754344551,5459214,16.03898110757937,twse
1445,大宇,紡織纖維,11508,54031,66134,64086,-18.300722774972026,-15.689854258340356,427274,-19.044389034991323,twse
1446,宏和,紡織纖維,11508,88539,10920,121319,710.7967032967033,-27.01967540121498,432190,-55.74367602228637,twse
1447,力鵬,紡織纖維,11508,2041747,1199980,3097385,70.148419140319,-34.08158817841502,19309758,3.9259194276091196,twse
1449,佳和,紡織纖維,11508,317172,371228,158240,-14.561401618412404,100.43731041456016,2529935,51.534763147475864,twse
1451,年興,紡織纖維,11508,654058,670302,478115,-2.4233852800677904,36.79930560639177,4531929,8.770751249971198,twse
1452,宏益,紡織纖維,11508,69905,113912,105811,-38.63245312170798,-33.934090028446946,908105,-1.8979683992420657,twse
1453,大將,建材營造,11508,107,106,105,0.9433962264150944,1.9047619047619047,967,-0.6166495375128469,twse
1454,台富,紡織纖維,11508,70385,118586,118323,-40.6464506771457,-40.514523803487066,830526,-21.81680570695917,twse
1455,集盛,紡織纖維,11508,464570,506492,468295,-8.27693231087559,-0.7954387725685732,3840397,-15.630512146742038,twse
1456,怡華,建材營造,11508,2232459,90897,33692,2356.031552196442,6526.080375163244,2690860,344.8356865720742,twse
1457,宜進,紡織纖維,11508,231778,238975,214233,-3.0116120933152004,8.189681328273421,1898764,-10.59683909480173,twse
1459,聯發,紡織纖維,11508,77340,95047,90191,-18.62973055435732,-14.24865008703751,663100,-16.725690833923576,twse
1460,宏遠,紡織纖維,11508,718711,517874,633533,38.781054851180016,13.444919207049988,4268603,-11.374755422235067,twse
1463,強盛新,紡織纖維,11508,15629,19873,15115,-21.355608111508076,3.400595434998346,150954,-79.58525146192504,twse
1464,得力,紡織纖維,11508,1001905,969593,984416,3.3325323099486073,1.776586321230049,7911620,-3.5521973832278824,twse
1465,偉全,紡織纖維,11508,18919,31816,15136,-40.53620819713352,24.993393234672304,251221,1.3069602387289299,twse
1466,聚隆,紡織纖維,11508,183930,207165,199383,-11.215697632322062,-7.750410014895954,1502861,-13.497283517434816,twse
1467,南緯,紡織纖維,11508,509038,522427,553569,-2.562846100986358,-8.044344968739217,3494668,0.04354239887413842,twse
1468,昶和,紡織纖維,11508,22570,42981,47650,-47.488425118075426,-52.633788037775446,329487,-42.69900923634504,twse
1470,大統新創,紡織纖維,11508,41969,56595,61110,-25.84327237388462,-31.32220585828833,470190,-11.93542043209125,twse
1471,首利,電子零組件業,11508,5736,8754,14065,-34.475668265935575,-59.21791681478848,61838,-52.93589363046175,twse
1472,三洋實業,建材營造,11508,357593,360176,331244,-0.717149393629781,7.954559176920941,2628414,7.5268826002025015,twse
1473,台南,紡織纖維,11508,559294,663144,533721,-15.660248754418346,4.791454711356683,4612798,-9.962931522961824,twse
1474,弘裕,紡織纖維,11508,236259,223674,234702,5.626492126934735,0.6633944320883504,1830294,-4.717843533306957,twse
1475,業旺,紡織纖維,11508,129628,127357,104301,1.783176425324089,24.282605152395472,980283,0.5978714299348252,twse
1476,儒鴻,紡織纖維,11508,3311034,3752424,3348874,-11.762796528324092,-1.1299320308856051,26770332,5.041691460239937,twse
1477,聚陽,紡織纖維,11508,3554003,2999331,3745640,18.493190648181212,-5.116268514859944,23616164,-2.1677667814400583,twse
1503,士電,電機機械,11508,2846465,2971490,2857439,-4.207485133720794,-0.3840501931974751,26939478,9.537332827299542,twse
1504,東元,電機機械,11508,5408315,5528934,4629290,-2.1815959459816305,16.828174514882413,41725219,8.22039912044316,twse
1506,正道,電機機械,11508,116168,123620,78595,-6.028150784662676,47.80584006616197,855886,18.611451409945843,twse
1512,瑞利,汽車工業,11508,90473,74442,113866,21.534886220144543,-20.544324030000176,717706,-3.6192502051279987,twse
1513,中興電,電機機械,11508,2502498,2410391,2297365,3.8212472582249104,8.929055679006165,18936577,4.214029149541254,twse
1514,亞力,電機機械,11508,773622,894958,1052778,-13.55773120079378,-26.51613160609359,7043770,7.942524398963939,twse
1515,力山,電機機械,11508,460497,434596,498318,5.9597879409842704,-7.589731857970212,3117636,-0.10484128337009614,twse
1516,川飛,其他,11508,9784,7546,9989,29.65809700503578,-2.0522574832315548,72116,30.569235225955968,twse
1517,利奇,電機機械,11508,157625,196093,144986,-19.61722244037268,8.717393403501028,1342078,-0.28449216773521496,twse
1519,華城,電機機械,11508,1916427,2049883,1703482,-6.510420350820023,12.500572357089773,14178496,-1.7697726969149943,twse
1521,大億,汽車工業,11508,248902,301739,264998,-17.51082889517099,-6.0740081057215525,2554144,9.41348425888324,twse
1522,堤維西,汽車工業,11508,2162878,2356530,2230662,-8.217675989696716,-3.0387391724967747,17862637,30.47117976741869,twse
1524,耿鼎,汽車工業,11508,221762,226339,219798,-2.0221879570025494,0.8935477119901,1594535,-6.783247893827018,twse
1525,江申,汽車工業,11508,94944,125585,120877,-24.39861448421388,-21.454040057248278,854714,7.174034891492299,twse
1526,日馳,電機機械,11508,41955,60672,59438,-30.84948575949367,-29.413842996063124,432441,-19.8677312895736,twse
1527,鑽全,電機機械,11508,241850,281887,237112,-14.20320908732932,1.998211815513344,1856396,-11.171997203663182,twse
1528,恩德,電機機械,11508,383294,317995,224361,20.534599600622652,70.8380690048627,2171200,19.702375964256888,twse
1529,樂事綠能,電機機械,11508,49353,44186,45695,11.693749151314897,8.005252215778532,534486,-14.883987578628872,twse
1530,亞崴,電機機械,11508,87383,238923,153168,-63.42629215270192,-42.949571712106966,1238669,-9.983067352693237,twse
1531,高林股,電機機械,11508,125964,140170,116313,-10.134836270243277,8.297438807356013,1047396,-0.6215682572273559,twse
1532,勤美,電機機械,11508,1689080,1245914,2944507,35.569549744203854,-42.63623757729223,9849731,-1.7081788812308987,twse
1533,車王電,汽車工業,11508,459785,385966,382971,19.12577791826223,20.05739337965538,3552513,47.19780329058916,twse
1535,中宇,電機機械,11508,701433,672022,981507,4.376493626696745,-28.535099596844443,5560589,-26.78279493664486,twse
1536,和大,汽車工業,11508,460071,439713,404527,4.62983809894181,13.73060389046961,3255001,2.6476462160872622,twse
1537,廣隆,電機機械,11508,606136,606200,546155,-0.010557571758495546,10.982413417436442,4649899,2.7301857888148477,twse
1538,正峰,電機機械,11508,4096,3385,9771,21.00443131462334,-58.080032749974414,41907,-50.40180843383475,twse
1539,巨庭,電機機械,11508,105264,115130,103469,-8.569443238078694,1.7348191245687115,773986,-18.50299722757765,twse
1540,喬福,電機機械,11508,25446,20417,51869,24.63143458882304,-50.941795677572344,247718,-34.28498665633837,twse
1541,錩泰,電機機械,11508,185322,222307,338514,-16.6369030214973,-45.25425831723356,1609710,-38.539457331635546,twse
1558,伸興,電機機械,11508,890004,936760,750248,-4.991246423843887,18.6279736833687,6045031,5.6226058125158564,twse
1560,中砂,電機機械,11508,899115,886323,689622,1.4432661682027883,30.37794617921122,6571294,24.452931586714303,twse
1563,巧新,汽車工業,11508,549815,650057,536622,-15.420493895150733,2.4585276041608433,5051600,6.33926511475951,twse
1568,倉佑,汽車工業,11508,88426,94387,83099,-6.315488361744732,6.410426118244503,737989,4.691170629291267,twse
1582,信錦,電子零組件業,11508,724367,868532,712982,-16.598697572455592,1.596814505836052,5714571,-1.8019281259875317,twse
1583,程泰,電機機械,11508,336552,441308,374511,-23.737616358642942,-10.135616844365051,2754520,5.523903509444024,twse
1587,吉茂,汽車工業,11508,211156,237679,215386,-11.159168458298797,-1.9639159462546312,1801179,8.917596093143409,twse
1589,永冠-KY,電機機械,11508,638363,728061,706113,-12.320121528278538,-9.594781571788085,5346040,3.435519483886546,twse
1590,亞德客-KY,電機機械,11508,3707549,3994281,2586808,-7.1785635512373815,43.32524872352335,29879717,34.08118405397043,twse
1597,直得,電機機械,11508,133094,136585,91642,-2.5559175604934654,45.23253530040811,1027337,44.88513122822852,twse
1598,岱宇,運動休閒,11508,491583,477072,396941,3.0416792433846465,23.842838104403427,3880585,-3.3027354223438676,twse
1603,華電,電器電纜,11508,439498,504831,364716,-12.941558660224906,20.5041731100363,3752683,1.2213128107969888,twse
1604,聲寶,電器電纜,11508,706947,800422,683692,-11.67821474172374,3.401385419165355,6303169,0.10314969458479191,twse
1605,華新,電器電纜,11508,14428827,15713997,12550005,-8.17850480689286,14.970687262674398,120910665,2.4700172395469884,twse
1608,華榮,電器電纜,11508,1180412,1267960,1001210,-6.904634215590397,17.898542763256458,9165836,19.18485256429511,twse
1609,大亞,電器電纜,11508,3388884,2905704,2513349,16.628672431878815,34.835392935879575,24317144,20.011540622804734,twse
1611,中電,電器電纜,11508,81207,88821,81138,-8.572297091903941,0.08504030170820084,678826,-7.590166924863392,twse
1612,宏泰,電器電纜,11508,684422,746815,572267,-8.35454563713905,19.598369292655352,5402989,2.0554882278008555,twse
1614,三洋電,電器電纜,11508,405059,511916,418037,-20.873932442041273,-3.104509887880738,3567334,-5.593217109448687,twse
1615,大山,電器電纜,11508,465639,494555,387202,-5.846872440881196,20.257385034168212,3888518,5.2360404909928,twse
1616,億泰,電器電纜,11508,447433,532980,476156,-16.050696086157078,-6.032266736111694,3769782,6.871285511951566,twse
1617,榮星,電器電纜,11508,374179,419782,254731,-10.86349581449419,46.89181921320923,2815350,30.48247951702921,twse
1618,合機,電器電纜,11508,527665,670446,537890,-21.296420591665846,-1.9009462901336704,3488546,1.8899853848139923,twse
1623,大東電,電器電纜,11508,482275,619085,520334,-22.098742499010637,-7.314340404432538,4399528,2.32531311416311,twse
1626,艾美特-KY,電器電纜,11508,376173,672217,308260,-44.03994543428684,22.031077661714136,5934241,-1.1273094974408941,twse
1702,南僑,食品工業,11508,1971512,1864175,1948584,5.757882173079244,1.1766493002097933,15366880,0.5693235447799094,twse
1707,葡萄王,生技醫療業,11508,706058,716707,884118,-1.4858233559878724,-20.139845586222652,6114390,-5.35668070489142,twse
1708,東鹼,化學工業,11508,680872,639793,511272,6.420670435594013,33.17216667449029,4629084,15.96648381421349,twse
1709,和益,化學工業,11508,1208393,1130202,661529,6.918320795751556,82.66667069773207,7451684,22.25561662215326,twse
1710,東聯,化學工業,11508,2389820,2249785,1927762,6.224372551154888,23.96862268267556,15216754,-2.4428407549970403,twse
1711,永光,化學工業,11508,747049,781404,561028,-4.396573347461748,33.157168626164825,5705465,11.639608579015029,twse
1712,興農,化學工業,11508,1449498,1571098,1489922,-7.739809992756658,-2.7131621655361826,13189605,4.31302595526585,twse
1713,國化,化學工業,11508,38761,33259,42410,16.542890646140894,-8.604102805941995,298461,3.415764908888681,twse
1714,和桐,化學工業,11508,3046841,3330687,1951760,-8.522145731496234,56.10735951141534,23394143,60.53884698622307,twse
1717,長興,化學工業,11508,4069789,4092959,3364895,-0.5660941143070332,20.948469417322087,30331598,11.781544744719955,twse
1718,中纖,化學工業,11508,4179861,4902256,4002631,-14.735970540910143,4.427837589825293,32841304,3.2539582754242793,twse
1720,生達,生技醫療業,11508,623714,597173,578668,4.444440723207513,7.784429068135788,4745375,2.98268096229656,twse
1721,國慶科技,化學工業,11508,169943,99976,124531,69.98379611106665,36.46642201540179,1076323,-9.659806733360696,twse
1722,台肥,化學工業,11508,911920,986349,1027861,-7.54590920657901,-11.279832584366952,8648210,4.579283574328635,twse
1723,中碳,化學工業,11508,619597,683318,421666,-9.325233639388982,46.94023231657283,4623048,15.22499421762468,twse
1725,元禎,化學工業,11508,853217,856636,652998,-0.3991193459065461,30.661502791739025,6320721,12.167170355752969,twse
1726,永記,化學工業,11508,745945,844085,744817,-11.626791140702654,0.15144659694931775,6765572,3.8018171223383184,twse
1727,中華化,化學工業,11508,256624,235237,157756,9.09168200580691,62.67146732929334,1649370,26.367202463952438,twse
1730,花仙子,化學工業,11508,196517,214484,196965,-8.37684862274109,-0.22745157769146804,1668132,3.5619255033965374,twse
1731,美吾華,生技醫療業,11508,133240,147474,112956,-9.651870838249454,17.95743475335529,1135214,9.206435327345908,twse
1732,毛寶,化學工業,11508,55605,50473,56278,10.16781249380857,-1.1958491772984114,469440,4.065155995761491,twse
1733,五鼎,生技醫療業,11508,146355,142568,146894,2.656276303237753,-0.3669312565523439,1279299,-3.4366699400450926,twse
1734,杏輝,生技醫療業,11508,311002,283359,255810,9.755469210436232,21.575387983268833,2291496,5.826347504498147,twse
1735,日勝化,化學工業,11508,216074,213751,179803,1.0867785413869409,20.1726333820904,1693156,9.602012400134125,twse
1736,喬山,運動休閒,11508,4840096,4580338,3946036,5.671153526224484,22.657167851484374,34499748,14.108580564884598,twse
1737,臺鹽,食品工業,11508,275018,276992,286105,-0.7126559611829945,-3.875150731374845,2110519,-5.179647121404901,twse
1752,南光,生技醫療業,11508,169159,171833,150552,-1.5561620876083173,12.359184866358467,1409206,-3.1904026182171914,twse
1760,寶齡富錦,生技醫療業,11508,181232,173208,251306,4.632580481271073,-27.88393432707536,1385567,0.2947531478579365,twse
1762,中化生,生技醫療業,11508,59095,89767,45353,-34.16845834215246,30.300090401957974,815267,24.432149452830476,twse
1773,勝一,化學工業,11508,1384770,1336524,957512,3.609811720552717,44.621686203410505,9373344,23.963452688577757,twse
1776,展宇,化學工業,11508,76443,84364,76240,-9.389075909155563,0.2662644281217209,689091,1.917391259334415,twse
1783,和康生,生技醫療業,11508,68526,63763,70258,7.4698492856358705,-2.465199692561701,544170,4.29887626236006,twse
1786,科妍,生技醫療業,11508,66363,75206,85888,-11.758370342791798,-22.733094262295083,557917,-2.953234938553997,twse
1789,神隆,生技醫療業,11508,199285,185365,344685,7.509508267472285,-42.18344285361997,1722863,-12.898603991815964,twse
1795,美時,生技醫療業,11508,2107202,2491699,1159844,-15.431117482488856,81.67977762526685,22051986,69.18849391685958,twse
1802,台玻,玻璃陶瓷,11508,4592157,4581358,3463388,0.2357161348229062,32.59146823861491,31473937,16.578155023476985,twse
1805,寶徠,建材營造,11508,114,115,115,-0.8695652173913043,-0.8695652173913043,104266,7.2221136739919585,twse
1806,冠軍,玻璃陶瓷,11508,204823,209074,245976,-2.033251384677196,-16.730494031938075,1853059,-19.247610406747253,twse
1808,潤隆,建材營造,11508,622899,1101405,1880,-43.44505427158947,33032.925531914894,14184672,13849.620888036583,twse
1809,中釉,玻璃陶瓷,11508,212015,201583,221147,5.175039561867816,-4.1293800051549425,1615439,-1.808243191659555,twse
1810,和成,玻璃陶瓷,11508,343347,388679,328228,-11.663094738846194,4.606249314500896,2916453,-6.310317820826076,twse
1817,凱撒衛,玻璃陶瓷,11508,247067,234891,224431,5.183680941372807,10.08595069308607,1784133,2.7776113590749785,twse
1903,士紙,造紙工業,11508,13784,11204,13267,23.02749018207783,3.8968870128891235,101607,-0.7075079887815031,twse
1904,正隆,造紙工業,11508,4342939,4255688,3527265,2.050220786862195,23.124829010579017,30705852,9.493729023644711,twse
1905,華紙,造紙工業,11508,1518838,1519667,1494221,-0.05455142475292284,1.6474805266423107,12119089,-3.4986825624459033,twse
1906,寶隆,造紙工業,11508,312709,337926,286404,-7.462284642199772,9.184578427675591,2231967,8.726396597086264,twse
1907,永豐餘,造紙工業,11508,6452290,6450570,6085364,0.026664310285757692,6.0296475280689865,50762452,4.995752800144488,twse
1909,榮成,造紙工業,11508,4596477,4324449,3731723,6.290466137998159,23.173049017839748,33131450,15.08176178749688,twse
2002,中鋼,鋼鐵工業,11508,27948400,29719695,24739527,-5.960003963701512,12.97063197691694,225670804,3.8054686101030857,twse
2006,東和鋼鐵,鋼鐵工業,11508,5234484,5196912,4546819,0.7229677931817972,15.124090050648597,40327750,2.3507858392718757,twse
2007,燁興,鋼鐵工業,11508,318860,457987,405617,-30.377936491647144,-21.388896421994147,3040813,-22.222924188649014,twse
2008,高興昌,鋼鐵工業,11508,148996,159159,148446,-6.385438460910159,0.37050509949746036,1129811,-12.891312577437542,twse
2009,第一銅,鋼鐵工業,11508,338921,345877,260159,-2.0111195598435283,30.27456286347964,2375670,22.028230653065,twse
2010,春源,鋼鐵工業,11508,1990448,2093876,2122871,-4.93954751857321,-6.237920250453278,16950246,4.312871547670998,twse
2012,春雨,鋼鐵工業,11508,628001,647377,674040,-2.99300098706009,-6.830306806717703,5044162,-11.046947680390874,twse
2013,中鋼構,鋼鐵工業,11508,1785700,1757640,1500083,1.5964588880544366,19.04007978225205,13187080,-5.809740258024177,twse
2014,中鴻,鋼鐵工業,11508,1025159,1250747,1450307,-18.036261530109606,-29.314345169677868,12598125,-7.627490102938822,twse
2015,豐興,鋼鐵工業,11508,2306318,2472383,2102928,-6.716799136703335,9.671752908325915,18770529,-7.351585198329888,twse
2017,官田鋼,鋼鐵工業,11508,219145,180742,264977,21.24741344015226,-17.29659555357635,1808860,-5.443854969234203,twse
2020,美亞,鋼鐵工業,11508,272115,284045,432299,-4.200038726258163,-37.053983469774394,2604679,-21.618788050041363,twse
2022,聚亨,鋼鐵工業,11508,724508,903166,778466,-19.781302661969118,-6.931323911384697,7853445,35.96875233188,twse
2023,燁輝,鋼鐵工業,11508,4776556,5722528,5574426,-16.530666167120547,-14.313043172516776,44189166,-6.722604889339132,twse
2024,志聯,鋼鐵工業,11508,87528,100086,78083,-12.547209399916072,12.096102864900171,698010,4.522400866115911,twse
2025,千興,鋼鐵工業,11508,212580,112761,104962,88.52262750419028,102.5304395876603,1228139,136.2137376977922,twse
2027,大成鋼,鋼鐵工業,11508,12385552,12618274,8477981,-1.844325143042543,46.090820444159995,92199711,34.22589514467311,twse
2028,威致,鋼鐵工業,11508,639576,665890,535959,-3.9517037348511015,19.33300868163423,6046960,6.00582080462579,twse
2029,盛餘,鋼鐵工業,11508,857746,1022366,1033804,-16.101865672371733,-17.030114025482586,8593713,-7.288696071321691,twse
2030,彰源,鋼鐵工業,11508,1175065,1078093,745165,8.994771323067676,57.69192058134775,8077866,20.405940800672543,twse
2031,新光鋼,鋼鐵工業,11508,1448409,1765571,1221367,-17.963706925408268,18.589170986280127,12624950,3.914304805197563,twse
2032,新鋼,鋼鐵工業,11508,268401,263658,283315,1.7989213299046491,-5.264105324462171,2197602,6.399403125842744,twse
2033,佳大,鋼鐵工業,11508,51386,53100,46858,-3.2278719397363465,9.663237867599983,448504,-5.048375145548851,twse
2034,允強,鋼鐵工業,11508,1270580,1354182,1002422,-6.173616249514467,26.75100905606621,8917917,-0.0364862374584864,twse
2038,海光,鋼鐵工業,11508,481052,608290,576350,-20.917325617715235,-16.534744512882796,5073300,-18.022071813460098,twse
2049,上銀,電機機械,11508,2708024,2681646,1903026,0.9836495943163266,42.300945967107126,19277366,23.02523893642657,twse
2059,川湖,電子零組件業,11508,6466169,6407256,1454984,0.9194731722909152,344.4151275890319,29153191,163.96140518937497,twse
2062,橋椿,居家生活,11508,615987,564590,504081,9.103420181016313,22.200003570854683,4667319,14.612866066326527,twse
2069,運錩,鋼鐵工業,11508,886938,796947,746227,11.291967972776106,18.856326560148588,6682959,-3.1736575096656696,twse
2072,世紀風電,綠能環保,11508,1311094,1571712,709332,-16.581791066047725,84.83502788539076,11729090,70.23367509463723,twse
2101,南港,橡膠工業,11508,1267668,1211182,688190,4.663708674666565,84.20319969775788,15528534,156.5212859256626,twse
2102,泰豐,橡膠工業,11508,22681,22187,17448,2.226529048541939,29.991976157725812,134598,-23.906492919128247,twse
2103,台橡,橡膠工業,11508,3446503,3641846,2829978,-5.36384569803336,21.785505046328982,29300415,16.81244560374614,twse
2104,國際中橡,橡膠工業,11508,1211672,1546688,1208295,-21.660218479745108,0.27948472848104144,9518278,-13.819029231137531,twse
2105,正新,橡膠工業,11508,8338554,8595349,7969069,-2.9876041100832555,4.636488904789254,65313310,5.808638760575933,twse
2106,建大,橡膠工業,11508,2901482,3237190,2684656,-10.370352064599237,8.076490991769523,24346985,5.867057036189319,twse
2107,厚生,橡膠工業,11508,123329,122411,102340,0.7499326040960371,20.50908735587258,993898,10.11536710181842,twse
2108,南帝,橡膠工業,11508,1046282,1028039,737702,1.7745435727632901,41.8298987938219,8120781,26.69267048861069,twse
2109,華豐,橡膠工業,11508,354696,454629,321035,-21.98121985179124,10.485149594280998,3087757,0.6665773376093914,twse
2114,鑫永銓,橡膠工業,11508,150454,142852,135320,5.321591577296783,11.183860478864913,1103128,8.495500368822228,twse
2115,六暉-KY,汽車工業,11508,319121,320318,216483,-0.37369114442522744,47.411575042844014,2380701,18.050801442969245,twse
2201,裕隆,汽車工業,11508,5807285,5943538,5927284,-2.2924561094755345,-2.0245191558224644,46264728,-3.4597181349413835,twse
2204,中華,汽車工業,11508,2255905,2878948,2326678,-21.641342601533616,-3.0418046674271215,23192109,9.086589895944432,twse
2206,三陽工業,汽車工業,11508,4883225,5407346,4894107,-9.692758702698145,-0.22234904140837133,40856145,-4.833125818448868,twse
2207,和泰車,汽車工業,11508,26802894,30043601,24240821,-10.786679665996097,10.569250109144406,214432097,13.13042331436157,twse
2208,台船,航運業,11508,2103059,1491536,1351198,40.99954677594104,55.644028484352404,13183031,-19.763588287081713,twse
2211,長榮鋼,鋼鐵工業,11508,1409894,1458678,1260547,-3.34439814681513,11.847793061266259,10536068,7.216904829939781,twse
2227,裕日車,汽車工業,11508,1060412,1228457,1098492,-13.67935548415614,-3.466570534878725,9005228,-14.39983589518965,twse
2228,劍麟,汽車工業,11508,393621,432522,396088,-8.99399336912342,-0.6228413887822908,3268476,-2.444297926586594,twse
2231,為升,汽車工業,11508,222547,248852,300150,-10.57053991930947,-25.854739297018156,1956007,-14.681752297935837,twse
2233,宇隆,汽車工業,11508,284737,281958,234793,0.9856077855567141,21.271502983479063,2262259,1.3355772129456385,twse
2236,百達-KY,汽車工業,11508,1204475,1238220,931995,-2.7252830676293387,29.236208348757234,8122412,29.791814709770534,twse
2237,華德動能-創,汽車工業,11508,292600,250888,224965,16.62574535250789,30.064676727490944,2381643,111.32872221014476,twse
2239,英利-KY,汽車工業,11508,1069103,1326447,1475293,-19.401001321575606,-27.532835850234495,10700964,-14.64438070026461,twse
2241,艾姆勒,汽車工業,11508,87163,80051,59161,8.884336235649773,47.331857135612985,638677,46.45128891864747,twse
2243,宏旭-KY,汽車工業,11508,200401,108679,97075,84.39716964638983,106.4393510172547,1279251,34.09353678567797,twse
2247,汎德永業,汽車工業,11508,3313810,4128800,3290313,-19.739149389653168,0.7141265891725195,28067583,-20.63444581262297,twse
2248,華勝-KY,汽車工業,11508,246526,232376,151780,6.089269115571316,62.42324416919225,1811034,51.12566058865302,twse
2250,IKKA-KY,汽車工業,11508,258606,285419,254274,-9.394258966642024,1.7036739894759196,2117268,-6.324611165825598,twse
2254,巨鎧精密-創,汽車工業,11508,3924,3224,49400,21.712158808933,-92.05668016194332,69716,-82.51017914798713,twse
2258,鴻華先進-創,汽車工業,11508,913778,597565,110617,52.91692117175538,726.0737499660993,3816310,14.577719626235567,twse
2301,光寶科,電腦及週邊設備業,11508,19592400,19005536,15648789,3.0878581903714792,25.200742370543818,134710261,26.726456239005763,twse
2302,麗正,半導體業,11508,135083,122214,71959,10.529890192612958,87.72217512750316,758055,37.96464139075741,twse
2303,聯電,半導體業,11508,25044641,23844045,19159816,5.035202709942881,30.71441291503008,178659250,14.660048248170208,twse
2305,全友,電腦及週邊設備業,11508,181219,178558,53302,1.490272068459548,239.98536640276163,992239,113.21461801444438,twse
2308,台達電,電子零組件業,11508,64586049,67073192,47859758,-3.708102933285179,34.94854905033159,474267973,41.06247765244574,twse
2312,金寶,其他電子業,11508,13452420,16022648,10991984,-16.041218654993855,22.383911766974915,104441220,3.523645415514764,twse
2313,華通,電子零組件業,11508,7012064,6955176,6561566,0.8179232272483112,6.865708582371952,53507270,12.676875236497159,twse
2314,台揚,通信網路業,11508,65083,78392,127271,-16.97749770384733,-48.862663136142565,971911,19.702465332986836,twse
2316,楠梓電,電子零組件業,11508,466413,510275,289358,-8.595757189750625,61.188907858085834,3130952,40.59833569613409,twse
2317,鴻海,其他電子業,11508,921766023,946512543,606512275,-2.6144946713083335,51.978131522564816,6511139274,39.72709766894786,twse
2321,東訊,通信網路業,11508,60108,63646,59096,-5.558872513590799,1.712467848923785,495903,1.5663946093742,twse
2323,中環,光電業,11508,710039,644798,591243,10.118052475348868,20.092584605652835,5310409,14.780194484490737,twse
2324,仁寶,電腦及週邊設備業,11508,67337469,81005761,58808664,-16.87323448513742,14.502633489514402,587941442,18.312116010144262,twse
2327,國巨*,電子零組件業,11508,16332196,16131188,10759050,1.2460830535233982,51.799610560411935,115085359,34.94853667392253,twse
2328,廣宇,電子零組件業,11508,2165981,2049542,1810015,5.681220487308872,19.666466852484646,13845255,-7.84493713602915,twse
2329,華泰,半導體業,11508,1768265,1790428,1687855,-1.237860444541752,4.764034825266388,13895387,8.666198855873375,twse
2330,台積電,半導體業,11508,514805337,467580548,335771691,10.099818994181083,53.320053714712955,3386869575,39.26370665798065,twse
2331,精英,電腦及週邊設備業,11508,1529563,1554400,1915668,-1.597851260936696,-20.15511038447163,13836213,9.45893027456396,twse
2332,友訊,通信網路業,11508,1175584,1155984,1117030,1.6955251975805894,5.241936205831536,9458929,8.616440764438579,twse
2337,旺宏,半導體業,11508,8145267,7724730,2557121,5.444034937143434,218.53271706735816,45463389,149.14239152509919,twse
2338,光罩,半導體業,11508,494412,505327,543000,-2.159987493246947,-8.94806629834254,4052183,-4.538728740389814,twse
2340,台亞,半導體業,11508,474269,394291,389148,20.28400343908433,21.873683020341876,3032071,4.819655299370302,twse
2342,茂矽,半導體業,11508,180687,183537,173814,-1.5528204122329559,3.9542269322379093,1372385,-3.1020532083145054,twse
2344,華邦電,半導體業,11508,27308717,26773179,7012528,2.000277964749722,289.42756449599915,152178225,177.3892901148317,twse
2345,智邦,通信網路業,11508,40872511,39472637,25637808,3.5464415513967307,59.42279854814421,246003583,61.86168160125982,twse
2347,聯強,電子通路業,11508,74215271,72339062,33427828,2.593631916322056,122.01643193808464,474203745,89.65916297833103,twse
2348,海悅,其他,11508,1425372,2077742,222520,-31.398027281539285,540.5590508718318,6619380,80.61133112104658,twse
2349,錸德,光電業,11508,539665,735585,546631,-26.63458335882325,-1.2743514363437127,5030925,-5.801080972583231,twse
2351,順德,半導體業,11508,1326062,1328046,822511,-0.1493924156241576,61.221187315428,9014909,32.46100185315033,twse
2352,佳世達,電腦及週邊設備業,11508,18813300,18193769,16824741,3.40518229070623,11.819254751083538,141278815,2.742410507995449,twse
2353,宏碁,電腦及週邊設備業,11508,30180310,26903988,21804230,12.177830290438726,38.41493141468421,214810992,25.08014545657306,twse
2354,鴻準,其他電子業,11508,21867114,21422430,13803533,2.0757869205314243,58.41679083173851,98911940,-1.6879571361936603,twse
2355,敬鵬,電子零組件業,11508,1468680,1472569,1294737,-0.26409628343391717,13.434620312851182,11238366,7.068072803156261,twse
2356,英業達,電腦及週邊設備業,11508,83267681,90190327,61304263,-7.675596962853899,35.82690162998942,643625608,40.120710190413114,twse
2357,華碩,電腦及週邊設備業,11508,94955954,84131254,62815315,12.866443188877227,51.16688342643828,645188921,42.30457002299758,twse
2359,所羅門,其他電子業,11508,275860,411460,337011,-32.9558158751762,-18.145105055918055,3034216,4.884055025296205,twse
2360,致茂,其他電子業,11508,5632401,5434240,2197611,3.6465264692026853,156.29654201767283,36455769,108.41049971158722,twse
2362,藍天,電腦及週邊設備業,11508,2015357,1817329,1797895,10.896651074186346,12.095367082059854,15303425,13.14745321789947,twse
2363,矽統,半導體業,11508,512334,404550,282957,26.64293659621802,81.06426064737752,3127965,92.59516265483826,twse
2364,倫飛,電腦及週邊設備業,11508,180244,189703,135930,-4.986215294433931,32.600603251673654,1227672,19.515424334701443,twse
2365,昆盈,電腦及週邊設備業,11508,111154,111160,81762,-0.0053976250449802084,35.948240013698296,710725,11.038289442437726,twse
2367,燿華,電子零組件業,11508,1459946,1631312,1157498,-10.504796139549025,26.12946199475075,11099781,-0.07890321559635258,twse
2368,金像電,電子零組件業,11508,10383971,10014527,5886997,3.6890808722169304,76.38825024031777,64058925,71.24826737205954,twse
2369,菱生,半導體業,11508,641933,641835,483031,0.015268721711966471,32.89685341106471,4821212,36.28182101367055,twse
2371,大同,電機機械,11508,4383050,3677894,4952129,19.172820097588456,-11.491602904528538,32562647,-0.6870882268898411,twse
2373,震旦行,其他電子業,11508,950602,931455,917542,2.055601183095265,3.6031048170002027,7004556,-1.831790548878464,twse
2374,佳能,光電業,11508,1312982,1159684,974730,13.218945850766243,34.7021226390898,8264458,50.056803811057286,twse
2375,凱美,電子零組件業,11508,653794,621019,475169,5.277616304815151,37.591888359720436,4284270,15.91040614513698,twse
2376,技嘉,電腦及週邊設備業,11508,47400848,44213037,23888296,7.210115423647554,98.42707910183296,340883090,55.23396713556208,twse
2377,微星,電腦及週邊設備業,11508,17693552,19342388,18834279,-8.524469677684058,-6.0566534030848755,143205499,-6.424512318249827,twse
2379,瑞昱,半導體業,11508,12459133,12895149,9727390,-3.381240495941536,28.083000681580568,99330051,14.973736275733478,twse
2380,虹光,電腦及週邊設備業,11508,202355,199374,219515,1.495179913128091,-7.817233446461517,1811314,1.2984761444575683,twse
2382,廣達,電腦及週邊設備業,11508,423970932,366274080,152807846,15.752371011347568,177.453640698528,2636058779,102.62669045483766,twse
2383,台光電,電子零組件業,11508,20145589,19206698,8764793,4.888351969713899,129.84671742960728,119694731,95.18081273476336,twse
2385,群光,電子零組件業,11508,6521222,7056988,8482907,-7.591992504450907,-23.125150375926555,58837687,-8.494586730362993,twse
2387,精元,電腦及週邊設備業,11508,1430789,1246972,1726366,14.741068764976278,-17.121340434183715,11134993,-13.162918866352307,twse
2388,威盛,半導體業,11508,923499,1135921,520600,-18.7004201876715,77.39127929312332,7666771,39.642368618051144,twse
2390,云辰,其他電子業,11508,58016,60061,49655,-3.4048717137576796,16.838183465914813,441029,-3.721224690279976,twse
2392,正崴,電子零組件業,11508,5188271,8941317,6889918,-41.97419686607689,-24.697637910930144,52182143,-7.441006441401495,twse
2393,億光,光電業,11508,1862682,1974254,1632439,-5.651349826314142,14.104232991248065,14233259,6.2842152330817544,twse
2395,研華,電腦及週邊設備業,11508,10419341,11272216,5556475,-7.5661697753130355,87.51710391930136,68203111,45.88007993778177,twse
2397,友通,電腦及週邊設備業,11508,1239331,1284852,837315,-3.5428983260328817,48.01251619760783,9262558,31.395915935511784,twse
2399,映泰,電腦及週邊設備業,11508,198432,192758,141736,2.943587295987715,40.00112885928769,1354401,6.924847140370336,twse
2401,凌陽,半導體業,11508,688102,745822,488178,-7.739112013322214,40.953094977651595,5316197,24.266914318613143,twse
2402,毅嘉,電子零組件業,11508,1113296,1166674,956315,-4.575228384278727,16.41519792118706,8361231,17.16694209456082,twse
2404,漢唐,其他電子業,11508,9392377,9945328,5905283,-5.559907124229588,59.050412994601615,65694247,71.61194957406076,twse
2405,輔信,電腦及週邊設備業,11508,153709,165225,151203,-6.969889544560448,1.6573745229922687,1220480,8.414256730588155,twse
2406,國碩,光電業,11508,970776,997619,521628,-2.690706572348762,86.10504037359958,7511365,114.852843965949,twse
2408,南亞科,半導體業,11508,44690268,43867609,6762501,1.8753221767796826,560.8541425724004,220193882,638.1931640340957,twse
2409,友達,光電業,11508,23101650,20370071,24539457,13.409766711171503,-5.8591638763645015,183394270,-1.8235901087120903,twse
2412,中華電,通信網路業,11508,23309496,19884860,18556785,17.22232894775221,25.611715606986877,164546265,9.497045728601297,twse
2413,環科,電子零組件業,11508,330288,356396,323193,-7.325559209418737,2.1952826948603468,2487252,13.888293634440506,twse
2414,精技,電子通路業,11508,4556137,3225267,2537990,41.26387055707326,79.51753158995898,28114648,47.823743308939875,twse
2415,錩新,電子零組件業,11508,230830,221741,232221,4.098926224739674,-0.5989983679339939,1690084,8.384155921777463,twse
2417,圓剛,電腦及週邊設備業,11508,253041,325100,296121,-22.16517994463242,-14.548107023817966,2449846,10.121028370308606,twse
2419,仲琦,通信網路業,11508,2011067,664742,581922,202.53346411088813,245.59047432473767,6795189,22.177240352716513,twse
2420,新巨,電子零組件業,11508,206990,237960,154663,-13.014792402084383,33.83291414236113,1585928,7.171924816765531,twse
2421,建準,電子零組件業,11508,1974148,2119438,1566397,-6.855119140073925,26.03114025371601,14531703,21.080301327136215,twse
2423,固緯,其他電子業,11508,299614,281182,233800,6.55518489803757,28.149700598802394,2288907,23.650913184780542,twse
2424,隴華,通信網路業,11508,7776,12147,6952,-35.98419362805631,11.852704257767549,106413,-10.656893859251424,twse
2425,承啟,電腦及週邊設備業,11508,1982942,1909626,907702,3.8392858077969194,118.45737918391718,12873298,120.45013392296771,twse
2426,鼎元,光電業,11508,253312,255443,182798,-0.8342369922056976,38.57482029343866,1745892,6.34387132691982,twse
2427,三商電,資訊服務業,11508,413399,384621,236524,7.482170760306899,74.78099474049145,3941821,7.243276449917673,twse
2428,興勤,電子零組件業,11508,942587,979022,623344,-3.721571118932976,51.21457814625632,6679112,27.60777173513282,twse
2429,銘旺科,光電業,11508,28303,34749,31173,-18.55017410572966,-9.206685272511468,263494,-7.0318674494749915,twse
2430,燦坤,電子通路業,11508,1477369,1593343,1482210,-7.278658769643448,-0.32660689106132057,11741845,-1.2345839971333932,twse
2431,聯昌,電子零組件業,11508,15182,12297,28820,23.461006749613727,-47.32130464954892,148586,-47.604052429094835,twse
2432,倚天酷碁-創,電腦及週邊設備業,11508,444398,489165,246283,-9.151717723058681,80.44201183191694,3180316,60.675254023555276,twse
2433,互盛電,其他電子業,11508,228528,235142,223991,-2.812768454806032,2.025527811385279,1830578,1.6428177597778113,twse
2434,統懋,半導體業,11508,5351,3526,2904,51.758366420873514,84.26308539944904,35661,19.85682116089134,twse
2436,偉詮電,半導體業,11508,428927,403610,324584,6.272639429151904,32.146686219899934,3039923,30.413890117508465,twse
2438,翔耀,光電業,11508,67354,137900,29676,-51.15736040609137,126.96455047850115,496908,67.45512079557594,twse
2439,美律,通信網路業,11508,4117732,3647858,4413573,12.880819373999756,-6.70298191510597,29174709,7.233663656742997,twse
2440,太空梭,電子零組件業,11508,392507,397352,270146,-1.2193219110511586,45.294396363447916,2992891,28.563205528633954,twse
2441,超豐,半導體業,11508,2043086,1998127,1438952,2.25005717854771,41.984305244372294,14047158,26.928166893075222,twse
2442,新美齊,建材營造,11508,24583,47983,20508,-48.767271742075316,19.870294519212013,3629854,386.338953029558,twse
2444,兆勁,通信網路業,11508,126359,81521,84645,55.00177868279339,49.281115246027525,641429,-16.83006430013472,twse
2449,京元電子,半導體業,11508,4080093,3990702,3100894,2.239981837781924,31.577957840545338,29404354,35.525232306090494,twse
2450,神腦,通信網路業,11508,3163181,2696323,2478164,17.314616980235677,27.642117309427462,23094072,17.035101755201783,twse
2451,創見,半導體業,11508,4837166,5195090,1288310,-6.889659274430279,275.4659980905217,42476144,384.0048979178835,twse
2453,凌群,資訊服務業,11508,622610,587363,565750,6.000888717879744,10.05037560760053,4590206,6.618951213914937,twse
2454,聯發科,半導體業,11508,64183361,48474930,44546643,32.40526804267691,44.0812520934518,413991412,5.759084009235821,twse
2455,全新,通信網路業,11508,470904,422106,275126,11.560603260792313,71.15939605853318,2817693,35.87422019326332,twse
2457,飛宏,電子零組件業,11508,767787,870492,933546,-11.798500158531038,-17.75584706056263,5967487,-9.632753068593697,twse
2458,義隆,半導體業,11508,740683,878267,1170557,-15.665395602931682,-36.72388444133861,8048575,-3.414824453264119,twse
2459,敦吉,其他電子業,11508,451949,510199,391746,-11.417113714452595,15.367865913117173,3545888,11.743313782362781,twse
2460,建通,電子零組件業,11508,438204,432492,249476,1.320718071085708,75.64976190094438,3264963,65.25316667122193,twse
2461,光群雷,其他電子業,11508,426507,479333,447465,-11.020730890633443,-4.683718279641983,3577528,2.030032386973569,twse
2462,良得電,電子零組件業,11508,351029,373007,352739,-5.892114625194702,-0.48477769682399735,2745479,-1.216178290780346,twse
2464,盟立,其他電子業,11508,928232,862979,534364,7.561365919680548,73.70780965783624,5824728,31.436497637078872,twse
2465,麗臺,電腦及週邊設備業,11508,1180621,1070629,244302,10.273586835402366,383.2629286702524,6326123,200.70869091113056,twse
2466,冠西電,光電業,11508,224958,194036,140672,15.93621802139809,59.9166856232939,814394,1.39140308110625,twse
2467,志聖,電子零組件業,11508,865806,1167511,538685,-25.841726544760608,60.72584163286522,7077366,83.37487145378931,twse
2468,華經,資訊服務業,11508,198527,174485,278023,13.778834856864487,-28.593317819029362,1663981,-11.107757432523393,twse
2471,資通,資訊服務業,11508,85250,84322,79552,1.1005431559972487,7.162610619469026,644431,7.918498993545967,twse
2472,立隆電,電子零組件業,11508,1310529,1327811,866813,-1.301540656012038,51.18935687397397,9263430,24.37989170066266,twse
2474,可成,其他電子業,11508,1003130,1056467,1684730,-5.048619597204645,-40.457521383248356,8514746,-33.10764444132297,twse
2476,鉅祥,電子零組件業,11508,950786,970526,674112,-2.0339486010678747,41.04273473844109,6655990,39.812953681218005,twse
2477,美隆電,其他電子業,11508,351843,302621,274983,16.26522944541192,27.950818777888088,1738625,3.7272298259524352,twse
2478,大毅,電子零組件業,11508,636565,660883,443191,-3.6796225655675814,43.63220372254852,4422830,22.76785962122869,twse
2480,敦陽科,資訊服務業,11508,774225,813206,644321,-4.793496358856181,20.16137918832383,6470316,16.44809269319406,twse
2481,強茂,半導體業,11508,1376881,1447660,1060614,-4.88920050288051,29.819236781713233,10201264,18.102444649232893,twse
2482,連宇,其他電子業,11508,46404,38134,41998,21.686683799234277,10.490975760750512,318069,-8.43562520870997,twse
2483,百容,電子零組件業,11508,188082,201159,139747,-6.500827703458458,34.58750456181528,1435314,21.947331976771355,twse
2484,希華,電子零組件業,11508,227535,235587,181898,-3.4178456366437877,25.08933578159188,1677455,1.712453151897299,twse
2485,兆赫,通信網路業,11508,249330,311758,180137,-20.02450618749158,38.4113202729034,2515846,81.30158871998721,twse
2486,一詮,光電業,11508,777300,739794,532145,5.069789698213286,46.069210459555194,5200014,29.997230066478405,twse
2488,漢平,其他電子業,11508,394408,377191,262850,4.564530967069734,50.050599201065246,2314875,28.650552338037436,twse
2489,瑞軒,光電業,11508,2725433,2690629,2205299,1.293526532271822,23.58564530251907,18595675,16.629583213174833,twse
2491,吉祥全,光電業,11508,15149,16284,13660,-6.9700319331859495,10.900439238653002,113050,-3.2313289107639633,twse
2492,華新科,電子零組件業,11508,4568665,4443982,3139068,2.8056594288635734,45.54208446583508,29941099,22.102846217273182,twse
2493,揚博,電子零組件業,11508,402076,397828,310834,1.0677981439214936,29.353931680575485,2815708,14.07201542724724,twse
2495,普安,電腦及週邊設備業,11508,161558,149804,78345,7.846252436517049,106.21354266385858,1090366,53.005263578868785,twse
2496,卓越,其他,11508,80373,72277,81272,11.201350360418944,-1.1061620238212422,568224,1.464585319862434,twse
2497,怡利電,汽車工業,11508,479526,534152,408837,-10.226677050727133,17.290264824367657,3589011,19.767999850499027,twse
2498,宏達電,通信網路業,11508,246093,178710,266660,37.70522074869901,-7.712817820445511,1691631,-6.921909595517191,twse
2501,國建,建材營造,11508,1630282,2481445,1017795,-34.3011027848693,60.17783541872381,18547837,37.18142647157366,twse
2504,國產,建材營造,11508,1642633,1752096,1786871,-6.247545796577357,-8.07209921701119,13644165,-8.228076703288899,twse
2505,國揚,建材營造,11508,772129,257522,620383,199.83030576028455,24.460051290896107,1626810,-35.35729300195739,twse
2506,太設,建材營造,11508,92579,89279,68714,3.6962779601026,34.73091364205256,989693,21.975757501062997,twse
2509,全坤建,建材營造,11508,126240,1074517,20684,-88.25146554219245,510.3268226648617,1327379,665.3996298068884,twse
2511,太子,建材營造,11508,1094091,661057,582312,65.50630278478255,87.88742117627663,6424683,23.60389010735311,twse
2514,龍邦,其他,11508,1623021,1536521,2144945,5.629600897091547,-24.33274512866297,13698409,-2.9776569839162894,twse
2515,中工,建材營造,11508,1752579,1547226,1360281,13.272333841339274,28.83948243046841,16263493,25.737820431146346,twse
2516,新建,建材營造,11508,712460,707012,852838,0.7705668362064576,-16.46010144951327,5098722,-20.493209119874678,twse
2520,冠德,建材營造,11508,1795900,1761630,2443465,1.9453574246578453,-26.50191428974837,16783158,16.927725927279067,twse
2524,京城,建材營造,11508,112873,492010,98958,-77.05879961789394,14.061521049334061,1913400,-36.62908040959592,twse
2527,宏璟,建材營造,11508,122292,166277,117387,-26.452846755714862,4.178486544506632,5062850,1088.1193927574902,twse
2528,皇普,建材營造,11508,437945,1365498,1854963,-67.92781827582318,-76.39063420672002,3472209,-62.18377513682779,twse
2530,華建,建材營造,11508,672,842,504179,-20.19002375296912,-99.86671400435164,210353,-96.56360795924678,twse
2534,宏盛,建材營造,11508,115095,133490,114397,-13.780058431343171,0.6101558607306136,755086,-82.56752295399505,twse
2535,達欣工,建材營造,11508,2563767,2404520,1778325,6.622818691464409,44.16751718611615,18386374,24.720250016076417,twse
2536,宏普,建材營造,11508,34549,14869,109705,132.35590826551888,-68.50736064901326,5040269,23.178726214211036,twse
2537,聯上發,建材營造,11508,523,57492,615,-99.09030821679538,-14.959349593495935,1522963,204.84379128401804,twse
2538,基泰,建材營造,11508,24588,21827,19376,12.64947083886929,26.89925681255161,202674,11.189501750074063,twse
2539,櫻花建,建材營造,11508,442362,527905,484478,-16.204241293414533,-8.693067590272417,9520544,17.776856289765973,twse
2540,愛山林,建材營造,11508,1518685,1092561,765532,39.00230742265192,98.38295459889332,6354393,-25.147354822354938,twse
2542,興富發,建材營造,11508,3024332,4808113,3822322,-37.09939845423766,-20.877100359415035,41069298,261.3116496890397,twse
2543,皇昌,建材營造,11508,1601610,1766665,1057104,-9.342744662966663,51.50921763610771,11111868,59.40841445991509,twse
2545,皇翔,建材營造,11508,64320,1193449,264010,-94.61057824842118,-75.63728646642173,4820867,-13.705721051462415,twse
2546,根基,建材營造,11508,1772783,1854655,2345343,-4.414405913768329,-24.412633887665898,14881881,11.18953581695973,twse
2547,日勝生,建材營造,11508,1066786,1221328,588638,-12.653603290844066,81.22955024989892,6157036,63.44944538479019,twse
2548,華固,建材營造,11508,634969,74491,265090,752.4103582983179,139.52959372288657,6416941,105.3349499169469,twse
2597,潤弘,建材營造,11508,3310182,2790679,2349169,18.615648736382795,40.9086362028445,22212293,16.72202814933286,twse
2601,益航,航運業,11508,142049,146573,347250,-3.0865166162935873,-59.09316054715623,1263432,-55.31762970874439,twse
2603,長榮,航運業,11508,48985697,48079100,32956841,1.8856363783847867,48.63589929629481,288737251,9.779110494825478,twse
2605,新興,航運業,11508,507861,478915,319911,6.044078803127904,58.75071504262123,3695520,38.71801301175803,twse
2606,裕民,航運業,11508,1732266,1764365,1466083,-1.8192947604378913,18.15606619816204,12401910,25.102361346902832,twse
2607,榮運,航運業,11508,2073018,2024250,1387656,2.4091885883660615,49.389906432141686,13141412,12.75503366242711,twse
2608,嘉里大榮,航運業,11508,1564683,1116135,1319790,40.18761171363679,18.555452003727865,11093216,9.17301159496568,twse
2609,陽明,航運業,11508,21611483,20836075,13838365,3.7214686547250384,56.170783181394626,127031057,11.925390308025573,twse
2610,華航,航運業,11508,21948463,22234995,17251904,-1.2886533142912782,27.22342415074881,164986282,18.64884605553921,twse
2611,志信,航運業,11508,56119,49501,52563,13.369426880265046,6.7652150752430416,729359,64.009255553107,twse
2612,中航,航運業,11508,512935,480742,403375,6.696523291079207,27.160830492717693,3572876,10.018361664121652,twse
2613,中櫃,航運業,11508,301830,309190,296716,-2.380413338076911,1.7235336146348696,2356680,5.7344856083766365,twse
2614,東森,其他,11508,443995,463540,474607,-4.216464598524399,-6.449968078852608,3452392,-3.741230489040516,twse
2615,萬海,航運業,11508,19200015,18639594,11594593,3.0066159166342357,65.59455773911166,114380971,19.20499572036021,twse
2616,山隆,油電燃氣業,11508,785252,791533,707434,-0.7935234538547351,11.000036752545114,5950277,10.6093398639996,twse
2617,台航,航運業,11508,451246,454515,368983,-0.7192281882886153,22.294523053907632,3275911,19.008403471245394,twse
2618,長榮航,航運業,11508,22891065,22453631,18325120,1.9481659781440248,24.91631705549541,173630243,18.060054290686185,twse
2630,亞航,航運業,11508,287593,347368,395211,-17.20797540360655,-27.23051736920278,2730513,-22.36782549063983,twse
2633,台灣高鐵,航運業,11508,4676641,4573616,4751344,2.2525940087668053,-1.572249872878074,37062351,3.318294496556257,twse
2634,漢翔,航運業,11508,3083175,3196727,2724794,-3.552133166204058,13.152590617859552,23062765,9.471277250380826,twse
2636,台驊控股,航運業,11508,2908762,2812690,1568196,3.4156625863497223,85.48459503786516,17143331,17.912643295520123,twse
2637,慧洋-KY,航運業,11508,2013191,2097738,1491654,-4.030388923688277,34.96367119988952,13780359,35.384472552201,twse
2642,宅配通,航運業,11508,253607,259457,305853,-2.25470887276119,-17.08206229790128,2107416,-18.323604120917665,twse
2645,長榮航太,航運業,11508,1848088,1722583,1467133,7.285860826444938,25.965948554084736,13531525,14.867151119951593,twse
2646,星宇航空,航運業,11508,5578745,5728856,3774834,-2.620261357590416,47.787823252625145,39860456,33.97906965675668,twse
2701,萬企,觀光餐旅,11508,20308,20861,20258,-2.6508796318489045,0.2468160726626518,170102,1.8965351991182249,twse
2702,華園,觀光餐旅,11508,128638,147632,116162,-12.865774357862794,10.740173206384188,1015166,8.169338847114055,twse
2704,國賓,觀光餐旅,11508,108707,109890,104056,-1.0765310765310765,4.4697086184362265,924087,4.6148464378262535,twse
2705,六福,觀光餐旅,11508,213595,187880,215028,13.686927826272088,-0.6664248376955559,1436667,-0.25410896275637407,twse
2706,第一店,觀光餐旅,11508,51939,28289,50124,83.60139983739262,3.621019870720613,258389,1.748382549252015,twse
2707,晶華,觀光餐旅,11508,595195,525069,553269,13.355578028792406,7.577868993202221,4730780,5.557406286390941,twse
2712,遠雄來,觀光餐旅,11508,75798,68935,77536,9.955755421774136,-2.241539413949649,402274,6.609811492766337,twse
2722,夏都,觀光餐旅,11508,68163,72998,69626,-6.6234691361407165,-2.101226553299055,419916,-0.012858061290092149,twse
2723,美食-KY,觀光餐旅,11508,1438379,1385948,1486478,3.783042365225824,-3.235769382392474,11084644,-10.091956536480073,twse
2727,王品,觀光餐旅,11508,2524314,2102895,2267805,20.03994493305657,11.310893132346035,17443292,12.333406512291909,twse
2731,雄獅,觀光餐旅,11508,2549556,2964348,2383019,-13.992689117472038,6.988488132071125,21974959,9.927571226946057,twse
2739,寒舍,觀光餐旅,11508,413896,381227,378614,8.56943500853822,9.318725667830561,3486859,4.539888961976162,twse
2748,雲品,觀光餐旅,11508,175138,169784,171350,3.1534184611035196,2.210679894951853,1657907,3.92368389380886,twse
2753,八方雲集,觀光餐旅,11508,820433,806310,750693,1.75155957386117,9.290082630316254,6222920,7.920341520331531,twse
2762,世界健身-KY,運動休閒,11508,989659,988697,940684,0.09729977940663317,5.206317955870409,7740866,8.44024616263937,twse
2801,彰銀,金融保險業,11508,4605752,4787242,3802190,-3.7911181427636205,21.134188454548564,35222080,14.336532468002106,twse
2812,台中銀,金融保險業,11508,1975427,1830179,1941260,7.936272900082451,1.760042446658356,15580299,16.73809307413978,twse
2816,旺旺保,金融保險業,11508,1632472,1019441,1364858,60.134034240333676,19.607460995942436,11183659,16.34832195927227,twse
2820,華票,金融保險業,11508,365936,313382,236585,16.76994849736105,54.67421856837923,2919119,46.660801813515754,twse
2832,台產,金融保險業,11508,927048,984968,829718,-5.8803940838687145,11.730491564603877,7214836,6.471095797682906,twse
2834,臺企銀,金融保險業,11508,3427855,3624795,3150082,-5.433134839349536,8.817960929271047,25581066,6.522609793458852,twse
2836,高雄銀,金融保險業,11508,422855,575211,429475,-26.486976083558904,-1.5414168461493685,3676571,11.304491298497048,twse
2838,聯邦銀,金融保險業,11508,2026561,1362136,1950842,48.77816899340448,3.881349694132072,15260347,15.767843868384817,twse
2845,遠東銀,金融保險業,11508,1143908,1281112,1088759,-10.709758397392266,5.0653083005513615,9688655,13.973074152306104,twse
2849,安泰銀,金融保險業,11508,549509,545720,462169,0.6943121014439639,18.897849055215733,4429587,19.4971425919971,twse
2850,新產,金融保險業,11508,2692639,2425194,2571597,11.027777571608704,4.706880588210361,19882698,9.520260592003373,twse
2851,中再保,金融保險業,11508,1525507,918369,2226415,66.11046322338842,-31.48146235090942,15699822,75.56603074140139,twse
2852,第一保,金融保險業,11508,831513,919254,812378,-9.544804809116958,2.355430600040868,6528975,-0.06987023879856862,twse
2855,統一證,金融保險業,11508,3758199,1689247,1790668,122.47776672091175,109.8769286098819,22992358,217.39974254466642,twse
2880,華南金,金融保險業,11508,7109220,7755428,6350364,-8.332331884197751,11.949803192383932,55592364,27.68663453865478,twse
2881,富邦金,金融保險業,11508,40550573,10661000,78009687,280.36369008535786,-48.01854159471246,223625249,172.4300720752013,twse
2882,國泰金,金融保險業,11508,29486864,25135906,96571047,17.309732141741776,-69.46614444389321,214527174,62.50533056017953,twse
2883,凱基金,金融保險業,11508,13671344,8510433,28325404,60.64216709067564,-51.734690174233705,84202530,4170.368366937034,twse
2884,玉山金,金融保險業,11508,9839301,8761315,8248345,12.303929261760363,19.28818447821957,72435387,21.262494272560335,twse
2885,元大金,金融保險業,11508,19585535,17560416,12400597,11.532295134693848,57.940258843989525,138745725,116.27641379493531,twse
2886,兆豐金,金融保險業,11508,7795912,8644030,6746761,-9.811604078190381,15.550439685057762,62732497,16.575065751350657,twse
2887,台新新光金,金融保險業,11508,15781347,18052275,28456390,-12.579733025338912,-44.54199215009353,131630080,81.87966962779522,twse
2889,國票金,金融保險業,11508,1357195,1111445,893500,22.110855687865797,51.8964745383324,9925174,94.92137098120422,twse
2890,永豐金,金融保險業,11508,10051148,9954051,6723944,0.975452104876698,49.48292252285266,75338739,53.91258195129241,twse
2891,中信金,金融保險業,11508,24401509,18046269,35891640,35.21636522208552,-32.01339086205033,161045281,36.49722433384987,twse
2892,第一金,金融保險業,11508,7582281,7765813,6657036,-2.3633327251119747,13.898753138784288,56506005,17.98785271878287,twse
2897,王道銀行,金融保險業,11508,1140836,1144689,1057418,-0.3365979755199884,7.888838661721287,8739937,25.138842116597022,twse
2901,欣欣,貿易百貨,11508,11825,11008,11295,7.421875,4.6923417441345725,89480,3.7148652564474065,twse
2903,遠百,貿易百貨,11508,2615081,2417480,2631908,8.173842182768833,-0.6393460561691366,20995481,-0.5013017704817845,twse
2904,匯僑,其他,11508,35146,33514,43380,4.869606731515188,-18.981097279852467,276639,-17.765352167941927,twse
2905,三商,貿易百貨,11508,15465917,795921,-218217,1843.1472470257727,7187.402448021923,107998186,49.90881573724763,twse
2906,高林,貿易百貨,11508,752348,786740,697337,-4.371456898085771,7.888725250488645,5844025,2.4842683638344316,twse
2908,特力,貿易百貨,11508,2600736,2574895,2750186,1.0035749030542993,-5.434177906512505,23030129,1.4833808344575172,twse
2910,統領,貿易百貨,11508,47131,42927,44698,9.793370140005125,5.443196563604635,369844,7.222603941078071,twse
2911,麗嬰房,貿易百貨,11508,138755,145172,179451,-4.420273882015816,-22.678056962624893,1133926,-26.961570518890102,twse
2912,統一超,貿易百貨,11508,31526751,32199895,30077681,-2.090516133670622,4.817758390349309,244430035,5.456905470817255,twse
2913,農林,貿易百貨,11508,32832,29297,35491,12.066081851384101,-7.492040235552675,282836,-12.167097287091325,twse
2915,潤泰全,貿易百貨,11508,157754,139480,187014,13.101519931172929,-15.645887473665073,1283125,-21.68737202198399,twse
2923,鼎固-KY,建材營造,11508,772991,638897,242327,20.988359626043007,218.9867410565063,5686126,159.21565069846721,twse
2929,淘帝-KY,貿易百貨,11508,225445,165598,149976,36.13992922619838,50.320717981543716,1192351,11.286879760616975,twse
2939,永邑-KY,貿易百貨,11508,17618,14390,29164,22.432244614315497,-39.58990536277602,178359,-8.271832876472796,twse
2945,三商家購,貿易百貨,11508,1795914,1804636,1327480,-0.4833107618378443,35.2874619579956,12516019,28.894535368139266,twse
3002,歐格,電腦及週邊設備業,11508,87366,84744,72081,3.0940243557065985,21.20531069213801,586063,24.982512859446043,twse
3003,健和興,電子零組件業,11508,548266,657875,344152,-16.661067832034963,59.309258699644346,4082947,42.13177453980629,twse
3004,豐達科,鋼鐵工業,11508,526282,494286,324270,6.473175449031532,62.29746815925001,3610707,40.46530427736193,twse
3005,神基,電腦及週邊設備業,11508,3861015,3623371,3261303,6.558643870583498,18.388723770836382,28305294,9.956885927471163,twse
3006,晶豪科,半導體業,11508,7904796,6784662,1120861,16.509798129958426,605.2432014317565,35902576,324.37526455062414,twse
3008,大立光,光電業,11508,5011942,4877118,5983127,2.7644194788807654,-16.23206393579812,39093407,3.712545763251446,twse
3010,華立,電子通路業,11508,7986073,8540313,6459506,-6.489691888341797,23.632875331333388,62209425,20.137897024320356,twse
3011,今皓,電子零組件業,11508,40960,41063,51726,-0.2508340842120644,-20.813517380040985,349738,-34.15184287026856,twse
3013,晟銘電,電腦及週邊設備業,11508,939933,824611,807624,13.985018390489577,16.382499777124007,7902446,22.25103084506245,twse
3014,聯陽,半導體業,11508,630570,642451,598669,-1.8493239173104252,5.328654064265897,4842500,0.15555393311946134,twse
3015,全漢,電子零組件業,11508,1084815,1146761,1070941,-5.401823047696948,1.295496203805812,8516449,-5.234599876531066,twse
3016,嘉晶,半導體業,11508,506698,482058,321129,5.111418128109066,57.78643473495075,3356382,34.73380056609053,twse
3017,奇鋐,電腦及週邊設備業,11508,19481068,18590152,12622156,4.792408367613132,54.340256925995845,136230130,76.09653467608655,twse
3018,隆銘綠能,其他電子業,11508,39663,12052,17208,229.09890474610023,130.49163179916317,207615,-38.15147028595431,twse
3019,亞光,光電業,11508,2843905,2467266,2466783,15.265439559415158,15.288008714183615,19548548,15.450387697023633,twse
3021,鴻名,電子零組件業,11508,277849,258801,323095,7.360095208287449,-14.003930732447113,2011451,-4.4217027653995755,twse
3022,威強電,電腦及週邊設備業,11508,799158,1009708,432033,-20.85256331533473,84.97614765538744,5890430,32.40539437293427,twse
3023,信邦,電子零組件業,11508,3280576,3167179,2476462,3.5803786271631632,32.47027412494115,23834577,13.931522283125933,twse
3024,憶聲,光電業,11508,76399,113710,136726,-32.812417553425384,-44.122551672688445,650500,-52.84020841655472,twse
3025,星通,通信網路業,11508,30347,32084,34751,-5.413913477122553,-12.673016603838738,321012,31.007125541761553,twse
3026,禾伸堂,電子零組件業,11508,1439761,1500937,1080751,-4.0758539498992965,33.21856745910945,10656334,20.410227136107203,twse
3027,盛達,通信網路業,11508,92370,88569,104032,4.2915692849642655,-11.21001230390649,883313,-45.78167640368333,twse
3028,增你強,電子通路業,11508,6732771,7334078,3582147,-8.19880835736953,87.95350944559226,51291611,95.60013434168664,twse
3029,零壹,資訊服務業,11508,3487591,3242008,2414496,7.57502757550259,44.443850807787626,20848877,20.12505547800622,twse
3030,德律,其他電子業,11508,997357,1033409,756253,-3.488647766760305,31.881394189510655,7418733,27.416001854889267,twse
3031,佰鴻,光電業,11508,118780,123461,92927,-3.7914807105077717,27.820762534032088,884711,24.120142651511113,twse
3032,偉訓,電子零組件業,11508,1078914,1123201,1095160,-3.9429274012398494,-1.483436210234121,7748737,9.626941668112092,twse
3033,威健,電子通路業,11508,12372730,14411289,7888887,-14.145570184596256,56.83746008784256,95270521,35.66932938520228,twse
3034,聯詠,半導體業,11508,10327444,10296332,8174953,0.30216585867666274,26.33031651680444,72429177,4.113322177571192,twse
3035,智原,半導體業,11508,1183747,1062105,911390,11.452916613705801,29.883694137526195,8147888,-41.07112584337144,twse
3036,文曄,電子通路業,11508,198383815,182965655,100086220,8.426805566323363,98.21291582397657,1466316088,109.20046830886439,twse
3037,欣興,電子零組件業,11508,17745519,16253637,11356606,9.178757960449099,56.25723917867715,114335429,34.15926167073539,twse
3038,全台,光電業,11508,244486,256362,274688,-4.632511838728049,-10.995019804287045,1949668,-7.294590455232543,twse
3040,遠見,其他,11508,10245,10652,9916,-3.8208787082238076,3.317870108914885,86680,3.541778653765753,twse
3041,揚智,半導體業,11508,173298,184990,71218,-6.320341640088653,143.33455025414924,1181157,69.46103918462916,twse
3042,晶技,電子零組件業,11508,1414665,1365597,1145692,3.5931537635188127,23.47690304200431,9818258,11.701855580964082,twse
3043,科風,其他電子業,11508,93047,107497,53280,-13.442235597272482,74.63776276276276,644705,7.525025600998022,twse
3044,健鼎,電子零組件業,11508,10224358,9821875,6178608,4.097822462615335,65.47995924001005,65867863,38.71624949635544,twse
3045,台灣大,通信網路業,11508,16782864,16171068,15468138,3.783275167725471,8.499575061975785,132164611,4.7269684262851275,twse
3046,建碁,電腦及週邊設備業,11508,877852,950946,622360,-7.68645117598686,41.05212417250466,6120718,27.07266603511486,twse
3047,訊舟,通信網路業,11508,277420,244283,216696,13.565004523442074,28.02266770037287,2063775,-23.813273440493674,twse
3048,益登,電子通路業,11508,13544810,13745878,9011050,-1.4627512334970527,50.313337513386344,100294853,36.26105158634005,twse
3049,精金,光電業,11508,30494,30713,109788,-0.7130531045485625,-72.22465114584472,412324,-54.103148921770625,twse
3050,鈺德,光電業,11508,100689,99665,110655,1.0274419304670646,-9.006371153585468,782518,-4.513683820048127,twse
3051,力特,光電業,11508,160726,184034,140793,-12.6650510231805,14.157664088413487,1280259,5.896584781603529,twse
3052,夆典,建材營造,11508,224546,404978,251717,-44.55353130293497,-10.79426498806199,2539170,3.1086873100342522,twse
3054,立萬利,電子通路業,11508,37214,35329,21191,5.335560021512072,75.61228823557171,411862,358.9093907385123,twse
3055,蔚華科,電子通路業,11508,47561,41697,22840,14.06336187255678,108.23555166374781,335765,8.08709676380926,twse
3056,富華新,建材營造,11508,91772,63355,61105,44.853602714860706,50.1873823746011,681008,-81.57775354569975,twse
3057,喬鼎,電腦及週邊設備業,11508,55202,72438,43488,-23.794141196609516,26.93616629874908,420122,9.960007119151564,twse
3058,立德,電子零組件業,11508,297462,302000,238966,-1.5026490066225167,24.478796146732172,2234470,7.382766432499089,twse
3059,華晶科,光電業,11508,847393,793357,782800,6.8110573171976805,8.251532958610117,6020992,7.207081766296442,twse
3060,銘異,電腦及週邊設備業,11508,422613,385721,288691,9.56442610073084,46.389392118216364,3053961,23.061613795971393,twse
3062,建漢,通信網路業,11508,341929,362278,253771,-5.616957143409205,34.73919399773812,2702828,2.5753633440709716,twse
3090,日電貿,電子零組件業,11508,1912802,2095232,1381595,-8.706911692834016,38.4488218327368,13654198,30.027077312899042,twse
3092,鴻碩,電子零組件業,11508,112556,129323,129230,-12.965211138003294,-12.902576801052387,1073081,-5.3120099957556866,twse
3094,聯傑,半導體業,11508,20698,21836,15896,-5.211577211943579,30.20885757423251,153428,17.097369987636043,twse
3130,一零四,數位雲端,11508,258885,274714,230215,-5.761992472171058,12.453576005038768,1942767,8.391803860393805,twse
3135,凌航,半導體業,11508,1827285,1967120,540959,-7.108615641140347,237.786227791755,15056891,246.12532001939255,twse
3138,耀登,通信網路業,11508,140856,139577,153503,0.9163400846844394,-8.23892692650958,1125319,7.337925140382053,twse
3149,正達,光電業,11508,194052,213946,162698,-9.29860805997775,19.271287907657133,1552407,13.108802249925319,twse
3150,鈺寶-創,半導體業,11508,26012,31745,28577,-18.059536934950387,-8.975749728802883,227527,-0.36521122258178934,twse
3164,景岳,生技醫療業,11508,30302,27552,26236,9.981126596980255,15.497789297148955,250356,-7.1031803457526745,twse
3167,大量,電機機械,11508,1219982,1146916,482247,6.370649637811313,152.9786603130761,7172325,135.15148912145784,twse
3168,眾福科,光電業,11508,381999,368967,275088,3.532023189065689,38.86429069970337,2640531,17.805431701312642,twse
3189,景碩,半導體業,11508,4809631,4548833,3421382,5.7332946714025335,40.57567965225748,32959684,32.08590042030249,twse
3209,全科,電子通路業,11508,5371648,6601728,4214923,-18.632697378625718,27.44356183968248,46305096,42.646634382785884,twse
3229,晟鈦,電子零組件業,11508,141220,144608,78279,-2.3428855941579996,80.40598372488151,1041762,63.05454340558206,twse
3231,緯創,電腦及週邊設備業,11508,460065063,308219198,172642595,49.26554412746217,166.4840985505344,2510029903,98.8701912579111,twse
3257,虹冠電,半導體業,11508,60112,62449,100637,-3.7422536790020655,-40.26848972048054,424837,-40.48985137766323,twse
3266,昇陽,建材營造,11508,230382,177536,56604,29.766357245854362,307.0065719737121,1432034,83.54021703884372,twse
3296,勝德,電子零組件業,11508,201386,172487,131293,16.75430612162076,53.38669997638869,1195051,11.602316746543744,twse
3305,昇貿,其他電子業,11508,1387596,1413913,941369,-1.8612884951195725,47.40192209431158,10786137,61.44649492226838,twse
3308,聯德,電子零組件業,11508,576,516,557,11.627906976744185,3.4111310592459607,4173,-5.18064076346285,twse
3311,閎暉,通信網路業,11508,421603,234539,206281,79.75816388745582,104.38285639491761,1840990,15.60311433090802,twse
3312,弘憶股,電子通路業,11508,2257992,2603514,1670212,-13.271370924066474,35.1919397058577,17078190,18.37896512787739,twse
3321,同泰,電子零組件業,11508,234038,259529,200133,-9.822023743011378,16.941234079337242,1626921,15.520224831592872,twse
3338,泰碩,電子零組件業,11508,462010,406479,285196,13.661468366139456,61.997363216875414,2756411,10.66950285244647,twse
3346,麗清,汽車工業,11508,778923,606827,710756,28.35997739059073,9.590773767650221,4999490,-12.761365256391711,twse
3356,奇偶,光電業,11508,87797,103530,72781,-15.19656138317396,20.631758288564324,752647,14.755515574732797,twse
3376,新日興,電子零組件業,11508,830265,811285,922593,2.339498449989831,-10.00744640377718,6625619,-12.49791995621739,twse
3380,明泰,通信網路業,11508,2982462,1742978,1787191,71.11300314748665,66.87986902351231,15205563,10.29251058529535,twse
3406,玉晶光,光電業,11508,2719294,2422368,2699823,12.25767513441393,0.7211954265149975,16964508,11.799466075341384,twse
3413,京鼎,半導體業,11508,2249019,2162154,1820458,4.017521416143346,23.54138354194384,16272310,20.046471381907605,twse
3416,融程電,電腦及週邊設備業,11508,405653,472718,347747,-14.18710520860217,16.65176119420153,3001602,27.112358594159254,twse
3419,譁裕,通信網路業,11508,169467,180060,147692,-5.883038987004332,14.743520299000624,1247942,4.595457429430406,twse
3432,台端,電子零組件業,11508,29687,23555,15914,26.032689450222882,86.54643709940933,198988,130.1290650876625,twse
3437,榮創,光電業,11508,70379,109941,122424,-35.984755459746594,-42.512089132849766,889265,-19.026624015792844,twse
3443,創意,半導體業,11508,5840094,5769170,2767549,1.2293622826160435,111.0204372171911,36953633,103.84182833494644,twse
3447,展達,通信網路業,11508,291056,199928,417379,45.580408947221,-30.265777626569616,2169235,-1.331942699582173,twse
3450,聯鈞,半導體業,11508,1247981,1218533,594962,2.4166764461857,109.75810219812358,7530036,29.44255734638869,twse
3481,群創,光電業,11508,18696603,18890249,18692317,-1.0251108918680745,0.022929206689571976,167931047,11.863947296575402,twse
3494,誠研,電腦及週邊設備業,11508,101544,97141,89229,4.532586652391884,13.801566755202906,698599,8.31714362352839,twse
3501,維熹,電子零組件業,11508,444657,506773,450335,-12.257164450355484,-1.260839153074933,3571824,-6.586157332144942,twse
3504,揚明光,光電業,11508,242727,266608,206876,-8.957345616035528,17.3297047506719,1932567,8.983848956159841,twse
3515,華擎,電腦及週邊設備業,11508,3819304,6610427,3696561,-42.22303642412207,3.3204646156251716,33897545,16.877180356894975,twse
3518,柏騰,其他電子業,11508,22709,23271,27990,-2.415022989987538,-18.86745266166488,160425,-25.060260099405806,twse
3528,安馳,電子通路業,11508,1204326,1207978,841397,-0.30232338668419456,43.13409722164448,9114908,74.9897481658048,twse
3530,晶相光,半導體業,11508,178015,172444,156091,3.230613996427826,14.045652856346619,1490783,36.58688318518234,twse
3532,台勝科,半導體業,11508,1331863,1303041,1030234,2.2119027720539877,29.27771748942473,9553809,19.136387329441018,twse
3533,嘉澤,電子零組件業,11508,3198344,3368915,2674635,-5.063084108681875,19.58057828451359,25478513,17.70480618897316,twse
3535,晶彩科,光電業,11508,27767,52322,19989,-46.930545468445395,38.91140127069888,608820,373.93372307548594,twse
3543,州巧,光電業,11508,274723,291108,228939,-5.628495266361625,19.998340169215382,2229292,1.122911522918418,twse
3545,敦泰,半導體業,11508,913037,910914,995325,0.23306261622941354,-8.267450330294125,7052510,-12.953081499745,twse
3550,聯穎,電子零組件業,11508,372842,412542,278938,-9.623262601141217,33.664828743304966,3003336,29.522416342753097,twse
3557,嘉威,居家生活,11508,261352,210515,221675,24.148873001923853,17.898725611819106,2867168,-8.851417123230622,twse
3563,牧德,光電業,11508,361158,359659,266188,0.4167836756483224,35.677791635986594,2631861,14.39307833166791,twse
3576,聯合再生,光電業,11508,244757,307968,281434,-20.525184434746468,-13.032185165971418,1830840,-14.582997031837992,twse
3583,辛耘,半導體業,11508,1068346,973288,904939,9.766687763539672,18.057239217229007,8156998,8.119315930762797,twse
3588,通嘉,半導體業,11508,156044,153552,111650,1.6229029905178702,39.76175548589342,1141038,26.313936690153707,twse
3591,艾笛森,光電業,11508,271207,269503,188165,0.632274965399272,44.13254324661866,1812643,14.371715030254848,twse
3592,瑞鼎,半導體業,11508,2213089,2100048,1801520,5.382781726893861,22.845652560060394,16571593,8.167831355342534,twse
3593,力銘,電子零組件業,11508,52454,60838,74724,-13.780860646306584,-29.803008404261014,442713,-44.79598682225254,twse
3596,智易,通信網路業,11508,4731510,4846705,4641818,-2.376769372181719,1.9322601618589959,36244643,2.659555891718126,twse
3605,宏致,電子零組件業,11508,1097137,1154175,935790,-4.941884896137934,17.241795702027165,8423202,17.164093258879422,twse
3607,谷崧,電子零組件業,11508,292945,251098,236171,16.66560466431433,24.039361310237073,1967092,2.204171210738054,twse
3617,碩天,其他電子業,11508,1255008,1247424,1107623,0.6079729105741112,13.30642285326325,8773128,10.150870465445612,twse
3622,洋華,光電業,11508,102989,143912,160804,-28.436127633553838,-35.95370761921345,1032035,-8.190924375728354,twse
3645,達邁,電子零組件業,11508,184726,140604,207467,31.380330573810134,-10.96126130902746,1570029,-2.676169925508353,twse
3652,精聯,電腦及週邊設備業,11508,254750,253924,196006,0.3252941825113026,29.970511106802853,1890330,17.929666298590707,twse
3653,健策,電子零組件業,11508,3225888,3213171,1689803,0.39577725555222554,90.90319995881177,19018791,42.93230357414348,twse
3661,世芯-KY,半導體業,11508,8776286,7433152,2349049,18.069508063335714,273.61017160561573,27894843,13.583391933925407,twse
3665,貿聯-KY,其他電子業,11508,8891805,9630165,5774218,-7.667158350869378,53.99150153319462,62632523,40.00683620722877,twse
3669,圓展,通信網路業,11508,179620,230577,233181,-22.099775779891317,-22.969710225104105,1812423,8.149928125725381,twse
3673,TPK-KY,光電業,11508,6364138,6394077,5479899,-0.46823020742477767,16.136045573102717,49883020,15.259546334651775,twse
3679,新至陞,電子零組件業,11508,441444,420332,344395,5.022696344794115,28.179561259600167,2943193,-2.824026611858125,twse
3686,達能,半導體業,11508,9407,7950,7004,18.32704402515723,34.30896630496859,62236,13.801930953774137,twse
3694,海華,通信網路業,11508,1140464,842256,1162152,35.40586235063923,-1.866193062525384,7890995,2.5214897703210557,twse
3701,大眾控,電腦及週邊設備業,11508,820257,883895,770507,-7.199723949111602,6.456787543786104,5748278,-17.637644367148695,twse
3702,大聯大,電子通路業,11508,142237739,146095597,78819858,-2.640639471153946,80.45926827221638,1063111989,62.39086469044157,twse
3703,欣陸,建材營造,11508,2453561,2336895,2128477,4.99235096142531,15.273080235304398,18576491,-6.392503455136936,twse
3704,合勤控,通信網路業,11508,2615664,1916606,2041763,36.47374577769244,28.10811049078664,19593759,12.378970592756176,twse
3705,永信,生技醫療業,11508,632910,719465,605107,-12.030467083179863,4.594724569373681,5122921,-8.684353500920835,twse
3706,神達,電腦及週邊設備業,11508,13557215,12833645,6165360,5.638070867629579,119.89332334202707,99209054,52.56887075398791,twse
3708,上緯投控,綠能環保,11508,124554,133276,19628,-6.544314055043669,534.5730588954555,845772,23.246721642333693,twse
3711,日月光投控,半導體業,11508,82247374,73783701,56465628,11.470924994667861,45.65918579706578,520756749,27.977969181023816,twse
3712,永崴投控,電腦及週邊設備業,11508,539558,3356888,1979093,-83.9268393821897,-72.73710735170101,13544987,-29.943044079806562,twse
3714,富采,光電業,11508,2171584,2388026,1901002,-9.063636660572373,14.23365151641082,16128658,6.21605273443481,twse
3715,定穎投控,電子零組件業,11508,2932061,2531248,1593853,15.834600165610007,83.96056599949932,17971420,46.4979804114173,twse
3716,中化控股,生技醫療業,11508,631760,669823,639358,-5.682545986029145,-1.1883795932795085,5529886,-2.14846065561529,twse
3717,聯嘉投控,汽車工業,11508,505042,513299,459099,-1.6086140826302018,10.007209773926757,4550829,891.2522135748499,twse
4104,佳醫,生技醫療業,11508,944347,843458,714087,11.961354329439047,32.2453706621182,6516641,13.501560144597493,twse
4106,雃博,生技醫療業,11508,230905,220706,202476,4.621079626290178,14.040676425848002,1708725,8.054758241528921,twse
4108,懷特,生技醫療業,11508,12674,11893,10072,6.5668880854284035,25.833995234312948,94994,13.032924405944717,twse
4119,旭富,生技醫療業,11508,148954,190796,51806,-21.9302291452651,187.52268077056712,988413,14.20904000499167,twse
4133,亞諾法,生技醫療業,11508,26735,26309,31328,1.619217758181611,-14.661006128702757,229277,-5.025889565469533,twse
4137,麗豐-KY,生技醫療業,11508,288042,318557,322602,-9.579133404696805,-10.712890806628602,2508021,5.238685886972584,twse
4142,國光生,生技醫療業,11508,97916,308215,72821,-68.23126713495449,34.461213111602426,555205,12.563077939903373,twse
4148,全宇生技-KY,生技醫療業,11508,368353,352962,242418,4.360526062295658,51.949525200273904,2239096,26.60381039079264,twse
4155,訊映,生技醫療業,11508,197289,152838,132099,29.083735720174303,49.34935162264665,1172841,8.18578377067039,twse
4164,承業醫,生技醫療業,11508,327600,326529,283824,0.3279953694771368,15.423642820903094,2992378,12.4574908386157,twse
4169,泰宗,生技醫療業,11508,62177,61771,51050,0.6572663547619433,21.796278158667974,477928,6.966875559534468,twse
4178,永笙-KY,生技醫療業,11508,31968,32419,29322,-1.3911595052284154,9.023941068139964,248832,0.2505942548648322,twse
4190,佐登-KY,生技醫療業,11508,162908,157247,164581,3.6000686817554546,-1.0165207405472079,1394136,-4.405555182235704,twse
4195,基米-創,生技醫療業,11508,50421,52096,72015,-3.215218058968059,-29.985419704228285,422610,-1.7946566960934904,twse
4306,炎洲,塑膠工業,11508,1215020,1274949,1140810,-4.700501745560018,6.505027129846337,9725508,16.419192541899744,twse
4414,如興,紡織纖維,11508,1507589,1564975,1308056,-3.6668956373105,15.254163430311852,10204676,10.644213725652621,twse
4426,利勤,紡織纖維,11508,94351,90592,80289,4.149373013069587,17.51422984468607,621904,6.491322699680648,twse
4438,廣越,紡織纖維,11508,2650528,2209017,2817154,19.98676334315218,-5.9146926295119115,12799445,3.8117095115358057,twse
4439,冠星-KY,紡織纖維,11508,801385,813719,668208,-1.5157566678423386,19.93047075162225,5759847,15.181344445962017,twse
4440,宜新實業,紡織纖維,11508,51367,55277,84671,-7.073466360330698,-39.33341994307378,639945,-0.6716107482553952,twse
4441,振大環球,紡織纖維,11508,802332,990237,665511,-18.97576034828026,20.55878866014236,5582634,14.756522618568958,twse
4526,東台,電機機械,11508,424301,664788,359712,-36.17499112499022,17.955753491682234,3715453,3.405048445551008,twse
4532,瑞智,電機機械,11508,1495749,1667832,1232021,-10.317765818139957,21.406128629300962,15529015,4.718935901809622,twse
4536,拓凱,運動休閒,11508,868176,1022962,805842,-15.131158342147607,7.735263240188523,6762213,2.901402501024873,twse
4540,全球傳動,電機機械,11508,315648,306150,217623,3.1024007839294465,45.043492645538386,2240139,43.81760693363294,twse
4545,銘鈺,電子零組件業,11508,278477,205337,180620,35.61949380774045,54.178385560845975,1613891,1.3387794571039264,twse
4551,智伸科,汽車工業,11508,801696,824857,600520,-2.807880638704648,33.50029974022514,6181258,21.058786364347647,twse
4552,力達-KY,電機機械,11508,253410,257472,294118,-1.5776472781506339,-13.84070339115593,2136500,-8.439311312769856,twse
4555,氣立,電機機械,11508,167298,182883,133267,-8.52184183330326,25.53595413718325,1247129,16.785609605582653,twse
4557,永新-KY,汽車工業,11508,329916,336993,316562,-2.1000436210841174,4.218446939304149,2335219,-16.199864138089673,twse
4560,強信-KY,電機機械,11508,173870,170192,131237,2.1610886528156437,32.48550332604372,1303262,16.813558045921894,twse
4562,穎漢,電機機械,11508,64580,52576,65225,22.83171028606208,-0.9888846301264852,443164,-14.00601153018475,twse
4564,元翎,電機機械,11508,59103,88620,67302,-33.3073798239675,-12.182401711687618,534601,-28.826247701768423,twse
4566,時碩工業,電機機械,11508,595992,554718,387139,7.4405373541150635,53.94780686006835,3972925,20.455252439317967,twse
4569,六方科-KY,汽車工業,11508,146683,180365,141554,-18.674354780583815,3.6233522189411813,1307513,6.900949794253488,twse
4571,鈞興-KY,電機機械,11508,288890,327187,300966,-11.70492715175114,-4.012413362306706,2125291,2.6353635450471335,twse
4572,駐龍,電機機械,11508,83629,59549,56183,40.43728694016692,48.85107594824057,518173,12.689665371240674,twse
4576,大銀微系統,電機機械,11508,426932,366927,215573,16.35338909374344,98.0452097433352,2670427,55.75153262414533,twse
4581,光隆精密-KY,汽車工業,11508,108676,98908,90152,9.87584421887006,20.547519744431625,804270,8.020517008191492,twse
4582,聚恆-創,綠能環保,11508,177778,105327,106535,68.78673084774084,66.87285868493922,1249672,134.67269589515453,twse
4583,台灣精銳,電機機械,11508,261171,311819,211248,-16.242756214342293,23.63241308793456,2333762,15.966613712785902,twse
4585,達明,其他電子業,11508,152564,142491,162491,7.069218406776568,-6.109261436017995,1290672,10.417941016188767,twse
4588,玖鼎電力,其他電子業,11508,105082,143991,81629,-27.02182775312346,28.731210721679794,682287,31.52850095520466,twse
4590,富田-創,電機機械,11508,135802,89566,83353,51.62226737824621,62.92394994781232,794759,-3.800837610148155,twse
4720,德淵,化學工業,11508,357499,365856,285736,-2.284232047581562,25.115141249265054,2699155,14.2939230374777,twse
4722,國精化,化學工業,11508,410463,442668,330643,-7.275203990349427,24.140840725495472,2781110,8.277636082396763,twse
4736,泰博,生技醫療業,11508,397209,376619,278379,5.46706353104862,42.68640953520201,2895870,3.2843103162332348,twse
4737,華廣,生技醫療業,11508,149989,145718,167241,2.931003719513032,-10.3156522623041,1127602,-10.698358819946954,twse
4739,康普,化學工業,11508,872233,975627,649000,-10.597697685693406,34.3964560862866,7358798,105.58167185873114,twse
4746,台耀,生技醫療業,11508,460577,388241,366429,18.631726170085077,25.693381255304576,3023880,-3.3724172905049086,twse
4755,三福化,化學工業,11508,444823,407717,401193,9.100920491419293,10.875065118284716,3223750,1.5953663373700453,twse
4763,材料*-KY,化學工業,11508,1039878,1058745,860662,-1.7820154994828783,20.823040868540726,7652948,-20.909106035328332,twse
4764,雙鍵,化學工業,11508,267871,294229,218233,-8.958328376876514,22.74541430489431,2317848,27.903991771227773,twse
4766,南寶,化學工業,11508,2220723,2396727,1945107,-7.343514718196941,14.169708915756306,17036921,11.427124707066692,twse
4770,上品,化學工業,11508,492005,526548,697874,-6.560275606402455,-29.499451190329488,3381698,1.4763090772693173,twse
4771,望隼,生技醫療業,11508,436901,314572,256040,38.88744071309589,70.6377909701609,2978265,34.11983247770873,twse
4807,日成-KY,貿易百貨,11508,343097,242998,167011,41.193343155087696,105.4337738232811,1847036,38.99935957688426,twse
4904,遠傳,通信網路業,11508,9546971,9252373,8254940,3.184026411386571,15.651609823935727,75267755,11.379919387655278,twse
4906,正文,通信網路業,11508,1652106,1549932,1058401,6.5921601721881995,56.09452372021568,9916888,-14.388667580140778,twse
4912,聯德控股-KY,電子零組件業,11508,657064,730490,496939,-10.0516091938288,32.22226470452108,5001165,30.75857341115665,twse
4915,致伸,電子零組件業,11508,6126615,5857293,5089496,4.59806262039478,20.37763660684673,45114067,13.333822199961121,twse
4916,事欣科,電腦及週邊設備業,11508,553276,520554,302403,6.285995305001979,82.95982513400992,3508188,61.84717333927541,twse
4919,新唐,半導體業,11508,2525998,2566187,2253395,-1.5660978720568688,12.097435203326537,21021604,1.0106347145043182,twse
4927,泰鼎-KY,電子零組件業,11508,1378879,1187574,1017477,16.108890898588214,35.519426974762084,8266309,2.7170923376733596,twse
4930,燦星網,電器電纜,11508,644594,528560,490460,21.952853034660208,31.426416017616116,3904668,-2.201394593944737,twse
4934,太極,光電業,11508,23966,16682,8180,43.6638292770651,192.98288508557457,131905,163.62546217647647,twse
4935,茂林-KY,光電業,11508,400352,372690,490792,7.422254420564007,-18.427358229147988,2856727,-24.772115675044525,twse
4938,和碩,電腦及週邊設備業,11508,88304931,86015154,65843721,2.6620623152055276,34.11291108532581,692873348,1.4877195531201224,twse
4942,嘉彰,光電業,11508,410137,450623,474136,-8.984450416423485,-13.498025882869051,3564702,-7.993847848592447,twse
4943,康控-KY,電子零組件業,11508,181652,204374,127560,-11.117852564416218,42.405142677955475,1499529,46.61979226249667,twse
4949,有成精密,光電業,11508,309939,364461,149302,-14.959625309703918,107.5919947488982,2418411,53.29791219386038,twse
4952,凌通,半導體業,11508,225075,250485,155346,-10.144320019162825,44.886253910625314,1894911,24.922274259133268,twse
4956,光鋐,光電業,11508,106246,120161,126393,-11.58029643561555,-15.939965029708924,949949,4.868013759422069,twse
4958,臻鼎-KY,電子零組件業,11508,20666117,17600546,14651388,17.41747670782486,41.05228119001421,127425506,19.885742966514616,twse
4960,誠美材,光電業,11508,605302,642565,703035,-5.799102036369861,-13.901583847176884,5118926,-9.733302932466874,twse
4961,天鈺,半導體業,11508,2109978,1967297,1405234,7.2526415686091115,50.151362691195914,13964363,10.626183057015366,twse
4967,十銓,半導體業,11508,3513003,2544932,936659,38.03916961239043,275.0567709273065,22691145,87.01658569617017,twse
4968,立積,半導體業,11508,322369,320015,330417,0.7355905191944128,-2.4357100270264547,2549923,2.837596786207892,twse
4976,佳凌,光電業,11508,99629,96973,87964,2.738906705990327,13.2611068164249,725222,2.8163043678591126,twse
4977,眾達-KY,通信網路業,11508,207991,181218,100860,14.773918705647342,106.21752924846322,819783,13.696101410482227,twse
4989,榮科,電子零組件業,11508,408656,339461,202476,20.383784882504912,101.82935261463086,2798047,73.03671866545044,twse
4994,傳奇,資訊服務業,11508,85757,89539,96294,-4.223857760305565,-10.942530168027083,777760,-4.047295346708349,twse
4999,鑫禾,電子零組件業,11508,107462,149039,147079,-27.896725018283806,-26.9358643994044,1076629,-14.620947359989977,twse
5007,三星,鋼鐵工業,11508,496958,537219,480120,-7.494336574097342,3.507039906689994,4167290,-0.2571544415387716,twse
5203,訊連,資訊服務業,11508,167998,174346,214640,-3.641035641769814,-21.73033917256802,1455808,-8.61929140481218,twse
5215,科嘉-KY,電腦及週邊設備業,11508,222555,292334,211442,-23.869614892554406,5.255814833382204,2100973,26.825394621592466,twse
5222,全訊,半導體業,11508,69507,65810,43457,5.617687281568151,59.944312768944016,541577,-10.149431027303057,twse
5225,東科-KY,其他電子業,11508,1183105,1121521,1299645,5.491114299241834,-8.967064082884173,7303930,-3.194339094235462,twse
5234,達興材料,光電業,11508,453005,447398,382205,1.2532465500516319,18.52409047500687,3383409,11.27585050122346,twse
5236,凌陽創新,半導體業,11508,176977,180850,156307,-2.1415537738457284,13.223975893594018,1525248,14.582431847684985,twse
5243,乙盛-KY,光電業,11508,1373168,1271880,890946,7.9636443689656256,54.12471687397441,9008233,10.25654300824161,twse
5244,弘凱,光電業,11508,92502,89866,71283,2.933256181425678,29.767265687471067,559128,5.170218248780662,twse
5258,虹堡,電腦及週邊設備業,11508,624428,861104,605006,-27.485181813114327,3.2102160970304428,5456498,14.672855969873382,twse
5269,祥碩,半導體業,11508,882349,783204,1307339,12.658898575594609,-32.50801819573959,7886107,-6.92021024463388,twse
5283,禾聯碩,電器電纜,11508,544641,700359,504356,-22.234025692537685,7.987413652261498,4578175,0.6296475964874606,twse
5284,jpp-KY,其他,11508,362392,420741,320223,-13.868151665751615,13.16863560706133,3168020,38.28834334404247,twse
5285,界霖,半導體業,11508,549909,604625,458538,-9.049576183584866,19.926592779660574,4136487,14.294781162038817,twse
5288,豐祥-KY,電機機械,11508,810855,850522,506479,-4.663841734840486,60.09646994248528,6132858,35.380100629058546,twse
5292,華懋,綠能環保,11508,237861,278768,218415,-14.674209378407852,8.90323466794863,1792683,-4.43549934750902,twse
5306,桂盟,運動休閒,11508,398423,492714,355529,-19.13706531578157,12.064838592632388,3638171,11.00997547704127,twse
5388,中磊,通信網路業,11508,7044125,7979722,4856190,-11.724681636778826,45.05455923264947,52286402,55.154770337482326,twse
5434,崇越,電子通路業,11508,7791761,8173773,5715135,-4.673631137052619,36.335554628193385,55327637,25.1958109453011,twse
5469,瀚宇博,電子零組件業,11508,6543125,6589531,5176127,-0.7042382834225986,26.409668850860886,45671734,24.721919865809006,twse
5471,松翰,半導體業,11508,272168,315750,225973,-13.802692003167062,20.442707757121426,2296059,28.770564343808573,twse
5484,慧友,光電業,11508,48419,51112,42872,-5.268821411801534,12.938514648255271,546735,92.45269071555293,twse
5515,建國,建材營造,11508,638006,697885,667219,-8.580066916469045,-4.37832255975924,5355291,23.083682013176478,twse
5519,隆大,建材營造,11508,114356,111792,1528234,2.2935451552883928,-92.5171145256551,1355445,-66.7853832112719,twse
5521,工信,建材營造,11508,607379,795349,695187,-23.633650133463423,-12.630846088894067,6823415,8.929400704430074,twse
5522,遠雄,建材營造,11508,3244058,3552998,6090610,-8.695192060338902,-46.73673080364693,15328113,85.24292591268147,twse
5525,順天,建材營造,11508,554750,460075,30833,20.578166603271207,1699.2086400934063,4898956,1440.8138488925792,twse
5531,鄉林,建材營造,11508,74564,63049,86771,18.26357277672921,-14.068064215002709,460563,6.198075552880791,twse
5533,皇鼎,建材營造,11508,155966,55157,53888,182.76737313486956,189.42621733966746,921218,8.811016014230672,twse
5534,長虹,建材營造,11508,623750,906787,330759,-31.21317354571691,88.58141426234812,3852461,67.0501740981801,twse
5538,東明-KY,鋼鐵工業,11508,1275862,1326220,1055152,-3.7971075688799747,20.917365460142236,9443279,13.899914086083019,twse
5546,永固-KY,建材營造,11508,167645,155919,126233,7.520571578832599,32.806001600215474,880537,-40.16822859192981,twse
5607,遠雄港,航運業,11508,486055,514899,364095,-5.601875319237365,33.496752221260934,3584613,36.22844004446429,twse
5608,四維航,航運業,11508,371487,362125,266975,2.5852951328960994,39.146736585822644,2355543,13.85143854744553,twse
5706,鳳凰,觀光餐旅,11508,213993,301552,231867,-29.036119806865813,-7.7087295734192445,2044239,-3.6608825968933796,twse
5871,中租-KY,其他,11508,8169021,8463270,8225178,-3.476776706875711,-0.6827451029023324,64926891,-0.766961546418526,twse
5876,上海商銀,金融保險業,11508,4547978,5216480,4248050,-12.815193387111616,7.060368875130942,37298483,1.9616692181356892,twse
5880,合庫金,金融保險業,11508,6278514,7009749,5079620,-10.431685927698695,23.602041097562417,48120578,18.308406790653798,twse
5906,台南-KY,貿易百貨,11508,123471,132645,130847,-6.916204907836707,-5.6371181609054855,1083404,-1.7098646315585107,twse
5907,大洋-KY,貿易百貨,11508,229668,202420,221263,13.461120442644008,3.798646859167597,1853379,0.7000837818542196,twse
6005,群益證,金融保險業,11508,3030550,2046056,2085061,48.11666933847363,45.34586757893414,24297437,99.71869572400732,twse
6024,群益期,金融保險業,11508,220011,410756,204090,-46.43754443027004,7.8009701602234305,1753684,-12.893749968955976,twse
6108,競國,電子零組件業,11508,599097,654851,411201,-8.513997840730182,45.69444140456857,3662853,31.204309032756544,twse
6112,邁達特,資訊服務業,11508,2129820,2221632,1792948,-4.132637628554144,18.78872114528698,16921712,18.345567665555134,twse
6115,鎰勝,電子零組件業,11508,732630,745570,661435,-1.735584854540821,10.76371827919599,5488990,11.671333719067045,twse
6116,彩晶,光電業,11508,934086,871970,864874,7.123639574756012,8.002552973034222,7891385,2.934742739613242,twse
6117,迎廣,電腦及週邊設備業,11508,281886,275053,275148,2.484248490290962,2.448863884164159,2203556,4.568236929895743,twse
6120,達運,光電業,11508,1337803,1000780,1380471,33.67603269449829,-3.0908291445455935,11094827,-4.68993809001671,twse
6128,上福,電腦及週邊設備業,11508,364657,438942,347429,-16.9236482268728,4.958710988432169,3421674,-1.952399114106245,twse
6133,金橋,電子零組件業,11508,121423,135321,118867,-10.270394099954922,2.1503024388602388,950452,6.654188450243673,twse
6136,富爾特,通信網路業,11508,65600,62782,49803,4.488547672899876,31.718972752645424,462436,18.151019177606198,twse
6139,亞翔,其他電子業,11508,11018647,10928616,7776731,0.8238097120440502,41.68738766970338,67904317,63.37387073487776,twse
6141,柏承,電子零組件業,11508,272679,254902,137274,6.974052773222651,98.63848944446873,1618559,32.20453750927072,twse
6142,友勁,通信網路業,11508,222688,166423,148984,33.80842792162141,49.47108414326371,1310309,3.5828036177446885,twse
6152,百一,通信網路業,11508,312169,302252,142880,3.2810370154705346,118.48334266517357,1570684,55.91323881362982,twse
6153,嘉聯益,電子零組件業,11508,568307,565587,490126,0.48091628697264965,15.951204384178762,3864804,5.320523092116666,twse
6155,鈞寶,電子零組件業,11508,75032,64573,50006,16.197172192712124,50.04599448066232,513330,23.804952873419065,twse
6164,華興,光電業,11508,55352,65687,62939,-15.733706821745551,-12.054528988385579,519530,-1.546922168761003,twse
6165,浪凡,數位雲端,11508,286160,276543,270326,3.4775785320908503,5.857372209850329,2283021,8.037990407753298,twse
6166,凌華,電腦及週邊設備業,11508,1528587,1426503,1033987,7.156241522099848,47.83425710381272,10858379,41.599570704074004,twse
6168,宏齊,光電業,11508,221377,205558,186786,7.69563821403205,18.51905389054854,1506207,9.291632139804404,twse
6176,瑞儀,光電業,11508,3816244,3760675,4418501,1.4776336694875256,-13.630346581340595,30701464,-7.434927369580751,twse
6177,達麗,建材營造,11508,1109448,1101399,1215468,0.7307978307588803,-8.722566122678671,10520987,322.34997244143955,twse
6183,關貿,資訊服務業,11508,226822,346726,214863,-34.58177350415025,5.565872206941167,1932896,13.34811883603456,twse
6184,大豐電,其他,11508,175750,176222,176781,-0.2678439695384231,-0.5832074713911563,1448607,1.1474870703469484,twse
6189,豐藝,電子通路業,11508,2484787,2781576,2221895,-10.669814522414631,11.831882244660527,20229133,0.17811967564272366,twse
6191,精成科,電子零組件業,11508,3801319,3919950,3156059,-3.026339621678848,20.44511842142368,27014097,26.98199239737183,twse
6192,巨路,其他電子業,11508,638643,916547,565199,-30.320758237166235,12.994361278063124,5405098,12.560808807114464,twse
6196,帆宣,其他電子業,11508,7219605,7518568,3926133,-3.976329003076118,83.88589994276812,50246297,51.719650821609626,twse
6197,佳必琪,電子零組件業,11508,842399,834706,672058,0.9216418715092499,25.34617547890212,6213696,23.675774484284208,twse
6201,亞弘電,其他電子業,11508,346475,327231,260022,5.880860920878523,33.248340525032496,2181506,-5.750560893870196,twse
6202,盛群,半導體業,11508,361687,365463,251647,-1.0332099282280285,43.72792046000946,2535854,18.929218970865353,twse
6205,詮欣,電子零組件業,11508,120067,131228,96059,-8.505044655104093,24.992973068634903,917065,-3.7203110547915434,twse
6206,飛捷,電腦及週邊設備業,11508,583281,568481,359661,2.603429138352909,62.175214994119465,4543597,30.078514957922568,twse
6209,今國光,光電業,11508,556720,524235,269254,6.196648449645674,106.76387351719937,3495280,69.57475804178434,twse
6213,聯茂,電子零組件業,11508,5044034,4749174,2548408,6.2086586004218836,97.92882458381861,30466286,42.24723210896934,twse
6214,精誠,資訊服務業,11508,5900133,4744529,3644065,24.35655889130407,61.91075076871571,38012453,39.64975705779999,twse
6215,和椿,其他電子業,11508,407379,378154,174979,7.728332901410536,132.81593791254951,2460839,59.76341003257803,twse
6216,居易,通信網路業,11508,50799,63389,67126,-19.861490163908563,-24.322915114858624,399044,-26.270084105656807,twse
6224,聚鼎,電子零組件業,11508,319050,317937,233735,0.3500693533624586,36.500738015273704,2113288,9.405408539603192,twse
6225,天瀚,光電業,11508,3234,2753,1352,17.47184889211769,139.20118343195267,32744,42.96192804750262,twse
6226,光鼎,光電業,11508,53179,60059,47037,-11.455402187848616,13.05780555732721,440136,7.1424919972248935,twse
6230,尼得科超眾,電腦及週邊設備業,11508,759277,788510,765856,-3.7073721322494326,-0.8590387749132996,6225880,6.454924549943129,twse
6235,華孚,電腦及週邊設備業,11508,538434,550108,501809,-2.1221287456281313,7.298593688036683,4305190,2.9012571564606113,twse
6239,力成,半導體業,11508,8557545,8270133,6875752,3.4753008204342057,24.459768182447533,61257677,30.83012384076879,twse
6243,迅杰,半導體業,11508,31782,31860,47109,-0.2448210922787194,-32.53518435967649,232018,-48.89291252555156,twse
6257,矽格,半導體業,11508,2068935,2014186,1609013,2.718170020047801,28.584107151402755,15257594,20.486808720324657,twse
6269,台郡,電子零組件業,11508,1997131,2045178,1970931,-2.349282067379954,1.3293210163115807,14889375,1.9376497421841383,twse
6271,同欣電,半導體業,11508,1173962,1130269,953723,3.8657169222547907,23.09255412735144,8276432,6.759265649135593,twse
6272,驊陞,電子零組件業,11508,298226,309717,339326,-3.710161211686798,-12.112246040680644,2175013,-19.035271003148857,twse
6277,宏正,電腦及週邊設備業,11508,474000,476641,404772,-0.554085779444068,17.102961667309003,3585958,15.479897696364821,twse
6278,台表科,光電業,11508,4628384,4667997,4174612,-0.8486080860806038,10.869800594642088,35081965,5.232409466726839,twse
6281,全國電,電子通路業,11508,1696566,1930675,1641832,-12.125759125694382,3.3337150207816633,13300804,-0.17025571682130086,twse
6282,康舒,電子零組件業,11508,3708827,3263384,2678369,13.649726786672975,38.4733395585149,25068161,28.845022400993173,twse
6283,淳安,其他電子業,11508,99632,156347,114111,-36.27508043006901,-12.688522578892481,1075878,-9.072254342588,twse
6285,啟碁,通信網路業,11508,15703833,16912812,8666065,-7.148302718672684,81.21065327804487,101211112,37.82667787769947,twse
6405,悅城,光電業,11508,11,0,135,,-91.85185185185185,259,-59.65732087227414,twse
6409,旭隼,其他電子業,11508,1778833,2013975,1836914,-11.67551732270758,-3.1618791081128457,13551808,-4.142432556045146,twse
6412,群電,電子零組件業,11508,2469056,2531200,3073466,-2.4551201011378003,-19.665420082733956,21227617,-9.879920936756283,twse
6414,樺漢,電腦及週邊設備業,11508,15486280,16400623,10825117,-5.575050411194746,43.05877710143918,117180186,29.394594483693474,twse
6415,矽力*-KY,半導體業,11508,2416636,2356843,1584275,2.5369954638471888,52.53892158873933,15629449,33.04457754857022,twse
6416,瑞祺電通,通信網路業,11508,548128,451310,261836,21.452660034122886,109.34019768099115,3390333,25.922290178914658,twse
6426,統新,通信網路業,11508,73340,78293,41154,-6.326236061972335,78.20867959372114,513680,68.31261427157808,twse
6431,光麗-KY,生技醫療業,11508,41889,35744,14652,17.191696508504926,185.89271089271088,262471,13.368117794930049,twse
6438,迅得,其他電子業,11508,611320,638075,529101,-4.193080750695451,15.539377169954319,4817848,11.497804340405343,twse
6442,光聖,通信網路業,11508,1628177,1229355,645477,32.44156488565142,152.24399939889415,9244181,42.59910628947854,twse
6443,元晶,光電業,11508,66546,67526,86406,-1.4512928353523087,-22.984514964238596,807905,-36.19119303328084,twse
6446,藥華藥,生技醫療業,11508,2617220,2507284,1274036,4.384664840520659,105.4274761466709,17101313,81.24053329376729,twse
6449,鈺邦,電子零組件業,11508,463542,505817,382565,-8.357765753226957,21.16686053350411,3467683,23.8238426964928,twse
6451,訊芯-KY,半導體業,11508,691843,777120,461819,-10.973466131356805,49.80825821371576,5037594,1.7650323086585427,twse
6456,GIS-KY,光電業,11508,4210995,4081086,6014042,3.183196825550846,-29.980618692054364,34871690,-23.623178486303157,twse
6464,台數科,其他,11508,343929,344675,354554,-0.21643577282947704,-2.996722643095269,2833614,-2.4800425099013106,twse
6472,保瑞,生技醫療業,11508,2184612,1901563,1372085,14.885070860129273,59.21841576870238,13978788,6.089326761599802,twse
6477,安集,光電業,11508,74252,63694,89783,16.576129619744403,-17.29837497076284,587474,8.505148450847301,twse
6491,晶碩,生技醫療業,11508,750382,745591,631216,0.6425774989236727,18.878799016501482,5496145,22.503521660440608,twse
6504,南六,其他,11508,538854,518357,516340,3.9542245981051667,4.360305225239183,4386807,1.4209030117345471,twse
6505,台塑化,油電燃氣業,11508,81905673,74820787,54499634,9.469141242793931,50.28664779657053,501698826,16.71517802366748,twse
6515,穎崴,半導體業,11508,1705663,1600351,511648,6.5805563904418465,233.36649415222965,9809664,97.87797349070516,twse
6525,捷敏-KY,半導體業,11508,609229,614164,466728,-0.8035313043421627,30.531915805351296,4231814,19.764129010201625,twse
6526,達發,半導體業,11508,2339350,2288868,1854976,2.2055444001139426,26.112143768975987,16372290,12.533665163838677,twse
6531,愛普*,半導體業,11508,1030931,1103906,411017,-6.610617208349262,150.82441845471112,6599491,109.12544913946162,twse
6533,晶心科,半導體業,11508,114014,120282,153503,-5.211087278229494,-25.725230125795587,1126919,40.397176904437096,twse
6534,正瀚-創,生技醫療業,11508,39892,62238,59881,-35.90411002924259,-33.381206058683055,1431059,3.3453332226021586,twse
6541,泰福-KY,生技醫療業,11508,73181,53787,23596,36.05703980515738,210.1415494151551,480238,250.13488094022952,twse
6550,北極星藥業-KY,生技醫療業,11508,4496,-3571,1486,225.90310837300476,202.55720053835802,44970,108.45501321095814,twse
6552,易華電,半導體業,11508,83012,89104,105536,-6.836954569940743,-21.342480291085508,749044,-28.175092892244997,twse
6558,興能高,其他電子業,11508,117600,63265,86496,85.8847704101794,35.96004439511654,698932,-6.260503130989216,twse
6573,虹揚-KY,半導體業,11508,63885,76139,54626,-16.094248676762238,16.949804122578993,520100,-10.236429753663634,twse
6579,研揚,電腦及週邊設備業,11508,984940,913921,778105,7.770802946863022,26.581888048528153,7126421,28.369935037049633,twse
6581,鋼聯,綠能環保,11508,374152,90260,198822,314.52692222468426,88.18440615223668,1746518,15.438148196863473,twse
6582,申豐,橡膠工業,11508,47032,42498,44064,10.668737352345993,6.735657225853304,350270,-46.834943498751585,twse
6585,鼎基,其他,11508,281348,294717,250993,-4.536216098833797,12.093962779838481,2233065,17.33724200876772,twse
6589,台康生技,生技醫療業,11508,163669,211799,72450,-22.72437546919485,125.90614216701174,996214,78.03269665170274,twse
6591,動力-KY,電腦及週邊設備業,11508,82234,80249,152765,2.473551072287505,-46.169606912578146,706650,-41.74927748166296,twse
6592,和潤企業,其他,11508,1872507,1901386,1951495,-1.5188394150372413,-4.047563534623455,15337994,-4.124528396946861,twse
6598,ABC-KY,生技醫療業,11508,60941,45954,37160,32.613047830439136,63.9962325080732,534657,70.26588071194504,twse
6605,帝寶,汽車工業,11508,1782033,1728233,1389484,3.113006174514663,28.251422830345653,13152125,3.083614501043053,twse
6606,建德工業,電機機械,11508,94969,90532,61303,4.901029470242566,54.917377616103614,670306,27.367526986738923,twse
6614,資拓宏宇,數位雲端,11508,425782,426845,334537,-0.24903653551054833,27.275009939109875,3342048,28.57467669242355,twse
6625,必應,其他,11508,377461,375941,430669,0.4043187627845859,-12.354731824208383,2902136,15.207466935974328,twse
6641,基士德-KY,綠能環保,11508,161138,168213,137406,-4.205976945895977,17.2714437506368,1272870,12.859393688981653,twse
6645,金萬林-創,生技醫療業,11508,69639,63149,54841,10.277280717034316,26.983461278970115,411167,24.165619790785883,twse
6655,科定,其他,11508,287879,306978,221130,-6.22161848731831,30.185411296522407,2102374,27.896177971581924,twse
6657,華安,生技醫療業,11508,803,614,317,30.781758957654723,153.3123028391167,4660,14.020063616344506,twse
6658,聯策,其他電子業,11508,207618,198794,101748,4.4387657575178325,104.05118528128317,1730558,24.113947200447527,twse
6666,羅麗芬-KY,生技醫療業,11508,80589,94649,69540,-14.854884890490126,15.88869715271786,842646,12.354447865235358,twse
6668,中揚光,光電業,11508,97342,107699,98428,-9.61661668167764,-1.1033445767464543,790466,12.497029125246387,twse
6669,緯穎,電腦及週邊設備業,11508,144311808,117685530,95978718,22.62493783220418,50.35813251850269,816657663,42.79572821857782,twse
6670,復盛應用,運動休閒,11508,2676459,2365928,1845631,13.125124686803655,45.01593222047094,21585489,14.884603863867303,twse
6671,三能-KY,居家生活,11508,141846,150410,160108,-5.693770361013231,-11.406050915631948,1111671,-12.560967840127988,twse
6672,騰輝電子-KY,電子零組件業,11508,805877,665315,345507,21.127135266753342,133.2447678339368,4330906,53.60099475737893,twse
6674,鋐寶科技,通信網路業,11508,19922,49214,36525,-59.519648880399885,-45.45653661875428,286200,-28.669875109973507,twse
6689,伊雲谷,數位雲端,11508,1187205,1333176,987047,-10.949116995805506,20.27846698282858,8642564,3.7097143093026177,twse
6691,洋基工程,其他電子業,11508,5287292,4763774,1685471,10.989564156486013,213.69818881487726,28162429,112.82327209171589,twse
6695,芯鼎,半導體業,11508,85386,101641,90841,-15.992562056650367,-6.004997743309739,694172,-7.754293877279824,twse
6698,旭暉應材,其他電子業,11508,68519,69224,118927,-1.0184329134404253,-42.385665155935996,464985,-31.66979428270808,twse
6706,惠特,光電業,11508,77628,66265,35201,17.14781558892326,120.52782591403653,481351,-34.98674345512967,twse
6715,嘉基,電子零組件業,11508,164842,154589,77384,6.632425334273461,113.01819497570557,1244388,10.241170389099095,twse
6719,力智,半導體業,11508,353609,304063,420800,16.29464946409132,-15.967442965779467,2758458,-7.6427808768595185,twse
6722,輝創,其他電子業,11508,396269,378669,390142,4.6478586839693765,1.5704538347576011,3188061,-6.062367736989091,twse
6742,澤米,光電業,11508,31645,30742,33985,2.9373495543556047,-6.885390613505958,243303,-39.37718487363551,twse
6743,安普新,其他電子業,11508,717916,791712,637148,-9.32106624631179,12.676489606810348,3947812,10.162715400269951,twse
6753,龍德造船,航運業,11508,509671,519142,363686,-1.8243563418101405,40.14039583596839,3877938,25.55381514220055,twse
6754,匯僑設計,居家生活,11508,332065,312441,360116,6.280865827468226,-7.789434515544991,2038894,-15.784199732758923,twse
6756,威鋒電子,半導體業,11508,189130,177234,96034,6.712030423056524,96.9406668471583,1314475,29.5460234675434,twse
6757,台灣虎航,航運業,11508,1787712,1770079,1465181,0.9961702274305271,22.013048217250976,13882655,22.74221390265398,twse
6768,志強-KY,運動休閒,11508,1199166,1451831,1122141,-17.40319637753981,6.8641106598903345,13437043,-2.379968320268816,twse
6770,力積電,半導體業,11508,7008845,6668883,3977940,5.097735257913507,76.19282844889565,44540374,47.08145004448896,twse
6771,平和環保-創,綠能環保,11508,50932,52005,49409,-2.0632631477742525,3.0824343743042766,380644,-11.038712150249138,twse
6776,展碁國際,電子通路業,11508,3246279,3484758,2293803,-6.843488127439552,41.523879775203014,25603653,36.440701765754405,twse
6781,AES-KY,電子零組件業,11508,1750881,1723107,1382568,1.611855793052898,26.639774680160397,12811891,26.389547104873436,twse
6782,視陽,生技醫療業,11508,489730,465679,298520,5.164716467781455,64.05265978828889,3451203,26.953267686426585,twse
6789,采鈺,半導體業,11508,918686,914690,778595,0.4368693218467459,17.992794713554545,6623907,12.155876506925265,twse
6790,永豐實,造紙工業,11508,840811,841005,876781,-0.023067639312489223,-4.102506783335862,7038506,-2.4293457233703455,twse
6792,詠業,通信網路業,11508,130904,134601,113440,-2.7466363548562045,15.394922425952045,982411,7.428022172090679,twse
6794,向榮生技,生技醫療業,11508,1540,2425,883,-36.49484536082474,74.40543601359003,14838,-33.71454098726826,twse
6796,晉弘,生技醫療業,11508,61075,86523,49023,-29.411832691885394,24.58437876098974,456492,18.470266426521196,twse
6799,來頡,半導體業,11508,83650,88603,82130,-5.590104172544947,1.850724461220017,676149,3.8741433423819114,twse
6805,富世達,電子零組件業,11508,1528275,1360035,1183461,12.37026988276037,29.136067855214495,10811903,49.808172599628804,twse
6807,峰源-KY,居家生活,11508,340849,380974,313324,-10.532214796810281,8.784836144055355,2441736,-12.662108533176427,twse
6830,汎銓,其他電子業,11508,254051,240751,192532,5.5243799610385835,31.952610475141796,1708683,22.670021753020656,twse
6831,邁科,電腦及週邊設備業,11508,512355,553187,396860,-7.381229132282574,29.10220228796049,2966693,22.26832658871512,twse
6834,天二科技,電子零組件業,11508,255202,242978,119084,5.030908148062788,114.30418863995163,1501675,52.761699175396586,twse
6835,圓裕,電子零組件業,11508,167667,213810,183107,-21.581310509330713,-8.432228150753385,1555605,-6.604599390494305,twse
6838,台新藥,生技醫療業,11508,0,0,0,,,48448,804.2179917879806,twse
6854,錼創科技-KY創,半導體業,11508,58834,56856,112369,3.4789644012944985,-47.64214329574883,402613,-44.3482696132841,twse
6861,睿生光電,生技醫療業,11508,283520,290806,185946,-2.5054503689745053,52.47437428070515,2122394,46.21630484504776,twse
6862,三集瑞-KY,電子零組件業,11508,173128,192079,171504,-9.86625294800577,0.9469166899897379,1276852,-19.245001875225707,twse
6863,永道-KY,通信網路業,11508,440322,566039,246125,-22.209953731103333,78.90177755205688,3688726,43.196663335903224,twse
6869,雲豹能源,綠能環保,11508,525956,580791,322425,-9.441434182003508,63.12506784523533,4604688,-1.0194930650912402,twse
6873,泓德能源,綠能環保,11508,462577,267181,639970,73.13244579517256,-27.718955576042628,3888531,-9.318956629457846,twse
6885,全福生技,生技醫療業,11508,1103,839,429,31.466030989272944,157.1095571095571,8731,248.26485839648984,twse
6887,寶綠特-KY,綠能環保,11508,277211,297141,294841,-6.707253458795656,-5.979494032376772,2943058,-0.63654828367622,twse
6890,來億-KY,運動休閒,11508,2717659,3086835,2635107,-11.959693342857651,3.132776012511067,23705553,-10.525871404086386,twse
6901,鑽石投資,其他,11508,1376,-926908,11225,100.1484505474114,-87.74164810690424,2203782,309.8893971559269,twse
6902,GOGOLOOK,數位雲端,11508,111984,109746,86443,2.0392542780602483,29.54663766875282,834554,28.20436404303824,twse
6906,現觀科,數位雲端,11508,26312,23473,26001,12.094747156307246,1.1961078420060767,199707,2.541102291048378,twse
6908,宏碁遊戲-創,電子通路業,11508,357210,410451,409452,-12.971341280688803,-12.759004718501803,3117752,-4.978423388017247,twse
6909,創控,半導體業,11508,60579,30496,46834,98.6457240293809,29.348336678481445,294344,-1.379409705120602,twse
6914,阜爾運通,其他,11508,533329,507344,498295,5.12177142136302,7.0307749425541095,3975601,8.676722641524908,twse
6916,華凌,光電業,11508,243089,253725,158923,-4.191940092619962,52.96023860611743,1638022,21.572344221754477,twse
6918,愛派司,生技醫療業,11508,76593,86029,68984,-10.968394378639761,11.030093934825468,624947,13.446862429021625,twse
6919,康霈*,生技醫療業,11508,0,0,5577,,-100.0,3568,-86.07718421976821,twse
6921,嘉雨思-創,半導體業,11508,12215,11028,8406,10.763511062749366,45.3128717582679,68279,-48.26133410119043,twse
6923,中台,綠能環保,11508,118302,109179,99303,8.356002527958672,19.132352496903415,899018,17.23686458304807,twse
6924,榮惠-KY創,電子零組件業,11508,242632,185160,131160,31.039101317779217,84.98932601402866,1414784,23.48793648521497,twse
6928,攸泰科技,電腦及週邊設備業,11508,107319,182096,195121,-41.064603286178716,-44.998744368878796,1231121,-17.719290624195903,twse
6931,青松健康,生技醫療業,11508,112065,112392,94171,-0.290945974802477,19.001603466035192,854831,17.924314869126416,twse
6933,AMAX-KY,電腦及週邊設備業,11508,1356656,1439432,465789,-5.750601626197,191.25977642237152,7283141,51.5839308742371,twse
6934,心誠鎂,生技醫療業,11508,41,48,49,-14.583333333333334,-16.3265306122449,19902,42.28926860656324,twse
6936,永鴻生技,生技醫療業,11508,113809,145565,121353,-21.815683715178785,-6.216574785955023,1003455,9.268234784246811,twse
6937,天虹,半導體業,11508,265278,207467,118804,27.865154458299394,123.29046160061951,1773609,45.29715887167531,twse
6944,兆聯實業,綠能環保,11508,1985567,1799012,1447070,10.36985856681334,37.21291990021215,13571902,41.22904286143012,twse
6947,台鎔科技,綠能環保,11508,163733,180365,110596,-9.221301250242563,48.04604144815364,1197012,63.68074234010521,twse
6949,沛爾生醫*-創,生技醫療業,11508,6496,2520,2454,157.77777777777777,164.71067644661775,24334,4.20520726276122,twse
6951,青新-創,綠能環保,11508,80618,83163,78641,-3.0602551615502085,2.513955824569881,605297,19.448045861330648,twse
6952,大武山,其他,11508,218630,202940,186711,7.731349167241549,17.09540412723407,1561900,29.08723202560091,twse
6955,邦睿生技-創,生技醫療業,11508,30724,26370,25309,16.51118695487296,21.395550989766488,233809,18.168907308197717,twse
6957,裕慶-KY,其他,11508,244936,221321,355759,10.670022275337631,-31.15114445453242,2577339,8.50162836281338,twse
6958,日盛台駿,其他,11508,821737,841128,860316,-2.305356616353278,-4.484282519446343,6758266,-9.097345808843736,twse
6962,奕力-KY,半導體業,11508,1913683,1930875,1785854,-0.8903735353143005,7.157863968723087,12565170,-0.21070227128169577,twse
6965,中傑-KY,運動休閒,11508,1887952,1869153,1843391,1.0057496630826903,2.417338481092725,14205463,-5.19766160518986,twse
6969,成信實業*-創,綠能環保,11508,22540,22733,27181,-0.8489860555140105,-17.074426989441154,190586,-5.989305867961011,twse
6988,威力暘-創,汽車工業,11508,53939,54107,60693,-0.3104958692960245,-11.128136687921177,467903,-13.165728241464166,twse
6994,富威電力,綠能環保,11508,155740,208877,206969,-25.439373411146274,-24.752016002396495,1785028,50.015211387866856,twse
7610,聯友金屬-創,綠能環保,11508,1134242,970895,119064,16.824373387441483,852.6321978095814,5034475,563.5187425700557,twse
7631,聚賢研發-創,其他電子業,11508,158117,166857,68018,-5.238018183234746,132.46346555323592,1224723,118.16525168604174,twse
7689,大鵬科CLMX,通信網路業,11508,431722,520159,413926,-17.001916721617814,4.299319201982963,3908227,32.762918494824994,twse
7705,三商餐飲,觀光餐旅,11508,627104,554451,581177,13.103592562733226,7.902411829786795,4449086,3.270398178725131,twse
7711,永擎,電腦及週邊設備業,11508,2154323,5143796,2119208,-58.118031897065904,1.656986949841639,23009713,60.60682776688672,twse
7721,微程式,數位雲端,11508,54852,62569,37163,-12.333583723569179,47.598417781126386,445797,38.1819252609914,twse
7722,LINEPAY,數位雲端,11508,756241,724749,695998,4.34522848599998,8.655628320771036,5708195,13.822795845410473,twse
7730,暉盛-創,半導體業,11508,51542,34916,19254,47.61713827471646,167.6950244105121,277482,-7.243499102459961,twse
7732,金興精密,汽車工業,11508,87711,56615,84054,54.92537313432836,4.350774502105789,677464,-15.451959809154637,twse
7736,虎山,汽車工業,11508,119243,96399,145160,23.697341258726752,-17.854092036373657,937798,-17.293157489050888,twse
7740,熙特爾-創,綠能環保,11508,574227,924253,59221,-37.87123222753943,869.634082504517,8772563,1443.9542897773272,twse
7749,意騰-KY,半導體業,11508,198991,208120,123984,-4.38641168556602,60.497322235127115,1492139,60.273233963159925,twse
7750,新代,電機機械,11508,2436613,2869712,970501,-15.09207195704656,151.06754140387284,18430986,101.3171752265762,twse
7760,享溫馨,觀光餐旅,11508,98644,84782,104232,16.350168667877615,-5.361117507099547,840957,-5.958362361739982,twse
7765,中華資安,數位雲端,11508,146576,210487,141828,-30.363395364084244,3.3477169529289,1538826,17.17094958795173,twse
7768,頌勝科技,半導體業,11508,187491,181782,176278,3.1405749744199096,6.360975277686382,1498844,9.238342203039752,twse
7769,鴻勁,半導體業,11508,5218962,5245898,2724112,-0.5134678562183252,91.58397305250298,34983826,92.92417403651449,twse
7780,大研生醫*,食品工業,11508,203124,197244,147044,2.981079272373304,38.13824433502897,1480553,36.325951462148225,twse
7786,東方風能,綠能環保,11508,1562812,1502904,1439391,3.986149481270926,8.57452908903835,9132529,30.000172241674143,twse
7788,松川精密,電子零組件業,11508,872043,986396,524040,-11.593011326079992,66.40771696817036,5975262,40.51670252918974,twse
7791,皇家可口,食品工業,11508,268378,265715,287953,1.0022016069849276,-6.797984393286405,1694224,-7.461778410639505,twse
7795,長廣,電子零組件業,11508,359809,183826,170124,95.7334653422258,111.49808375067597,1433833,24.76977122007548,twse
7799,禾榮科,生技醫療業,11508,334,0,884,,-62.217194570135746,3723,-7.203389830508475,twse
7803,雲象科技-創,生技醫療業,11508,7043,1359,63850,418.2487122884474,-88.96945967110415,40436,-64.92244699677296,twse
7818,溢泰實業,綠能環保,11508,1054334,1099845,945264,-4.137946710672868,11.538575466747913,7942806,-6.8053251444857805,twse
7821,神數,汽車工業,11508,757582,1051004,614678,-27.918257209297014,23.248595199437755,6603609,25.33606821540404,twse
7822,倍利科,半導體業,11508,301952,273081,172919,10.572321032953592,74.62048704884945,1994321,84.39999667134835,twse
7823,奧義賽博-KY創,數位雲端,11508,28208,30332,27656,-7.0025056046419625,1.9959502458779288,237008,7.1842693173904,twse
7827,漢康-KY創,生技醫療業,11508,0,18120,0,-100.0,,27662,,twse
7835,永悅健康-創,數位雲端,11508,24707,26539,33639,-6.903048343946645,-26.552513451648384,258721,0.07039556894704474,twse
7855,和運租車,其他,11508,2576461,2702766,2541810,-4.67317555422852,1.3632411549250338,20677982,5.300074409808814,twse
8011,台通,通信網路業,11508,138482,127460,155746,8.647418798054291,-11.08471485624029,1100780,-19.487837381200713,twse
8016,矽創,半導體業,11508,1908016,2035657,1542554,-6.27026065786132,23.692006892465354,15524279,28.97233724347436,twse
8021,尖點,其他電子業,11508,770701,730488,389729,5.504950115539201,97.75305404524683,4666784,76.07110477941801,twse
8028,昇陽半導體,半導體業,11508,505365,514661,402469,-1.8062375039103409,25.566192675709186,3750337,29.06148383968494,twse
8033,雷虎,其他,11508,176140,118213,100677,49.00222479761109,74.95555092026977,1122171,14.453171613819185,twse
8039,台虹,電子零組件業,11508,806704,847235,936162,-4.783914734400727,-13.8285894962624,6765532,-0.9056932196555422,twse
8045,達運光電,通信網路業,11508,132509,138605,107371,-4.3981097363009996,23.41228078345177,1192072,33.57327261644376,twse
8046,南電,電子零組件業,11508,5352700,5439751,3807312,-1.6002754537845574,40.59000155490278,35545167,39.56279377447245,twse
8070,長華*,電子通路業,11508,2232762,2232043,1622992,0.03221264106471067,37.57073355876061,16016414,27.679581640157124,twse
8072,陞泰,電子通路業,11508,113421,110590,99035,2.5599059589474638,14.526177613974857,966819,21.718248188047724,twse
8081,致新,半導體業,11508,804526,838544,727643,-4.056793680474728,10.566033068414043,5992016,1.6304416960501449,twse
8101,華冠,通信網路業,11508,25872,46216,65246,-44.019387225203396,-60.34699445176716,259130,-8.87576045293104,twse
8103,瀚荃,電子零組件業,11508,403097,395463,265900,1.9303955110844757,51.59721699887176,2806114,30.551966737119685,twse
8104,錸寶,光電業,11508,262750,315340,227124,-16.677237267711043,15.685704725172153,1843957,-34.34611442058561,twse
8105,凌巨,光電業,11508,707124,709302,789452,-0.3070624360286592,-10.428499769460334,5643602,-1.0257812350657907,twse
8110,華東,半導體業,11508,798331,687852,639439,16.06144926524892,24.848656400375955,5399297,15.539051292322757,twse
8112,至上,電子通路業,11508,40741046,76873576,15987240,-47.002535695750645,154.83476822766156,378389981,177.4193050076764,twse
8114,振樺電,電腦及週邊設備業,11508,1542429,1967455,1111647,-21.60283208510487,38.75169005988412,12231675,-14.200045328158824,twse
8131,福懋科,半導體業,11508,1135080,1087504,878214,4.374788506525033,29.24867970676851,8324452,37.4981810229448,twse
8150,南茂,半導體業,11508,2785705,2823014,2090343,-1.3216016640370893,33.26544973719624,19927443,30.036828048960416,twse
8162,微矽電子-創,半導體業,11508,126321,126131,120011,0.15063703609739082,5.257851363625001,869325,-1.1221679930754522,twse
8163,達方,電腦及週邊設備業,11508,2319492,2529227,2086248,-8.292454572088626,11.180070633980236,18390578,10.457212419060651,twse
8201,無敵,其他電子業,11508,30334,34200,25314,-11.304093567251462,19.83092359958916,300529,0.4670179051388685,twse
8210,勤誠,電腦及週邊設備業,11508,2456984,2462300,1748197,-0.21589570726556473,40.54388607233624,19847616,51.68337180134138,twse
8213,志超,電子零組件業,11508,2100473,2189059,1555360,-4.046761645072152,35.04738452834071,14438646,17.28787141054491,twse
8215,明基材,光電業,11508,1598251,1663844,1523905,-3.942256605787562,4.878650572050095,12753919,6.126766956571377,twse
8222,寶一,電機機械,11508,62107,91446,75261,-32.08341534894911,-17.477843770345864,635560,-1.3860507406597125,twse
8249,菱光,電子零組件業,11508,271912,345531,282703,-21.306047793106842,-3.8170801158813314,2603127,5.0908226235816665,twse
8261,富鼎,半導體業,11508,285265,292761,294102,-2.5604503332069504,-3.0047398521601347,2236345,6.811680796971143,twse
8271,宇瞻,半導體業,11508,2789279,2791191,1006580,-0.06850122402945552,177.10455204752728,22298804,226.8919077599359,twse
8341,日友,綠能環保,11508,386314,373255,371556,3.4986805267176595,3.971945009635156,2971722,15.680899499240141,twse
8367,建新國際,航運業,11508,269268,316908,283477,-15.03275398538377,-5.0123995950288736,2204598,3.2129181529149973,twse
8374,羅昇,電機機械,11508,476925,516799,352221,-7.715572205054577,35.40504399226622,4001221,38.26148464107214,twse
8404,百和興業-KY,其他,11508,698707,718355,724820,-2.7351379192738965,-3.6026875638089457,5223842,3.648008336536056,twse
8411,福貞-KY,其他,11508,1192222,981754,837174,21.437956962742195,42.410299412069655,7362461,23.68955160893029,twse
8422,可寧衛*,綠能環保,11508,700892,572858,340487,22.35004137150917,105.8498562353335,4658454,35.88447270120056,twse
8429,金麗-KY,貿易百貨,11508,11908,12759,11090,-6.669801708597853,7.376014427412083,90093,-4.852779655288949,twse
8438,昶昕,綠能環保,11508,482910,474642,334231,1.7419444549786998,44.483904844254425,3449378,40.62803984608849,twse
8442,威宏-KY,其他,11508,815007,855073,595119,-4.685681807284291,36.94857667122038,5999096,12.90688126221813,twse
8443,阿瘦,貿易百貨,11508,85703,74291,100339,15.361214682801416,-14.58655159010953,680142,-8.81189273690886,twse
8454,富邦媒,數位雲端,11508,9149783,8554761,8488043,6.955448550812816,7.796143351300176,71390760,3.3841565054088423,twse
8462,柏文,運動休閒,11508,622404,625939,533121,-0.5647515173203779,16.74722999094014,4650059,19.49117960709743,twse
8463,潤泰材,其他,11508,594449,573267,604165,3.694962382275624,-1.6081699535722858,4585200,-3.633600877663096,twse
8464,億豐,居家生活,11508,2815597,3004077,2390939,-6.274140110256828,17.761139033659997,21052585,5.5219179955282245,twse
8466,美吉吉-KY,其他,11508,214111,235598,243486,-9.120196266521788,-12.06434866891731,1741955,-23.036734340420587,twse
8467,波力-KY,運動休閒,11508,196630,293859,269274,-33.08695666969533,-26.977725290967566,1616775,-10.286872260580491,twse
8473,山林水,綠能環保,11508,358372,441261,341371,-18.784574208914904,4.9802121445582666,3170209,14.265730686580032,twse
8476,台境*,綠能環保,11508,5846,3007,103072,94.41303624875292,-94.32823657249301,672928,-17.759293705285234,twse
8478,東哥遊艇,運動休閒,11508,535312,382395,643413,39.98927810248565,-16.801183687615886,3495784,-1.2555388303538213,twse
8481,政伸,其他,11508,111921,112653,106033,-0.6497829618385662,5.552988220648289,810297,3.050053795303149,twse
8482,商億-KY,居家生活,11508,237573,301311,334775,-21.153558947399862,-29.03502352326189,2320432,1.4215606571592914,twse
8487,愛爾達-創,數位雲端,11508,93137,272891,88782,-65.8702558897142,4.9052735914937715,1222272,70.95167563893307,twse
8488,吉源-KY,其他,11508,385646,316874,308563,21.703263757834343,24.98128421100391,2803662,49.39780736016779,twse
8499,鼎炫-KY,其他電子業,11508,372324,376778,194686,-1.182128468222667,91.24333542216698,2678320,93.23122208835052,twse
8926,台汽電,油電燃氣業,11508,7034538,6147340,515871,14.432225970907743,1263.6234640055363,47670123,824.824638801328,twse
8940,新天地,觀光餐旅,11508,66286,77744,68874,-14.738114838444124,-3.7575863170427155,1069924,2.271643220581193,twse
8996,高力,電機機械,11508,1203933,922666,565664,30.48416219953916,112.8353580924365,7854802,115.03150544189883,twse
9105,泰金寶-DR,存託憑證,11508,11805184,13956638,8303657,-15.415274079617168,42.16849274964031,88722925,10.561781256066787,twse
912000,晨訊科-DR,存託憑證,11508,123881,72381,76038,71.15126897942831,62.91985586154291,964712,-3.9208988119484385,twse
9802,鈺齊-KY,運動休閒,11508,1694201,2144170,1252096,-20.985696096857993,35.30919354426498,12771482,8.319958176554783,twse
9902,台火,其他,11508,2187,2188,11881,-0.04570383912248629,-81.59245854726034,47148,-62.96715208068241,twse
9904,寶成,運動休閒,11508,20621794,19563446,19766827,5.40982401566677,4.325261712464019,166274809,-1.76549366723017,twse
9905,大華,其他,11508,1057769,1114568,767444,-5.096055153207342,37.83012180693314,7231795,27.628215106229852,twse
9906,欣巴巴,建材營造,11508,60709,54944,139028,10.492501456027956,-56.33325661017925,1252270,209.4852087091911,twse
9907,統一實,其他,11508,3489458,3747356,3879444,-6.882132362124121,-10.052626097966616,28411451,-11.018868673814776,twse
9908,大台北,油電燃氣業,11508,268281,263638,255890,1.7611269999013799,4.842315057251162,2322334,0.9600256667641922,twse
9910,豐泰,運動休閒,11508,7370345,7394317,7582135,-0.3241949188816222,-2.793276563922958,54379285,-2.938672945023781,twse
9911,櫻花,居家生活,11508,868810,910863,813584,-4.616830412476959,6.787989930972094,7276268,6.76767060187984,twse
9912,偉聯,電腦及週邊設備業,11508,36061,37718,36931,-4.393127949520123,-2.3557444964934606,309735,-1.7752661472158004,twse
9914,美利達,運動休閒,11508,1958658,2456589,2470390,-20.269202540595924,-20.71462400673578,16769796,-14.165983918798908,twse
9917,中保科,其他,11508,1635841,1617699,1566876,1.1214694451810874,4.401433170206194,12794359,2.3823268447666925,twse
9918,欣天然,油電燃氣業,11508,152105,137888,131693,10.31054188906939,15.499684873151953,1459388,-0.5213910760260307,twse
9919,康那香,其他,11508,226170,223463,201634,1.211386225012642,12.168582679508416,1766397,-0.38062291542828397,twse
9921,巨大,運動休閒,11508,5185838,5758164,5024537,-9.93938345625446,3.2102659409215217,40131429,-6.1134111947430245,twse
9924,福興,居家生活,11508,623420,758783,598273,-17.839487705971273,4.203265064610972,4725257,-6.4677451025414054,twse
9925,新保,其他,11508,724802,687064,680145,5.492646973207736,6.56580582081762,5594090,4.709610517961695,twse
9926,新海,油電燃氣業,11508,179837,182030,178720,-1.2047464703620283,0.625,1682714,-0.815420489134407,twse
9927,泰銘,其他,11508,789942,997907,628970,-20.84011836774369,25.592953558993276,6536291,23.165479474150533,twse
9928,中視,其他,11508,63907,72219,66165,-11.50943657486257,-3.412680420161717,565378,5.7878734013790005,twse
9929,秋雨,其他,11508,66794,67778,51707,-1.4517985186933813,29.17786760013151,471300,11.485383658272344,twse
9930,中聯資源,綠能環保,11508,1150595,1197342,1085138,-3.9042312054534127,6.032136004821506,9016975,-3.030287713816281,twse
9931,欣高,油電燃氣業,11508,138867,155550,117818,-10.725168756027001,17.86569115075795,1151306,9.425275557697224,twse
9933,中鼎,其他,11508,6996004,6501128,6647166,7.612155921249358,5.247920692818564,51217125,-14.128106060324082,twse
9934,成霖,居家生活,11508,1191015,1483960,1402083,-19.740761206501524,-15.053887679973297,12183509,5.9152633313953,twse
9935,慶豐富,居家生活,11508,433318,474552,454592,-8.689037239333098,-4.679800788399268,3465417,6.401759700968738,twse
9937,全國,油電燃氣業,11508,2013456,2063843,1916937,-2.441416328664535,5.035063750138893,15817255,4.4329304727037435,twse
9938,百和,其他,11508,1440671,1477652,1487931,-2.5026866948374855,-3.176222553330766,10760613,1.500403667502488,twse
9939,宏全,其他,11508,2842874,2797806,2654813,1.6108336317814744,7.083775768764128,21124567,3.2892771700006196,twse
9940,信義,其他,11508,963986,869527,763599,10.863262440384254,26.24243876694443,7769394,29.665164080114955,twse
9941,裕融,其他,11508,3323255,3438274,3262321,-3.3452540431623543,1.8678112914087854,26291138,-1.3018581101246396,twse
9942,茂順,其他,11508,378507,392871,333095,-3.6561619462877126,13.633347843708252,3060964,14.528318123823741,twse
9943,好樂迪,觀光餐旅,11508,190552,193656,202187,-1.6028421530962118,-5.754573736194711,1557710,-5.255180459226901,twse
9944,新麗,其他,11508,175295,194329,159865,-9.794729556576733,9.651893785381416,1762205,10.25771776807278,twse
9945,潤泰新,其他,11508,3463476,3321019,2509912,4.289556910092957,37.99192959753171,29292550,34.40778930180521,twse
9946,三發地產,建材營造,11508,67586,44893,23693,50.54908337602744,185.25724897649096,2757689,2974.1410830936616,twse
9955,佳龍,綠能環保,11508,191008,110805,128509,72.3821127205451,48.63394781688442,1149614,22.187573071445275,twse
9958,世紀鋼,鋼鐵工業,11508,1804740,1931466,944542,-6.56113025028657,91.07038120062421,13917458,41.49150336764519,twse
