item,price_date,price
加權指數,2021-09-30,16934.7695
美元兌台幣,2021-09-30,27.8124
費城半導體,2021-09-30,3258.0901
那斯達克,2021-09-30,14448.5801
加權指數,2021-10-01,16570.8906
美元兌台幣,2021-10-01,27.8366
費城半導體,2021-10-01,3261.1799
那斯達克,2021-10-01,14566.7002
VIX,2021-10-04,22.96
加權指數,2021-10-04,16408.3496
台積電ADR,2021-10-04,109.02
美元兌台幣,2021-10-04,27.754
美元指數,2021-10-04,93.81
費城半導體,2021-10-04,3180.0601
那斯達克,2021-10-04,14255.4805
VIX,2021-10-05,21.3
加權指數,2021-10-05,16460.75
台積電ADR,2021-10-05,109.26
美元兌台幣,2021-10-05,27.8823
美元指數,2021-10-05,93.98
費城半導體,2021-10-05,3227.25
那斯達克,2021-10-05,14433.8301
VIX,2021-10-06,21.0
加權指數,2021-10-06,16393.1602
台積電ADR,2021-10-06,109.34
美元兌台幣,2021-10-06,27.871
美元指數,2021-10-06,94.27
費城半導體,2021-10-06,3238.79
那斯達克,2021-10-06,14501.9102
VIX,2021-10-07,19.54
加權指數,2021-10-07,16713.8594
台積電ADR,2021-10-07,110.83
美元兌台幣,2021-10-07,27.951
美元指數,2021-10-07,94.22
費城半導體,2021-10-07,3274.48
那斯達克,2021-10-07,14654.0195
VIX,2021-10-08,18.77
加權指數,2021-10-08,16640.4297
台積電ADR,2021-10-08,110.04
美元兌台幣,2021-10-08,27.9685
美元指數,2021-10-08,94.07
費城半導體,2021-10-08,3246.27
那斯達克,2021-10-08,14579.54
VIX,2021-10-11,20.0
台積電ADR,2021-10-11,110.26
美元兌台幣,2021-10-11,28.05
美元指數,2021-10-11,94.32
費城半導體,2021-10-11,3221.23
那斯達克,2021-10-11,14486.2002
VIX,2021-10-12,19.85
加權指數,2021-10-12,16462.8398
台積電ADR,2021-10-12,109.2
美元兌台幣,2021-10-12,28.043
美元指數,2021-10-12,94.52
費城半導體,2021-10-12,3178.1499
那斯達克,2021-10-12,14465.9199
VIX,2021-10-13,18.64
加權指數,2021-10-13,16347.9902
台積電ADR,2021-10-13,109.98
美元兌台幣,2021-10-13,28.1287
美元指數,2021-10-13,94.08
費城半導體,2021-10-13,3192.75
那斯達克,2021-10-13,14571.6396
VIX,2021-10-14,16.86
加權指數,2021-10-14,16387.2793
台積電ADR,2021-10-14,112.56
美元兌台幣,2021-10-14,27.9995
美元指數,2021-10-14,93.96
費城半導體,2021-10-14,3291.24
那斯達克,2021-10-14,14823.4297
VIX,2021-10-15,16.3
加權指數,2021-10-15,16781.1895
台積電ADR,2021-10-15,114.86
美元兌台幣,2021-10-15,27.9889
美元指數,2021-10-15,93.94
費城半導體,2021-10-15,3314.4099
那斯達克,2021-10-15,14897.3398
VIX,2021-10-18,16.31
加權指數,2021-10-18,16705.4609
台積電ADR,2021-10-18,115.34
美元兌台幣,2021-10-18,28.0
美元指數,2021-10-18,93.95
費城半導體,2021-10-18,3338.78
那斯達克,2021-10-18,15021.8096
VIX,2021-10-19,15.7
加權指數,2021-10-19,16900.6699
台積電ADR,2021-10-19,116.96
美元兌台幣,2021-10-19,27.9492
美元指數,2021-10-19,93.79
費城半導體,2021-10-19,3381.45
那斯達克,2021-10-19,15129.0898
VIX,2021-10-20,15.49
加權指數,2021-10-20,16887.8203
台積電ADR,2021-10-20,115.59
美元兌台幣,2021-10-20,27.8263
美元指數,2021-10-20,93.56
費城半導體,2021-10-20,3374.22
那斯達克,2021-10-20,15121.6797
VIX,2021-10-21,15.01
加權指數,2021-10-21,16889.5098
台積電ADR,2021-10-21,116.29
美元兌台幣,2021-10-21,27.806
美元指數,2021-10-21,93.77
費城半導體,2021-10-21,3412.05
那斯達克,2021-10-21,15215.7002
VIX,2021-10-22,15.43
加權指數,2021-10-22,16888.7402
台積電ADR,2021-10-22,114.23
美元兌台幣,2021-10-22,27.8185
美元指數,2021-10-22,93.61
費城半導體,2021-10-22,3370.28
那斯達克,2021-10-22,15090.2002
VIX,2021-10-25,15.24
加權指數,2021-10-25,16894.2402
台積電ADR,2021-10-25,113.64
美元兌台幣,2021-10-25,27.837
美元指數,2021-10-25,93.81
費城半導體,2021-10-25,3392.3899
那斯達克,2021-10-25,15226.71
VIX,2021-10-26,15.98
加權指數,2021-10-26,17034.3398
台積電ADR,2021-10-26,114.18
美元兌台幣,2021-10-26,27.8062
美元指數,2021-10-26,93.95
費城半導體,2021-10-26,3392.96
那斯達克,2021-10-26,15235.71
VIX,2021-10-27,16.98
加權指數,2021-10-27,17074.5508
台積電ADR,2021-10-27,113.75
美元兌台幣,2021-10-27,27.7963
美元指數,2021-10-27,93.86
費城半導體,2021-10-27,3360.29
那斯達克,2021-10-27,15235.8398
VIX,2021-10-28,16.53
加權指數,2021-10-28,17041.6309
台積電ADR,2021-10-28,116.01
美元兌台幣,2021-10-28,27.7625
美元指數,2021-10-28,93.35
費城半導體,2021-10-28,3438.8301
那斯達克,2021-10-28,15448.1201
VIX,2021-10-29,16.26
加權指數,2021-10-29,16987.4102
台積電ADR,2021-10-29,113.7
美元兌台幣,2021-10-29,27.7233
美元指數,2021-10-29,94.12
費城半導體,2021-10-29,3451.27
那斯達克,2021-10-29,15498.3896
VIX,2021-11-01,16.41
加權指數,2021-11-01,17068.2402
台積電ADR,2021-11-01,114.12
美元兌台幣,2021-11-01,27.8167
美元指數,2021-11-01,93.88
費城半導體,2021-11-01,3506.28
那斯達克,2021-11-01,15595.9199
VIX,2021-11-02,16.03
加權指數,2021-11-02,17065.9707
台積電ADR,2021-11-02,114.11
美元兌台幣,2021-11-02,27.8011
美元指數,2021-11-02,94.09
費城半導體,2021-11-02,3548.8601
那斯達克,2021-11-02,15649.5996
VIX,2021-11-03,15.1
加權指數,2021-11-03,17122.1602
台積電ADR,2021-11-03,114.01
美元兌台幣,2021-11-03,27.8585
美元指數,2021-11-03,93.86
費城半導體,2021-11-03,3590.1699
那斯達克,2021-11-03,15811.5801
VIX,2021-11-04,15.44
加權指數,2021-11-04,17078.8594
台積電ADR,2021-11-04,117.79
美元兌台幣,2021-11-04,27.7895
美元指數,2021-11-04,94.35
費城半導體,2021-11-04,3715.76
那斯達克,2021-11-04,15940.3096
VIX,2021-11-05,16.48
加權指數,2021-11-05,17296.9004
台積電ADR,2021-11-05,117.8
美元兌台幣,2021-11-05,27.8741
美元指數,2021-11-05,94.32
費城半導體,2021-11-05,3756.55
那斯達克,2021-11-05,15971.5898
VIX,2021-11-08,17.22
加權指數,2021-11-08,17415.3008
台積電ADR,2021-11-08,120.91
美元兌台幣,2021-11-08,27.8301
美元指數,2021-11-08,94.05
費城半導體,2021-11-08,3803.3301
那斯達克,2021-11-08,15982.3604
VIX,2021-11-09,17.78
加權指數,2021-11-09,17541.3594
台積電ADR,2021-11-09,121.78
美元兌台幣,2021-11-09,27.8012
美元指數,2021-11-09,93.96
費城半導體,2021-11-09,3800.5701
那斯達克,2021-11-09,15886.54
VIX,2021-11-10,18.73
加權指數,2021-11-10,17559.6504
台積電ADR,2021-11-10,118.2
美元兌台幣,2021-11-10,27.7313
美元指數,2021-11-10,94.85
費城半導體,2021-11-10,3693.02
那斯達克,2021-11-10,15622.71
VIX,2021-11-11,17.66
加權指數,2021-11-11,17452.5195
台積電ADR,2021-11-11,118.19
美元兌台幣,2021-11-11,27.759
美元指數,2021-11-11,95.18
費城半導體,2021-11-11,3764.49
那斯達克,2021-11-11,15704.2803
VIX,2021-11-12,16.29
加權指數,2021-11-12,17518.1309
台積電ADR,2021-11-12,118.69
美元兌台幣,2021-11-12,27.8017
美元指數,2021-11-12,95.13
費城半導體,2021-11-12,3794.5
那斯達克,2021-11-12,15860.96
VIX,2021-11-15,16.49
加權指數,2021-11-15,17634.4707
台積電ADR,2021-11-15,118.12
美元兌台幣,2021-11-15,27.7813
美元指數,2021-11-15,95.41
費城半導體,2021-11-15,3793.75
那斯達克,2021-11-15,15853.8496
VIX,2021-11-16,16.37
加權指數,2021-11-16,17693.1309
台積電ADR,2021-11-16,118.08
美元兌台幣,2021-11-16,27.7525
美元指數,2021-11-16,95.92
費城半導體,2021-11-16,3859.3999
那斯達克,2021-11-16,15973.8604
VIX,2021-11-17,17.11
加權指數,2021-11-17,17764.0391
台積電ADR,2021-11-17,119.06
美元兌台幣,2021-11-17,27.8007
美元指數,2021-11-17,95.83
費城半導體,2021-11-17,3831.4399
那斯達克,2021-11-17,15921.5703
VIX,2021-11-18,17.59
加權指數,2021-11-18,17841.3691
台積電ADR,2021-11-18,123.39
美元兌台幣,2021-11-18,27.7407
美元指數,2021-11-18,95.54
費城半導體,2021-11-18,3899.96
那斯達克,2021-11-18,15993.71
VIX,2021-11-19,17.91
加權指數,2021-11-19,17818.3105
台積電ADR,2021-11-19,124.26
美元兌台幣,2021-11-19,27.8064
美元指數,2021-11-19,96.07
費城半導體,2021-11-19,3912.02
那斯達克,2021-11-19,16057.4404
VIX,2021-11-22,19.17
加權指數,2021-11-22,17803.5391
台積電ADR,2021-11-22,124.75
美元兌台幣,2021-11-22,27.793
美元指數,2021-11-22,96.5
費城半導體,2021-11-22,3847.1201
那斯達克,2021-11-22,15854.7598
VIX,2021-11-23,19.38
加權指數,2021-11-23,17666.1191
台積電ADR,2021-11-23,121.36
美元兌台幣,2021-11-23,27.7695
美元指數,2021-11-23,96.49
費城半導體,2021-11-23,3834.4299
那斯達克,2021-11-23,15775.1396
VIX,2021-11-24,18.58
加權指數,2021-11-24,17642.5195
台積電ADR,2021-11-24,120.71
美元兌台幣,2021-11-24,27.7514
美元指數,2021-11-24,96.84
費城半導體,2021-11-24,3870.01
那斯達克,2021-11-24,15845.2305
加權指數,2021-11-25,17654.1895
美元兌台幣,2021-11-25,27.7677
VIX,2021-11-26,28.62
加權指數,2021-11-26,17369.3906
台積電ADR,2021-11-26,117.09
美元兌台幣,2021-11-26,27.7647
美元指數,2021-11-26,96.09
費城半導體,2021-11-26,3757.1299
那斯達克,2021-11-26,15491.6602
VIX,2021-11-29,22.96
加權指數,2021-11-29,17328.0898
台積電ADR,2021-11-29,119.28
美元兌台幣,2021-11-29,27.8539
美元指數,2021-11-29,96.34
費城半導體,2021-11-29,3910.54
那斯達克,2021-11-29,15782.8301
VIX,2021-11-30,27.19
加權指數,2021-11-30,17427.7598
台積電ADR,2021-11-30,117.15
美元兌台幣,2021-11-30,27.7456
美元指數,2021-11-30,95.99
費城半導體,2021-11-30,3833.22
那斯達克,2021-11-30,15537.6904
VIX,2021-12-01,31.12
加權指數,2021-12-01,17585.9902
台積電ADR,2021-12-01,120.63
美元兌台幣,2021-12-01,27.5787
美元指數,2021-12-01,96.05
費城半導體,2021-12-01,3810.75
那斯達克,2021-12-01,15254.0498
VIX,2021-12-02,27.95
加權指數,2021-12-02,17724.8809
台積電ADR,2021-12-02,121.7
美元兌台幣,2021-12-02,27.6045
美元指數,2021-12-02,96.13
費城半導體,2021-12-02,3810.8201
那斯達克,2021-12-02,15381.3203
VIX,2021-12-03,30.67
加權指數,2021-12-03,17697.1406
台積電ADR,2021-12-03,119.33
美元兌台幣,2021-12-03,27.6787
美元指數,2021-12-03,96.12
費城半導體,2021-12-03,3804.54
那斯達克,2021-12-03,15085.4697
VIX,2021-12-06,27.18
加權指數,2021-12-06,17688.2109
台積電ADR,2021-12-06,119.14
美元兌台幣,2021-12-06,27.6572
美元指數,2021-12-06,96.29
費城半導體,2021-12-06,3800.0701
那斯達克,2021-12-06,15225.1504
VIX,2021-12-07,21.89
加權指數,2021-12-07,17796.9199
台積電ADR,2021-12-07,122.32
美元兌台幣,2021-12-07,27.6592
美元指數,2021-12-07,96.37
費城半導體,2021-12-07,3988.75
那斯達克,2021-12-07,15686.9199
VIX,2021-12-08,19.9
加權指數,2021-12-08,17832.4199
台積電ADR,2021-12-08,121.8
美元兌台幣,2021-12-08,27.7426
美元指數,2021-12-08,95.89
費城半導體,2021-12-08,3964.4399
那斯達克,2021-12-08,15786.9902
VIX,2021-12-09,21.58
加權指數,2021-12-09,17914.1191
台積電ADR,2021-12-09,119.5
美元兌台幣,2021-12-09,27.6307
美元指數,2021-12-09,96.27
費城半導體,2021-12-09,3879.52
那斯達克,2021-12-09,15517.3701
VIX,2021-12-10,18.69
加權指數,2021-12-10,17826.2598
台積電ADR,2021-12-10,119.13
美元兌台幣,2021-12-10,27.6856
美元指數,2021-12-10,96.05
費城半導體,2021-12-10,3914.6699
那斯達克,2021-12-10,15630.5996
VIX,2021-12-13,20.31
加權指數,2021-12-13,17767.5996
台積電ADR,2021-12-13,116.42
美元兌台幣,2021-12-13,27.636
美元指數,2021-12-13,96.32
費城半導體,2021-12-13,3814.4299
那斯達克,2021-12-13,15413.2803
VIX,2021-12-14,21.89
加權指數,2021-12-14,17599.3691
台積電ADR,2021-12-14,116.29
美元兌台幣,2021-12-14,27.7459
美元指數,2021-12-14,96.57
費城半導體,2021-12-14,3794.4099
那斯達克,2021-12-14,15237.6396
VIX,2021-12-15,19.29
加權指數,2021-12-15,17660.0996
台積電ADR,2021-12-15,120.4
美元兌台幣,2021-12-15,27.7842
美元指數,2021-12-15,96.51
費城半導體,2021-12-15,3934.46
那斯達克,2021-12-15,15565.5801
VIX,2021-12-16,20.57
加權指數,2021-12-16,17785.7402
台積電ADR,2021-12-16,116.57
美元兌台幣,2021-12-16,27.7397
美元指數,2021-12-16,96.04
費城半導體,2021-12-16,3766.3201
那斯達克,2021-12-16,15180.4297
VIX,2021-12-17,21.57
加權指數,2021-12-17,17812.5898
台積電ADR,2021-12-17,116.32
美元兌台幣,2021-12-17,27.7577
美元指數,2021-12-17,96.57
費城半導體,2021-12-17,3761.04
那斯達克,2021-12-17,15169.6797
VIX,2021-12-20,22.87
加權指數,2021-12-20,17669.1094
台積電ADR,2021-12-20,114.94
美元兌台幣,2021-12-20,27.8272
美元指數,2021-12-20,96.55
費城半導體,2021-12-20,3732.3899
那斯達克,2021-12-20,14980.9404
VIX,2021-12-21,21.01
加權指數,2021-12-21,17789.2695
台積電ADR,2021-12-21,117.44
美元兌台幣,2021-12-21,27.8154
美元指數,2021-12-21,96.49
費城半導體,2021-12-21,3857.3
那斯達克,2021-12-21,15341.0898
VIX,2021-12-22,18.63
加權指數,2021-12-22,17826.8301
台積電ADR,2021-12-22,121.3
美元兌台幣,2021-12-22,27.7302
美元指數,2021-12-22,96.08
費城半導體,2021-12-22,3891.9199
那斯達克,2021-12-22,15521.8896
VIX,2021-12-23,17.96
加權指數,2021-12-23,17946.6602
台積電ADR,2021-12-23,120.68
美元兌台幣,2021-12-23,27.711
美元指數,2021-12-23,96.02
費城半導體,2021-12-23,3932.3899
那斯達克,2021-12-23,15653.3701
加權指數,2021-12-24,17961.6406
美元兌台幣,2021-12-24,27.6247
VIX,2021-12-27,17.68
加權指數,2021-12-27,18048.9395
台積電ADR,2021-12-27,122.7
美元兌台幣,2021-12-27,27.6793
美元指數,2021-12-27,96.09
費城半導體,2021-12-27,4039.51
那斯達克,2021-12-27,15871.2598
VIX,2021-12-28,17.54
加權指數,2021-12-28,18196.8105
台積電ADR,2021-12-28,122.06
美元兌台幣,2021-12-28,27.6837
美元指數,2021-12-28,96.2
費城半導體,2021-12-28,3992.1899
那斯達克,2021-12-28,15781.7197
VIX,2021-12-29,16.95
加權指數,2021-12-29,18248.2793
台積電ADR,2021-12-29,121.41
美元兌台幣,2021-12-29,27.535
美元指數,2021-12-29,95.93
費城半導體,2021-12-29,3999.3501
那斯達克,2021-12-29,15766.2197
VIX,2021-12-30,17.33
加權指數,2021-12-30,18218.8398
台積電ADR,2021-12-30,120.42
美元兌台幣,2021-12-30,27.6174
美元指數,2021-12-30,95.97
費城半導體,2021-12-30,3952.04
那斯達克,2021-12-30,15741.5596
VIX,2021-12-31,17.22
台積電ADR,2021-12-31,120.31
美元兌台幣,2021-12-31,27.6587
美元指數,2021-12-31,95.67
費城半導體,2021-12-31,3946.1699
那斯達克,2021-12-31,15644.9697
VIX,2022-01-03,16.6
加權指數,2022-01-03,18270.5098
台積電ADR,2022-01-03,128.8
美元兌台幣,2022-01-03,27.7021
美元指數,2022-01-03,96.24
費城半導體,2022-01-03,4027.22
那斯達克,2022-01-03,15832.7998
VIX,2022-01-04,16.91
加權指數,2022-01-04,18526.3496
台積電ADR,2022-01-04,133.4
美元兌台幣,2022-01-04,27.6247
美元指數,2022-01-04,96.29
費城半導體,2022-01-04,4009.0
那斯達克,2022-01-04,15622.7197
VIX,2022-01-05,19.73
加權指數,2022-01-05,18499.9609
台積電ADR,2022-01-05,127.06
美元兌台幣,2022-01-05,27.5155
美元指數,2022-01-05,96.19
費城半導體,2022-01-05,3879.8701
那斯達克,2022-01-05,15100.1699
VIX,2022-01-06,19.61
加權指數,2022-01-06,18367.9199
台積電ADR,2022-01-06,128.47
美元兌台幣,2022-01-06,27.5964
美元指數,2022-01-06,96.25
費城半導體,2022-01-06,3909.04
那斯達克,2022-01-06,15080.8604
VIX,2022-01-07,18.76
加權指數,2022-01-07,18169.7598
台積電ADR,2022-01-07,123.5
美元兌台幣,2022-01-07,27.62
美元指數,2022-01-07,95.74
費城半導體,2022-01-07,3796.3201
那斯達克,2022-01-07,14935.9004
VIX,2022-01-10,19.4
加權指數,2022-01-10,18239.3809
台積電ADR,2022-01-10,125.01
美元兌台幣,2022-01-10,27.658
美元指數,2022-01-10,95.99
費城半導體,2022-01-10,3805.3899
那斯達克,2022-01-10,14942.8301
VIX,2022-01-11,18.41
加權指數,2022-01-11,18288.2109
台積電ADR,2022-01-11,129.17
美元兌台幣,2022-01-11,27.5989
美元指數,2022-01-11,95.62
費城半導體,2022-01-11,3875.4399
那斯達克,2022-01-11,15153.4502
VIX,2022-01-12,17.62
加權指數,2022-01-12,18375.4004
台積電ADR,2022-01-12,132.23
美元兌台幣,2022-01-12,27.627
美元指數,2022-01-12,95.0
費城半導體,2022-01-12,3901.21
那斯達克,2022-01-12,15188.3896
VIX,2022-01-13,20.31
加權指數,2022-01-13,18436.9297
台積電ADR,2022-01-13,139.19
美元兌台幣,2022-01-13,27.5986
美元指數,2022-01-13,94.79
費城半導體,2022-01-13,3811.8401
那斯達克,2022-01-13,14806.8096
VIX,2022-01-14,19.19
加權指數,2022-01-14,18403.3301
台積電ADR,2022-01-14,140.66
美元兌台幣,2022-01-14,27.566
美元指數,2022-01-14,95.17
費城半導體,2022-01-14,3900.6101
那斯達克,2022-01-14,14893.75
加權指數,2022-01-17,18525.4395
美元兌台幣,2022-01-17,27.538
VIX,2022-01-18,22.79
加權指數,2022-01-18,18378.6406
台積電ADR,2022-01-18,133.83
美元兌台幣,2022-01-18,27.4237
美元指數,2022-01-18,95.73
費城半導體,2022-01-18,3727.24
那斯達克,2022-01-18,14506.9004
VIX,2022-01-19,23.85
加權指數,2022-01-19,18227.4609
台積電ADR,2022-01-19,131.01
美元兌台幣,2022-01-19,27.5162
美元指數,2022-01-19,95.51
費城半導體,2022-01-19,3612.1899
那斯達克,2022-01-19,14340.2598
VIX,2022-01-20,25.59
加權指數,2022-01-20,18218.2793
台積電ADR,2022-01-20,128.33
美元兌台幣,2022-01-20,27.5476
美元指數,2022-01-20,95.74
費城半導體,2022-01-20,3494.75
那斯達克,2022-01-20,14154.0195
VIX,2022-01-21,28.85
加權指數,2022-01-21,17899.3008
台積電ADR,2022-01-21,124.53
美元兌台幣,2022-01-21,27.6157
美元指數,2022-01-21,95.64
費城半導體,2022-01-21,3434.79
那斯達克,2022-01-21,13768.9199
VIX,2022-01-24,29.9
加權指數,2022-01-24,17989.0391
台積電ADR,2022-01-24,125.96
美元兌台幣,2022-01-24,27.6912
美元指數,2022-01-24,95.92
費城半導體,2022-01-24,3479.95
那斯達克,2022-01-24,13855.1299
VIX,2022-01-25,31.16
加權指數,2022-01-25,17701.1191
台積電ADR,2022-01-25,122.48
美元兌台幣,2022-01-25,27.6639
美元指數,2022-01-25,95.95
費城半導體,2022-01-25,3350.8501
那斯達克,2022-01-25,13539.29
VIX,2022-01-26,31.96
加權指數,2022-01-26,17674.4004
台積電ADR,2022-01-26,123.08
美元兌台幣,2022-01-26,27.698
美元指數,2022-01-26,96.49
費城半導體,2022-01-26,3407.0
那斯達克,2022-01-26,13542.1201
VIX,2022-01-27,30.49
台積電ADR,2022-01-27,116.38
美元兌台幣,2022-01-27,27.6645
美元指數,2022-01-27,97.26
費城半導體,2022-01-27,3244.0
那斯達克,2022-01-27,13352.7803
VIX,2022-01-28,27.66
台積電ADR,2022-01-28,117.61
美元兌台幣,2022-01-28,27.7565
美元指數,2022-01-28,97.27
費城半導體,2022-01-28,3303.3999
那斯達克,2022-01-28,13770.5703
VIX,2022-01-31,24.83
台積電ADR,2022-01-31,122.63
美元兌台幣,2022-01-31,27.827
美元指數,2022-01-31,96.54
費城半導體,2022-01-31,3483.21
那斯達克,2022-01-31,14239.8799
VIX,2022-02-01,21.96
台積電ADR,2022-02-01,123.05
美元兌台幣,2022-02-01,27.7704
美元指數,2022-02-01,96.39
費城半導體,2022-02-01,3510.8601
那斯達克,2022-02-01,14346.0
VIX,2022-02-02,22.09
台積電ADR,2022-02-02,124.15
美元兌台幣,2022-02-02,27.7423
美元指數,2022-02-02,95.94
費城半導體,2022-02-02,3597.1699
那斯達克,2022-02-02,14417.5498
VIX,2022-02-03,24.35
台積電ADR,2022-02-03,119.84
美元兌台幣,2022-02-03,27.7508
美元指數,2022-02-03,95.38
費城半導體,2022-02-03,3432.55
那斯達克,2022-02-03,13878.8203
VIX,2022-02-04,23.22
台積電ADR,2022-02-04,121.02
美元兌台幣,2022-02-04,27.7439
美元指數,2022-02-04,95.48
費城半導體,2022-02-04,3453.0701
那斯達克,2022-02-04,14098.0098
VIX,2022-02-07,22.86
加權指數,2022-02-07,17900.3008
台積電ADR,2022-02-07,122.31
美元兌台幣,2022-02-07,27.8
美元指數,2022-02-07,95.4
費城半導體,2022-02-07,3452.3301
那斯達克,2022-02-07,14015.6699
VIX,2022-02-08,21.44
加權指數,2022-02-08,17966.5605
台積電ADR,2022-02-08,123.71
美元兌台幣,2022-02-08,27.826
美元指數,2022-02-08,95.64
費城半導體,2022-02-08,3535.1299
那斯達克,2022-02-08,14194.4502
VIX,2022-02-09,19.96
加權指數,2022-02-09,18151.7598
台積電ADR,2022-02-09,125.52
美元兌台幣,2022-02-09,27.8052
美元指數,2022-02-09,95.49
費城半導體,2022-02-09,3653.72
那斯達克,2022-02-09,14490.3701
VIX,2022-02-10,23.91
加權指數,2022-02-10,18338.0508
台積電ADR,2022-02-10,124.71
美元兌台幣,2022-02-10,27.7807
美元指數,2022-02-10,95.55
費城半導體,2022-02-10,3536.1001
那斯達克,2022-02-10,14185.6396
VIX,2022-02-11,27.36
加權指數,2022-02-11,18310.9395
台積電ADR,2022-02-11,121.01
美元兌台幣,2022-02-11,27.8264
美元指數,2022-02-11,96.08
費城半導體,2022-02-11,3365.25
那斯達克,2022-02-11,13791.1504
VIX,2022-02-14,28.33
加權指數,2022-02-14,17997.6699
台積電ADR,2022-02-14,119.77
美元兌台幣,2022-02-14,27.906
美元指數,2022-02-14,96.37
費城半導體,2022-02-14,3370.2
那斯達克,2022-02-14,13790.9199
VIX,2022-02-15,25.7
加權指數,2022-02-15,17951.8105
台積電ADR,2022-02-15,124.52
美元兌台幣,2022-02-15,27.8618
美元指數,2022-02-15,95.99
費城半導體,2022-02-15,3554.45
那斯達克,2022-02-15,14139.7598
VIX,2022-02-16,24.29
加權指數,2022-02-16,18231.4707
台積電ADR,2022-02-16,123.6
美元兌台幣,2022-02-16,27.8207
美元指數,2022-02-16,95.7
費城半導體,2022-02-16,3555.6899
那斯達克,2022-02-16,14124.0898
VIX,2022-02-17,28.11
加權指數,2022-02-17,18268.5703
台積電ADR,2022-02-17,119.76
美元兌台幣,2022-02-17,27.8108
美元指數,2022-02-17,95.8
費城半導體,2022-02-17,3422.6001
那斯達克,2022-02-17,13716.7197
VIX,2022-02-18,27.75
加權指數,2022-02-18,18232.3496
台積電ADR,2022-02-18,119.31
美元兌台幣,2022-02-18,27.8367
美元指數,2022-02-18,96.04
費城半導體,2022-02-18,3384.3
那斯達克,2022-02-18,13548.0703
加權指數,2022-02-21,18221.4902
美元兌台幣,2022-02-21,27.87
VIX,2022-02-22,28.81
加權指數,2022-02-22,17969.2891
台積電ADR,2022-02-22,116.91
美元兌台幣,2022-02-22,27.8124
美元指數,2022-02-22,96.03
費城半導體,2022-02-22,3356.0701
那斯達克,2022-02-22,13381.5195
VIX,2022-02-23,31.02
加權指數,2022-02-23,18055.7305
台積電ADR,2022-02-23,115.9
美元兌台幣,2022-02-23,27.8374
美元指數,2022-02-23,96.19
費城半導體,2022-02-23,3277.8
那斯達克,2022-02-23,13037.4902
VIX,2022-02-24,30.32
加權指數,2022-02-24,17594.5508
台積電ADR,2022-02-24,111.88
美元兌台幣,2022-02-24,27.8727
美元指數,2022-02-24,97.14
費城半導體,2022-02-24,3399.1599
那斯達克,2022-02-24,13473.5898
VIX,2022-02-25,27.59
加權指數,2022-02-25,17652.1797
台積電ADR,2022-02-25,111.23
美元兌台幣,2022-02-25,28.0672
美元指數,2022-02-25,96.62
費城半導體,2022-02-25,3452.6699
那斯達克,2022-02-25,13694.6201
VIX,2022-02-28,30.15
台積電ADR,2022-02-28,107.01
美元兌台幣,2022-02-28,27.9628
美元指數,2022-02-28,96.71
費城半導體,2022-02-28,3429.53
那斯達克,2022-02-28,13751.4004
VIX,2022-03-01,33.32
加權指數,2022-03-01,17898.25
台積電ADR,2022-03-01,108.05
美元兌台幣,2022-03-01,27.9756
美元指數,2022-03-01,97.41
費城半導體,2022-03-01,3304.8501
那斯達克,2022-03-01,13532.46
VIX,2022-03-02,30.74
加權指數,2022-03-02,17867.5996
台積電ADR,2022-03-02,109.61
美元兌台幣,2022-03-02,28.0468
美元指數,2022-03-02,97.39
費城半導體,2022-03-02,3416.1599
那斯達克,2022-03-02,13752.0195
VIX,2022-03-03,30.48
加權指數,2022-03-03,17934.4004
台積電ADR,2022-03-03,108.79
美元兌台幣,2022-03-03,27.9705
美元指數,2022-03-03,97.79
費城半導體,2022-03-03,3339.76
那斯達克,2022-03-03,13537.9404
VIX,2022-03-04,31.98
加權指數,2022-03-04,17736.5195
台積電ADR,2022-03-04,105.06
美元兌台幣,2022-03-04,28.0505
美元指數,2022-03-04,98.65
費城半導體,2022-03-04,3258.9199
那斯達克,2022-03-04,13313.4404
VIX,2022-03-07,36.45
加權指數,2022-03-07,17178.6895
台積電ADR,2022-03-07,99.29
美元兌台幣,2022-03-07,28.126
美元指數,2022-03-07,99.29
費城半導體,2022-03-07,3098.9299
那斯達克,2022-03-07,12830.96
VIX,2022-03-08,35.13
加權指數,2022-03-08,16825.25
台積電ADR,2022-03-08,100.0
美元兌台幣,2022-03-08,28.2759
美元指數,2022-03-08,99.06
費城半導體,2022-03-08,3156.8701
那斯達克,2022-03-08,12795.5498
VIX,2022-03-09,32.45
加權指數,2022-03-09,17015.3594
台積電ADR,2022-03-09,104.95
美元兌台幣,2022-03-09,28.3034
美元指數,2022-03-09,97.97
費城半導體,2022-03-09,3282.1799
那斯達克,2022-03-09,13255.5498
VIX,2022-03-10,30.23
加權指數,2022-03-10,17433.1992
台積電ADR,2022-03-10,103.96
美元兌台幣,2022-03-10,28.268
美元指數,2022-03-10,98.51
費城半導體,2022-03-10,3211.0701
那斯達克,2022-03-10,13129.96
VIX,2022-03-11,30.75
加權指數,2022-03-11,17264.7402
台積電ADR,2022-03-11,101.41
美元兌台幣,2022-03-11,28.3007
美元指數,2022-03-11,99.12
費城半導體,2022-03-11,3144.1499
那斯達克,2022-03-11,12843.8096
VIX,2022-03-14,31.77
加權指數,2022-03-14,17263.0391
台積電ADR,2022-03-14,99.3
美元兌台幣,2022-03-14,28.411
美元指數,2022-03-14,99.06
費城半導體,2022-03-14,3047.5
那斯達克,2022-03-14,12581.2197
VIX,2022-03-15,29.83
加權指數,2022-03-15,16926.0605
台積電ADR,2022-03-15,102.09
美元兌台幣,2022-03-15,28.511
美元指數,2022-03-15,99.07
費城半導體,2022-03-15,3180.24
那斯達克,2022-03-15,12948.6201
VIX,2022-03-16,26.67
加權指數,2022-03-16,16940.8301
台積電ADR,2022-03-16,105.69
美元兌台幣,2022-03-16,28.5189
美元指數,2022-03-16,98.38
費城半導體,2022-03-16,3340.0701
那斯達克,2022-03-16,13436.5498
VIX,2022-03-17,25.67
加權指數,2022-03-17,17448.2207
台積電ADR,2022-03-17,106.49
美元兌台幣,2022-03-17,28.379
美元指數,2022-03-17,98.01
費城半導體,2022-03-17,3364.55
那斯達克,2022-03-17,13614.7803
VIX,2022-03-18,23.87
加權指數,2022-03-18,17456.5195
台積電ADR,2022-03-18,106.72
美元兌台幣,2022-03-18,28.178
美元指數,2022-03-18,98.23
費城半導體,2022-03-18,3432.3
那斯達克,2022-03-18,13893.8398
VIX,2022-03-21,23.53
加權指數,2022-03-21,17560.3594
台積電ADR,2022-03-21,106.92
美元兌台幣,2022-03-21,28.356
美元指數,2022-03-21,98.5
費城半導體,2022-03-21,3423.24
那斯達克,2022-03-21,13838.46
VIX,2022-03-22,22.94
加權指數,2022-03-22,17559.7109
台積電ADR,2022-03-22,107.04
美元兌台幣,2022-03-22,28.41
美元指數,2022-03-22,98.49
費城半導體,2022-03-22,3445.8501
那斯達克,2022-03-22,14108.8203
VIX,2022-03-23,23.57
加權指數,2022-03-23,17731.3691
台積電ADR,2022-03-23,105.35
美元兌台幣,2022-03-23,28.4674
美元指數,2022-03-23,98.62
費城半導體,2022-03-23,3360.3201
那斯達克,2022-03-23,13922.5996
VIX,2022-03-24,21.67
加權指數,2022-03-24,17699.0605
台積電ADR,2022-03-24,107.92
美元兌台幣,2022-03-24,28.5597
美元指數,2022-03-24,98.79
費城半導體,2022-03-24,3532.72
那斯達克,2022-03-24,14191.8398
VIX,2022-03-25,20.81
加權指數,2022-03-25,17676.9492
台積電ADR,2022-03-25,106.73
美元兌台幣,2022-03-25,28.6515
美元指數,2022-03-25,98.81
費城半導體,2022-03-25,3525.3401
那斯達克,2022-03-25,14169.2998
VIX,2022-03-28,19.63
加權指數,2022-03-28,17520.0098
台積電ADR,2022-03-28,106.33
美元兌台幣,2022-03-28,28.669
美元指數,2022-03-28,99.09
費城半導體,2022-03-28,3547.1699
那斯達克,2022-03-28,14354.9004
VIX,2022-03-29,18.9
加權指數,2022-03-29,17548.6602
台積電ADR,2022-03-29,109.25
美元兌台幣,2022-03-29,28.7837
美元指數,2022-03-29,98.4
費城半導體,2022-03-29,3625.5801
那斯達克,2022-03-29,14619.6396
VIX,2022-03-30,19.33
加權指數,2022-03-30,17740.5605
台積電ADR,2022-03-30,106.73
美元兌台幣,2022-03-30,28.6283
美元指數,2022-03-30,97.79
費城半導體,2022-03-30,3508.6201
那斯達克,2022-03-30,14442.2695
VIX,2022-03-31,20.56
加權指數,2022-03-31,17693.4707
台積電ADR,2022-03-31,104.26
美元兌台幣,2022-03-31,28.5256
美元指數,2022-03-31,98.31
費城半導體,2022-03-31,3429.0
那斯達克,2022-03-31,14220.5195
VIX,2022-04-01,19.63
加權指數,2022-04-01,17625.5898
台積電ADR,2022-04-01,102.79
美元兌台幣,2022-04-01,28.6157
美元指數,2022-04-01,98.63
費城半導體,2022-04-01,3366.6399
那斯達克,2022-04-01,14261.5
VIX,2022-04-04,18.57
台積電ADR,2022-04-04,104.79
美元兌台幣,2022-04-04,28.668
美元指數,2022-04-04,98.99
費城半導體,2022-04-04,3424.95
那斯達克,2022-04-04,14532.5498
VIX,2022-04-05,21.03
台積電ADR,2022-04-05,102.5
美元兌台幣,2022-04-05,28.5885
美元指數,2022-04-05,99.47
費城半導體,2022-04-05,3269.8201
那斯達克,2022-04-05,14204.1699
VIX,2022-04-06,22.1
加權指數,2022-04-06,17522.5
台積電ADR,2022-04-06,101.18
美元兌台幣,2022-04-06,28.6532
美元指數,2022-04-06,99.6
費城半導體,2022-04-06,3193.96
那斯達克,2022-04-06,13888.8203
VIX,2022-04-07,21.55
加權指數,2022-04-07,17178.6309
台積電ADR,2022-04-07,100.52
美元兌台幣,2022-04-07,28.7254
美元指數,2022-04-07,99.75
費城半導體,2022-04-07,3197.4399
那斯達克,2022-04-07,13897.2998
VIX,2022-04-08,21.16
加權指數,2022-04-08,17284.5391
台積電ADR,2022-04-08,99.29
美元兌台幣,2022-04-08,28.7987
美元指數,2022-04-08,99.8
費城半導體,2022-04-08,3120.1599
那斯達克,2022-04-08,13711.0
VIX,2022-04-11,24.37
加權指數,2022-04-11,17048.3691
台積電ADR,2022-04-11,97.57
美元兌台幣,2022-04-11,28.891
美元指數,2022-04-11,99.93
費城半導體,2022-04-11,3055.0901
那斯達克,2022-04-11,13411.96
VIX,2022-04-12,24.26
加權指數,2022-04-12,16990.9102
台積電ADR,2022-04-12,97.44
美元兌台幣,2022-04-12,29.031
美元指數,2022-04-12,100.29
費城半導體,2022-04-12,3047.47
那斯達克,2022-04-12,13371.5703
VIX,2022-04-13,21.82
加權指數,2022-04-13,17301.6504
台積電ADR,2022-04-13,101.5
美元兌台幣,2022-04-13,29.038
美元指數,2022-04-13,99.88
費城半導體,2022-04-13,3119.3201
那斯達克,2022-04-13,13643.5898
VIX,2022-04-14,22.7
加權指數,2022-04-14,17245.6504
台積電ADR,2022-04-14,98.36
美元兌台幣,2022-04-14,28.8667
美元指數,2022-04-14,100.32
費城半導體,2022-04-14,3028.22
那斯達克,2022-04-14,13351.0801
加權指數,2022-04-15,17004.1797
美元兌台幣,2022-04-15,28.9662
VIX,2022-04-18,22.17
加權指數,2022-04-18,16898.8691
台積電ADR,2022-04-18,98.77
美元兌台幣,2022-04-18,29.111
美元指數,2022-04-18,100.78
費城半導體,2022-04-18,3085.1899
那斯達克,2022-04-18,13332.3604
VIX,2022-04-19,21.37
加權指數,2022-04-19,16993.4004
台積電ADR,2022-04-19,99.45
美元兌台幣,2022-04-19,29.214
美元指數,2022-04-19,100.96
費城半導體,2022-04-19,3153.23
那斯達克,2022-04-19,13619.6602
VIX,2022-04-20,20.32
加權指數,2022-04-20,17148.8809
台積電ADR,2022-04-20,99.01
美元兌台幣,2022-04-20,29.2537
美元指數,2022-04-20,100.39
費城半導體,2022-04-20,3142.2
那斯達克,2022-04-20,13453.0703
VIX,2022-04-21,22.68
加權指數,2022-04-21,17127.9492
台積電ADR,2022-04-21,97.66
美元兌台幣,2022-04-21,29.1635
美元指數,2022-04-21,100.58
費城半導體,2022-04-21,3058.74
那斯達克,2022-04-21,13174.6504
VIX,2022-04-22,28.21
加權指數,2022-04-22,17025.0898
台積電ADR,2022-04-22,95.68
美元兌台幣,2022-04-22,29.289
美元指數,2022-04-22,101.22
費城半導體,2022-04-22,2989.8301
那斯達克,2022-04-22,12839.29
VIX,2022-04-25,27.02
加權指數,2022-04-25,16620.9004
台積電ADR,2022-04-25,96.24
美元兌台幣,2022-04-25,29.311
美元指數,2022-04-25,101.75
費城半導體,2022-04-25,3042.3899
那斯達克,2022-04-25,13004.8496
VIX,2022-04-26,33.52
加權指數,2022-04-26,16644.7891
台積電ADR,2022-04-26,92.77
美元兌台幣,2022-04-26,29.1937
美元指數,2022-04-26,102.3
費城半導體,2022-04-26,2909.1201
那斯達克,2022-04-26,12490.7402
VIX,2022-04-27,31.6
加權指數,2022-04-27,16303.3496
台積電ADR,2022-04-27,90.26
美元兌台幣,2022-04-27,29.3007
美元指數,2022-04-27,102.95
費城半導體,2022-04-27,2894.9099
那斯達克,2022-04-27,12488.9297
VIX,2022-04-28,29.99
加權指數,2022-04-28,16419.3809
台積電ADR,2022-04-28,95.22
美元兌台幣,2022-04-28,29.3747
美元指數,2022-04-28,103.62
費城半導體,2022-04-28,3056.3601
那斯達克,2022-04-28,12871.5303
VIX,2022-04-29,33.4
加權指數,2022-04-29,16592.1797
台積電ADR,2022-04-29,92.93
美元兌台幣,2022-04-29,29.4527
美元指數,2022-04-29,102.96
費城半導體,2022-04-29,2919.74
那斯達克,2022-04-29,12334.6396
VIX,2022-05-02,32.34
台積電ADR,2022-05-02,93.76
美元兌台幣,2022-05-02,29.434
美元指數,2022-05-02,103.74
費城半導體,2022-05-02,3022.24
那斯達克,2022-05-02,12536.0195
VIX,2022-05-03,29.25
加權指數,2022-05-03,16498.9004
台積電ADR,2022-05-03,93.63
美元兌台幣,2022-05-03,29.4846
美元指數,2022-05-03,103.47
費城半導體,2022-05-03,3044.8899
那斯達克,2022-05-03,12563.7598
VIX,2022-05-04,25.42
加權指數,2022-05-04,16565.8301
台積電ADR,2022-05-04,95.99
美元兌台幣,2022-05-04,29.4221
美元指數,2022-05-04,102.59
費城半導體,2022-05-04,3163.79
那斯達克,2022-05-04,12964.8604
VIX,2022-05-05,31.2
加權指數,2022-05-05,16696.1191
台積電ADR,2022-05-05,92.15
美元兌台幣,2022-05-05,29.24
美元指數,2022-05-05,103.75
費城半導體,2022-05-05,3005.53
那斯達克,2022-05-05,12317.6904
VIX,2022-05-06,30.19
加權指數,2022-05-06,16408.1992
台積電ADR,2022-05-06,91.63
美元兌台幣,2022-05-06,29.6067
美元指數,2022-05-06,103.66
費城半導體,2022-05-06,2982.0601
那斯達克,2022-05-06,12144.6602
VIX,2022-05-09,34.75
加權指數,2022-05-09,16048.9199
台積電ADR,2022-05-09,87.3
美元兌台幣,2022-05-09,29.65
美元指數,2022-05-09,103.65
費城半導體,2022-05-09,2829.1001
那斯達克,2022-05-09,11623.25
VIX,2022-05-10,32.99
加權指數,2022-05-10,16061.7002
台積電ADR,2022-05-10,88.82
美元兌台幣,2022-05-10,29.751
美元指數,2022-05-10,103.92
費城半導體,2022-05-10,2900.1299
那斯達克,2022-05-10,11737.6699
VIX,2022-05-11,32.56
加權指數,2022-05-11,16006.25
台積電ADR,2022-05-11,87.83
美元兌台幣,2022-05-11,29.6417
美元指數,2022-05-11,103.85
費城半導體,2022-05-11,2811.9399
那斯達克,2022-05-11,11364.2402
VIX,2022-05-12,31.77
加權指數,2022-05-12,15616.6797
台積電ADR,2022-05-12,87.69
美元兌台幣,2022-05-12,29.689
美元指數,2022-05-12,104.85
費城半導體,2022-05-12,2827.21
那斯達克,2022-05-12,11370.96
VIX,2022-05-13,28.87
加權指數,2022-05-13,15832.54
台積電ADR,2022-05-13,90.96
美元兌台幣,2022-05-13,29.8215
美元指數,2022-05-13,104.56
費城半導體,2022-05-13,2970.3701
那斯達克,2022-05-13,11805.0
VIX,2022-05-16,27.47
加權指數,2022-05-16,15901.04
台積電ADR,2022-05-16,90.41
美元兌台幣,2022-05-16,29.782
美元指數,2022-05-16,104.19
費城半導體,2022-05-16,2920.0601
那斯達克,2022-05-16,11662.79
VIX,2022-05-17,26.1
加權指數,2022-05-17,16056.0898
台積電ADR,2022-05-17,93.32
美元兌台幣,2022-05-17,29.7119
美元指數,2022-05-17,103.36
費城半導體,2022-05-17,3066.5
那斯達克,2022-05-17,11984.5195
VIX,2022-05-18,30.96
加權指數,2022-05-18,16296.8604
台積電ADR,2022-05-18,90.53
美元兌台幣,2022-05-18,29.6058
美元指數,2022-05-18,103.81
費城半導體,2022-05-18,2907.96
那斯達克,2022-05-18,11418.1504
VIX,2022-05-19,29.35
加權指數,2022-05-19,16020.3203
台積電ADR,2022-05-19,90.21
美元兌台幣,2022-05-19,29.7402
美元指數,2022-05-19,102.72
費城半導體,2022-05-19,2890.3301
那斯達克,2022-05-19,11388.5
VIX,2022-05-20,29.43
加權指數,2022-05-20,16144.8496
台積電ADR,2022-05-20,90.78
美元兌台幣,2022-05-20,29.6005
美元指數,2022-05-20,103.15
費城半導體,2022-05-20,2882.6499
那斯達克,2022-05-20,11354.6201
VIX,2022-05-23,28.48
加權指數,2022-05-23,16156.4102
台積電ADR,2022-05-23,91.5
美元兌台幣,2022-05-23,29.713
美元指數,2022-05-23,102.08
費城半導體,2022-05-23,2898.4299
那斯達克,2022-05-23,11535.2695
VIX,2022-05-24,29.45
加權指數,2022-05-24,15963.6299
台積電ADR,2022-05-24,88.72
美元兌台幣,2022-05-24,29.49
美元指數,2022-05-24,101.86
費城半導體,2022-05-24,2827.05
那斯達克,2022-05-24,11264.4502
VIX,2022-05-25,28.37
加權指數,2022-05-25,16104.0303
台積電ADR,2022-05-25,90.41
美元兌台幣,2022-05-25,29.5317
美元指數,2022-05-25,102.06
費城半導體,2022-05-25,2882.9299
那斯達克,2022-05-25,11434.7402
VIX,2022-05-26,27.5
加權指數,2022-05-26,15968.8301
台積電ADR,2022-05-26,91.0
美元兌台幣,2022-05-26,29.41
美元指數,2022-05-26,101.83
費城半導體,2022-05-26,2994.6101
那斯達克,2022-05-26,11740.6504
VIX,2022-05-27,25.72
加權指數,2022-05-27,16266.2197
台積電ADR,2022-05-27,93.77
美元兌台幣,2022-05-27,29.313
美元指數,2022-05-27,101.67
費城半導體,2022-05-27,3115.3501
那斯達克,2022-05-27,12131.1299
加權指數,2022-05-30,16610.6191
美元兌台幣,2022-05-30,29.296
VIX,2022-05-31,26.19
加權指數,2022-05-31,16807.7695
台積電ADR,2022-05-31,95.3
美元兌台幣,2022-05-31,28.831
美元指數,2022-05-31,101.75
費城半導體,2022-05-31,3098.6899
那斯達克,2022-05-31,12081.3896
VIX,2022-06-01,25.69
加權指數,2022-06-01,16675.0898
台積電ADR,2022-06-01,94.75
美元兌台幣,2022-06-01,28.9915
美元指數,2022-06-01,102.55
費城半導體,2022-06-01,3049.03
那斯達克,2022-06-01,11994.46
VIX,2022-06-02,24.72
加權指數,2022-06-02,16552.5703
台積電ADR,2022-06-02,96.34
美元兌台幣,2022-06-02,29.1283
美元指數,2022-06-02,101.77
費城半導體,2022-06-02,3157.98
那斯達克,2022-06-02,12316.9004
VIX,2022-06-03,24.79
台積電ADR,2022-06-03,93.77
美元兌台幣,2022-06-03,29.101
美元指數,2022-06-03,102.14
費城半導體,2022-06-03,3062.5901
那斯達克,2022-06-03,12012.7305
VIX,2022-06-06,25.07
加權指數,2022-06-06,16605.9609
台積電ADR,2022-06-06,93.11
美元兌台幣,2022-06-06,29.361
美元指數,2022-06-06,102.44
費城半導體,2022-06-06,3062.74
那斯達克,2022-06-06,12061.3701
VIX,2022-06-07,24.02
加權指數,2022-06-07,16512.8809
台積電ADR,2022-06-07,93.84
美元兌台幣,2022-06-07,29.3813
美元指數,2022-06-07,102.32
費城半導體,2022-06-07,3092.97
那斯達克,2022-06-07,12175.2305
VIX,2022-06-08,23.96
加權指數,2022-06-08,16670.5098
台積電ADR,2022-06-08,93.47
美元兌台幣,2022-06-08,29.405
美元指數,2022-06-08,102.54
費城半導體,2022-06-08,3019.1001
那斯達克,2022-06-08,12086.2695
VIX,2022-06-09,26.09
加權指數,2022-06-09,16621.3398
台積電ADR,2022-06-09,90.85
美元兌台幣,2022-06-09,29.4388
美元指數,2022-06-09,103.22
費城半導體,2022-06-09,2937.79
那斯達克,2022-06-09,11754.2305
VIX,2022-06-10,27.75
加權指數,2022-06-10,16460.1191
台積電ADR,2022-06-10,88.68
美元兌台幣,2022-06-10,29.5857
美元指數,2022-06-10,104.15
費城半導體,2022-06-10,2831.98
那斯達克,2022-06-10,11340.0195
VIX,2022-06-13,34.02
加權指數,2022-06-13,16070.9805
台積電ADR,2022-06-13,85.55
美元兌台幣,2022-06-13,29.642
美元指數,2022-06-13,105.08
費城半導體,2022-06-13,2673.0
那斯達克,2022-06-13,10809.2305
VIX,2022-06-14,32.69
加權指數,2022-06-14,16047.3701
台積電ADR,2022-06-14,87.19
美元兌台幣,2022-06-14,29.6887
美元指數,2022-06-14,105.52
費城半導體,2022-06-14,2689.8899
那斯達克,2022-06-14,10828.3496
VIX,2022-06-15,29.62
加權指數,2022-06-15,15999.25
台積電ADR,2022-06-15,89.13
美元兌台幣,2022-06-15,29.5777
美元指數,2022-06-15,105.16
費城半導體,2022-06-15,2737.55
那斯達克,2022-06-15,11099.1504
VIX,2022-06-16,32.95
加權指數,2022-06-16,15838.6104
台積電ADR,2022-06-16,84.52
美元兌台幣,2022-06-16,29.405
美元指數,2022-06-16,103.63
費城半導體,2022-06-16,2566.8601
那斯達克,2022-06-16,10646.0996
VIX,2022-06-17,31.13
加權指數,2022-06-17,15641.2598
台積電ADR,2022-06-17,85.0
美元兌台幣,2022-06-17,29.696
美元指數,2022-06-17,104.7
費城半導體,2022-06-17,2578.54
那斯達克,2022-06-17,10798.3496
加權指數,2022-06-20,15367.5801
美元兌台幣,2022-06-20,29.702
VIX,2022-06-21,30.19
加權指數,2022-06-21,15728.6396
台積電ADR,2022-06-21,86.95
美元兌台幣,2022-06-21,29.703
美元指數,2022-06-21,104.44
費城半導體,2022-06-21,2649.3701
那斯達克,2022-06-21,11069.2998
VIX,2022-06-22,28.95
加權指數,2022-06-22,15347.75
台積電ADR,2022-06-22,84.91
美元兌台幣,2022-06-22,29.724
美元指數,2022-06-22,104.2
費城半導體,2022-06-22,2619.71
那斯達克,2022-06-22,11053.0801
VIX,2022-06-23,29.05
加權指數,2022-06-23,15176.4404
台積電ADR,2022-06-23,84.12
美元兌台幣,2022-06-23,29.6717
美元指數,2022-06-23,104.43
費城半導體,2022-06-23,2602.74
那斯達克,2022-06-23,11232.1904
VIX,2022-06-24,27.23
加權指數,2022-06-24,15303.3203
台積電ADR,2022-06-24,85.92
美元兌台幣,2022-06-24,29.6131
美元指數,2022-06-24,104.19
費城半導體,2022-06-24,2718.47
那斯達克,2022-06-24,11607.6201
VIX,2022-06-27,26.95
加權指數,2022-06-27,15548.0098
台積電ADR,2022-06-27,85.86
美元兌台幣,2022-06-27,29.694
美元指數,2022-06-27,103.94
費城半導體,2022-06-27,2713.48
那斯達克,2022-06-27,11524.5498
VIX,2022-06-28,28.36
加權指數,2022-06-28,15439.9199
台積電ADR,2022-06-28,84.34
美元兌台幣,2022-06-28,29.43
美元指數,2022-06-28,104.51
費城半導體,2022-06-28,2642.0701
那斯達克,2022-06-28,11181.54
VIX,2022-06-29,28.16
加權指數,2022-06-29,15240.1299
台積電ADR,2022-06-29,83.65
美元兌台幣,2022-06-29,29.671
美元指數,2022-06-29,105.11
費城半導體,2022-06-29,2583.98
那斯達克,2022-06-29,11177.8896
VIX,2022-06-30,28.71
加權指數,2022-06-30,14825.7305
台積電ADR,2022-06-30,81.75
美元兌台幣,2022-06-30,29.665
美元指數,2022-06-30,104.69
費城半導體,2022-06-30,2556.25
那斯達克,2022-06-30,11028.7402
VIX,2022-07-01,26.7
加權指數,2022-07-01,14343.0801
台積電ADR,2022-07-01,77.0
美元兌台幣,2022-07-01,29.6557
美元指數,2022-07-01,105.14
費城半導體,2022-07-01,2458.46
那斯達克,2022-07-01,11127.8496
加權指數,2022-07-04,14217.0596
美元兌台幣,2022-07-04,29.796
VIX,2022-07-05,27.54
加權指數,2022-07-05,14349.2002
台積電ADR,2022-07-05,76.11
美元兌台幣,2022-07-05,29.69
美元指數,2022-07-05,106.5
費城半導體,2022-07-05,2477.6399
那斯達克,2022-07-05,11322.2402
VIX,2022-07-06,26.73
加權指數,2022-07-06,13985.5098
台積電ADR,2022-07-06,75.56
美元兌台幣,2022-07-06,29.7807
美元指數,2022-07-06,107.1
費城半導體,2022-07-06,2494.1101
那斯達克,2022-07-06,11361.8496
VIX,2022-07-07,26.08
加權指數,2022-07-07,14336.2695
台積電ADR,2022-07-07,80.65
美元兌台幣,2022-07-07,29.788
美元指數,2022-07-07,107.13
費城半導體,2022-07-07,2605.8899
那斯達克,2022-07-07,11621.3496
VIX,2022-07-08,24.64
加權指數,2022-07-08,14464.5303
台積電ADR,2022-07-08,81.51
美元兌台幣,2022-07-08,29.752
美元指數,2022-07-08,107.01
費城半導體,2022-07-08,2618.02
那斯達克,2022-07-08,11635.3096
VIX,2022-07-11,26.17
加權指數,2022-07-11,14340.5303
台積電ADR,2022-07-11,79.11
美元兌台幣,2022-07-11,29.752
美元指數,2022-07-11,108.02
費城半導體,2022-07-11,2553.6899
那斯達克,2022-07-11,11372.5996
VIX,2022-07-12,27.29
加權指數,2022-07-12,13950.6201
台積電ADR,2022-07-12,79.1
美元兌台幣,2022-07-12,29.8632
美元指數,2022-07-12,108.07
費城半導體,2022-07-12,2558.1699
那斯達克,2022-07-12,11264.7305
VIX,2022-07-13,26.82
加權指數,2022-07-13,14324.6797
台積電ADR,2022-07-13,81.29
美元兌台幣,2022-07-13,29.865
美元指數,2022-07-13,107.96
費城半導體,2022-07-13,2577.3601
那斯達克,2022-07-13,11247.5801
VIX,2022-07-14,26.4
加權指數,2022-07-14,14438.5195
台積電ADR,2022-07-14,83.67
美元兌台幣,2022-07-14,29.766
美元指數,2022-07-14,108.54
費城半導體,2022-07-14,2626.9199
那斯達克,2022-07-14,11251.1904
VIX,2022-07-15,24.23
加權指數,2022-07-15,14550.6201
台積電ADR,2022-07-15,85.63
美元兌台幣,2022-07-15,29.9187
美元指數,2022-07-15,108.06
費城半導體,2022-07-15,2693.77
那斯達克,2022-07-15,11452.4199
VIX,2022-07-18,25.3
加權指數,2022-07-18,14719.6396
台積電ADR,2022-07-18,83.58
美元兌台幣,2022-07-18,29.911
美元指數,2022-07-18,107.37
費城半導體,2022-07-18,2679.5701
那斯達克,2022-07-18,11360.0498
VIX,2022-07-19,24.5
加權指數,2022-07-19,14694.0801
台積電ADR,2022-07-19,86.15
美元兌台幣,2022-07-19,29.82
美元指數,2022-07-19,106.68
費城半導體,2022-07-19,2803.1399
那斯達克,2022-07-19,11713.1504
VIX,2022-07-20,23.88
加權指數,2022-07-20,14733.2197
台積電ADR,2022-07-20,86.56
美元兌台幣,2022-07-20,29.786
美元指數,2022-07-20,107.08
費城半導體,2022-07-20,2872.96
那斯達克,2022-07-20,11897.6504
VIX,2022-07-21,23.11
加權指數,2022-07-21,14937.7002
台積電ADR,2022-07-21,87.79
美元兌台幣,2022-07-21,29.8807
美元指數,2022-07-21,106.91
費城半導體,2022-07-21,2916.8101
那斯達克,2022-07-21,12059.6104
VIX,2022-07-22,23.03
加權指數,2022-07-22,14949.3604
台積電ADR,2022-07-22,86.32
美元兌台幣,2022-07-22,29.8803
美元指數,2022-07-22,106.73
費城半導體,2022-07-22,2842.4099
那斯達克,2022-07-22,11834.1104
VIX,2022-07-25,23.36
加權指數,2022-07-25,14936.3301
台積電ADR,2022-07-25,86.3
美元兌台幣,2022-07-25,29.801
美元指數,2022-07-25,106.48
費城半導體,2022-07-25,2825.03
那斯達克,2022-07-25,11782.6699
VIX,2022-07-26,24.69
加權指數,2022-07-26,14806.7803
台積電ADR,2022-07-26,84.42
美元兌台幣,2022-07-26,29.828
美元指數,2022-07-26,107.19
費城半導體,2022-07-26,2778.96
那斯達克,2022-07-26,11562.5703
VIX,2022-07-27,23.24
加權指數,2022-07-27,14921.5898
台積電ADR,2022-07-27,87.63
美元兌台幣,2022-07-27,29.9203
美元指數,2022-07-27,106.45
費城半導體,2022-07-27,2911.0
那斯達克,2022-07-27,12032.4199
VIX,2022-07-28,22.33
加權指數,2022-07-28,14891.9004
台積電ADR,2022-07-28,88.61
美元兌台幣,2022-07-28,29.8593
美元指數,2022-07-28,106.35
費城半導體,2022-07-28,2944.5
那斯達克,2022-07-28,12162.5898
VIX,2022-07-29,21.33
加權指數,2022-07-29,15000.0703
台積電ADR,2022-07-29,88.48
美元兌台幣,2022-07-29,29.915
美元指數,2022-07-29,105.9
費城半導體,2022-07-29,2967.1399
那斯達克,2022-07-29,12390.6904
VIX,2022-08-01,22.84
加權指數,2022-08-01,14981.6904
台積電ADR,2022-08-01,86.31
美元兌台幣,2022-08-01,30.002
美元指數,2022-08-01,105.45
費城半導體,2022-08-01,2978.3201
那斯達克,2022-08-01,12368.9805
VIX,2022-08-02,23.93
加權指數,2022-08-02,14747.2305
台積電ADR,2022-08-02,86.05
美元兌台幣,2022-08-02,30.168
美元指數,2022-08-02,106.24
費城半導體,2022-08-02,2974.75
那斯達克,2022-08-02,12348.7598
VIX,2022-08-03,21.95
加權指數,2022-08-03,14777.0195
台積電ADR,2022-08-03,86.51
美元兌台幣,2022-08-03,29.9663
美元指數,2022-08-03,106.51
費城半導體,2022-08-03,3053.46
那斯達克,2022-08-03,12668.1602
VIX,2022-08-04,21.44
加權指數,2022-08-04,14702.2002
台積電ADR,2022-08-04,88.42
美元兌台幣,2022-08-04,29.942
美元指數,2022-08-04,105.69
費城半導體,2022-08-04,3081.4099
那斯達克,2022-08-04,12720.5801
VIX,2022-08-05,21.15
加權指數,2022-08-05,15036.04
台積電ADR,2022-08-05,89.77
美元兌台幣,2022-08-05,29.9517
美元指數,2022-08-05,106.62
費城半導體,2022-08-05,3053.3899
那斯達克,2022-08-05,12657.5498
VIX,2022-08-08,21.29
加權指數,2022-08-08,15020.4102
台積電ADR,2022-08-08,87.94
美元兌台幣,2022-08-08,29.945
美元指數,2022-08-08,106.44
費城半導體,2022-08-08,3004.3401
那斯達克,2022-08-08,12644.46
VIX,2022-08-09,21.77
加權指數,2022-08-09,15050.2803
台積電ADR,2022-08-09,85.21
美元兌台幣,2022-08-09,30.0007
美元指數,2022-08-09,106.37
費城半導體,2022-08-09,2866.8999
那斯達克,2022-08-09,12493.9297
VIX,2022-08-10,19.74
加權指數,2022-08-10,14939.0195
台積電ADR,2022-08-10,88.67
美元兌台幣,2022-08-10,30.028
美元指數,2022-08-10,105.2
費城半導體,2022-08-10,2988.71
那斯達克,2022-08-10,12854.7998
VIX,2022-08-11,20.2
加權指數,2022-08-11,15197.8496
台積電ADR,2022-08-11,89.52
美元兌台幣,2022-08-11,29.9104
美元指數,2022-08-11,105.09
費城半導體,2022-08-11,2978.7
那斯達克,2022-08-11,12779.9102
VIX,2022-08-12,19.53
加權指數,2022-08-12,15288.9697
台積電ADR,2022-08-12,90.86
美元兌台幣,2022-08-12,29.9493
美元指數,2022-08-12,105.63
費城半導體,2022-08-12,3067.8401
那斯達克,2022-08-12,13047.1904
VIX,2022-08-15,19.95
加權指數,2022-08-15,15417.3496
台積電ADR,2022-08-15,91.57
美元兌台幣,2022-08-15,29.943
美元指數,2022-08-15,106.55
費城半導體,2022-08-15,3077.3301
那斯達克,2022-08-15,13128.0498
VIX,2022-08-16,19.69
加權指數,2022-08-16,15420.5703
台積電ADR,2022-08-16,89.95
美元兌台幣,2022-08-16,29.9827
美元指數,2022-08-16,106.5
費城半導體,2022-08-16,3045.6399
那斯達克,2022-08-16,13102.5498
VIX,2022-08-17,19.9
加權指數,2022-08-17,15465.4502
台積電ADR,2022-08-17,89.2
美元兌台幣,2022-08-17,29.9438
美元指數,2022-08-17,106.57
費城半導體,2022-08-17,2970.1201
那斯達克,2022-08-17,12938.1201
VIX,2022-08-18,19.56
加權指數,2022-08-18,15396.7598
台積電ADR,2022-08-18,89.27
美元兌台幣,2022-08-18,29.9357
美元指數,2022-08-18,107.48
費城半導體,2022-08-18,3037.8401
那斯達克,2022-08-18,12965.3398
VIX,2022-08-19,20.6
加權指數,2022-08-19,15408.7803
台積電ADR,2022-08-19,87.2
美元兌台幣,2022-08-19,29.9737
美元指數,2022-08-19,108.17
費城半導體,2022-08-19,2953.3401
那斯達克,2022-08-19,12705.2197
VIX,2022-08-22,23.8
加權指數,2022-08-22,15245.1396
台積電ADR,2022-08-22,85.24
美元兌台幣,2022-08-22,30.102
美元指數,2022-08-22,109.05
費城半導體,2022-08-22,2843.3701
那斯達克,2022-08-22,12381.5703
VIX,2022-08-23,24.11
加權指數,2022-08-23,15095.8896
台積電ADR,2022-08-23,86.03
美元兌台幣,2022-08-23,30.1317
美元指數,2022-08-23,108.62
費城半導體,2022-08-23,2864.3101
那斯達克,2022-08-23,12381.2998
VIX,2022-08-24,22.82
加權指數,2022-08-24,15069.1904
台積電ADR,2022-08-24,85.56
美元兌台幣,2022-08-24,30.17
美元指數,2022-08-24,108.68
費城半導體,2022-08-24,2866.1799
那斯達克,2022-08-24,12431.5303
VIX,2022-08-25,21.78
加權指數,2022-08-25,15200.04
台積電ADR,2022-08-25,87.57
美元兌台幣,2022-08-25,30.205
美元指數,2022-08-25,108.47
費城半導體,2022-08-25,2971.0701
那斯達克,2022-08-25,12639.2695
VIX,2022-08-26,25.56
加權指數,2022-08-26,15278.4404
台積電ADR,2022-08-26,84.74
美元兌台幣,2022-08-26,30.188
美元指數,2022-08-26,108.8
費城半導體,2022-08-26,2798.4399
那斯達克,2022-08-26,12141.71
VIX,2022-08-29,26.21
加權指數,2022-08-29,14926.1904
台積電ADR,2022-08-29,82.85
美元兌台幣,2022-08-29,30.281
美元指數,2022-08-29,108.84
費城半導體,2022-08-29,2744.5
那斯達克,2022-08-29,12017.6699
VIX,2022-08-30,26.21
加權指數,2022-08-30,14953.6299
台積電ADR,2022-08-30,82.79
美元兌台幣,2022-08-30,30.368
美元指數,2022-08-30,108.77
費城半導體,2022-08-30,2708.6299
那斯達克,2022-08-30,11883.1396
VIX,2022-08-31,25.87
加權指數,2022-08-31,15095.4404
台積電ADR,2022-08-31,83.35
美元兌台幣,2022-08-31,30.4367
美元指數,2022-08-31,108.7
費城半導體,2022-08-31,2677.3899
那斯達克,2022-08-31,11816.2002
VIX,2022-09-01,25.56
加權指數,2022-09-01,14801.8604
台積電ADR,2022-09-01,81.64
美元兌台幣,2022-09-01,30.3327
美元指數,2022-09-01,109.69
費城半導體,2022-09-01,2625.95
那斯達克,2022-09-01,11785.1299
VIX,2022-09-02,25.47
加權指數,2022-09-02,14673.04
台積電ADR,2022-09-02,80.9
美元兌台幣,2022-09-02,30.5482
美元指數,2022-09-02,109.53
費城半導體,2022-09-02,2599.26
那斯達克,2022-09-02,11630.8604
加權指數,2022-09-05,14661.0996
美元兌台幣,2022-09-05,30.613
VIX,2022-09-06,26.91
加權指數,2022-09-06,14677.2002
台積電ADR,2022-09-06,80.03
美元兌台幣,2022-09-06,30.686
美元指數,2022-09-06,110.21
費城半導體,2022-09-06,2571.47
那斯達克,2022-09-06,11544.9102
VIX,2022-09-07,24.64
加權指數,2022-09-07,14410.0498
台積電ADR,2022-09-07,79.95
美元兌台幣,2022-09-07,30.7987
美元指數,2022-09-07,109.84
費城半導體,2022-09-07,2611.5
那斯達克,2022-09-07,11791.9004
VIX,2022-09-08,23.61
加權指數,2022-09-08,14583.4199
台積電ADR,2022-09-08,80.24
美元兌台幣,2022-09-08,30.8478
美元指數,2022-09-08,109.71
費城半導體,2022-09-08,2658.1799
那斯達克,2022-09-08,11862.1299
VIX,2022-09-09,22.79
台積電ADR,2022-09-09,81.53
美元兌台幣,2022-09-09,30.8587
美元指數,2022-09-09,109.0
費城半導體,2022-09-09,2721.77
那斯達克,2022-09-09,12112.3096
VIX,2022-09-12,23.87
加權指數,2022-09-12,14807.4297
台積電ADR,2022-09-12,82.15
美元兌台幣,2022-09-12,30.85
美元指數,2022-09-12,108.33
費城半導體,2022-09-12,2731.0901
那斯達克,2022-09-12,12266.4102
VIX,2022-09-13,27.27
加權指數,2022-09-13,14894.4102
台積電ADR,2022-09-13,78.81
美元兌台幣,2022-09-13,30.883
美元指數,2022-09-13,109.82
費城半導體,2022-09-13,2562.27
那斯達克,2022-09-13,11633.5703
VIX,2022-09-14,26.16
加權指數,2022-09-14,14658.3096
台積電ADR,2022-09-14,79.66
美元兌台幣,2022-09-14,31.1187
美元指數,2022-09-14,109.66
費城半導體,2022-09-14,2591.51
那斯達克,2022-09-14,11719.6797
VIX,2022-09-15,26.27
加權指數,2022-09-15,14670.04
台積電ADR,2022-09-15,77.98
美元兌台幣,2022-09-15,31.069
美元指數,2022-09-15,109.74
費城半導體,2022-09-15,2549.54
那斯達克,2022-09-15,11552.3604
VIX,2022-09-16,26.3
加權指數,2022-09-16,14561.7598
台積電ADR,2022-09-16,77.89
美元兌台幣,2022-09-16,31.222
美元指數,2022-09-16,109.76
費城半導體,2022-09-16,2563.1399
那斯達克,2022-09-16,11448.4004
VIX,2022-09-19,25.76
加權指數,2022-09-19,14425.6797
台積電ADR,2022-09-19,78.23
美元兌台幣,2022-09-19,31.261
美元指數,2022-09-19,109.74
費城半導體,2022-09-19,2577.9399
那斯達克,2022-09-19,11535.0195
VIX,2022-09-20,27.16
加權指數,2022-09-20,14549.2998
台積電ADR,2022-09-20,78.15
美元兌台幣,2022-09-20,31.322
美元指數,2022-09-20,110.22
費城半導體,2022-09-20,2539.5
那斯達克,2022-09-20,11425.0498
VIX,2022-09-21,27.99
加權指數,2022-09-21,14424.5195
台積電ADR,2022-09-21,77.14
美元兌台幣,2022-09-21,31.339
美元指數,2022-09-21,110.64
費城半導體,2022-09-21,2514.96
那斯達克,2022-09-21,11220.1904
VIX,2022-09-22,27.35
加權指數,2022-09-22,14284.6299
台積電ADR,2022-09-22,75.63
美元兌台幣,2022-09-22,31.45
美元指數,2022-09-22,111.35
費城半導體,2022-09-22,2444.25
那斯達克,2022-09-22,11066.8096
VIX,2022-09-23,29.92
加權指數,2022-09-23,14118.3799
台積電ADR,2022-09-23,73.87
美元兌台幣,2022-09-23,31.5383
美元指數,2022-09-23,113.19
費城半導體,2022-09-23,2408.8999
那斯達克,2022-09-23,10867.9297
VIX,2022-09-26,32.26
加權指數,2022-09-26,13778.1904
台積電ADR,2022-09-26,73.01
美元兌台幣,2022-09-26,31.791
美元指數,2022-09-26,114.1
費城半導體,2022-09-26,2373.47
那斯達克,2022-09-26,10802.9199
VIX,2022-09-27,32.6
加權指數,2022-09-27,13826.5898
台積電ADR,2022-09-27,73.03
美元兌台幣,2022-09-27,31.823
美元指數,2022-09-27,114.11
費城半導體,2022-09-27,2398.04
那斯達克,2022-09-27,10829.5
VIX,2022-09-28,30.18
加權指數,2022-09-28,13466.0703
台積電ADR,2022-09-28,72.13
美元兌台幣,2022-09-28,31.675
美元指數,2022-09-28,112.6
費城半導體,2022-09-28,2427.26
那斯達克,2022-09-28,11051.6396
VIX,2022-09-29,31.84
加權指數,2022-09-29,13534.2598
台積電ADR,2022-09-29,69.28
美元兌台幣,2022-09-29,31.671
美元指數,2022-09-29,112.25
費城半導體,2022-09-29,2347.3601
那斯達克,2022-09-29,10737.5098
VIX,2022-09-30,31.62
加權指數,2022-09-30,13424.5801
台積電ADR,2022-09-30,68.56
美元兌台幣,2022-09-30,31.6305
美元指數,2022-09-30,112.12
費城半導體,2022-09-30,2306.7
那斯達克,2022-09-30,10575.6201
VIX,2022-10-03,30.1
加權指數,2022-10-03,13300.4805
台積電ADR,2022-10-03,69.25
美元兌台幣,2022-10-03,31.803
美元指數,2022-10-03,111.75
費城半導體,2022-10-03,2393.3201
那斯達克,2022-10-03,10815.4297
VIX,2022-10-04,29.07
加權指數,2022-10-04,13576.5195
台積電ADR,2022-10-04,72.81
美元兌台幣,2022-10-04,31.7837
美元指數,2022-10-04,110.07
費城半導體,2022-10-04,2500.1101
那斯達克,2022-10-04,11176.4102
VIX,2022-10-05,28.55
加權指數,2022-10-05,13801.4297
台積電ADR,2022-10-05,74.48
美元兌台幣,2022-10-05,31.628
美元指數,2022-10-05,111.07
費城半導體,2022-10-05,2523.6101
那斯達克,2022-10-05,11148.6396
VIX,2022-10-06,30.52
加權指數,2022-10-06,13892.0498
台積電ADR,2022-10-06,74.35
美元兌台幣,2022-10-06,31.5235
美元指數,2022-10-06,112.26
費城半導體,2022-10-06,2508.8401
那斯達克,2022-10-06,11073.3096
VIX,2022-10-07,31.36
加權指數,2022-10-07,13702.2803
台積電ADR,2022-10-07,69.75
美元兌台幣,2022-10-07,31.539
美元指數,2022-10-07,112.8
費城半導體,2022-10-07,2356.75
那斯達克,2022-10-07,10652.4004
VIX,2022-10-10,32.45
台積電ADR,2022-10-10,67.44
美元兌台幣,2022-10-10,31.711
美元指數,2022-10-10,113.14
費城半導體,2022-10-10,2275.3401
那斯達克,2022-10-10,10542.0996
VIX,2022-10-11,33.63
加權指數,2022-10-11,13106.0303
台積電ADR,2022-10-11,63.45
美元兌台幣,2022-10-11,31.7928
美元指數,2022-10-11,113.22
費城半導體,2022-10-11,2218.49
那斯達克,2022-10-11,10426.1904
VIX,2022-10-12,33.57
加權指數,2022-10-12,13081.2402
台積電ADR,2022-10-12,64.11
美元兌台幣,2022-10-12,31.8253
美元指數,2022-10-12,113.32
費城半導體,2022-10-12,2198.6001
那斯達克,2022-10-12,10417.0996
VIX,2022-10-13,31.94
加權指數,2022-10-13,12810.7305
台積電ADR,2022-10-13,66.62
美元兌台幣,2022-10-13,31.7742
美元指數,2022-10-13,112.36
費城半導體,2022-10-13,2263.24
那斯達克,2022-10-13,10649.1504
VIX,2022-10-14,32.02
加權指數,2022-10-14,13128.1201
台積電ADR,2022-10-14,63.92
美元兌台幣,2022-10-14,31.8486
美元指數,2022-10-14,113.31
費城半導體,2022-10-14,2162.3201
那斯達克,2022-10-14,10321.3896
VIX,2022-10-17,31.37
加權指數,2022-10-17,12966.0498
台積電ADR,2022-10-17,64.89
美元兌台幣,2022-10-17,31.962
美元指數,2022-10-17,112.04
費城半導體,2022-10-17,2211.6599
那斯達克,2022-10-17,10675.7998
VIX,2022-10-18,30.5
加權指數,2022-10-18,13124.6797
台積電ADR,2022-10-18,63.71
美元兌台幣,2022-10-18,31.988
美元指數,2022-10-18,112.13
費城半導體,2022-10-18,2220.96
那斯達克,2022-10-18,10772.4004
VIX,2022-10-19,30.76
加權指數,2022-10-19,12976.7598
台積電ADR,2022-10-19,63.66
美元兌台幣,2022-10-19,32.017
美元指數,2022-10-19,112.98
費城半導體,2022-10-19,2237.74
那斯達克,2022-10-19,10680.5098
VIX,2022-10-20,29.98
加權指數,2022-10-20,12946.0996
台積電ADR,2022-10-20,63.58
美元兌台幣,2022-10-20,32.152
美元指數,2022-10-20,112.88
費城半導體,2022-10-20,2253.22
那斯達克,2022-10-20,10614.8398
VIX,2022-10-21,29.69
加權指數,2022-10-21,12819.2002
台積電ADR,2022-10-21,63.75
美元兌台幣,2022-10-21,32.094
美元指數,2022-10-21,112.01
費城半導體,2022-10-21,2336.6899
那斯達克,2022-10-21,10859.7197
VIX,2022-10-24,29.85
加權指數,2022-10-24,12856.9805
台積電ADR,2022-10-24,61.29
美元兌台幣,2022-10-24,32.18
美元指數,2022-10-24,111.99
費城半導體,2022-10-24,2351.55
那斯達克,2022-10-24,10952.6104
VIX,2022-10-25,28.46
加權指數,2022-10-25,12666.1201
台積電ADR,2022-10-25,61.14
美元兌台幣,2022-10-25,32.3113
美元指數,2022-10-25,110.95
費城半導體,2022-10-25,2404.6899
那斯達克,2022-10-25,11199.1201
VIX,2022-10-26,27.28
加權指數,2022-10-26,12729.0498
台積電ADR,2022-10-26,60.84
美元兌台幣,2022-10-26,32.227
美元指數,2022-10-26,109.7
費城半導體,2022-10-26,2376.3301
那斯達克,2022-10-26,10970.9902
VIX,2022-10-27,27.39
加權指數,2022-10-27,12926.3701
台積電ADR,2022-10-27,60.95
美元兌台幣,2022-10-27,31.9629
美元指數,2022-10-27,110.59
費城半導體,2022-10-27,2340.6001
那斯達克,2022-10-27,10792.6699
VIX,2022-10-28,25.75
加權指數,2022-10-28,12788.4199
台積電ADR,2022-10-28,62.01
美元兌台幣,2022-10-28,32.043
美元指數,2022-10-28,110.67
費城半導體,2022-10-28,2433.6599
那斯達克,2022-10-28,11102.4502
VIX,2022-10-31,25.88
加權指數,2022-10-31,12949.75
台積電ADR,2022-10-31,61.55
美元兌台幣,2022-10-31,32.114
美元指數,2022-10-31,111.53
費城半導體,2022-10-31,2384.45
那斯達克,2022-10-31,10988.1504
VIX,2022-11-01,25.81
加權指數,2022-11-01,13037.21
台積電ADR,2022-11-01,61.58
美元兌台幣,2022-11-01,32.2477
美元指數,2022-11-01,111.48
費城半導體,2022-11-01,2402.75
那斯達克,2022-11-01,10890.8496
VIX,2022-11-02,25.86
加權指數,2022-11-02,13100.1699
台積電ADR,2022-11-02,60.52
美元兌台幣,2022-11-02,32.124
美元指數,2022-11-02,111.35
費城半導體,2022-11-02,2328.47
那斯達克,2022-11-02,10524.7998
VIX,2022-11-03,25.3
加權指數,2022-11-03,12986.5996
台積電ADR,2022-11-03,60.28
美元兌台幣,2022-11-03,32.2475
美元指數,2022-11-03,112.93
費城半導體,2022-11-03,2292.8501
那斯達克,2022-11-03,10342.9404
VIX,2022-11-04,24.55
加權指數,2022-11-04,13026.71
台積電ADR,2022-11-04,62.48
美元兌台幣,2022-11-04,32.15
美元指數,2022-11-04,110.88
費城半導體,2022-11-04,2398.24
那斯達克,2022-11-04,10475.25
VIX,2022-11-07,24.35
加權指數,2022-11-07,13223.7305
台積電ADR,2022-11-07,62.76
美元兌台幣,2022-11-07,31.999
美元指數,2022-11-07,110.12
費城半導體,2022-11-07,2450.6201
那斯達克,2022-11-07,10564.5195
VIX,2022-11-08,25.54
加權指數,2022-11-08,13347.7598
台積電ADR,2022-11-08,65.02
美元兌台幣,2022-11-08,31.85
美元指數,2022-11-08,109.62
費城半導體,2022-11-08,2503.3899
那斯達克,2022-11-08,10616.2002
VIX,2022-11-09,26.09
加權指數,2022-11-09,13638.8096
台積電ADR,2022-11-09,65.0
美元兌台幣,2022-11-09,31.7898
美元指數,2022-11-09,110.55
費城半導體,2022-11-09,2424.8201
那斯達克,2022-11-09,10353.1699
VIX,2022-11-10,23.53
加權指數,2022-11-10,13503.7598
台積電ADR,2022-11-10,70.84
美元兌台幣,2022-11-10,31.912
美元指數,2022-11-10,108.21
費城半導體,2022-11-10,2672.5
那斯達克,2022-11-10,11114.1504
VIX,2022-11-11,22.52
加權指數,2022-11-11,14007.5596
台積電ADR,2022-11-11,73.83
美元兌台幣,2022-11-11,31.402
美元指數,2022-11-11,106.29
費城半導體,2022-11-11,2754.8999
那斯達克,2022-11-11,11323.3301
VIX,2022-11-14,23.73
加權指數,2022-11-14,14174.9004
台積電ADR,2022-11-14,72.8
美元兌台幣,2022-11-14,31.0966
美元指數,2022-11-14,106.66
費城半導體,2022-11-14,2728.05
那斯達克,2022-11-14,11196.2197
VIX,2022-11-15,24.54
加權指數,2022-11-15,14546.3096
台積電ADR,2022-11-15,80.46
美元兌台幣,2022-11-15,30.889
美元指數,2022-11-15,106.4
費城半導體,2022-11-15,2810.6101
那斯達克,2022-11-15,11358.4102
VIX,2022-11-16,24.11
加權指數,2022-11-16,14537.3496
台積電ADR,2022-11-16,79.45
美元兌台幣,2022-11-16,31.079
美元指數,2022-11-16,106.28
費城半導體,2022-11-16,2690.8201
那斯達克,2022-11-16,11183.6602
VIX,2022-11-17,23.93
加權指數,2022-11-17,14535.2305
台積電ADR,2022-11-17,81.48
美元兌台幣,2022-11-17,31.035
美元指數,2022-11-17,106.69
費城半導體,2022-11-17,2719.1001
那斯達克,2022-11-17,11144.96
VIX,2022-11-18,23.12
加權指數,2022-11-18,14504.9902
台積電ADR,2022-11-18,82.27
美元兌台幣,2022-11-18,31.025
美元指數,2022-11-18,106.93
費城半導體,2022-11-18,2724.03
那斯達克,2022-11-18,11146.0596
VIX,2022-11-21,22.36
加權指數,2022-11-21,14449.3896
台積電ADR,2022-11-21,79.93
美元兌台幣,2022-11-21,31.1113
美元指數,2022-11-21,107.84
費城半導體,2022-11-21,2675.8301
那斯達克,2022-11-21,11024.5098
VIX,2022-11-22,21.29
加權指數,2022-11-22,14542.2002
台積電ADR,2022-11-22,82.54
美元兌台幣,2022-11-22,31.131
美元指數,2022-11-22,107.22
費城半導體,2022-11-22,2756.8201
那斯達克,2022-11-22,11174.4102
VIX,2022-11-23,20.35
加權指數,2022-11-23,14608.54
台積電ADR,2022-11-23,81.97
美元兌台幣,2022-11-23,31.1072
美元指數,2022-11-23,106.08
費城半導體,2022-11-23,2786.4199
那斯達克,2022-11-23,11285.3203
加權指數,2022-11-24,14784.0
美元兌台幣,2022-11-24,31.0797
VIX,2022-11-25,20.5
加權指數,2022-11-25,14778.5098
台積電ADR,2022-11-25,81.4
美元兌台幣,2022-11-25,30.913
美元指數,2022-11-25,105.96
費城半導體,2022-11-25,2751.27
那斯達克,2022-11-25,11226.3604
VIX,2022-11-28,22.21
加權指數,2022-11-28,14556.8701
台積電ADR,2022-11-28,79.22
美元兌台幣,2022-11-28,30.9285
美元指數,2022-11-28,106.68
費城半導體,2022-11-28,2678.78
那斯達克,2022-11-28,11049.5
VIX,2022-11-29,21.89
加權指數,2022-11-29,14709.6396
台積電ADR,2022-11-29,79.33
美元兌台幣,2022-11-29,31.0061
美元指數,2022-11-29,106.82
費城半導體,2022-11-29,2670.6499
那斯達克,2022-11-29,10983.7803
VIX,2022-11-30,20.58
加權指數,2022-11-30,14879.5498
台積電ADR,2022-11-30,82.98
美元兌台幣,2022-11-30,30.946
美元指數,2022-11-30,105.95
費城半導體,2022-11-30,2826.8501
那斯達克,2022-11-30,11468.0
VIX,2022-12-01,19.84
加權指數,2022-12-01,15012.7998
台積電ADR,2022-12-01,82.68
美元兌台幣,2022-12-01,30.778
美元指數,2022-12-01,104.73
費城半導體,2022-12-01,2804.7
那斯達克,2022-12-01,11482.4502
VIX,2022-12-02,19.06
加權指數,2022-12-02,14970.6797
台積電ADR,2022-12-02,81.5
美元兌台幣,2022-12-02,30.5878
美元指數,2022-12-02,104.55
費城半導體,2022-12-02,2771.24
那斯達克,2022-12-02,11461.5
VIX,2022-12-05,20.75
加權指數,2022-12-05,14980.7402
台積電ADR,2022-12-05,81.62
美元兌台幣,2022-12-05,30.538
美元指數,2022-12-05,105.29
費城半導體,2022-12-05,2738.05
那斯達克,2022-12-05,11239.9404
VIX,2022-12-06,22.17
加權指數,2022-12-06,14728.8799
台積電ADR,2022-12-06,79.56
美元兌台幣,2022-12-06,30.563
美元指數,2022-12-06,105.58
費城半導體,2022-12-06,2673.53
那斯達克,2022-12-06,11014.8896
VIX,2022-12-07,22.68
加權指數,2022-12-07,14630.0098
台積電ADR,2022-12-07,79.24
美元兌台幣,2022-12-07,30.6335
美元指數,2022-12-07,105.1
費城半導體,2022-12-07,2673.25
那斯達克,2022-12-07,10958.5498
VIX,2022-12-08,22.29
加權指數,2022-12-08,14553.04
台積電ADR,2022-12-08,80.8
美元兌台幣,2022-12-08,30.637
美元指數,2022-12-08,104.77
費城半導體,2022-12-08,2744.73
那斯達克,2022-12-08,11082.0
VIX,2022-12-09,22.83
加權指數,2022-12-09,14705.4297
台積電ADR,2022-12-09,80.69
美元兌台幣,2022-12-09,30.463
美元指數,2022-12-09,104.81
費城半導體,2022-12-09,2721.02
那斯達克,2022-12-09,11004.6201
VIX,2022-12-12,25.0
加權指數,2022-12-12,14612.5898
台積電ADR,2022-12-12,80.43
美元兌台幣,2022-12-12,30.6937
美元指數,2022-12-12,105.13
費城半導體,2022-12-12,2779.21
那斯達克,2022-12-12,11143.7402
VIX,2022-12-13,22.55
加權指數,2022-12-13,14522.96
台積電ADR,2022-12-13,80.51
美元兌台幣,2022-12-13,30.68
美元指數,2022-12-13,103.98
費城半導體,2022-12-13,2821.53
那斯達克,2022-12-13,11256.8096
VIX,2022-12-14,21.14
加權指數,2022-12-14,14739.3604
台積電ADR,2022-12-14,80.02
美元兌台幣,2022-12-14,30.601
美元指數,2022-12-14,103.77
費城半導體,2022-12-14,2777.27
那斯達克,2022-12-14,11170.8896
VIX,2022-12-15,22.83
加權指數,2022-12-15,14734.1299
台積電ADR,2022-12-15,77.61
美元兌台幣,2022-12-15,30.4843
美元指數,2022-12-15,104.56
費城半導體,2022-12-15,2661.4099
那斯達克,2022-12-15,10810.5303
VIX,2022-12-16,22.62
加權指數,2022-12-16,14528.5498
台積電ADR,2022-12-16,76.3
美元兌台幣,2022-12-16,30.81
美元指數,2022-12-16,104.7
費城半導體,2022-12-16,2636.1001
那斯達克,2022-12-16,10705.4102
VIX,2022-12-19,22.42
加權指數,2022-12-19,14433.3203
台積電ADR,2022-12-19,76.1
美元兌台幣,2022-12-19,30.7708
美元指數,2022-12-19,104.72
費城半導體,2022-12-19,2599.8601
那斯達克,2022-12-19,10546.0303
VIX,2022-12-20,21.48
加權指數,2022-12-20,14170.0303
台積電ADR,2022-12-20,75.62
美元兌台幣,2022-12-20,30.7857
美元指數,2022-12-20,103.97
費城半導體,2022-12-20,2583.6399
那斯達克,2022-12-20,10547.1104
VIX,2022-12-21,20.07
加權指數,2022-12-21,14234.4004
台積電ADR,2022-12-21,77.14
美元兌台幣,2022-12-21,30.724
美元指數,2022-12-21,104.16
費城半導體,2022-12-21,2644.5
那斯達克,2022-12-21,10709.3701
VIX,2022-12-22,21.97
加權指數,2022-12-22,14442.9404
台積電ADR,2022-12-22,75.28
美元兌台幣,2022-12-22,30.679
美元指數,2022-12-22,104.43
費城半導體,2022-12-22,2533.3301
那斯達克,2022-12-22,10476.1201
VIX,2022-12-23,20.87
加權指數,2022-12-23,14271.6299
台積電ADR,2022-12-23,74.89
美元兌台幣,2022-12-23,30.74
美元指數,2022-12-23,104.31
費城半導體,2022-12-23,2535.49
那斯達克,2022-12-23,10497.8604
加權指數,2022-12-26,14285.1299
美元兌台幣,2022-12-26,30.7451
VIX,2022-12-27,21.65
加權指數,2022-12-27,14328.4297
台積電ADR,2022-12-27,74.32
美元兌台幣,2022-12-27,30.719
美元指數,2022-12-27,104.18
費城半導體,2022-12-27,2490.1699
那斯達克,2022-12-27,10353.2305
VIX,2022-12-28,22.14
加權指數,2022-12-28,14173.0996
台積電ADR,2022-12-28,73.06
美元兌台幣,2022-12-28,30.7221
美元指數,2022-12-28,104.46
費城半導體,2022-12-28,2453.49
那斯達克,2022-12-28,10213.29
VIX,2022-12-29,21.44
加權指數,2022-12-29,14085.0195
台積電ADR,2022-12-29,76.0
美元兌台幣,2022-12-29,30.728
美元指數,2022-12-29,103.84
費城半導體,2022-12-29,2534.95
那斯達克,2022-12-29,10478.0898
VIX,2022-12-30,21.67
加權指數,2022-12-30,14137.6904
台積電ADR,2022-12-30,74.49
美元兌台幣,2022-12-30,30.6801
美元指數,2022-12-30,103.52
費城半導體,2022-12-30,2532.1101
那斯達克,2022-12-30,10466.4805
美元兌台幣,2023-01-02,30.6478
VIX,2023-01-03,22.9
加權指數,2023-01-03,14224.1201
台積電ADR,2023-01-03,74.03
美元兌台幣,2023-01-03,30.7201
美元指數,2023-01-03,104.52
費城半導體,2023-01-03,2500.99
那斯達克,2023-01-03,10386.9805
VIX,2023-01-04,22.01
加權指數,2023-01-04,14199.1299
台積電ADR,2023-01-04,76.32
美元兌台幣,2023-01-04,30.6503
美元指數,2023-01-04,104.25
費城半導體,2023-01-04,2569.46
那斯達克,2023-01-04,10458.7598
VIX,2023-01-05,22.46
加權指數,2023-01-05,14301.0498
台積電ADR,2023-01-05,75.73
美元兌台幣,2023-01-05,30.688
美元指數,2023-01-05,105.04
費城半導體,2023-01-05,2518.52
那斯達克,2023-01-05,10305.2402
VIX,2023-01-06,21.13
加權指數,2023-01-06,14373.3398
台積電ADR,2023-01-06,78.07
美元兌台幣,2023-01-06,30.623
美元指數,2023-01-06,103.88
費城半導體,2023-01-06,2636.1001
那斯達克,2023-01-06,10569.29
VIX,2023-01-09,21.97
加權指數,2023-01-09,14752.21
台積電ADR,2023-01-09,80.31
美元兌台幣,2023-01-09,30.5615
美元指數,2023-01-09,103.0
費城半導體,2023-01-09,2686.75
那斯達克,2023-01-09,10635.6504
VIX,2023-01-10,20.58
加權指數,2023-01-10,14802.96
台積電ADR,2023-01-10,81.27
美元兌台幣,2023-01-10,30.462
美元指數,2023-01-10,103.24
費城半導體,2023-01-10,2721.29
那斯達克,2023-01-10,10742.6299
VIX,2023-01-11,21.09
加權指數,2023-01-11,14751.4404
台積電ADR,2023-01-11,81.78
美元兌台幣,2023-01-11,30.4326
美元指數,2023-01-11,103.19
費城半導體,2023-01-11,2755.3601
那斯達克,2023-01-11,10931.6699
VIX,2023-01-12,18.83
加權指數,2023-01-12,14731.6396
台積電ADR,2023-01-12,87.0
美元兌台幣,2023-01-12,30.435
美元指數,2023-01-12,102.25
費城半導體,2023-01-12,2789.6499
那斯達克,2023-01-12,11001.0996
VIX,2023-01-13,18.35
加權指數,2023-01-13,14824.1299
台積電ADR,2023-01-13,86.8
美元兌台幣,2023-01-13,30.3255
美元指數,2023-01-13,102.2
費城半導體,2023-01-13,2800.6599
那斯達克,2023-01-13,11079.1602
加權指數,2023-01-16,14927.0098
美元兌台幣,2023-01-16,30.2793
VIX,2023-01-17,19.36
加權指數,2023-01-17,14932.9297
台積電ADR,2023-01-17,88.99
美元兌台幣,2023-01-17,30.329
美元指數,2023-01-17,102.39
費城半導體,2023-01-17,2807.48
那斯達克,2023-01-17,11095.1104
VIX,2023-01-18,20.34
台積電ADR,2023-01-18,89.47
美元兌台幣,2023-01-18,30.2763
美元指數,2023-01-18,102.36
費城半導體,2023-01-18,2789.47
那斯達克,2023-01-18,10957.0098
VIX,2023-01-19,20.52
台積電ADR,2023-01-19,88.4
美元兌台幣,2023-01-19,30.185
美元指數,2023-01-19,102.06
費城半導體,2023-01-19,2710.4399
那斯達克,2023-01-19,10852.2695
VIX,2023-01-20,19.85
台積電ADR,2023-01-20,91.03
美元兌台幣,2023-01-20,30.339
美元指數,2023-01-20,102.01
費城半導體,2023-01-20,2794.6899
那斯達克,2023-01-20,11140.4297
VIX,2023-01-23,19.81
台積電ADR,2023-01-23,95.66
美元兌台幣,2023-01-23,30.3177
美元指數,2023-01-23,102.14
費城半導體,2023-01-23,2934.8301
那斯達克,2023-01-23,11364.4102
VIX,2023-01-24,19.2
台積電ADR,2023-01-24,94.56
美元兌台幣,2023-01-24,30.293
美元指數,2023-01-24,101.92
費城半導體,2023-01-24,2913.74
那斯達克,2023-01-24,11334.2695
VIX,2023-01-25,19.08
台積電ADR,2023-01-25,92.41
美元兌台幣,2023-01-25,30.2675
美元指數,2023-01-25,101.64
費城半導體,2023-01-25,2918.99
那斯達克,2023-01-25,11313.3604
VIX,2023-01-26,18.73
台積電ADR,2023-01-26,93.45
美元兌台幣,2023-01-26,30.2476
美元指數,2023-01-26,101.84
費城半導體,2023-01-26,2966.6001
那斯達克,2023-01-26,11512.4102
VIX,2023-01-27,18.51
台積電ADR,2023-01-27,93.3
美元兌台幣,2023-01-27,30.2088
美元指數,2023-01-27,101.93
費城半導體,2023-01-27,2945.27
那斯達克,2023-01-27,11621.71
VIX,2023-01-30,19.94
加權指數,2023-01-30,15493.8203
台積電ADR,2023-01-30,93.13
美元兌台幣,2023-01-30,30.256
美元指數,2023-01-30,102.28
費城半導體,2023-01-30,2866.6899
那斯達克,2023-01-30,11393.8096
VIX,2023-01-31,19.4
加權指數,2023-01-31,15265.2002
台積電ADR,2023-01-31,92.73
美元兌台幣,2023-01-31,30.095
美元指數,2023-01-31,102.1
費城半導體,2023-01-31,2921.9199
那斯達克,2023-01-31,11584.5498
VIX,2023-02-01,17.87
加權指數,2023-02-01,15420.1299
台積電ADR,2023-02-01,94.74
美元兌台幣,2023-02-01,30.031
美元指數,2023-02-01,101.22
費城半導體,2023-02-01,3073.47
那斯達克,2023-02-01,11816.3203
VIX,2023-02-02,18.73
加權指數,2023-02-02,15595.1602
台積電ADR,2023-02-02,96.65
美元兌台幣,2023-02-02,29.533
美元指數,2023-02-02,101.75
費城半導體,2023-02-02,3141.8401
那斯達克,2023-02-02,12200.8203
VIX,2023-02-03,18.33
加權指數,2023-02-03,15602.6602
台積電ADR,2023-02-03,94.66
美元兌台幣,2023-02-03,29.543
美元指數,2023-02-03,102.92
費城半導體,2023-02-03,3082.1101
那斯達克,2023-02-03,12006.9502
VIX,2023-02-06,19.43
加權指數,2023-02-06,15392.8203
台積電ADR,2023-02-06,91.83
美元兌台幣,2023-02-06,29.9658
美元指數,2023-02-06,103.62
費城半導體,2023-02-06,3029.74
那斯達克,2023-02-06,11887.4502
VIX,2023-02-07,18.66
加權指數,2023-02-07,15400.9102
台積電ADR,2023-02-07,94.55
美元兌台幣,2023-02-07,29.9983
美元指數,2023-02-07,103.43
費城半導體,2023-02-07,3124.1499
那斯達克,2023-02-07,12113.79
VIX,2023-02-08,19.63
加權指數,2023-02-08,15618.1699
台積電ADR,2023-02-08,94.28
美元兌台幣,2023-02-08,30.0271
美元指數,2023-02-08,103.41
費城半導體,2023-02-08,3055.6299
那斯達克,2023-02-08,11910.5195
VIX,2023-02-09,20.71
加權指數,2023-02-09,15598.71
台積電ADR,2023-02-09,96.69
美元兌台幣,2023-02-09,30.0415
美元指數,2023-02-09,103.22
費城半導體,2023-02-09,3059.6201
那斯達克,2023-02-09,11789.5801
VIX,2023-02-10,20.53
加權指數,2023-02-10,15586.6504
台積電ADR,2023-02-10,95.37
美元兌台幣,2023-02-10,30.003
美元指數,2023-02-10,103.63
費城半導體,2023-02-10,3011.1499
那斯達克,2023-02-10,11718.1201
VIX,2023-02-13,20.34
加權指數,2023-02-13,15544.2803
台積電ADR,2023-02-13,96.11
美元兌台幣,2023-02-13,30.1808
美元指數,2023-02-13,103.35
費城半導體,2023-02-13,3057.3201
那斯達克,2023-02-13,11891.79
VIX,2023-02-14,18.91
加權指數,2023-02-14,15654.4805
台積電ADR,2023-02-14,97.96
美元兌台幣,2023-02-14,30.22
美元指數,2023-02-14,103.23
費城半導體,2023-02-14,3121.6299
那斯達克,2023-02-14,11960.1504
VIX,2023-02-15,18.23
加權指數,2023-02-15,15432.8896
台積電ADR,2023-02-15,92.76
美元兌台幣,2023-02-15,30.2487
美元指數,2023-02-15,103.92
費城半導體,2023-02-15,3133.0701
那斯達克,2023-02-15,12070.5898
VIX,2023-02-16,20.17
加權指數,2023-02-16,15550.5
台積電ADR,2023-02-16,90.82
美元兌台幣,2023-02-16,30.302
美元指數,2023-02-16,103.86
費城半導體,2023-02-16,3055.24
那斯達克,2023-02-16,11855.8301
VIX,2023-02-17,20.02
加權指數,2023-02-17,15479.7002
台積電ADR,2023-02-17,90.1
美元兌台幣,2023-02-17,30.253
美元指數,2023-02-17,103.86
費城半導體,2023-02-17,3005.8701
那斯達克,2023-02-17,11787.2695
加權指數,2023-02-20,15551.2305
美元兌台幣,2023-02-20,30.3733
VIX,2023-02-21,22.87
加權指數,2023-02-21,15563.0
台積電ADR,2023-02-21,87.64
美元兌台幣,2023-02-21,30.3645
美元指數,2023-02-21,104.18
費城半導體,2023-02-21,2906.26
那斯達克,2023-02-21,11492.2998
VIX,2023-02-22,22.29
加權指數,2023-02-22,15418.7695
台積電ADR,2023-02-22,86.83
美元兌台幣,2023-02-22,30.4845
美元指數,2023-02-22,104.59
費城半導體,2023-02-22,2892.3899
那斯達克,2023-02-22,11507.0703
VIX,2023-02-23,21.14
加權指數,2023-02-23,15615.4102
台積電ADR,2023-02-23,90.08
美元兌台幣,2023-02-23,30.4753
美元指數,2023-02-23,104.6
費城半導體,2023-02-23,2988.8101
那斯達克,2023-02-23,11590.4004
VIX,2023-02-24,21.67
加權指數,2023-02-24,15503.79
台積電ADR,2023-02-24,88.11
美元兌台幣,2023-02-24,30.283
美元指數,2023-02-24,105.21
費城半導體,2023-02-24,2935.1101
那斯達克,2023-02-24,11394.9404
VIX,2023-02-27,20.95
台積電ADR,2023-02-27,87.3
美元兌台幣,2023-02-27,30.6568
美元指數,2023-02-27,104.67
費城半導體,2023-02-27,2951.21
那斯達克,2023-02-27,11466.9805
VIX,2023-02-28,20.7
台積電ADR,2023-02-28,87.07
美元兌台幣,2023-02-28,30.5978
美元指數,2023-02-28,104.87
費城半導體,2023-02-28,2958.3899
那斯達克,2023-02-28,11455.54
VIX,2023-03-01,20.58
加權指數,2023-03-01,15598.4902
台積電ADR,2023-03-01,88.42
美元兌台幣,2023-03-01,30.6458
美元指數,2023-03-01,104.48
費城半導體,2023-03-01,2955.8301
那斯達克,2023-03-01,11379.4805
VIX,2023-03-02,19.59
加權指數,2023-03-02,15598.7197
台積電ADR,2023-03-02,89.03
美元兌台幣,2023-03-02,30.5607
美元指數,2023-03-02,105.03
費城半導體,2023-03-02,2984.1101
那斯達克,2023-03-02,11462.9805
VIX,2023-03-03,18.49
加權指數,2023-03-03,15608.4199
台積電ADR,2023-03-03,89.79
美元兌台幣,2023-03-03,30.6015
美元指數,2023-03-03,104.52
費城半導體,2023-03-03,3028.3401
那斯達克,2023-03-03,11689.0098
VIX,2023-03-06,18.61
加權指數,2023-03-06,15763.5098
台積電ADR,2023-03-06,89.58
美元兌台幣,2023-03-06,30.4986
美元指數,2023-03-06,104.35
費城半導體,2023-03-06,2994.5901
那斯達克,2023-03-06,11675.7402
VIX,2023-03-07,19.59
加權指數,2023-03-07,15857.8896
台積電ADR,2023-03-07,88.85
美元兌台幣,2023-03-07,30.575
美元指數,2023-03-07,105.62
費城半導體,2023-03-07,2962.4199
那斯達克,2023-03-07,11530.3301
VIX,2023-03-08,19.11
加權指數,2023-03-08,15818.2002
台積電ADR,2023-03-08,90.83
美元兌台幣,2023-03-08,30.7263
美元指數,2023-03-08,105.66
費城半導體,2023-03-08,3041.3899
那斯達克,2023-03-08,11576.0
VIX,2023-03-09,22.61
加權指數,2023-03-09,15770.6602
台積電ADR,2023-03-09,88.88
美元兌台幣,2023-03-09,30.7248
美元指數,2023-03-09,105.31
費城半導體,2023-03-09,2980.21
那斯達克,2023-03-09,11338.3496
VIX,2023-03-10,24.8
加權指數,2023-03-10,15526.2002
台積電ADR,2023-03-10,87.25
美元兌台幣,2023-03-10,30.8139
美元指數,2023-03-10,104.58
費城半導體,2023-03-10,2923.9299
那斯達克,2023-03-10,11138.8896
VIX,2023-03-13,26.52
加權指數,2023-03-13,15560.4902
台積電ADR,2023-03-13,87.74
美元兌台幣,2023-03-13,30.8287
美元指數,2023-03-13,103.6
費城半導體,2023-03-13,2921.71
那斯達克,2023-03-13,11188.8398
VIX,2023-03-14,23.73
加權指數,2023-03-14,15360.4199
台積電ADR,2023-03-14,89.29
美元兌台幣,2023-03-14,30.455
美元指數,2023-03-14,103.6
費城半導體,2023-03-14,3010.1499
那斯達克,2023-03-14,11428.1504
VIX,2023-03-15,26.14
加權指數,2023-03-15,15387.5898
台積電ADR,2023-03-15,86.7
美元兌台幣,2023-03-15,30.379
美元指數,2023-03-15,104.65
費城半導體,2023-03-15,2977.3899
那斯達克,2023-03-15,11434.0498
VIX,2023-03-16,22.99
加權指數,2023-03-16,15221.1201
台積電ADR,2023-03-16,89.3
美元兌台幣,2023-03-16,30.52
美元指數,2023-03-16,104.42
費城半導體,2023-03-16,3098.0701
那斯達克,2023-03-16,11717.2803
VIX,2023-03-17,25.51
加權指數,2023-03-17,15452.96
台積電ADR,2023-03-17,89.47
美元兌台幣,2023-03-17,30.549
美元指數,2023-03-17,103.71
費城半導體,2023-03-17,3083.52
那斯達克,2023-03-17,11630.5098
VIX,2023-03-20,24.15
加權指數,2023-03-20,15419.9697
台積電ADR,2023-03-20,90.04
美元兌台幣,2023-03-20,30.618
美元指數,2023-03-20,103.28
費城半導體,2023-03-20,3114.71
那斯達克,2023-03-20,11675.54
VIX,2023-03-21,21.38
加權指數,2023-03-21,15513.4502
台積電ADR,2023-03-21,92.5
美元兌台幣,2023-03-21,30.506
美元指數,2023-03-21,103.26
費城半導體,2023-03-21,3116.8899
那斯達克,2023-03-21,11860.1104
VIX,2023-03-22,22.26
加權指數,2023-03-22,15760.46
台積電ADR,2023-03-22,92.62
美元兌台幣,2023-03-22,30.4801
美元指數,2023-03-22,102.35
費城半導體,2023-03-22,3091.71
那斯達克,2023-03-22,11669.96
VIX,2023-03-23,22.61
加權指數,2023-03-23,15863.9502
台積電ADR,2023-03-23,94.59
美元兌台幣,2023-03-23,30.35
美元指數,2023-03-23,102.53
費城半導體,2023-03-23,3174.3601
那斯達克,2023-03-23,11787.4004
VIX,2023-03-24,21.74
加權指數,2023-03-24,15914.7002
台積電ADR,2023-03-24,92.79
美元兌台幣,2023-03-24,30.138
美元指數,2023-03-24,103.12
費城半導體,2023-03-24,3121.26
那斯達克,2023-03-24,11823.96
VIX,2023-03-27,20.6
加權指數,2023-03-27,15830.3096
台積電ADR,2023-03-27,90.66
美元兌台幣,2023-03-27,30.321
美元指數,2023-03-27,102.86
費城半導體,2023-03-27,3083.5801
那斯達克,2023-03-27,11768.8398
VIX,2023-03-28,19.97
加權指數,2023-03-28,15701.4805
台積電ADR,2023-03-28,90.81
美元兌台幣,2023-03-28,30.163
美元指數,2023-03-28,102.43
費城半導體,2023-03-28,3057.27
那斯達克,2023-03-28,11716.0801
VIX,2023-03-29,19.12
加權指數,2023-03-29,15769.7598
台積電ADR,2023-03-29,92.76
美元兌台幣,2023-03-29,30.345
美元指數,2023-03-29,102.64
費城半導體,2023-03-29,3157.1101
那斯達克,2023-03-29,11926.2402
VIX,2023-03-30,19.02
加權指數,2023-03-30,15849.4297
台積電ADR,2023-03-30,92.47
美元兌台幣,2023-03-30,30.516
美元指數,2023-03-30,102.14
費城半導體,2023-03-30,3208.26
那斯達克,2023-03-30,12013.4697
VIX,2023-03-31,18.7
加權指數,2023-03-31,15868.0596
台積電ADR,2023-03-31,93.02
美元兌台幣,2023-03-31,30.352
美元指數,2023-03-31,102.51
費城半導體,2023-03-31,3230.8601
那斯達克,2023-03-31,12221.9102
VIX,2023-04-03,18.55
台積電ADR,2023-04-03,92.84
美元兌台幣,2023-04-03,30.525
美元指數,2023-04-03,102.09
費城半導體,2023-04-03,3200.4299
那斯達克,2023-04-03,12189.4502
VIX,2023-04-04,19.0
台積電ADR,2023-04-04,92.17
美元兌台幣,2023-04-04,30.4786
美元指數,2023-04-04,101.59
費城半導體,2023-04-04,3142.5
那斯達克,2023-04-04,12126.3301
VIX,2023-04-05,19.08
台積電ADR,2023-04-05,90.2
美元兌台幣,2023-04-05,30.3853
美元指數,2023-04-05,101.85
費城半導體,2023-04-05,3085.98
那斯達克,2023-04-05,11996.8604
VIX,2023-04-06,18.4
加權指數,2023-04-06,15810.7695
台積電ADR,2023-04-06,90.24
美元兌台幣,2023-04-06,30.5408
美元指數,2023-04-06,101.82
費城半導體,2023-04-06,3071.77
那斯達克,2023-04-06,12087.96
加權指數,2023-04-07,15836.5
美元兌台幣,2023-04-07,30.5104
VIX,2023-04-10,18.97
加權指數,2023-04-10,15876.1699
台積電ADR,2023-04-10,89.02
美元兌台幣,2023-04-10,30.393
美元指數,2023-04-10,102.58
費城半導體,2023-04-10,3126.97
那斯達克,2023-04-10,12084.3604
VIX,2023-04-11,19.1
加權指數,2023-04-11,15913.8799
台積電ADR,2023-04-11,89.24
美元兌台幣,2023-04-11,30.5222
美元指數,2023-04-11,102.2
費城半導體,2023-04-11,3109.4199
那斯達克,2023-04-11,12031.8799
VIX,2023-04-12,19.09
加權指數,2023-04-12,15932.9697
台積電ADR,2023-04-12,86.87
美元兌台幣,2023-04-12,30.4799
美元指數,2023-04-12,101.5
費城半導體,2023-04-12,3052.52
那斯達克,2023-04-12,11929.3398
VIX,2023-04-13,17.8
加權指數,2023-04-13,15804.7598
台積電ADR,2023-04-13,87.05
美元兌台幣,2023-04-13,30.4465
美元指數,2023-04-13,101.01
費城半導體,2023-04-13,3074.9399
那斯達克,2023-04-13,12166.2695
VIX,2023-04-14,17.07
加權指數,2023-04-14,15929.4297
台積電ADR,2023-04-14,87.2
美元兌台幣,2023-04-14,30.451
美元指數,2023-04-14,101.55
費城半導體,2023-04-14,3070.45
那斯達克,2023-04-14,12123.4697
VIX,2023-04-17,16.95
加權指數,2023-04-17,15963.5498
台積電ADR,2023-04-17,87.99
美元兌台幣,2023-04-17,30.506
美元指數,2023-04-17,102.1
費城半導體,2023-04-17,3066.6799
那斯達克,2023-04-17,12157.7197
VIX,2023-04-18,16.83
加權指數,2023-04-18,15869.4404
台積電ADR,2023-04-18,88.14
美元兌台幣,2023-04-18,30.4665
美元指數,2023-04-18,101.75
費城半導體,2023-04-18,3077.72
那斯達克,2023-04-18,12153.4102
VIX,2023-04-19,16.46
加權指數,2023-04-19,15770.4697
台積電ADR,2023-04-19,87.23
美元兌台幣,2023-04-19,30.4519
美元指數,2023-04-19,101.97
費城半導體,2023-04-19,3046.3799
那斯達克,2023-04-19,12157.2305
VIX,2023-04-20,17.17
加權指數,2023-04-20,15707.5195
台積電ADR,2023-04-20,89.29
美元兌台幣,2023-04-20,30.5375
美元指數,2023-04-20,101.84
費城半導體,2023-04-20,3046.28
那斯達克,2023-04-20,12059.5596
VIX,2023-04-21,16.77
加權指數,2023-04-21,15602.9902
台積電ADR,2023-04-21,85.37
美元兌台幣,2023-04-21,30.5593
美元指數,2023-04-21,101.82
費城半導體,2023-04-21,3021.4399
那斯達克,2023-04-21,12072.46
VIX,2023-04-24,16.89
加權指數,2023-04-24,15626.8701
台積電ADR,2023-04-24,84.64
美元兌台幣,2023-04-24,30.625
美元指數,2023-04-24,101.35
費城半導體,2023-04-24,3007.51
那斯達克,2023-04-24,12037.2002
VIX,2023-04-25,18.76
加權指數,2023-04-25,15370.7305
台積電ADR,2023-04-25,82.29
美元兌台幣,2023-04-25,30.572
美元指數,2023-04-25,101.86
費城半導體,2023-04-25,2906.29
那斯達克,2023-04-25,11799.1602
VIX,2023-04-26,18.84
加權指數,2023-04-26,15374.6299
台積電ADR,2023-04-26,82.25
美元兌台幣,2023-04-26,30.6937
美元指數,2023-04-26,101.47
費城半導體,2023-04-26,2922.99
那斯達克,2023-04-26,11854.3496
VIX,2023-04-27,17.03
加權指數,2023-04-27,15411.4902
台積電ADR,2023-04-27,83.67
美元兌台幣,2023-04-27,30.6283
美元指數,2023-04-27,101.5
費城半導體,2023-04-27,2941.5901
那斯達克,2023-04-27,12142.2402
VIX,2023-04-28,15.78
加權指數,2023-04-28,15579.1797
台積電ADR,2023-04-28,84.3
美元兌台幣,2023-04-28,30.6268
美元指數,2023-04-28,101.67
費城半導體,2023-04-28,2994.97
那斯達克,2023-04-28,12226.5801
VIX,2023-05-01,16.08
台積電ADR,2023-05-01,83.98
美元兌台幣,2023-05-01,30.746
美元指數,2023-05-01,102.15
費城半導體,2023-05-01,3019.0901
那斯達克,2023-05-01,12212.5996
VIX,2023-05-02,17.78
加權指數,2023-05-02,15636.4805
台積電ADR,2023-05-02,82.96
美元兌台幣,2023-05-02,30.7288
美元指數,2023-05-02,101.96
費城半導體,2023-05-02,2996.8601
那斯達克,2023-05-02,12080.5098
VIX,2023-05-03,18.34
加權指數,2023-05-03,15553.4102
台積電ADR,2023-05-03,82.7
美元兌台幣,2023-05-03,30.7548
美元指數,2023-05-03,101.34
費城半導體,2023-05-03,2957.3701
那斯達克,2023-05-03,12025.3301
VIX,2023-05-04,20.09
加權指數,2023-05-04,15609.0303
台積電ADR,2023-05-04,83.49
美元兌台幣,2023-05-04,30.6468
美元指數,2023-05-04,101.4
費城半導體,2023-05-04,2941.6299
那斯達克,2023-05-04,11966.4004
VIX,2023-05-05,17.19
加權指數,2023-05-05,15626.0703
台積電ADR,2023-05-05,84.97
美元兌台幣,2023-05-05,30.6279
美元指數,2023-05-05,101.21
費城半導體,2023-05-05,3007.6899
那斯達克,2023-05-05,12235.4102
VIX,2023-05-08,16.98
加權指數,2023-05-08,15699.5703
台積電ADR,2023-05-08,85.54
美元兌台幣,2023-05-08,30.578
美元指數,2023-05-08,101.37
費城半導體,2023-05-08,3024.4099
那斯達克,2023-05-08,12256.9199
VIX,2023-05-09,17.71
加權指數,2023-05-09,15727.7002
台積電ADR,2023-05-09,85.06
美元兌台幣,2023-05-09,30.588
美元指數,2023-05-09,101.64
費城半導體,2023-05-09,2967.8401
那斯達克,2023-05-09,12179.5498
VIX,2023-05-10,16.94
加權指數,2023-05-10,15641.7598
台積電ADR,2023-05-10,84.9
美元兌台幣,2023-05-10,30.6498
美元指數,2023-05-10,101.48
費城半導體,2023-05-10,2997.51
那斯達克,2023-05-10,12306.4404
VIX,2023-05-11,16.93
加權指數,2023-05-11,15514.6396
台積電ADR,2023-05-11,83.43
美元兌台幣,2023-05-11,30.6144
美元指數,2023-05-11,102.06
費城半導體,2023-05-11,2978.72
那斯達克,2023-05-11,12328.5098
VIX,2023-05-12,17.03
加權指數,2023-05-12,15502.3604
台積電ADR,2023-05-12,83.43
美元兌台幣,2023-05-12,30.6979
美元指數,2023-05-12,102.68
費城半導體,2023-05-12,2972.8501
那斯達克,2023-05-12,12284.7402
VIX,2023-05-15,17.12
加權指數,2023-05-15,15475.0498
台積電ADR,2023-05-15,85.66
美元兌台幣,2023-05-15,30.81
美元指數,2023-05-15,102.43
費城半導體,2023-05-15,3052.6399
那斯達克,2023-05-15,12365.21
VIX,2023-05-16,17.99
加權指數,2023-05-16,15673.9004
台積電ADR,2023-05-16,85.88
美元兌台幣,2023-05-16,30.743
美元指數,2023-05-16,102.56
費城半導體,2023-05-16,3048.71
那斯達克,2023-05-16,12343.0498
VIX,2023-05-17,16.87
加權指數,2023-05-17,15925.29
台積電ADR,2023-05-17,90.88
美元兌台幣,2023-05-17,30.7778
美元指數,2023-05-17,102.88
費城半導體,2023-05-17,3124.6799
那斯達克,2023-05-17,12500.5703
VIX,2023-05-18,16.05
加權指數,2023-05-18,16101.8799
台積電ADR,2023-05-18,92.65
美元兌台幣,2023-05-18,30.7913
美元指數,2023-05-18,103.58
費城半導體,2023-05-18,3223.49
那斯達克,2023-05-18,12688.8398
VIX,2023-05-19,16.81
加權指數,2023-05-19,16174.9199
台積電ADR,2023-05-19,92.58
美元兌台幣,2023-05-19,30.6903
美元指數,2023-05-19,103.2
費城半導體,2023-05-19,3203.49
那斯達克,2023-05-19,12657.9004
VIX,2023-05-22,17.21
加權指數,2023-05-22,16180.8896
台積電ADR,2023-05-22,91.72
美元兌台幣,2023-05-22,30.62
美元指數,2023-05-22,103.2
費城半導體,2023-05-22,3215.04
那斯達克,2023-05-22,12720.7803
VIX,2023-05-23,18.53
加權指數,2023-05-23,16188.0303
台積電ADR,2023-05-23,90.44
美元兌台幣,2023-05-23,30.661
美元指數,2023-05-23,103.49
費城半導體,2023-05-23,3177.4399
那斯達克,2023-05-23,12560.25
VIX,2023-05-24,20.03
加權指數,2023-05-24,16159.3203
台積電ADR,2023-05-24,90.13
美元兌台幣,2023-05-24,30.8054
美元指數,2023-05-24,103.89
費城半導體,2023-05-24,3124.0901
那斯達克,2023-05-24,12484.1602
VIX,2023-05-25,19.14
加權指數,2023-05-25,16292.0
台積電ADR,2023-05-25,100.95
美元兌台幣,2023-05-25,30.8084
美元指數,2023-05-25,104.21
費城半導體,2023-05-25,3336.72
那斯達克,2023-05-25,12698.0898
VIX,2023-05-26,17.95
加權指數,2023-05-26,16505.0508
台積電ADR,2023-05-26,103.21
美元兌台幣,2023-05-26,30.7598
美元指數,2023-05-26,104.21
費城半導體,2023-05-26,3545.6699
那斯達克,2023-05-26,12975.6904
加權指數,2023-05-29,16636.3008
美元兌台幣,2023-05-29,30.685
VIX,2023-05-30,17.46
加權指數,2023-05-30,16622.7402
台積電ADR,2023-05-30,101.98
美元兌台幣,2023-05-30,30.536
美元指數,2023-05-30,104.17
費城半導體,2023-05-30,3549.3899
那斯達克,2023-05-30,13017.4297
VIX,2023-05-31,17.94
加權指數,2023-05-31,16578.9609
台積電ADR,2023-05-31,98.59
美元兌台幣,2023-05-31,30.5613
美元指數,2023-05-31,104.32
費城半導體,2023-05-31,3453.1799
那斯達克,2023-05-31,12935.29
VIX,2023-06-01,15.65
加權指數,2023-06-01,16512.6504
台積電ADR,2023-06-01,98.84
美元兌台幣,2023-06-01,30.6459
美元指數,2023-06-01,103.56
費城半導體,2023-06-01,3506.74
那斯達克,2023-06-01,13100.9805
VIX,2023-06-02,14.6
加權指數,2023-06-02,16706.9102
台積電ADR,2023-06-02,98.94
美元兌台幣,2023-06-02,30.5828
美元指數,2023-06-02,104.02
費城半導體,2023-06-02,3501.3999
那斯達克,2023-06-02,13240.7695
VIX,2023-06-05,14.73
加權指數,2023-06-05,16714.4297
台積電ADR,2023-06-05,98.05
美元兌台幣,2023-06-05,30.667
美元指數,2023-06-05,104.0
費城半導體,2023-06-05,3444.1201
那斯達克,2023-06-05,13229.4297
VIX,2023-06-06,13.96
加權指數,2023-06-06,16761.6602
台積電ADR,2023-06-06,99.82
美元兌台幣,2023-06-06,30.6458
美元指數,2023-06-06,104.13
費城半導體,2023-06-06,3488.3401
那斯達克,2023-06-06,13276.4199
VIX,2023-06-07,13.94
加權指數,2023-06-07,16922.4805
台積電ADR,2023-06-07,100.29
美元兌台幣,2023-06-07,30.6318
美元指數,2023-06-07,104.1
費城半導體,2023-06-07,3477.1799
那斯達克,2023-06-07,13104.9004
VIX,2023-06-08,13.65
加權指數,2023-06-08,16733.6895
台積電ADR,2023-06-08,99.94
美元兌台幣,2023-06-08,30.7129
美元指數,2023-06-08,103.34
費城半導體,2023-06-08,3514.3201
那斯達克,2023-06-08,13238.5195
VIX,2023-06-09,13.83
加權指數,2023-06-09,16886.4004
台積電ADR,2023-06-09,102.8
美元兌台幣,2023-06-09,30.6458
美元指數,2023-06-09,103.56
費城半導體,2023-06-09,3524.97
那斯達克,2023-06-09,13259.1396
VIX,2023-06-12,15.01
加權指數,2023-06-12,16955.3691
台積電ADR,2023-06-12,107.06
美元兌台幣,2023-06-12,30.661
美元指數,2023-06-12,103.63
費城半導體,2023-06-12,3641.6599
那斯達克,2023-06-12,13461.9199
VIX,2023-06-13,14.61
加權指數,2023-06-13,17216.5996
台積電ADR,2023-06-13,106.8
美元兌台幣,2023-06-13,30.7113
美元指數,2023-06-13,103.34
費城半導體,2023-06-13,3683.6599
那斯達克,2023-06-13,13573.3203
VIX,2023-06-14,13.88
加權指數,2023-06-14,17238.1406
台積電ADR,2023-06-14,107.41
美元兌台幣,2023-06-14,30.578
美元指數,2023-06-14,103.01
費城半導體,2023-06-14,3739.75
那斯達克,2023-06-14,13626.4805
VIX,2023-06-15,14.5
加權指數,2023-06-15,17334.9805
台積電ADR,2023-06-15,105.18
美元兌台幣,2023-06-15,30.7313
美元指數,2023-06-15,102.12
費城半導體,2023-06-15,3708.0601
那斯達克,2023-06-15,13782.8203
VIX,2023-06-16,13.54
加權指數,2023-06-16,17288.9102
台積電ADR,2023-06-16,104.57
美元兌台幣,2023-06-16,30.6533
美元指數,2023-06-16,102.3
費城半導體,2023-06-16,3673.1399
那斯達克,2023-06-16,13689.5703
加權指數,2023-06-19,17274.5605
美元兌台幣,2023-06-19,30.708
VIX,2023-06-20,13.88
加權指數,2023-06-20,17184.9102
台積電ADR,2023-06-20,103.98
美元兌台幣,2023-06-20,30.7918
美元指數,2023-06-20,102.54
費城半導體,2023-06-20,3647.5601
那斯達克,2023-06-20,13667.29
VIX,2023-06-21,13.2
加權指數,2023-06-21,17202.4004
台積電ADR,2023-06-21,101.64
美元兌台幣,2023-06-21,30.9533
美元指數,2023-06-21,102.07
費城半導體,2023-06-21,3549.73
那斯達克,2023-06-21,13502.2002
VIX,2023-06-22,12.91
台積電ADR,2023-06-22,103.13
美元兌台幣,2023-06-22,30.923
美元指數,2023-06-22,102.39
費城半導體,2023-06-22,3569.8701
那斯達克,2023-06-22,13630.6104
VIX,2023-06-23,13.44
台積電ADR,2023-06-23,101.91
美元兌台幣,2023-06-23,30.9938
美元指數,2023-06-23,102.9
費城半導體,2023-06-23,3506.71
那斯達克,2023-06-23,13492.5195
VIX,2023-06-26,14.25
加權指數,2023-06-26,17059.2402
台積電ADR,2023-06-26,100.11
美元兌台幣,2023-06-26,30.997
美元指數,2023-06-26,102.69
費城半導體,2023-06-26,3515.77
那斯達克,2023-06-26,13335.7803
VIX,2023-06-27,13.74
加權指數,2023-06-27,16887.9004
台積電ADR,2023-06-27,102.08
美元兌台幣,2023-06-27,31.004
美元指數,2023-06-27,102.49
費城半導體,2023-06-27,3642.4099
那斯達克,2023-06-27,13555.6699
VIX,2023-06-28,13.43
加權指數,2023-06-28,16935.6309
台積電ADR,2023-06-28,100.92
美元兌台幣,2023-06-28,30.9935
美元指數,2023-06-28,102.91
費城半導體,2023-06-28,3609.48
那斯達克,2023-06-28,13591.75
VIX,2023-06-29,13.54
加權指數,2023-06-29,16942.3008
台積電ADR,2023-06-29,100.64
美元兌台幣,2023-06-29,31.0565
美元指數,2023-06-29,103.34
費城半導體,2023-06-29,3614.1799
那斯達克,2023-06-29,13591.3301
VIX,2023-06-30,13.59
加權指數,2023-06-30,16915.5391
台積電ADR,2023-06-30,100.92
美元兌台幣,2023-06-30,31.1173
美元指數,2023-06-30,102.91
費城半導體,2023-06-30,3673.0601
那斯達克,2023-06-30,13787.9199
VIX,2023-07-03,13.57
加權指數,2023-07-03,17084.1992
台積電ADR,2023-07-03,103.15
美元兌台幣,2023-07-03,31.146
美元指數,2023-07-03,102.99
費城半導體,2023-07-03,3703.6201
那斯達克,2023-07-03,13816.7695
加權指數,2023-07-04,17140.7695
美元兌台幣,2023-07-04,31.0878
VIX,2023-07-05,14.18
加權指數,2023-07-05,17056.4297
台積電ADR,2023-07-05,100.99
美元兌台幣,2023-07-05,31.078
美元指數,2023-07-05,103.37
費城半導體,2023-07-05,3622.3201
那斯達克,2023-07-05,13791.6504
VIX,2023-07-06,15.44
加權指數,2023-07-06,16762.1699
台積電ADR,2023-07-06,99.41
美元兌台幣,2023-07-06,31.2242
美元指數,2023-07-06,103.17
費城半導體,2023-07-06,3577.49
那斯達克,2023-07-06,13679.04
VIX,2023-07-07,14.83
加權指數,2023-07-07,16664.2109
台積電ADR,2023-07-07,100.23
美元兌台幣,2023-07-07,31.3269
美元指數,2023-07-07,102.27
費城半導體,2023-07-07,3577.73
那斯達克,2023-07-07,13660.7197
VIX,2023-07-10,15.07
加權指數,2023-07-10,16652.8008
台積電ADR,2023-07-10,99.77
美元兌台幣,2023-07-10,31.259
美元指數,2023-07-10,101.97
費城半導體,2023-07-10,3651.6001
那斯達克,2023-07-10,13685.4805
VIX,2023-07-11,14.84
加權指數,2023-07-11,16898.9102
台積電ADR,2023-07-11,101.26
美元兌台幣,2023-07-11,31.36
美元指數,2023-07-11,101.73
費城半導體,2023-07-11,3653.53
那斯達克,2023-07-11,13760.7002
VIX,2023-07-12,13.54
加權指數,2023-07-12,16962.0293
台積電ADR,2023-07-12,103.9
美元兌台幣,2023-07-12,31.2655
美元指數,2023-07-12,100.52
費城半導體,2023-07-12,3721.47
那斯達克,2023-07-12,13918.96
VIX,2023-07-13,13.61
加權指數,2023-07-13,17061.4004
台積電ADR,2023-07-13,105.57
美元兌台幣,2023-07-13,31.0338
美元指數,2023-07-13,99.77
費城半導體,2023-07-13,3797.1299
那斯達克,2023-07-13,14138.5703
VIX,2023-07-14,13.34
加權指數,2023-07-14,17283.7109
台積電ADR,2023-07-14,105.14
美元兌台幣,2023-07-14,30.9578
美元指數,2023-07-14,99.91
費城半導體,2023-07-14,3750.4099
那斯達克,2023-07-14,14113.7002
VIX,2023-07-17,13.48
加權指數,2023-07-17,17334.2891
台積電ADR,2023-07-17,104.79
美元兌台幣,2023-07-17,30.95
美元指數,2023-07-17,99.84
費城半導體,2023-07-17,3837.3101
那斯達克,2023-07-17,14244.9502
VIX,2023-07-18,13.3
加權指數,2023-07-18,17227.9102
台積電ADR,2023-07-18,103.15
美元兌台幣,2023-07-18,30.95
美元指數,2023-07-18,99.94
費城半導體,2023-07-18,3842.3601
那斯達克,2023-07-18,14353.6396
VIX,2023-07-19,13.76
加權指數,2023-07-19,17116.4395
台積電ADR,2023-07-19,103.06
美元兌台幣,2023-07-19,30.903
美元指數,2023-07-19,100.28
費城半導體,2023-07-19,3801.6599
那斯達克,2023-07-19,14358.0195
VIX,2023-07-20,13.99
加權指數,2023-07-20,17164.8906
台積電ADR,2023-07-20,97.86
美元兌台幣,2023-07-20,31.0433
美元指數,2023-07-20,100.88
費城半導體,2023-07-20,3663.8501
那斯達克,2023-07-20,14063.3096
VIX,2023-07-21,13.6
加權指數,2023-07-21,17030.6992
台積電ADR,2023-07-21,97.25
美元兌台幣,2023-07-21,31.0378
美元指數,2023-07-21,101.07
費城半導體,2023-07-21,3698.8501
那斯達克,2023-07-21,14032.8096
VIX,2023-07-24,13.91
加權指數,2023-07-24,17033.6094
台積電ADR,2023-07-24,98.25
美元兌台幣,2023-07-24,31.322
美元指數,2023-07-24,101.35
費城半導體,2023-07-24,3692.3201
那斯達克,2023-07-24,14058.8701
VIX,2023-07-25,13.86
加權指數,2023-07-25,17198.8906
台積電ADR,2023-07-25,100.32
美元兌台幣,2023-07-25,31.3
美元指數,2023-07-25,101.35
費城半導體,2023-07-25,3755.27
那斯達克,2023-07-25,14144.5596
VIX,2023-07-26,13.19
加權指數,2023-07-26,17162.5508
台積電ADR,2023-07-26,99.41
美元兌台幣,2023-07-26,31.166
美元指數,2023-07-26,100.89
費城半導體,2023-07-26,3699.3701
那斯達克,2023-07-26,14127.2803
VIX,2023-07-27,14.41
加權指數,2023-07-27,17241.8203
台積電ADR,2023-07-27,99.35
美元兌台幣,2023-07-27,31.214
美元指數,2023-07-27,101.77
費城半導體,2023-07-27,3768.27
那斯達克,2023-07-27,14050.1104
VIX,2023-07-28,13.33
加權指數,2023-07-28,17292.9297
台積電ADR,2023-07-28,100.86
美元兌台幣,2023-07-28,31.2963
美元指數,2023-07-28,101.62
費城半導體,2023-07-28,3851.76
那斯達克,2023-07-28,14316.6602
VIX,2023-07-31,13.63
加權指數,2023-07-31,17145.4297
台積電ADR,2023-07-31,99.15
美元兌台幣,2023-07-31,31.3535
美元指數,2023-07-31,101.86
費城半導體,2023-07-31,3861.6299
那斯達克,2023-07-31,14346.0195
VIX,2023-08-01,13.93
加權指數,2023-08-01,17212.8691
台積電ADR,2023-08-01,98.4
美元兌台幣,2023-08-01,31.3989
美元指數,2023-08-01,102.3
費城半導體,2023-08-01,3858.21
那斯達克,2023-08-01,14283.9102
VIX,2023-08-02,16.09
加權指數,2023-08-02,16893.7305
台積電ADR,2023-08-02,95.7
美元兌台幣,2023-08-02,31.595
美元指數,2023-08-02,102.59
費城半導體,2023-08-02,3711.6001
那斯達克,2023-08-02,13973.4502
VIX,2023-08-03,15.92
台積電ADR,2023-08-03,94.98
美元兌台幣,2023-08-03,31.6301
美元指數,2023-08-03,102.54
費城半導體,2023-08-03,3708.0801
那斯達克,2023-08-03,13959.7197
VIX,2023-08-04,17.1
加權指數,2023-08-04,16843.6797
台積電ADR,2023-08-04,96.16
美元兌台幣,2023-08-04,31.6405
美元指數,2023-08-04,102.02
費城半導體,2023-08-04,3699.2
那斯達克,2023-08-04,13909.2402
VIX,2023-08-07,15.77
加權指數,2023-08-07,16996.0
台積電ADR,2023-08-07,96.35
美元兌台幣,2023-08-07,31.652
美元指數,2023-08-07,102.05
費城半導體,2023-08-07,3739.4099
那斯達克,2023-08-07,13994.4004
VIX,2023-08-08,15.99
加權指數,2023-08-08,16877.0703
台積電ADR,2023-08-08,94.49
美元兌台幣,2023-08-08,31.6655
美元指數,2023-08-08,102.53
費城半導體,2023-08-08,3679.4199
那斯達克,2023-08-08,13884.3203
VIX,2023-08-09,15.96
加權指數,2023-08-09,16870.9395
台積電ADR,2023-08-09,93.98
美元兌台幣,2023-08-09,31.7955
美元指數,2023-08-09,102.49
費城半導體,2023-08-09,3610.48
那斯達克,2023-08-09,13722.0195
VIX,2023-08-10,15.85
加權指數,2023-08-10,16634.6992
台積電ADR,2023-08-10,94.8
美元兌台幣,2023-08-10,31.709
美元指數,2023-08-10,102.52
費城半導體,2023-08-10,3597.02
那斯達克,2023-08-10,13737.9902
VIX,2023-08-11,14.84
加權指數,2023-08-11,16601.25
台積電ADR,2023-08-11,91.99
美元兌台幣,2023-08-11,31.7415
美元指數,2023-08-11,102.84
費城半導體,2023-08-11,3514.55
那斯達克,2023-08-11,13644.8496
VIX,2023-08-14,14.82
加權指數,2023-08-14,16393.6602
台積電ADR,2023-08-14,93.07
美元兌台幣,2023-08-14,31.894
美元指數,2023-08-14,103.19
費城半導體,2023-08-14,3615.45
那斯達克,2023-08-14,13788.3301
VIX,2023-08-15,16.46
加權指數,2023-08-15,16454.8008
台積電ADR,2023-08-15,91.68
美元兌台幣,2023-08-15,31.904
美元指數,2023-08-15,103.21
費城半導體,2023-08-15,3553.96
那斯達克,2023-08-15,13631.0498
VIX,2023-08-16,16.78
加權指數,2023-08-16,16446.7793
台積電ADR,2023-08-16,91.78
美元兌台幣,2023-08-16,31.8649
美元指數,2023-08-16,103.42
費城半導體,2023-08-16,3480.0801
那斯達克,2023-08-16,13474.6299
VIX,2023-08-17,17.89
加權指數,2023-08-17,16516.6602
台積電ADR,2023-08-17,91.64
美元兌台幣,2023-08-17,31.9128
美元指數,2023-08-17,103.44
費城半導體,2023-08-17,3446.3501
那斯達克,2023-08-17,13316.9297
VIX,2023-08-18,17.3
加權指數,2023-08-18,16381.3096
台積電ADR,2023-08-18,91.1
美元兌台幣,2023-08-18,31.8964
美元指數,2023-08-18,103.38
費城半導體,2023-08-18,3462.74
那斯達克,2023-08-18,13290.7803
VIX,2023-08-21,17.13
加權指數,2023-08-21,16381.4902
台積電ADR,2023-08-21,92.56
美元兌台幣,2023-08-21,31.902
美元指數,2023-08-21,103.33
費城半導體,2023-08-21,3560.74
那斯達克,2023-08-21,13497.5898
VIX,2023-08-22,16.97
加權指數,2023-08-22,16437.6094
台積電ADR,2023-08-22,92.24
美元兌台幣,2023-08-22,31.9162
美元指數,2023-08-22,103.56
費城半導體,2023-08-22,3527.6899
那斯達克,2023-08-22,13505.8701
VIX,2023-08-23,15.98
加權指數,2023-08-23,16576.9004
台積電ADR,2023-08-23,94.22
美元兌台幣,2023-08-23,31.977
美元指數,2023-08-23,103.36
費城半導體,2023-08-23,3602.01
那斯達克,2023-08-23,13721.0303
VIX,2023-08-24,17.2
加權指數,2023-08-24,16770.8691
台積電ADR,2023-08-24,92.53
美元兌台幣,2023-08-24,31.8558
美元指數,2023-08-24,103.98
費城半導體,2023-08-24,3481.3
那斯達克,2023-08-24,13463.9697
VIX,2023-08-25,15.68
加權指數,2023-08-25,16481.5801
台積電ADR,2023-08-25,93.1
美元兌台幣,2023-08-25,31.8141
美元指數,2023-08-25,104.08
費城半導體,2023-08-25,3495.6499
那斯達克,2023-08-25,13590.6504
VIX,2023-08-28,15.08
加權指數,2023-08-28,16509.2598
台積電ADR,2023-08-28,94.0
美元兌台幣,2023-08-28,31.812
美元指數,2023-08-28,104.06
費城半導體,2023-08-28,3537.8701
那斯達克,2023-08-28,13705.1299
VIX,2023-08-29,14.45
加權指數,2023-08-29,16623.6504
台積電ADR,2023-08-29,95.08
美元兌台幣,2023-08-29,31.818
美元指數,2023-08-29,103.55
費城半導體,2023-08-29,3629.5701
那斯達克,2023-08-29,13943.7598
VIX,2023-08-30,13.88
加權指數,2023-08-30,16719.8203
台積電ADR,2023-08-30,94.78
美元兌台幣,2023-08-30,31.767
美元指數,2023-08-30,103.16
費城半導體,2023-08-30,3643.9199
那斯達克,2023-08-30,14019.3096
VIX,2023-08-31,13.57
加權指數,2023-08-31,16634.5098
台積電ADR,2023-08-31,93.57
美元兌台幣,2023-08-31,31.7988
美元指數,2023-08-31,103.62
費城半導體,2023-08-31,3670.9299
那斯達克,2023-08-31,14034.9697
VIX,2023-09-01,13.09
加權指數,2023-09-01,16644.9395
台積電ADR,2023-09-01,93.19
美元兌台幣,2023-09-01,31.8078
美元指數,2023-09-01,104.24
費城半導體,2023-09-01,3682.8401
那斯達克,2023-09-01,14031.8096
加權指數,2023-09-04,16789.6895
美元兌台幣,2023-09-04,31.863
VIX,2023-09-05,14.01
加權指數,2023-09-05,16791.6094
台積電ADR,2023-09-05,94.6
美元兌台幣,2023-09-05,31.8578
美元指數,2023-09-05,104.81
費城半導體,2023-09-05,3683.79
那斯達克,2023-09-05,14020.9502
VIX,2023-09-06,14.45
加權指數,2023-09-06,16738.1602
台積電ADR,2023-09-06,92.26
美元兌台幣,2023-09-06,31.9045
美元指數,2023-09-06,104.86
費城半導體,2023-09-06,3654.46
那斯達克,2023-09-06,13872.4697
VIX,2023-09-07,14.4
加權指數,2023-09-07,16619.1406
台積電ADR,2023-09-07,90.05
美元兌台幣,2023-09-07,31.9339
美元指數,2023-09-07,105.06
費城半導體,2023-09-07,3582.1101
那斯達克,2023-09-07,13748.8301
VIX,2023-09-08,13.84
加權指數,2023-09-08,16576.0195
台積電ADR,2023-09-08,89.64
美元兌台幣,2023-09-08,32.0314
美元指數,2023-09-08,105.09
費城半導體,2023-09-08,3565.99
那斯達克,2023-09-08,13761.5303
VIX,2023-09-11,13.8
加權指數,2023-09-11,16432.9492
台積電ADR,2023-09-11,89.6
美元兌台幣,2023-09-11,32.085
美元指數,2023-09-11,104.57
費城半導體,2023-09-11,3569.23
那斯達克,2023-09-11,13917.8896
VIX,2023-09-12,14.23
加權指數,2023-09-12,16572.7109
台積電ADR,2023-09-12,90.48
美元兌台幣,2023-09-12,31.9065
美元指數,2023-09-12,104.71
費城半導體,2023-09-12,3541.0901
那斯達克,2023-09-12,13773.6104
VIX,2023-09-13,13.48
加權指數,2023-09-13,16581.5098
台積電ADR,2023-09-13,91.22
美元兌台幣,2023-09-13,31.9638
美元指數,2023-09-13,104.77
費城半導體,2023-09-13,3560.46
那斯達克,2023-09-13,13813.5898
VIX,2023-09-14,12.82
加權指數,2023-09-14,16807.5605
台積電ADR,2023-09-14,91.47
美元兌台幣,2023-09-14,31.8949
美元指數,2023-09-14,105.41
費城半導體,2023-09-14,3584.23
那斯達克,2023-09-14,13926.0498
VIX,2023-09-15,13.79
加權指數,2023-09-15,16920.9199
台積電ADR,2023-09-15,89.25
美元兌台幣,2023-09-15,31.8689
美元指數,2023-09-15,105.32
費城半導體,2023-09-15,3476.3899
那斯達克,2023-09-15,13708.3301
VIX,2023-09-18,14.0
加權指數,2023-09-18,16698.2402
台積電ADR,2023-09-18,88.83
美元兌台幣,2023-09-18,31.878
美元指數,2023-09-18,105.2
費城半導體,2023-09-18,3492.47
那斯達克,2023-09-18,13710.2402
VIX,2023-09-19,14.11
加權指數,2023-09-19,16636.3203
台積電ADR,2023-09-19,88.17
美元兌台幣,2023-09-19,31.8985
美元指數,2023-09-19,105.2
費城半導體,2023-09-19,3459.02
那斯達克,2023-09-19,13678.1904
VIX,2023-09-20,15.14
加權指數,2023-09-20,16534.75
台積電ADR,2023-09-20,87.29
美元兌台幣,2023-09-20,31.98
美元指數,2023-09-20,105.16
費城半導體,2023-09-20,3398.8101
那斯達克,2023-09-20,13469.1299
VIX,2023-09-21,17.54
加權指數,2023-09-21,16316.6699
台積電ADR,2023-09-21,85.36
美元兌台幣,2023-09-21,32.0089
美元指數,2023-09-21,105.36
費城半導體,2023-09-21,3338.8501
那斯達克,2023-09-21,13223.9805
VIX,2023-09-22,17.2
加權指數,2023-09-22,16344.4805
台積電ADR,2023-09-22,85.64
美元兌台幣,2023-09-22,32.138
美元指數,2023-09-22,105.58
費城半導體,2023-09-22,3365.29
那斯達克,2023-09-22,13211.8096
VIX,2023-09-25,16.9
加權指數,2023-09-25,16452.2305
台積電ADR,2023-09-25,86.24
美元兌台幣,2023-09-25,32.131
美元指數,2023-09-25,106.0
費城半導體,2023-09-25,3389.46
那斯達克,2023-09-25,13271.3203
VIX,2023-09-26,18.94
加權指數,2023-09-26,16276.0703
台積電ADR,2023-09-26,84.29
美元兌台幣,2023-09-26,32.1028
美元指數,2023-09-26,106.23
費城半導體,2023-09-26,3329.6201
那斯達克,2023-09-26,13063.6104
VIX,2023-09-27,18.22
加權指數,2023-09-27,16310.3604
台積電ADR,2023-09-27,85.44
美元兌台幣,2023-09-27,32.1898
美元指數,2023-09-27,106.67
費城半導體,2023-09-27,3361.4099
那斯達克,2023-09-27,13092.8496
VIX,2023-09-28,17.34
加權指數,2023-09-28,16353.7402
台積電ADR,2023-09-28,86.41
美元兌台幣,2023-09-28,32.2258
美元指數,2023-09-28,106.22
費城半導體,2023-09-28,3420.99
那斯達克,2023-09-28,13201.2803
VIX,2023-09-29,17.52
台積電ADR,2023-09-29,86.9
美元兌台幣,2023-09-29,32.0608
美元指數,2023-09-29,106.17
費城半導體,2023-09-29,3434.29
那斯達克,2023-09-29,13219.3203
VIX,2023-10-02,17.61
加權指數,2023-10-02,16557.3105
台積電ADR,2023-10-02,87.65
美元兌台幣,2023-10-02,32.245
美元指數,2023-10-02,106.9
費城半導體,2023-10-02,3448.8501
那斯達克,2023-10-02,13307.7695
VIX,2023-10-03,19.78
加權指數,2023-10-03,16454.3398
台積電ADR,2023-10-03,85.41
美元兌台幣,2023-10-03,32.3068
美元指數,2023-10-03,107.0
費城半導體,2023-10-03,3376.5801
那斯達克,2023-10-03,13059.4697
VIX,2023-10-04,18.58
加權指數,2023-10-04,16273.3799
台積電ADR,2023-10-04,86.67
美元兌台幣,2023-10-04,32.3117
美元指數,2023-10-04,106.8
費城半導體,2023-10-04,3424.9199
那斯達克,2023-10-04,13236.0098
VIX,2023-10-05,18.49
加權指數,2023-10-05,16453.5195
台積電ADR,2023-10-05,87.03
美元兌台幣,2023-10-05,32.2912
美元指數,2023-10-05,106.33
費城半導體,2023-10-05,3406.98
那斯達克,2023-10-05,13219.8301
VIX,2023-10-06,17.45
加權指數,2023-10-06,16520.5703
台積電ADR,2023-10-06,89.29
美元兌台幣,2023-10-06,32.2037
美元指數,2023-10-06,106.04
費城半導體,2023-10-06,3475.21
那斯達克,2023-10-06,13431.3398
VIX,2023-10-09,17.7
台積電ADR,2023-10-09,88.99
美元兌台幣,2023-10-09,32.118
美元指數,2023-10-09,106.08
費城半導體,2023-10-09,3467.3501
那斯達克,2023-10-09,13484.2402
VIX,2023-10-10,17.03
台積電ADR,2023-10-10,90.61
美元兌台幣,2023-10-10,32.1373
美元指數,2023-10-10,105.83
費城半導體,2023-10-10,3512.0701
那斯達克,2023-10-10,13562.8398
VIX,2023-10-11,16.09
加權指數,2023-10-11,16672.0293
台積電ADR,2023-10-11,92.0
美元兌台幣,2023-10-11,32.0165
美元指數,2023-10-11,105.82
費城半導體,2023-10-11,3537.8301
那斯達克,2023-10-11,13659.6797
VIX,2023-10-12,16.69
加權指數,2023-10-12,16825.9102
台積電ADR,2023-10-12,92.42
美元兌台幣,2023-10-12,32.0592
美元指數,2023-10-12,106.57
費城半導體,2023-10-12,3548.6201
那斯達克,2023-10-12,13574.2197
VIX,2023-10-13,19.32
加權指數,2023-10-13,16782.5703
台積電ADR,2023-10-13,90.46
美元兌台幣,2023-10-13,32.1698
美元指數,2023-10-13,106.65
費城半導體,2023-10-13,3452.97
那斯達克,2023-10-13,13407.2305
VIX,2023-10-16,17.21
加權指數,2023-10-16,16652.2402
台積電ADR,2023-10-16,91.22
美元兌台幣,2023-10-16,32.1949
美元指數,2023-10-16,106.24
費城半導體,2023-10-16,3502.51
那斯達克,2023-10-16,13567.9805
VIX,2023-10-17,17.88
加權指數,2023-10-17,16642.5508
台積電ADR,2023-10-17,91.0
美元兌台幣,2023-10-17,32.1865
美元指數,2023-10-17,106.25
費城半導體,2023-10-17,3474.6599
那斯達克,2023-10-17,13533.75
VIX,2023-10-18,19.22
加權指數,2023-10-18,16440.9102
台積電ADR,2023-10-18,89.6
美元兌台幣,2023-10-18,32.325
美元指數,2023-10-18,106.57
費城半導體,2023-10-18,3413.45
那斯達克,2023-10-18,13314.2998
VIX,2023-10-19,21.4
加權指數,2023-10-19,16452.7305
台積電ADR,2023-10-19,92.91
美元兌台幣,2023-10-19,32.3953
美元指數,2023-10-19,106.25
費城半導體,2023-10-19,3367.77
那斯達克,2023-10-19,13186.1797
VIX,2023-10-20,21.71
加權指數,2023-10-20,16440.7207
台積電ADR,2023-10-20,91.31
美元兌台幣,2023-10-20,32.3483
美元指數,2023-10-20,106.16
費城半導體,2023-10-20,3316.1399
那斯達克,2023-10-20,12983.8096
VIX,2023-10-23,20.37
加權指數,2023-10-23,16251.3604
台積電ADR,2023-10-23,91.11
美元兌台幣,2023-10-23,32.332
美元指數,2023-10-23,105.54
費城半導體,2023-10-23,3298.54
那斯達克,2023-10-23,13018.3301
VIX,2023-10-24,18.97
加權指數,2023-10-24,16309.7598
台積電ADR,2023-10-24,91.64
美元兌台幣,2023-10-24,32.236
美元指數,2023-10-24,106.27
費城半導體,2023-10-24,3343.9399
那斯達克,2023-10-24,13139.8701
VIX,2023-10-25,20.19
加權指數,2023-10-25,16358.8896
台積電ADR,2023-10-25,87.64
美元兌台幣,2023-10-25,32.204
美元指數,2023-10-25,106.53
費城半導體,2023-10-25,3205.8401
那斯達克,2023-10-25,12821.2197
VIX,2023-10-26,20.68
加權指數,2023-10-26,16073.7402
台積電ADR,2023-10-26,87.45
美元兌台幣,2023-10-26,32.3803
美元指數,2023-10-26,106.6
費城半導體,2023-10-26,3188.4199
那斯達克,2023-10-26,12595.6104
VIX,2023-10-27,21.27
加權指數,2023-10-27,16134.6104
台積電ADR,2023-10-27,85.99
美元兌台幣,2023-10-27,32.3589
美元指數,2023-10-27,106.56
費城半導體,2023-10-27,3227.0901
那斯達克,2023-10-27,12643.0098
VIX,2023-10-30,19.75
加權指數,2023-10-30,16149.6797
台積電ADR,2023-10-30,86.06
美元兌台幣,2023-10-30,32.414
美元指數,2023-10-30,106.12
費城半導體,2023-10-30,3185.1799
那斯達克,2023-10-30,12789.4805
VIX,2023-10-31,18.14
加權指數,2023-10-31,16001.2695
台積電ADR,2023-10-31,86.31
美元兌台幣,2023-10-31,32.2475
美元指數,2023-10-31,106.66
費城半導體,2023-10-31,3215.8899
那斯達克,2023-10-31,12851.2402
VIX,2023-11-01,16.87
加權指數,2023-11-01,16038.5596
台積電ADR,2023-11-01,87.8
美元兌台幣,2023-11-01,32.4029
美元指數,2023-11-01,106.88
費城半導體,2023-11-01,3290.95
那斯達克,2023-11-01,13061.4697
VIX,2023-11-02,15.66
加權指數,2023-11-02,16396.9492
台積電ADR,2023-11-02,90.48
美元兌台幣,2023-11-02,32.3768
美元指數,2023-11-02,106.12
費城半導體,2023-11-02,3368.54
那斯達克,2023-11-02,13294.1904
VIX,2023-11-03,14.91
加權指數,2023-11-03,16507.6504
台積電ADR,2023-11-03,91.79
美元兌台幣,2023-11-03,32.159
美元指數,2023-11-03,105.02
費城半導體,2023-11-03,3454.5701
那斯達克,2023-11-03,13478.2803
VIX,2023-11-06,14.89
加權指數,2023-11-06,16649.3594
台積電ADR,2023-11-06,92.6
美元兌台幣,2023-11-06,32.0894
美元指數,2023-11-06,105.22
費城半導體,2023-11-06,3444.8899
那斯達克,2023-11-06,13518.7803
VIX,2023-11-07,14.81
加權指數,2023-11-07,16684.9492
台積電ADR,2023-11-07,92.41
美元兌台幣,2023-11-07,32.102
美元指數,2023-11-07,105.54
費城半導體,2023-11-07,3471.46
那斯達克,2023-11-07,13639.8604
VIX,2023-11-08,14.45
加權指數,2023-11-08,16740.8301
台積電ADR,2023-11-08,92.0
美元兌台幣,2023-11-08,32.0802
美元指數,2023-11-08,105.59
費城半導體,2023-11-08,3472.6699
那斯達克,2023-11-08,13650.4102
VIX,2023-11-09,15.29
加權指數,2023-11-09,16745.6504
台積電ADR,2023-11-09,91.62
美元兌台幣,2023-11-09,32.216
美元指數,2023-11-09,105.91
費城半導體,2023-11-09,3452.3401
那斯達克,2023-11-09,13521.4502
VIX,2023-11-10,14.17
加權指數,2023-11-10,16682.6699
台積電ADR,2023-11-10,97.44
美元兌台幣,2023-11-10,32.2535
美元指數,2023-11-10,105.86
費城半導體,2023-11-10,3591.74
那斯達克,2023-11-10,13798.1104
VIX,2023-11-13,14.76
加權指數,2023-11-13,16839.2891
台積電ADR,2023-11-13,96.42
美元兌台幣,2023-11-13,32.3458
美元指數,2023-11-13,105.66
費城半導體,2023-11-13,3556.75
那斯達克,2023-11-13,13767.7402
VIX,2023-11-14,14.16
加權指數,2023-11-14,16915.7109
台積電ADR,2023-11-14,98.91
美元兌台幣,2023-11-14,32.2445
美元指數,2023-11-14,104.11
費城半導體,2023-11-14,3685.5701
那斯達克,2023-11-14,14094.3799
VIX,2023-11-15,14.18
加權指數,2023-11-15,17128.7793
台積電ADR,2023-11-15,98.8
美元兌台幣,2023-11-15,32.077
美元指數,2023-11-15,104.39
費城半導體,2023-11-15,3712.0901
那斯達克,2023-11-15,14103.8398
VIX,2023-11-16,14.32
加權指數,2023-11-16,17171.1797
台積電ADR,2023-11-16,98.54
美元兌台幣,2023-11-16,32.0086
美元指數,2023-11-16,104.37
費城半導體,2023-11-16,3724.1001
那斯達克,2023-11-16,14113.6699
VIX,2023-11-17,13.8
加權指數,2023-11-17,17208.9492
台積電ADR,2023-11-17,99.58
美元兌台幣,2023-11-17,31.837
美元指數,2023-11-17,103.82
費城半導體,2023-11-17,3748.6499
那斯達克,2023-11-17,14125.4805
VIX,2023-11-20,13.41
加權指數,2023-11-20,17210.4707
台積電ADR,2023-11-20,99.96
美元兌台幣,2023-11-20,31.7347
美元指數,2023-11-20,103.47
費城半導體,2023-11-20,3805.8101
那斯達克,2023-11-20,14284.5303
VIX,2023-11-21,13.35
加權指數,2023-11-21,17416.6992
台積電ADR,2023-11-21,98.41
美元兌台幣,2023-11-21,31.468
美元指數,2023-11-21,103.59
費城半導體,2023-11-21,3732.79
那斯達克,2023-11-21,14199.9805
VIX,2023-11-22,12.85
加權指數,2023-11-22,17310.2598
台積電ADR,2023-11-22,98.65
美元兌台幣,2023-11-22,31.374
美元指數,2023-11-22,103.92
費城半導體,2023-11-22,3744.96
那斯達克,2023-11-22,14265.8604
加權指數,2023-11-23,17294.5508
美元兌台幣,2023-11-23,31.518
VIX,2023-11-24,12.46
加權指數,2023-11-24,17287.4199
台積電ADR,2023-11-24,97.83
美元兌台幣,2023-11-24,31.614
美元指數,2023-11-24,103.4
費城半導體,2023-11-24,3747.9299
那斯達克,2023-11-24,14250.8496
VIX,2023-11-27,12.69
加權指數,2023-11-27,17137.4199
台積電ADR,2023-11-27,97.21
美元兌台幣,2023-11-27,31.636
美元指數,2023-11-27,103.2
費城半導體,2023-11-27,3739.3101
那斯達克,2023-11-27,14241.0195
VIX,2023-11-28,12.69
加權指數,2023-11-28,17341.25
台積電ADR,2023-11-28,97.98
美元兌台幣,2023-11-28,31.525
美元指數,2023-11-28,102.75
費城半導體,2023-11-28,3718.3501
那斯達克,2023-11-28,14281.7598
VIX,2023-11-29,12.98
加權指數,2023-11-29,17370.5605
台積電ADR,2023-11-29,98.88
美元兌台幣,2023-11-29,31.272
美元指數,2023-11-29,102.77
費城半導體,2023-11-29,3753.3601
那斯達克,2023-11-29,14258.4902
VIX,2023-11-30,12.92
加權指數,2023-11-30,17433.8496
台積電ADR,2023-11-30,97.31
美元兌台幣,2023-11-30,31.069
美元指數,2023-11-30,103.5
費城半導體,2023-11-30,3724.5801
那斯達克,2023-11-30,14226.2197
VIX,2023-12-01,12.63
加權指數,2023-12-01,17438.3496
台積電ADR,2023-12-01,98.55
美元兌台幣,2023-12-01,31.374
美元指數,2023-12-01,103.27
費城半導體,2023-12-01,3738.27
那斯達克,2023-12-01,14305.0303
VIX,2023-12-04,13.08
加權指數,2023-12-04,17421.4805
台積電ADR,2023-12-04,97.01
美元兌台幣,2023-12-04,31.189
美元指數,2023-12-04,103.64
費城半導體,2023-12-04,3693.4399
那斯達克,2023-12-04,14185.4902
VIX,2023-12-05,12.85
加權指數,2023-12-05,17328.0098
台積電ADR,2023-12-05,96.69
美元兌台幣,2023-12-05,31.4236
美元指數,2023-12-05,104.05
費城半導體,2023-12-05,3672.3999
那斯達克,2023-12-05,14229.9102
VIX,2023-12-06,12.97
加權指數,2023-12-06,17360.7207
台積電ADR,2023-12-06,97.85
美元兌台幣,2023-12-06,31.516
美元指數,2023-12-06,104.15
費城半導體,2023-12-06,3645.8201
那斯達克,2023-12-06,14146.71
VIX,2023-12-07,13.06
加權指數,2023-12-07,17278.7402
台積電ADR,2023-12-07,99.29
美元兌台幣,2023-12-07,31.4891
美元指數,2023-12-07,103.54
費城半導體,2023-12-07,3747.54
那斯達克,2023-12-07,14339.9902
VIX,2023-12-08,12.35
加權指數,2023-12-08,17383.9902
台積電ADR,2023-12-08,100.35
美元兌台幣,2023-12-08,31.427
美元指數,2023-12-08,104.01
費城半導體,2023-12-08,3774.1699
那斯達克,2023-12-08,14403.9697
VIX,2023-12-11,12.63
加權指數,2023-12-11,17418.3398
台積電ADR,2023-12-11,100.95
美元兌台幣,2023-12-11,31.4095
美元指數,2023-12-11,104.1
費城半導體,2023-12-11,3902.3899
那斯達克,2023-12-11,14432.4902
VIX,2023-12-12,12.07
加權指數,2023-12-12,17450.6309
台積電ADR,2023-12-12,101.6
美元兌台幣,2023-12-12,31.328
美元指數,2023-12-12,103.87
費城半導體,2023-12-12,3930.1799
那斯達克,2023-12-12,14533.4004
VIX,2023-12-13,12.19
加權指數,2023-12-13,17468.9297
台積電ADR,2023-12-13,102.12
美元兌台幣,2023-12-13,31.4731
美元指數,2023-12-13,102.87
費城半導體,2023-12-13,3990.95
那斯達克,2023-12-13,14733.96
VIX,2023-12-14,12.48
加權指數,2023-12-14,17653.1094
台積電ADR,2023-12-14,103.45
美元兌台幣,2023-12-14,31.157
美元指數,2023-12-14,101.96
費城半導體,2023-12-14,4097.4702
那斯達克,2023-12-14,14761.5596
VIX,2023-12-15,12.28
加權指數,2023-12-15,17673.8691
台積電ADR,2023-12-15,102.54
美元兌台幣,2023-12-15,31.1843
美元指數,2023-12-15,102.55
費城半導體,2023-12-15,4117.0
那斯達克,2023-12-15,14813.9199
VIX,2023-12-18,12.56
加權指數,2023-12-18,17652.0293
台積電ADR,2023-12-18,102.93
美元兌台幣,2023-12-18,31.3478
美元指數,2023-12-18,102.51
費城半導體,2023-12-18,4103.79
那斯達克,2023-12-18,14904.8096
VIX,2023-12-19,12.53
加權指數,2023-12-19,17576.5508
台積電ADR,2023-12-19,103.87
美元兌台幣,2023-12-19,31.375
美元指數,2023-12-19,102.17
費城半導體,2023-12-19,4125.5601
那斯達克,2023-12-19,15003.2197
VIX,2023-12-20,13.67
加權指數,2023-12-20,17635.1992
台積電ADR,2023-12-20,100.04
美元兌台幣,2023-12-20,31.27
美元指數,2023-12-20,102.41
費城半導體,2023-12-20,4007.6599
那斯達克,2023-12-20,14777.9404
VIX,2023-12-21,13.65
加權指數,2023-12-21,17543.7402
台積電ADR,2023-12-21,102.55
美元兌台幣,2023-12-21,31.31
美元指數,2023-12-21,101.84
費城半導體,2023-12-21,4118.5898
那斯達克,2023-12-21,14963.8701
VIX,2023-12-22,13.03
加權指數,2023-12-22,17596.6309
台積電ADR,2023-12-22,103.15
美元兌台幣,2023-12-22,31.193
美元指數,2023-12-22,101.7
費城半導體,2023-12-22,4132.8501
那斯達克,2023-12-22,14992.9697
加權指數,2023-12-25,17604.8398
美元兌台幣,2023-12-25,31.08
VIX,2023-12-26,12.99
加權指數,2023-12-26,17751.7305
台積電ADR,2023-12-26,104.45
美元兌台幣,2023-12-26,31.1197
美元指數,2023-12-26,101.47
費城半導體,2023-12-26,4207.4502
那斯達克,2023-12-26,15074.5703
VIX,2023-12-27,12.43
加權指數,2023-12-27,17891.5
台積電ADR,2023-12-27,104.65
美元兌台幣,2023-12-27,30.943
美元指數,2023-12-27,100.99
費城半導體,2023-12-27,4214.5898
那斯達克,2023-12-27,15099.1797
VIX,2023-12-28,12.47
加權指數,2023-12-28,17910.3691
台積電ADR,2023-12-28,104.7
美元兌台幣,2023-12-28,30.8457
美元指數,2023-12-28,101.23
費城半導體,2023-12-28,4208.6802
那斯達克,2023-12-28,15095.1396
VIX,2023-12-29,12.45
加權指數,2023-12-29,17930.8105
台積電ADR,2023-12-29,104.0
美元兌台幣,2023-12-29,30.698
美元指數,2023-12-29,101.33
費城半導體,2023-12-29,4175.4702
那斯達克,2023-12-29,15011.3496
美元兌台幣,2024-01-01,30.6821
VIX,2024-01-02,13.2
加權指數,2024-01-02,17853.7598
台積電ADR,2024-01-02,101.53
美元兌台幣,2024-01-02,30.6686
美元指數,2024-01-02,102.2
費城半導體,2024-01-02,4023.04
那斯達克,2024-01-02,14765.9404
VIX,2024-01-03,14.04
加權指數,2024-01-03,17559.3105
台積電ADR,2024-01-03,100.17
美元兌台幣,2024-01-03,30.879
美元指數,2024-01-03,102.46
費城半導體,2024-01-03,3941.21
那斯達克,2024-01-03,14592.21
VIX,2024-01-04,14.13
加權指數,2024-01-04,17549.6504
台積電ADR,2024-01-04,99.13
美元兌台幣,2024-01-04,31.0419
美元指數,2024-01-04,102.42
費城半導體,2024-01-04,3908.8501
那斯達克,2024-01-04,14510.2998
VIX,2024-01-05,13.35
加權指數,2024-01-05,17519.1406
台積電ADR,2024-01-05,99.61
美元兌台幣,2024-01-05,31.054
美元指數,2024-01-05,102.41
費城半導體,2024-01-05,3933.49
那斯達克,2024-01-05,14524.0703
VIX,2024-01-08,13.08
加權指數,2024-01-08,17572.6602
台積電ADR,2024-01-08,102.24
美元兌台幣,2024-01-08,30.952
美元指數,2024-01-08,102.21
費城半導體,2024-01-08,4062.48
那斯達克,2024-01-08,14843.7695
VIX,2024-01-09,12.76
加權指數,2024-01-09,17535.4902
台積電ADR,2024-01-09,101.89
美元兌台幣,2024-01-09,30.721
美元指數,2024-01-09,102.57
費城半導體,2024-01-09,4064.6499
那斯達克,2024-01-09,14857.71
VIX,2024-01-10,12.69
加權指數,2024-01-10,17465.6309
台積電ADR,2024-01-10,100.8
美元兌台幣,2024-01-10,31.0611
美元指數,2024-01-10,102.36
費城半導體,2024-01-10,4048.8401
那斯達克,2024-01-10,14969.6504
VIX,2024-01-11,12.44
加權指數,2024-01-11,17545.3203
台積電ADR,2024-01-11,101.22
美元兌台幣,2024-01-11,31.1178
美元指數,2024-01-11,102.29
費城半導體,2024-01-11,4067.8999
那斯達克,2024-01-11,14970.1904
VIX,2024-01-12,12.7
加權指數,2024-01-12,17512.8301
台積電ADR,2024-01-12,101.24
美元兌台幣,2024-01-12,30.894
美元指數,2024-01-12,102.4
費城半導體,2024-01-12,4052.4299
那斯達克,2024-01-12,14972.7598
加權指數,2024-01-15,17546.8203
美元兌台幣,2024-01-15,31.0756
VIX,2024-01-16,13.84
加權指數,2024-01-16,17346.8691
台積電ADR,2024-01-16,101.67
美元兌台幣,2024-01-16,31.195
美元指數,2024-01-16,103.36
費城半導體,2024-01-16,4105.9399
那斯達克,2024-01-16,14944.3496
VIX,2024-01-17,14.79
加權指數,2024-01-17,17161.7891
台積電ADR,2024-01-17,102.95
美元兌台幣,2024-01-17,31.458
美元指數,2024-01-17,103.45
費城半導體,2024-01-17,4069.95
那斯達克,2024-01-17,14855.6201
VIX,2024-01-18,14.13
加權指數,2024-01-18,17227.7891
台積電ADR,2024-01-18,113.03
美元兌台幣,2024-01-18,31.5425
美元指數,2024-01-18,103.54
費城半導體,2024-01-18,4206.52
那斯達克,2024-01-18,15055.6504
VIX,2024-01-19,13.3
加權指數,2024-01-19,17681.5195
台積電ADR,2024-01-19,114.2
美元兌台幣,2024-01-19,31.5806
美元指數,2024-01-19,103.29
費城半導體,2024-01-19,4375.6499
那斯達克,2024-01-19,15310.9697
VIX,2024-01-22,13.19
加權指數,2024-01-22,17815.0996
台積電ADR,2024-01-22,113.03
美元兌台幣,2024-01-22,31.3838
美元指數,2024-01-22,103.33
費城半導體,2024-01-22,4386.6001
那斯達克,2024-01-22,15360.29
VIX,2024-01-23,12.55
加權指數,2024-01-23,17874.5898
台積電ADR,2024-01-23,114.13
美元兌台幣,2024-01-23,31.368
美元指數,2024-01-23,103.62
費城半導體,2024-01-23,4415.2598
那斯達克,2024-01-23,15425.9404
VIX,2024-01-24,13.14
加權指數,2024-01-24,17875.8301
台積電ADR,2024-01-24,116.52
美元兌台幣,2024-01-24,31.395
美元指數,2024-01-24,103.24
費城半導體,2024-01-24,4483.3301
那斯達克,2024-01-24,15481.9199
VIX,2024-01-25,13.45
加權指數,2024-01-25,18002.6191
台積電ADR,2024-01-25,116.56
美元兌台幣,2024-01-25,31.292
美元指數,2024-01-25,103.57
費城半導體,2024-01-25,4472.2598
那斯達克,2024-01-25,15510.5
VIX,2024-01-26,13.26
加權指數,2024-01-26,17995.0293
台積電ADR,2024-01-26,117.26
美元兌台幣,2024-01-26,31.315
美元指數,2024-01-26,103.47
費城半導體,2024-01-26,4342.1001
那斯達克,2024-01-26,15455.3604
VIX,2024-01-29,13.6
加權指數,2024-01-29,18119.6309
台積電ADR,2024-01-29,116.98
美元兌台幣,2024-01-29,31.2731
美元指數,2024-01-29,103.61
費城半導體,2024-01-29,4388.27
那斯達克,2024-01-29,15628.04
VIX,2024-01-30,13.31
加權指數,2024-01-30,18034.6309
台積電ADR,2024-01-30,116.06
美元兌台幣,2024-01-30,31.185
美元指數,2024-01-30,103.4
費城半導體,2024-01-30,4319.9902
那斯達克,2024-01-30,15509.9004
VIX,2024-01-31,14.35
加權指數,2024-01-31,17889.5605
台積電ADR,2024-01-31,112.96
美元兌台幣,2024-01-31,31.1591
美元指數,2024-01-31,103.27
費城半導體,2024-01-31,4260.9199
那斯達克,2024-01-31,15164.0098
VIX,2024-02-01,13.88
加權指數,2024-02-01,17968.1094
台積電ADR,2024-02-01,113.39
美元兌台幣,2024-02-01,31.245
美元指數,2024-02-01,103.05
費城半導體,2024-02-01,4280.48
那斯達克,2024-02-01,15361.6396
VIX,2024-02-02,13.85
加權指數,2024-02-02,18059.9297
台積電ADR,2024-02-02,115.75
美元兌台幣,2024-02-02,31.234
美元指數,2024-02-02,103.92
費城半導體,2024-02-02,4336.73
那斯達克,2024-02-02,15628.9502
VIX,2024-02-05,13.67
加權指數,2024-02-05,18096.0703
台積電ADR,2024-02-05,118.79
美元兌台幣,2024-02-05,31.3258
美元指數,2024-02-05,104.45
費城半導體,2024-02-05,4388.1001
那斯達克,2024-02-05,15597.6797
VIX,2024-02-06,13.06
台積電ADR,2024-02-06,119.38
美元兌台幣,2024-02-06,31.3403
美元指數,2024-02-06,104.18
費城半導體,2024-02-06,4338.27
那斯達克,2024-02-06,15609.0
VIX,2024-02-07,12.83
台積電ADR,2024-02-07,124.98
美元兌台幣,2024-02-07,31.202
美元指數,2024-02-07,104.04
費城半導體,2024-02-07,4408.73
那斯達克,2024-02-07,15756.6396
VIX,2024-02-08,12.79
台積電ADR,2024-02-08,133.73
美元兌台幣,2024-02-08,31.3668
美元指數,2024-02-08,104.15
費城半導體,2024-02-08,4478.0098
那斯達克,2024-02-08,15793.71
VIX,2024-02-09,12.93
台積電ADR,2024-02-09,133.11
美元兌台幣,2024-02-09,31.3033
美元指數,2024-02-09,104.08
費城半導體,2024-02-09,4567.2998
那斯達克,2024-02-09,15990.6602
VIX,2024-02-12,13.93
台積電ADR,2024-02-12,130.46
美元兌台幣,2024-02-12,31.3678
美元指數,2024-02-12,104.17
費城半導體,2024-02-12,4560.04
那斯達克,2024-02-12,15942.5498
VIX,2024-02-13,15.85
台積電ADR,2024-02-13,127.55
美元兌台幣,2024-02-13,31.2884
美元指數,2024-02-13,104.96
費城半導體,2024-02-13,4468.1802
那斯達克,2024-02-13,15655.5996
VIX,2024-02-14,14.38
台積電ADR,2024-02-14,129.27
美元兌台幣,2024-02-14,31.4687
美元指數,2024-02-14,104.72
費城半導體,2024-02-14,4565.4102
那斯達克,2024-02-14,15859.1504
VIX,2024-02-15,14.01
加權指數,2024-02-15,18644.5703
台積電ADR,2024-02-15,129.03
美元兌台幣,2024-02-15,31.3451
美元指數,2024-02-15,104.3
費城半導體,2024-02-15,4558.1001
那斯達克,2024-02-15,15906.1699
VIX,2024-02-16,14.24
加權指數,2024-02-16,18607.25
台積電ADR,2024-02-16,126.69
美元兌台幣,2024-02-16,31.2627
美元指數,2024-02-16,104.28
費城半導體,2024-02-16,4527.6802
那斯達克,2024-02-16,15775.6504
加權指數,2024-02-19,18635.8008
美元兌台幣,2024-02-19,31.3332
VIX,2024-02-20,15.42
加權指數,2024-02-20,18753.1602
台積電ADR,2024-02-20,125.33
美元兌台幣,2024-02-20,31.4021
美元指數,2024-02-20,104.08
費城半導體,2024-02-20,4456.8701
那斯達克,2024-02-20,15630.7803
VIX,2024-02-21,15.34
加權指數,2024-02-21,18676.3105
台積電ADR,2024-02-21,125.34
美元兌台幣,2024-02-21,31.3778
美元指數,2024-02-21,104.01
費城半導體,2024-02-21,4446.3599
那斯達克,2024-02-21,15580.8701
VIX,2024-02-22,14.54
加權指數,2024-02-22,18852.7793
台積電ADR,2024-02-22,129.07
美元兌台幣,2024-02-22,31.4263
美元指數,2024-02-22,103.96
費城半導體,2024-02-22,4667.3701
那斯達克,2024-02-22,16041.6201
VIX,2024-02-23,13.75
加權指數,2024-02-23,18889.1895
台積電ADR,2024-02-23,129.53
美元兌台幣,2024-02-23,31.454
美元指數,2024-02-23,103.94
費城半導體,2024-02-23,4615.0298
那斯達克,2024-02-23,15996.8203
VIX,2024-02-26,13.74
加權指數,2024-02-26,18948.0508
台積電ADR,2024-02-26,130.64
美元兌台幣,2024-02-26,31.602
美元指數,2024-02-26,103.83
費城半導體,2024-02-26,4663.4702
那斯達克,2024-02-26,15976.25
VIX,2024-02-27,13.43
加權指數,2024-02-27,18854.4102
台積電ADR,2024-02-27,128.59
美元兌台幣,2024-02-27,31.5487
美元指數,2024-02-27,103.83
費城半導體,2024-02-27,4654.8901
那斯達克,2024-02-27,16035.2998
VIX,2024-02-28,13.84
台積電ADR,2024-02-28,127.38
美元兌台幣,2024-02-28,31.576
美元指數,2024-02-28,103.98
費城半導體,2024-02-28,4602.6001
那斯達克,2024-02-28,15947.7402
VIX,2024-02-29,13.4
加權指數,2024-02-29,18966.7695
台積電ADR,2024-02-29,128.67
美元兌台幣,2024-02-29,31.6479
美元指數,2024-02-29,104.16
費城半導體,2024-02-29,4726.9199
那斯達克,2024-02-29,16091.9199
VIX,2024-03-01,13.11
加權指數,2024-03-01,18935.9297
台積電ADR,2024-03-01,133.9
美元兌台幣,2024-03-01,31.6149
美元指數,2024-03-01,103.86
費城半導體,2024-03-01,4929.5801
那斯達克,2024-03-01,16274.9404
VIX,2024-03-04,13.49
加權指數,2024-03-04,19305.3105
台積電ADR,2024-03-04,138.26
美元兌台幣,2024-03-04,31.5593
美元指數,2024-03-04,103.83
費城半導體,2024-03-04,4981.9702
那斯達克,2024-03-04,16207.5098
VIX,2024-03-05,14.46
加權指數,2024-03-05,19386.9199
台積電ADR,2024-03-05,134.97
美元兌台幣,2024-03-05,31.5093
美元指數,2024-03-05,103.8
費城半導體,2024-03-05,4879.8301
那斯達克,2024-03-05,15939.5898
VIX,2024-03-06,14.5
加權指數,2024-03-06,19499.4492
台積電ADR,2024-03-06,141.57
美元兌台幣,2024-03-06,31.5405
美元指數,2024-03-06,103.37
費城半導體,2024-03-06,4997.9302
那斯達克,2024-03-06,16031.54
VIX,2024-03-07,14.44
加權指數,2024-03-07,19693.5195
台積電ADR,2024-03-07,149.2
美元兌台幣,2024-03-07,31.464
美元指數,2024-03-07,102.82
費城半導體,2024-03-07,5165.8301
那斯達克,2024-03-07,16273.3799
VIX,2024-03-08,14.74
加權指數,2024-03-08,19785.3203
台積電ADR,2024-03-08,146.37
美元兌台幣,2024-03-08,31.4348
美元指數,2024-03-08,102.74
費城半導體,2024-03-08,4957.7798
那斯達克,2024-03-08,16085.1104
VIX,2024-03-11,15.22
加權指數,2024-03-11,19726.0801
台積電ADR,2024-03-11,139.02
美元兌台幣,2024-03-11,31.453
美元指數,2024-03-11,102.87
費城半導體,2024-03-11,4890.2002
那斯達克,2024-03-11,16019.2695
VIX,2024-03-12,13.84
加權指數,2024-03-12,19914.5508
台積電ADR,2024-03-12,144.4
美元兌台幣,2024-03-12,31.3622
美元指數,2024-03-12,102.96
費城半導體,2024-03-12,4992.5098
那斯達克,2024-03-12,16265.6396
VIX,2024-03-13,13.75
加權指數,2024-03-13,19928.5098
台積電ADR,2024-03-13,142.14
美元兌台幣,2024-03-13,31.3988
美元指數,2024-03-13,102.79
費城半導體,2024-03-13,4868.9502
那斯達克,2024-03-13,16177.7695
VIX,2024-03-14,14.4
加權指數,2024-03-14,19937.9199
台積電ADR,2024-03-14,139.62
美元兌台幣,2024-03-14,31.4066
美元指數,2024-03-14,103.36
費城半導體,2024-03-14,4783.6499
那斯達克,2024-03-14,16128.5303
VIX,2024-03-15,14.41
加權指數,2024-03-15,19682.5
台積電ADR,2024-03-15,136.98
美元兌台幣,2024-03-15,31.526
美元指數,2024-03-15,103.43
費城半導體,2024-03-15,4757.71
那斯達克,2024-03-15,15973.1699
VIX,2024-03-18,14.33
加權指數,2024-03-18,19879.8496
台積電ADR,2024-03-18,136.64
美元兌台幣,2024-03-18,31.6037
美元指數,2024-03-18,103.58
費城半導體,2024-03-18,4757.6001
那斯達克,2024-03-18,16103.4502
VIX,2024-03-19,13.82
加權指數,2024-03-19,19857.1992
台積電ADR,2024-03-19,134.87
美元兌台幣,2024-03-19,31.641
美元指數,2024-03-19,103.81
費城半導體,2024-03-19,4712.8101
那斯達克,2024-03-19,16166.79
VIX,2024-03-20,13.04
加權指數,2024-03-20,19784.4492
台積電ADR,2024-03-20,136.75
美元兌台幣,2024-03-20,31.7304
美元指數,2024-03-20,103.41
費城半導體,2024-03-20,4788.1802
那斯達克,2024-03-20,16369.4102
VIX,2024-03-21,12.92
加權指數,2024-03-21,20199.0898
台積電ADR,2024-03-21,139.45
美元兌台幣,2024-03-21,31.7622
美元指數,2024-03-21,104.0
費城半導體,2024-03-21,4897.8799
那斯達克,2024-03-21,16401.8398
VIX,2024-03-22,13.06
加權指數,2024-03-22,20228.4297
台積電ADR,2024-03-22,140.54
美元兌台幣,2024-03-22,31.883
美元指數,2024-03-22,104.43
費城半導體,2024-03-22,4908.2598
那斯達克,2024-03-22,16428.8203
VIX,2024-03-25,13.19
加權指數,2024-03-25,20192.25
台積電ADR,2024-03-25,140.23
美元兌台幣,2024-03-25,31.935
美元指數,2024-03-25,104.23
費城半導體,2024-03-25,4891.4902
那斯達克,2024-03-25,16384.4707
VIX,2024-03-26,13.24
加權指數,2024-03-26,20126.4902
台積電ADR,2024-03-26,138.84
美元兌台幣,2024-03-26,31.734
美元指數,2024-03-26,104.29
費城半導體,2024-03-26,4851.8799
那斯達克,2024-03-26,16315.7002
VIX,2024-03-27,12.78
加權指數,2024-03-27,20200.1191
台積電ADR,2024-03-27,136.69
美元兌台幣,2024-03-27,31.8853
美元指數,2024-03-27,104.35
費城半導體,2024-03-27,4899.9502
那斯達克,2024-03-27,16399.5195
VIX,2024-03-28,13.01
加權指數,2024-03-28,20146.5508
台積電ADR,2024-03-28,136.05
美元兌台幣,2024-03-28,31.9794
美元指數,2024-03-28,104.55
費城半導體,2024-03-28,4905.21
那斯達克,2024-03-28,16379.46
加權指數,2024-03-29,20294.4492
美元兌台幣,2024-03-29,32.0181
VIX,2024-04-01,13.65
加權指數,2024-04-01,20222.3301
台積電ADR,2024-04-01,141.49
美元兌台幣,2024-04-01,31.934
美元指數,2024-04-01,105.02
費城半導體,2024-04-01,4962.1001
那斯達克,2024-04-01,16396.8301
VIX,2024-04-02,14.61
加權指數,2024-04-02,20466.5703
台積電ADR,2024-04-02,140.22
美元兌台幣,2024-04-02,32.015
美元指數,2024-04-02,104.82
費城半導體,2024-04-02,4886.9399
那斯達克,2024-04-02,16240.4502
VIX,2024-04-03,14.33
加權指數,2024-04-03,20337.5996
台積電ADR,2024-04-03,142.0
美元兌台幣,2024-04-03,32.039
美元指數,2024-04-03,104.25
費城半導體,2024-04-03,4903.5
那斯達克,2024-04-03,16277.46
VIX,2024-04-04,16.35
台積電ADR,2024-04-04,139.66
美元兌台幣,2024-04-04,31.9687
美元指數,2024-04-04,104.12
費城半導體,2024-04-04,4756.0698
那斯達克,2024-04-04,16049.0801
VIX,2024-04-05,16.03
台積電ADR,2024-04-05,141.36
美元兌台幣,2024-04-05,32.048
美元指數,2024-04-05,104.3
費城半導體,2024-04-05,4819.1299
那斯達克,2024-04-05,16248.5195
VIX,2024-04-08,15.19
加權指數,2024-04-08,20417.6992
台積電ADR,2024-04-08,142.79
美元兌台幣,2024-04-08,32.1112
美元指數,2024-04-08,104.14
費城半導體,2024-04-08,4825.3901
那斯達克,2024-04-08,16253.96
VIX,2024-04-09,14.98
加權指數,2024-04-09,20796.1992
台積電ADR,2024-04-09,145.4
美元兌台幣,2024-04-09,32.0728
美元指數,2024-04-09,104.15
費城半導體,2024-04-09,4870.8101
那斯達克,2024-04-09,16306.6396
VIX,2024-04-10,15.8
加權指數,2024-04-10,20763.5293
台積電ADR,2024-04-10,146.22
美元兌台幣,2024-04-10,31.9662
美元指數,2024-04-10,105.25
費城半導體,2024-04-10,4790.3501
那斯達克,2024-04-10,16170.3604
VIX,2024-04-11,14.91
加權指數,2024-04-11,20753.2207
台積電ADR,2024-04-11,147.2
美元兌台幣,2024-04-11,32.183
美元指數,2024-04-11,105.28
費城半導體,2024-04-11,4906.3701
那斯達克,2024-04-11,16442.1992
VIX,2024-04-12,17.31
加權指數,2024-04-12,20736.5703
台積電ADR,2024-04-12,142.52
美元兌台幣,2024-04-12,32.2245
美元指數,2024-04-12,106.04
費城半導體,2024-04-12,4745.0498
那斯達克,2024-04-12,16175.0898
VIX,2024-04-15,19.23
加權指數,2024-04-15,20449.7695
台積電ADR,2024-04-15,140.14
美元兌台幣,2024-04-15,32.254
美元指數,2024-04-15,106.21
費城半導體,2024-04-15,4679.1001
那斯達克,2024-04-15,15885.0195
VIX,2024-04-16,18.4
加權指數,2024-04-16,19901.9609
台積電ADR,2024-04-16,139.8
美元兌台幣,2024-04-16,32.3888
美元指數,2024-04-16,106.26
費城半導體,2024-04-16,4720.5298
那斯達克,2024-04-16,15865.25
VIX,2024-04-17,18.21
加權指數,2024-04-17,20213.3301
台積電ADR,2024-04-17,139.03
美元兌台幣,2024-04-17,32.4979
美元指數,2024-04-17,105.95
費城半導體,2024-04-17,4567.3101
那斯達克,2024-04-17,15683.3701
VIX,2024-04-18,18.0
加權指數,2024-04-18,20301.1992
台積電ADR,2024-04-18,132.27
美元兌台幣,2024-04-18,32.338
美元指數,2024-04-18,106.15
費城半導體,2024-04-18,4491.71
那斯達克,2024-04-18,15601.5
VIX,2024-04-19,18.71
加權指數,2024-04-19,19527.1191
台積電ADR,2024-04-19,127.7
美元兌台幣,2024-04-19,32.4159
美元指數,2024-04-19,106.15
費城半導體,2024-04-19,4306.8701
那斯達克,2024-04-19,15282.0098
VIX,2024-04-22,16.94
加權指數,2024-04-22,19411.2207
台積電ADR,2024-04-22,129.75
美元兌台幣,2024-04-22,32.504
美元指數,2024-04-22,106.08
費城半導體,2024-04-22,4381.9199
那斯達克,2024-04-22,15451.3096
VIX,2024-04-23,15.69
加權指數,2024-04-23,19599.2793
台積電ADR,2024-04-23,133.43
美元兌台幣,2024-04-23,32.583
美元指數,2024-04-23,105.69
費城半導體,2024-04-23,4478.7998
那斯達克,2024-04-23,15696.6396
VIX,2024-04-24,15.97
加權指數,2024-04-24,20131.7402
台積電ADR,2024-04-24,132.97
美元兌台幣,2024-04-24,32.5035
美元指數,2024-04-24,105.86
費城半導體,2024-04-24,4526.2002
那斯達克,2024-04-24,15712.75
VIX,2024-04-25,15.37
加權指數,2024-04-25,19857.4199
台積電ADR,2024-04-25,136.58
美元兌台幣,2024-04-25,32.6273
美元指數,2024-04-25,105.6
費城半導體,2024-04-25,4615.04
那斯達克,2024-04-25,15611.7598
VIX,2024-04-26,15.03
加權指數,2024-04-26,20120.5098
台積電ADR,2024-04-26,138.3
美元兌台幣,2024-04-26,32.531
美元指數,2024-04-26,105.94
費城半導體,2024-04-26,4735.29
那斯達克,2024-04-26,15927.9004
VIX,2024-04-29,14.67
加權指數,2024-04-29,20495.5195
台積電ADR,2024-04-29,138.5
美元兌台幣,2024-04-29,32.559
美元指數,2024-04-29,105.58
費城半導體,2024-04-29,4765.79
那斯達克,2024-04-29,15983.0801
VIX,2024-04-30,15.65
加權指數,2024-04-30,20396.5996
台積電ADR,2024-04-30,137.34
美元兌台幣,2024-04-30,32.434
美元指數,2024-04-30,106.22
費城半導體,2024-04-30,4673.2998
那斯達克,2024-04-30,15657.8203
VIX,2024-05-01,15.39
台積電ADR,2024-05-01,134.94
美元兌台幣,2024-05-01,32.6138
美元指數,2024-05-01,105.76
費城半導體,2024-05-01,4507.6802
那斯達克,2024-05-01,15605.4805
VIX,2024-05-02,14.68
加權指數,2024-05-02,20222.4395
台積電ADR,2024-05-02,136.23
美元兌台幣,2024-05-02,32.476
美元指數,2024-05-02,105.3
費城半導體,2024-05-02,4605.3501
那斯達克,2024-05-02,15840.96
VIX,2024-05-03,13.49
加權指數,2024-05-03,20330.3203
台積電ADR,2024-05-03,141.56
美元兌台幣,2024-05-03,32.346
美元指數,2024-05-03,105.03
費城半導體,2024-05-03,4716.1899
那斯達克,2024-05-03,16156.3301
VIX,2024-05-06,13.49
加權指數,2024-05-06,20523.3105
台積電ADR,2024-05-06,142.83
美元兌台幣,2024-05-06,32.2769
美元指數,2024-05-06,105.05
費城半導體,2024-05-06,4820.4502
那斯達克,2024-05-06,16349.25
VIX,2024-05-07,13.23
加權指數,2024-05-07,20653.5293
台積電ADR,2024-05-07,141.11
美元兌台幣,2024-05-07,32.263
美元指數,2024-05-07,105.41
費城半導體,2024-05-07,4784.8799
那斯達克,2024-05-07,16332.5596
VIX,2024-05-08,13.0
加權指數,2024-05-08,20700.5098
台積電ADR,2024-05-08,143.6
美元兌台幣,2024-05-08,32.3638
美元指數,2024-05-08,105.55
費城半導體,2024-05-08,4790.3799
那斯達克,2024-05-08,16302.7598
VIX,2024-05-09,12.69
加權指數,2024-05-09,20560.7695
台積電ADR,2024-05-09,142.79
美元兌台幣,2024-05-09,32.333
美元指數,2024-05-09,105.23
費城半導體,2024-05-09,4759.77
那斯達克,2024-05-09,16346.2598
VIX,2024-05-10,12.55
加權指數,2024-05-10,20708.8398
台積電ADR,2024-05-10,149.26
美元兌台幣,2024-05-10,32.3388
美元指數,2024-05-10,105.31
費城半導體,2024-05-10,4808.0298
那斯達克,2024-05-10,16340.8701
VIX,2024-05-13,13.6
加權指數,2024-05-13,20857.7109
台積電ADR,2024-05-13,146.41
美元兌台幣,2024-05-13,32.424
美元指數,2024-05-13,105.22
費城半導體,2024-05-13,4823.0898
那斯達克,2024-05-13,16388.2402
VIX,2024-05-14,13.42
加權指數,2024-05-14,20985.8496
台積電ADR,2024-05-14,151.95
美元兌台幣,2024-05-14,32.3715
美元指數,2024-05-14,105.01
費城半導體,2024-05-14,4903.9302
那斯達克,2024-05-14,16511.1797
VIX,2024-05-15,12.45
加權指數,2024-05-15,21147.2109
台積電ADR,2024-05-15,155.58
美元兌台幣,2024-05-15,32.3137
美元指數,2024-05-15,104.35
費城半導體,2024-05-15,5045.0801
那斯達克,2024-05-15,16742.3906
VIX,2024-05-16,12.42
加權指數,2024-05-16,21304.2598
台積電ADR,2024-05-16,152.23
美元兌台幣,2024-05-16,32.0313
美元指數,2024-05-16,104.46
費城半導體,2024-05-16,5017.54
那斯達克,2024-05-16,16698.3203
VIX,2024-05-17,11.99
加權指數,2024-05-17,21258.4707
台積電ADR,2024-05-17,151.68
美元兌台幣,2024-05-17,32.1238
美元指數,2024-05-17,104.45
費城半導體,2024-05-17,4983.02
那斯達克,2024-05-17,16685.9707
VIX,2024-05-20,12.15
加權指數,2024-05-20,21271.6309
台積電ADR,2024-05-20,153.55
美元兌台幣,2024-05-20,32.164
美元指數,2024-05-20,104.57
費城半導體,2024-05-20,5090.3501
那斯達克,2024-05-20,16794.8691
VIX,2024-05-21,11.86
加權指數,2024-05-21,21236.75
台積電ADR,2024-05-21,153.67
美元兌台幣,2024-05-21,32.2058
美元指數,2024-05-21,104.66
費城半導體,2024-05-21,5074.3999
那斯達克,2024-05-21,16832.6191
VIX,2024-05-22,12.29
加權指數,2024-05-22,21551.8301
台積電ADR,2024-05-22,156.15
美元兌台幣,2024-05-22,32.2348
美元指數,2024-05-22,104.94
費城半導體,2024-05-22,5126.8101
那斯達克,2024-05-22,16801.5391
VIX,2024-05-23,12.77
加權指數,2024-05-23,21607.4297
台積電ADR,2024-05-23,157.09
美元兌台幣,2024-05-23,32.2239
美元指數,2024-05-23,105.11
費城半導體,2024-05-23,5125.98
那斯達克,2024-05-23,16736.0293
VIX,2024-05-24,11.93
加權指數,2024-05-24,21565.3398
台積電ADR,2024-05-24,160.0
美元兌台幣,2024-05-24,32.2208
美元指數,2024-05-24,104.72
費城半導體,2024-05-24,5220.9199
那斯達克,2024-05-24,16920.7891
加權指數,2024-05-27,21803.7695
美元兌台幣,2024-05-27,32.189
VIX,2024-05-28,12.92
加權指數,2024-05-28,21858.4102
台積電ADR,2024-05-28,159.41
美元兌台幣,2024-05-28,32.07
美元指數,2024-05-28,104.61
費城半導體,2024-05-28,5317.8701
那斯達克,2024-05-28,17019.8809
VIX,2024-05-29,14.28
加權指數,2024-05-29,21662.5
台積電ADR,2024-05-29,154.34
美元兌台幣,2024-05-29,32.1738
美元指數,2024-05-29,105.1
費城半導體,2024-05-29,5219.3198
那斯達克,2024-05-29,16920.5801
VIX,2024-05-30,14.47
加權指數,2024-05-30,21364.4805
台積電ADR,2024-05-30,152.96
美元兌台幣,2024-05-30,32.377
美元指數,2024-05-30,104.72
費城半導體,2024-05-30,5173.2598
那斯達克,2024-05-30,16737.0801
VIX,2024-05-31,12.92
加權指數,2024-05-31,21174.2207
台積電ADR,2024-05-31,151.04
美元兌台幣,2024-05-31,32.3564
美元指數,2024-05-31,104.67
費城半導體,2024-05-31,5123.3599
那斯達克,2024-05-31,16735.0195
VIX,2024-06-03,13.11
加權指數,2024-06-03,21536.7598
台積電ADR,2024-06-03,154.95
美元兌台幣,2024-06-03,32.465
美元指數,2024-06-03,104.14
費城半導體,2024-06-03,5152.5098
那斯達克,2024-06-03,16828.6699
VIX,2024-06-04,13.16
加權指數,2024-06-04,21356.6191
台積電ADR,2024-06-04,152.47
美元兌台幣,2024-06-04,32.3143
美元指數,2024-06-04,104.11
費城半導體,2024-06-04,5116.27
那斯達克,2024-06-04,16857.0508
VIX,2024-06-05,12.63
加權指數,2024-06-05,21484.8809
台積電ADR,2024-06-05,162.92
美元兌台幣,2024-06-05,32.3288
美元指數,2024-06-05,104.27
費城半導體,2024-06-05,5347.4399
那斯達克,2024-06-05,17187.9004
VIX,2024-06-06,12.58
加權指數,2024-06-06,21902.6992
台積電ADR,2024-06-06,162.07
美元兌台幣,2024-06-06,32.252
美元指數,2024-06-06,104.1
費城半導體,2024-06-06,5301.6802
那斯達克,2024-06-06,17173.1191
VIX,2024-06-07,12.22
加權指數,2024-06-07,21858.3809
台積電ADR,2024-06-07,164.39
美元兌台幣,2024-06-07,32.2089
美元指數,2024-06-07,104.89
費城半導體,2024-06-07,5287.2402
那斯達克,2024-06-07,17133.1309
VIX,2024-06-10,12.74
台積電ADR,2024-06-10,168.16
美元兌台幣,2024-06-10,32.405
美元指數,2024-06-10,105.15
費城半導體,2024-06-10,5362.3999
那斯達克,2024-06-10,17192.5293
VIX,2024-06-11,12.85
加權指數,2024-06-11,21792.1191
台積電ADR,2024-06-11,165.71
美元兌台幣,2024-06-11,32.334
美元指數,2024-06-11,105.23
費城半導體,2024-06-11,5365.3799
那斯達克,2024-06-11,17343.5508
VIX,2024-06-12,12.04
加權指數,2024-06-12,22048.9609
台積電ADR,2024-06-12,172.98
美元兌台幣,2024-06-12,32.3158
美元指數,2024-06-12,104.65
費城半導體,2024-06-12,5520.8701
那斯達克,2024-06-12,17608.4395
VIX,2024-06-13,11.94
加權指數,2024-06-13,22312.0391
台積電ADR,2024-06-13,172.91
美元兌台幣,2024-06-13,32.201
美元指數,2024-06-13,105.2
費城半導體,2024-06-13,5602.4199
那斯達克,2024-06-13,17667.5605
VIX,2024-06-14,12.66
加權指數,2024-06-14,22504.7207
台積電ADR,2024-06-14,172.51
美元兌台幣,2024-06-14,32.299
美元指數,2024-06-14,105.55
費城半導體,2024-06-14,5598.3101
那斯達克,2024-06-14,17688.8809
VIX,2024-06-17,12.75
加權指數,2024-06-17,22496.5293
台積電ADR,2024-06-17,177.24
美元兌台幣,2024-06-17,32.349
美元指數,2024-06-17,105.32
費城半導體,2024-06-17,5688.1001
那斯達克,2024-06-17,17857.0195
VIX,2024-06-18,12.3
加權指數,2024-06-18,22757.4297
台積電ADR,2024-06-18,179.69
美元兌台幣,2024-06-18,32.301
美元指數,2024-06-18,105.26
費城半導體,2024-06-18,5765.1201
那斯達克,2024-06-18,17862.2305
加權指數,2024-06-19,23209.5391
美元兌台幣,2024-06-19,32.3475
VIX,2024-06-20,13.28
加權指數,2024-06-20,23406.0996
台積電ADR,2024-06-20,175.38
美元兌台幣,2024-06-20,32.3808
美元指數,2024-06-20,105.59
費城半導體,2024-06-20,5610.0098
那斯達克,2024-06-20,17721.5898
VIX,2024-06-21,13.2
加權指數,2024-06-21,23253.3906
台積電ADR,2024-06-21,173.96
美元兌台幣,2024-06-21,32.341
美元指數,2024-06-21,105.8
費城半導體,2024-06-21,5538.54
那斯達克,2024-06-21,17689.3594
VIX,2024-06-24,13.33
加權指數,2024-06-24,22813.6992
台積電ADR,2024-06-24,167.81
美元兌台幣,2024-06-24,32.363
美元指數,2024-06-24,105.47
費城半導體,2024-06-24,5371.52
那斯達克,2024-06-24,17496.8203
VIX,2024-06-25,12.84
加權指數,2024-06-25,22875.9707
台積電ADR,2024-06-25,172.6
美元兌台幣,2024-06-25,32.3215
美元指數,2024-06-25,105.61
費城半導體,2024-06-25,5467.6602
那斯達克,2024-06-25,17717.6504
VIX,2024-06-26,12.55
加權指數,2024-06-26,22986.6895
台積電ADR,2024-06-26,172.07
美元兌台幣,2024-06-26,32.4735
美元指數,2024-06-26,106.05
費城半導體,2024-06-26,5452.3198
那斯達克,2024-06-26,17805.1602
VIX,2024-06-27,12.24
加權指數,2024-06-27,22905.9805
台積電ADR,2024-06-27,171.63
美元兌台幣,2024-06-27,32.5823
美元指數,2024-06-27,105.91
費城半導體,2024-06-27,5421.0898
那斯達克,2024-06-27,17858.6797
VIX,2024-06-28,12.44
加權指數,2024-06-28,23032.25
台積電ADR,2024-06-28,173.81
美元兌台幣,2024-06-28,32.522
美元指數,2024-06-28,105.87
費城半導體,2024-06-28,5472.2598
那斯達克,2024-06-28,17732.5996
VIX,2024-07-01,12.22
加權指數,2024-07-01,23058.5703
台積電ADR,2024-07-01,172.33
美元兌台幣,2024-07-01,32.504
美元指數,2024-07-01,105.9
費城半導體,2024-07-01,5477.1499
那斯達克,2024-07-01,17879.3008
VIX,2024-07-02,12.03
加權指數,2024-07-02,22879.3691
台積電ADR,2024-07-02,175.7
美元兌台幣,2024-07-02,32.5217
美元指數,2024-07-02,105.72
費城半導體,2024-07-02,5544.9902
那斯達克,2024-07-02,18028.7598
VIX,2024-07-03,12.09
加權指數,2024-07-03,23172.4297
台積電ADR,2024-07-03,182.49
美元兌台幣,2024-07-03,32.5728
美元指數,2024-07-03,105.4
費城半導體,2024-07-03,5651.7202
那斯達克,2024-07-03,18188.3008
加權指數,2024-07-04,23522.5293
美元兌台幣,2024-07-04,32.6215
VIX,2024-07-05,12.48
加權指數,2024-07-05,23556.5898
台積電ADR,2024-07-05,183.99
美元兌台幣,2024-07-05,32.5066
美元指數,2024-07-05,104.88
費城半導體,2024-07-05,5656.3101
那斯達克,2024-07-05,18352.7598
VIX,2024-07-08,12.37
加權指數,2024-07-08,23878.1504
台積電ADR,2024-07-08,186.63
美元兌台幣,2024-07-08,32.393
美元指數,2024-07-08,105.01
費城半導體,2024-07-08,5765.21
那斯達克,2024-07-08,18403.7402
VIX,2024-07-09,12.51
加權指數,2024-07-09,23900.0801
台積電ADR,2024-07-09,184.52
美元兌台幣,2024-07-09,32.471
美元指數,2024-07-09,105.12
費城半導體,2024-07-09,5765.2002
那斯達克,2024-07-09,18429.2891
VIX,2024-07-10,12.85
加權指數,2024-07-10,24007.0801
台積電ADR,2024-07-10,191.05
美元兌台幣,2024-07-10,32.5075
美元指數,2024-07-10,105.05
費城半導體,2024-07-10,5904.54
那斯達克,2024-07-10,18647.4492
VIX,2024-07-11,12.92
加權指數,2024-07-11,24390.0293
台積電ADR,2024-07-11,184.5
美元兌台幣,2024-07-11,32.5869
美元指數,2024-07-11,104.44
費城半導體,2024-07-11,5699.6602
那斯達克,2024-07-11,18283.4102
VIX,2024-07-12,12.46
加權指數,2024-07-12,23916.9297
台積電ADR,2024-07-12,187.35
美元兌台幣,2024-07-12,32.3868
美元指數,2024-07-12,104.09
費城半導體,2024-07-12,5775.1899
那斯達克,2024-07-12,18398.4492
VIX,2024-07-15,13.12
加權指數,2024-07-15,23879.3594
台積電ADR,2024-07-15,185.22
美元兌台幣,2024-07-15,32.548
美元指數,2024-07-15,104.19
費城半導體,2024-07-15,5777.71
那斯達克,2024-07-15,18472.5703
VIX,2024-07-16,13.19
加權指數,2024-07-16,23997.25
台積電ADR,2024-07-16,186.04
美元兌台幣,2024-07-16,32.574
美元指數,2024-07-16,104.27
費城半導體,2024-07-16,5804.0298
那斯達克,2024-07-16,18509.3398
VIX,2024-07-17,14.48
加權指數,2024-07-17,23769.8203
台積電ADR,2024-07-17,171.2
美元兌台幣,2024-07-17,32.5633
美元指數,2024-07-17,103.75
費城半導體,2024-07-17,5408.71
那斯達克,2024-07-17,17996.9199
VIX,2024-07-18,15.93
加權指數,2024-07-18,23398.4707
台積電ADR,2024-07-18,171.87
美元兌台幣,2024-07-18,32.4908
美元指數,2024-07-18,104.17
費城半導體,2024-07-18,5436.4199
那斯達克,2024-07-18,17871.2207
VIX,2024-07-19,16.52
加權指數,2024-07-19,22869.2598
台積電ADR,2024-07-19,165.77
美元兌台幣,2024-07-19,32.639
美元指數,2024-07-19,104.4
費城半導體,2024-07-19,5267.1602
那斯達克,2024-07-19,17726.9395
VIX,2024-07-22,14.91
加權指數,2024-07-22,22256.9902
台積電ADR,2024-07-22,169.35
美元兌台幣,2024-07-22,32.781
美元指數,2024-07-22,104.31
費城半導體,2024-07-22,5477.8301
那斯達克,2024-07-22,18007.5703
VIX,2024-07-23,14.72
加權指數,2024-07-23,22871.8398
台積電ADR,2024-07-23,169.82
美元兌台幣,2024-07-23,32.8085
美元指數,2024-07-23,104.45
費城半導體,2024-07-23,5397.8999
那斯達克,2024-07-23,17997.3496
VIX,2024-07-24,18.04
台積電ADR,2024-07-24,159.8
美元兌台幣,2024-07-24,32.7513
美元指數,2024-07-24,104.39
費城半導體,2024-07-24,5105.6499
那斯達克,2024-07-24,17342.4102
VIX,2024-07-25,18.46
台積電ADR,2024-07-25,160.28
美元兌台幣,2024-07-25,32.7148
美元指數,2024-07-25,104.36
費城半導體,2024-07-25,5005.3599
那斯達克,2024-07-25,17181.7207
VIX,2024-07-26,16.39
加權指數,2024-07-26,22119.2109
台積電ADR,2024-07-26,161.94
美元兌台幣,2024-07-26,32.643
美元指數,2024-07-26,104.32
費城半導體,2024-07-26,5103.1299
那斯達克,2024-07-26,17357.8809
VIX,2024-07-29,16.6
加權指數,2024-07-29,22164.4902
台積電ADR,2024-07-29,160.01
美元兌台幣,2024-07-29,32.798
美元指數,2024-07-29,104.56
費城半導體,2024-07-29,5087.6201
那斯達克,2024-07-29,17370.1992
VIX,2024-07-30,17.69
加權指數,2024-07-30,22223.5703
台積電ADR,2024-07-30,154.54
美元兌台幣,2024-07-30,32.8493
美元指數,2024-07-30,104.55
費城半導體,2024-07-30,4890.1499
那斯達克,2024-07-30,17147.4199
VIX,2024-07-31,16.36
加權指數,2024-07-31,22199.3496
台積電ADR,2024-07-31,165.8
美元兌台幣,2024-07-31,32.7615
美元指數,2024-07-31,104.1
費城半導體,2024-07-31,5233.1802
那斯達克,2024-07-31,17599.4004
VIX,2024-08-01,18.59
加權指數,2024-08-01,22642.0996
台積電ADR,2024-08-01,158.18
美元兌台幣,2024-08-01,32.5723
美元指數,2024-08-01,104.42
費城半導體,2024-08-01,4859.5898
那斯達克,2024-08-01,17194.1504
VIX,2024-08-02,23.39
加權指數,2024-08-02,21638.0898
台積電ADR,2024-08-02,149.86
美元兌台幣,2024-08-02,32.7165
美元指數,2024-08-02,103.21
費城半導體,2024-08-02,4607.7598
那斯達克,2024-08-02,16776.1602
VIX,2024-08-05,38.57
加權指數,2024-08-05,19830.8809
台積電ADR,2024-08-05,147.95
美元兌台幣,2024-08-05,32.5889
美元指數,2024-08-05,102.69
費城半導體,2024-08-05,4519.4502
那斯達克,2024-08-05,16200.0801
VIX,2024-08-06,27.71
加權指數,2024-08-06,20501.0195
台積電ADR,2024-08-06,155.39
美元兌台幣,2024-08-06,32.679
美元指數,2024-08-06,102.97
費城半導體,2024-08-06,4567.5698
那斯達克,2024-08-06,16366.8496
VIX,2024-08-07,27.85
加權指數,2024-08-07,21295.2793
台積電ADR,2024-08-07,155.04
美元兌台幣,2024-08-07,32.778
美元指數,2024-08-07,103.2
費城半導體,2024-08-07,4426.27
那斯達克,2024-08-07,16195.8096
VIX,2024-08-08,23.79
加權指數,2024-08-08,20870.0996
台積電ADR,2024-08-08,164.55
美元兌台幣,2024-08-08,32.65
美元指數,2024-08-08,103.21
費城半導體,2024-08-08,4730.0098
那斯達克,2024-08-08,16660.0195
VIX,2024-08-09,20.37
加權指數,2024-08-09,21469.0
台積電ADR,2024-08-09,167.12
美元兌台幣,2024-08-09,32.4102
美元指數,2024-08-09,103.14
費城半導體,2024-08-09,4709.4502
那斯達克,2024-08-09,16745.3008
VIX,2024-08-12,20.71
加權指數,2024-08-12,21773.2598
台積電ADR,2024-08-12,167.63
美元兌台幣,2024-08-12,32.435
美元指數,2024-08-12,103.14
費城半導體,2024-08-12,4743.8198
那斯達克,2024-08-12,16780.6094
VIX,2024-08-13,18.12
加權指數,2024-08-13,21796.5703
台積電ADR,2024-08-13,172.34
美元兌台幣,2024-08-13,32.239
美元指數,2024-08-13,102.56
費城半導體,2024-08-13,4942.3101
那斯達克,2024-08-13,17187.6094
VIX,2024-08-14,16.19
加權指數,2024-08-14,22027.25
台積電ADR,2024-08-14,169.97
美元兌台幣,2024-08-14,32.305
美元指數,2024-08-14,102.57
費城半導體,2024-08-14,4933.3501
那斯達克,2024-08-14,17192.5996
VIX,2024-08-15,15.23
加權指數,2024-08-15,21895.1699
台積電ADR,2024-08-15,173.96
美元兌台幣,2024-08-15,31.995
美元指數,2024-08-15,102.98
費城半導體,2024-08-15,5173.3799
那斯達克,2024-08-15,17594.5
VIX,2024-08-16,14.8
加權指數,2024-08-16,22349.3301
台積電ADR,2024-08-16,174.54
美元兌台幣,2024-08-16,32.4425
美元指數,2024-08-16,102.46
費城半導體,2024-08-16,5170.25
那斯達克,2024-08-16,17631.7207
VIX,2024-08-19,14.65
加權指數,2024-08-19,22409.6309
台積電ADR,2024-08-19,175.45
美元兌台幣,2024-08-19,32.1355
美元指數,2024-08-19,101.89
費城半導體,2024-08-19,5266.5698
那斯達克,2024-08-19,17876.7695
VIX,2024-08-20,15.88
加權指數,2024-08-20,22429.0996
台積電ADR,2024-08-20,172.04
美元兌台幣,2024-08-20,31.9105
美元指數,2024-08-20,101.44
費城半導體,2024-08-20,5196.2998
那斯達克,2024-08-20,17816.9395
VIX,2024-08-21,16.27
加權指數,2024-08-21,22237.8906
台積電ADR,2024-08-21,171.44
美元兌台幣,2024-08-21,31.895
美元指數,2024-08-21,101.04
費城半導體,2024-08-21,5267.9302
那斯達克,2024-08-21,17918.9902
VIX,2024-08-22,17.55
加權指數,2024-08-22,22148.8301
台積電ADR,2024-08-22,166.44
美元兌台幣,2024-08-22,31.695
美元指數,2024-08-22,101.51
費城半導體,2024-08-22,5086.8999
那斯達克,2024-08-22,17619.3496
VIX,2024-08-23,15.86
加權指數,2024-08-23,22158.0508
台積電ADR,2024-08-23,171.28
美元兌台幣,2024-08-23,32.035
美元指數,2024-08-23,100.72
費城半導體,2024-08-23,5228.6499
那斯達克,2024-08-23,17877.7891
VIX,2024-08-26,16.15
加權指數,2024-08-26,22240.1191
台積電ADR,2024-08-26,169.07
美元兌台幣,2024-08-26,31.7545
美元指數,2024-08-26,100.85
費城半導體,2024-08-26,5097.3501
那斯達克,2024-08-26,17725.7695
VIX,2024-08-27,15.43
加權指數,2024-08-27,22185.0
台積電ADR,2024-08-27,170.55
美元兌台幣,2024-08-27,31.809
美元指數,2024-08-27,100.55
費城半導體,2024-08-27,5153.6299
那斯達克,2024-08-27,17754.8203
VIX,2024-08-28,17.11
加權指數,2024-08-28,22370.6602
台積電ADR,2024-08-28,169.2
美元兌台幣,2024-08-28,31.695
美元指數,2024-08-28,101.09
費城半導體,2024-08-28,5059.5601
那斯達克,2024-08-28,17556.0293
VIX,2024-08-29,15.65
加權指數,2024-08-29,22201.8496
台積電ADR,2024-08-29,169.15
美元兌台幣,2024-08-29,31.983
美元指數,2024-08-29,101.34
費城半導體,2024-08-29,5029.25
那斯達克,2024-08-29,17516.4297
VIX,2024-08-30,15.0
加權指數,2024-08-30,22268.0898
台積電ADR,2024-08-30,171.7
美元兌台幣,2024-08-30,31.858
美元指數,2024-08-30,101.7
費城半導體,2024-08-30,5158.8198
那斯達克,2024-08-30,17713.6191
加權指數,2024-09-02,22235.0996
美元兌台幣,2024-09-02,31.996
VIX,2024-09-03,20.72
加權指數,2024-09-03,22092.2109
台積電ADR,2024-09-03,160.49
美元兌台幣,2024-09-03,31.931
美元指數,2024-09-03,101.83
費城半導體,2024-09-03,4759.0
那斯達克,2024-09-03,17136.3008
VIX,2024-09-04,21.32
加權指數,2024-09-04,21092.75
台積電ADR,2024-09-04,160.87
美元兌台幣,2024-09-04,31.981
美元指數,2024-09-04,101.36
費城半導體,2024-09-04,4770.8501
那斯達克,2024-09-04,17084.3008
VIX,2024-09-05,19.9
加權指數,2024-09-05,21187.7109
台積電ADR,2024-09-05,163.7
美元兌台幣,2024-09-05,31.955
美元指數,2024-09-05,101.11
費城半導體,2024-09-05,4742.4199
那斯達克,2024-09-05,17127.6602
VIX,2024-09-06,22.38
加權指數,2024-09-06,21435.1895
台積電ADR,2024-09-06,156.82
美元兌台幣,2024-09-06,32.007
美元指數,2024-09-06,101.18
費城半導體,2024-09-06,4528.2202
那斯達克,2024-09-06,16690.8301
VIX,2024-09-09,19.45
加權指數,2024-09-09,21144.4395
台積電ADR,2024-09-09,162.78
美元兌台幣,2024-09-09,32.0259
美元指數,2024-09-09,101.55
費城半導體,2024-09-09,4625.7798
那斯達克,2024-09-09,16884.5996
VIX,2024-09-10,19.08
加權指數,2024-09-10,21064.0801
台積電ADR,2024-09-10,162.43
美元兌台幣,2024-09-10,32.108
美元指數,2024-09-10,101.63
費城半導體,2024-09-10,4680.6699
那斯達克,2024-09-10,17025.8809
VIX,2024-09-11,17.69
加權指數,2024-09-11,21031.0
台積電ADR,2024-09-11,170.23
美元兌台幣,2024-09-11,32.158
美元指數,2024-09-11,101.68
費城半導體,2024-09-11,4910.1699
那斯達克,2024-09-11,17395.5293
VIX,2024-09-12,17.07
加權指數,2024-09-12,21653.25
台積電ADR,2024-09-12,171.43
美元兌台幣,2024-09-12,32.107
美元指數,2024-09-12,101.37
費城半導體,2024-09-12,4898.4399
那斯達克,2024-09-12,17569.6797
VIX,2024-09-13,16.56
加權指數,2024-09-13,21759.6504
台積電ADR,2024-09-13,172.5
美元兌台幣,2024-09-13,31.923
美元指數,2024-09-13,101.11
費城半導體,2024-09-13,4980.4902
那斯達克,2024-09-13,17683.9805
VIX,2024-09-16,17.14
加權指數,2024-09-16,21850.0801
台積電ADR,2024-09-16,169.08
美元兌台幣,2024-09-16,31.938
美元指數,2024-09-16,100.76
費城半導體,2024-09-16,4910.4399
那斯達克,2024-09-16,17592.1309
VIX,2024-09-17,17.61
台積電ADR,2024-09-17,167.35
美元兌台幣,2024-09-17,31.863
美元指數,2024-09-17,100.89
費城半導體,2024-09-17,4912.1001
那斯達克,2024-09-17,17628.0605
VIX,2024-09-18,18.23
加權指數,2024-09-18,21678.8398
台積電ADR,2024-09-18,167.28
美元兌台幣,2024-09-18,31.9395
美元指數,2024-09-18,100.6
費城半導體,2024-09-18,4859.29
那斯達克,2024-09-18,17573.3008
VIX,2024-09-19,16.33
加權指數,2024-09-19,22042.6895
台積電ADR,2024-09-19,176.22
美元兌台幣,2024-09-19,31.779
美元指數,2024-09-19,100.61
費城半導體,2024-09-19,5066.6499
那斯達克,2024-09-19,18013.9805
VIX,2024-09-20,16.15
加權指數,2024-09-20,22159.4199
台積電ADR,2024-09-20,174.08
美元兌台幣,2024-09-20,31.768
美元指數,2024-09-20,100.72
費城半導體,2024-09-20,5000.0601
那斯達克,2024-09-20,17948.3203
VIX,2024-09-23,15.89
加權指數,2024-09-23,22285.5293
台積電ADR,2024-09-23,174.76
美元兌台幣,2024-09-23,31.989
美元指數,2024-09-23,100.92
費城半導體,2024-09-23,5025.8101
那斯達克,2024-09-23,17974.2695
VIX,2024-09-24,15.39
加權指數,2024-09-24,22431.7793
台積電ADR,2024-09-24,181.97
美元兌台幣,2024-09-24,31.933
美元指數,2024-09-24,100.37
費城半導體,2024-09-24,5091.7798
那斯達克,2024-09-24,18074.5195
VIX,2024-09-25,15.41
加權指數,2024-09-25,22761.5996
台積電ADR,2024-09-25,182.35
美元兌台幣,2024-09-25,31.7
美元指數,2024-09-25,100.92
費城半導體,2024-09-25,5132.52
那斯達克,2024-09-25,18082.2109
VIX,2024-09-26,15.37
加權指數,2024-09-26,22858.8105
台積電ADR,2024-09-26,186.83
美元兌台幣,2024-09-26,31.863
美元指數,2024-09-26,100.56
費城半導體,2024-09-26,5310.5
那斯達克,2024-09-26,18190.2891
VIX,2024-09-27,16.96
加權指數,2024-09-27,22822.7891
台積電ADR,2024-09-27,177.97
美元兌台幣,2024-09-27,31.46
美元指數,2024-09-27,100.42
費城半導體,2024-09-27,5217.23
那斯達克,2024-09-27,18119.5898
VIX,2024-09-30,16.73
加權指數,2024-09-30,22224.5391
台積電ADR,2024-09-30,173.67
美元兌台幣,2024-09-30,31.575
美元指數,2024-09-30,100.78
費城半導體,2024-09-30,5173.0601
那斯達克,2024-09-30,18189.1699
VIX,2024-10-01,19.26
加權指數,2024-10-01,22390.3906
台積電ADR,2024-10-01,172.07
美元兌台幣,2024-10-01,31.58
美元指數,2024-10-01,101.19
費城半導體,2024-10-01,5024.9399
那斯達克,2024-10-01,17910.3594
VIX,2024-10-02,18.9
台積電ADR,2024-10-02,175.8
美元兌台幣,2024-10-02,31.762
美元指數,2024-10-02,101.68
費城半導體,2024-10-02,5099.2002
那斯達克,2024-10-02,17925.1191
VIX,2024-10-03,20.49
台積電ADR,2024-10-03,179.48
美元兌台幣,2024-10-03,31.812
美元指數,2024-10-03,101.99
費城半導體,2024-10-03,5125.21
那斯達克,2024-10-03,17918.4805
VIX,2024-10-04,19.21
加權指數,2024-10-04,22302.7109
台積電ADR,2024-10-04,181.16
美元兌台幣,2024-10-04,32.018
美元指數,2024-10-04,102.52
費城半導體,2024-10-04,5206.8398
那斯達克,2024-10-04,18137.8496
VIX,2024-10-07,22.64
加權指數,2024-10-07,22702.5605
台積電ADR,2024-10-07,184.51
美元兌台幣,2024-10-07,32.34
美元指數,2024-10-07,102.54
費城半導體,2024-10-07,5196.7998
那斯達克,2024-10-07,17923.9004
VIX,2024-10-08,21.42
加權指數,2024-10-08,22611.3906
台積電ADR,2024-10-08,186.05
美元兌台幣,2024-10-08,32.1218
美元指數,2024-10-08,102.55
費城半導體,2024-10-08,5266.1001
那斯達克,2024-10-08,18182.9199
VIX,2024-10-09,20.86
加權指數,2024-10-09,22659.0801
台積電ADR,2024-10-09,187.14
美元兌台幣,2024-10-09,32.17
美元指數,2024-10-09,102.93
費城半導體,2024-10-09,5321.8999
那斯達克,2024-10-09,18291.6191
VIX,2024-10-10,20.93
台積電ADR,2024-10-10,185.78
美元兌台幣,2024-10-10,32.2275
美元指數,2024-10-10,102.99
費城半導體,2024-10-10,5293.9399
那斯達克,2024-10-10,18282.0508
VIX,2024-10-11,20.46
加權指數,2024-10-11,22901.6406
台積電ADR,2024-10-11,190.81
美元兌台幣,2024-10-11,32.1955
美元指數,2024-10-11,102.89
費城半導體,2024-10-11,5335.9399
那斯達克,2024-10-11,18342.9395
VIX,2024-10-14,19.7
加權指數,2024-10-14,22975.2891
台積電ADR,2024-10-14,192.21
美元兌台幣,2024-10-14,32.13
美元指數,2024-10-14,103.3
費城半導體,2024-10-14,5432.21
那斯達克,2024-10-14,18502.6895
VIX,2024-10-15,20.64
加權指數,2024-10-15,23292.0391
台積電ADR,2024-10-15,187.13
美元兌台幣,2024-10-15,32.152
美元指數,2024-10-15,103.26
費城半導體,2024-10-15,5145.21
那斯達克,2024-10-15,18315.5898
VIX,2024-10-16,19.58
加權指數,2024-10-16,23010.9805
台積電ADR,2024-10-16,187.48
美元兌台幣,2024-10-16,32.171
美元指數,2024-10-16,103.59
費城半導體,2024-10-16,5155.8599
那斯達克,2024-10-16,18367.0801
VIX,2024-10-17,19.11
加權指數,2024-10-17,23053.8398
台積電ADR,2024-10-17,205.84
美元兌台幣,2024-10-17,32.135
美元指數,2024-10-17,103.83
費城半導體,2024-10-17,5204.8101
那斯達克,2024-10-17,18373.6094
VIX,2024-10-18,18.03
加權指數,2024-10-18,23487.2695
台積電ADR,2024-10-18,200.78
美元兌台幣,2024-10-18,32.068
美元指數,2024-10-18,103.49
費城半導體,2024-10-18,5208.6201
那斯達克,2024-10-18,18489.5508
VIX,2024-10-21,18.37
加權指數,2024-10-21,23542.5293
台積電ADR,2024-10-21,201.95
美元兌台幣,2024-10-21,32.042
美元指數,2024-10-21,104.01
費城半導體,2024-10-21,5215.21
那斯達克,2024-10-21,18540.0098
VIX,2024-10-22,18.2
加權指數,2024-10-22,23535.4297
台積電ADR,2024-10-22,198.48
美元兌台幣,2024-10-22,32.051
美元指數,2024-10-22,104.08
費城半導體,2024-10-22,5190.71
那斯達克,2024-10-22,18579.7695
VIX,2024-10-23,19.24
加權指數,2024-10-23,23334.7598
台積電ADR,2024-10-23,200.86
美元兌台幣,2024-10-23,32.014
美元指數,2024-10-23,104.43
費城半導體,2024-10-23,5131.3701
那斯達克,2024-10-23,18276.6504
VIX,2024-10-24,19.08
加權指數,2024-10-24,23192.5195
台積電ADR,2024-10-24,197.93
美元兌台幣,2024-10-24,32.004
美元指數,2024-10-24,104.06
費城半導體,2024-10-24,5157.6099
那斯達克,2024-10-24,18415.4902
VIX,2024-10-25,20.33
加權指數,2024-10-25,23348.4492
台積電ADR,2024-10-25,203.44
美元兌台幣,2024-10-25,31.9838
美元指數,2024-10-25,104.26
費城半導體,2024-10-25,5212.8301
那斯達克,2024-10-25,18518.6094
VIX,2024-10-28,19.8
加權指數,2024-10-28,23198.0703
台積電ADR,2024-10-28,194.68
美元兌台幣,2024-10-28,32.0638
美元指數,2024-10-28,104.32
費城半導體,2024-10-28,5211.6699
那斯達克,2024-10-28,18567.1895
VIX,2024-10-29,19.34
加權指數,2024-10-29,22926.5898
台積電ADR,2024-10-29,196.94
美元兌台幣,2024-10-29,32.0138
美元指數,2024-10-29,104.28
費城半導體,2024-10-29,5332.1699
那斯達克,2024-10-29,18712.75
VIX,2024-10-30,20.35
加權指數,2024-10-30,22820.4297
台積電ADR,2024-10-30,194.48
美元兌台幣,2024-10-30,32.003
美元指數,2024-10-30,103.99
費城半導體,2024-10-30,5153.4902
那斯達克,2024-10-30,18607.9297
VIX,2024-10-31,23.16
台積電ADR,2024-10-31,190.54
美元兌台幣,2024-10-31,31.8655
美元指數,2024-10-31,103.98
費城半導體,2024-10-31,4946.75
那斯達克,2024-10-31,18095.1504
VIX,2024-11-01,21.88
加權指數,2024-11-01,22780.0801
台積電ADR,2024-11-01,192.95
美元兌台幣,2024-11-01,31.8628
美元指數,2024-11-01,104.28
費城半導體,2024-11-01,5001.4302
那斯達克,2024-11-01,18239.9199
VIX,2024-11-04,21.98
加權指數,2024-11-04,22965.3906
台積電ADR,2024-11-04,191.56
美元兌台幣,2024-11-04,31.9228
美元指數,2024-11-04,103.89
費城半導體,2024-11-04,4974.0
那斯達克,2024-11-04,18179.9805
VIX,2024-11-05,20.49
加權指數,2024-11-05,23106.7891
台積電ADR,2024-11-05,195.76
美元兌台幣,2024-11-05,31.912
美元指數,2024-11-05,103.42
費城半導體,2024-11-05,5057.8301
那斯達克,2024-11-05,18439.1699
VIX,2024-11-06,16.27
加權指數,2024-11-06,23217.3809
台積電ADR,2024-11-06,193.22
美元兌台幣,2024-11-06,31.8223
美元指數,2024-11-06,105.09
費城半導體,2024-11-06,5215.5698
那斯達克,2024-11-06,18983.4707
VIX,2024-11-07,15.2
加權指數,2024-11-07,23408.8203
台積電ADR,2024-11-07,201.19
美元兌台幣,2024-11-07,32.3346
美元指數,2024-11-07,104.51
費城半導體,2024-11-07,5333.9902
那斯達克,2024-11-07,19269.4609
VIX,2024-11-08,14.94
加權指數,2024-11-08,23553.8906
台積電ADR,2024-11-08,201.2
美元兌台幣,2024-11-08,32.034
美元指數,2024-11-08,105.0
費城半導體,2024-11-08,5290.52
那斯達克,2024-11-08,19286.7793
VIX,2024-11-11,14.97
加權指數,2024-11-11,23529.6406
台積電ADR,2024-11-11,194.05
美元兌台幣,2024-11-11,32.235
美元指數,2024-11-11,105.54
費城半導體,2024-11-11,5156.3901
那斯達克,2024-11-11,19298.7598
VIX,2024-11-12,14.71
加權指數,2024-11-12,22981.7695
台積電ADR,2024-11-12,191.77
美元兌台幣,2024-11-12,32.3748
美元指數,2024-11-12,106.02
費城半導體,2024-11-12,5108.6401
那斯達克,2024-11-12,19281.4004
VIX,2024-11-13,14.02
加權指數,2024-11-13,22860.2305
台積電ADR,2024-11-13,186.66
美元兌台幣,2024-11-13,32.4148
美元指數,2024-11-13,106.48
費城半導體,2024-11-13,5006.29
那斯達克,2024-11-13,19230.7207
VIX,2024-11-14,14.31
加權指數,2024-11-14,22715.3809
台積電ADR,2024-11-14,188.5
美元兌台幣,2024-11-14,32.408
美元指數,2024-11-14,106.67
費城半導體,2024-11-14,5004.5898
那斯達克,2024-11-14,19107.6504
VIX,2024-11-15,16.14
加權指數,2024-11-15,22742.7695
台積電ADR,2024-11-15,186.01
美元兌台幣,2024-11-15,32.5372
美元指數,2024-11-15,106.69
費城半導體,2024-11-15,4833.5898
那斯達克,2024-11-15,18680.1191
VIX,2024-11-18,15.58
加權指數,2024-11-18,22546.5391
台積電ADR,2024-11-18,187.48
美元兌台幣,2024-11-18,32.4618
美元指數,2024-11-18,106.28
費城半導體,2024-11-18,4888.77
那斯達克,2024-11-18,18791.8105
VIX,2024-11-19,16.35
加權指數,2024-11-19,22848.8008
台積電ADR,2024-11-19,189.67
美元兌台幣,2024-11-19,32.4423
美元指數,2024-11-19,106.21
費城半導體,2024-11-19,4919.1602
那斯達克,2024-11-19,18987.4707
VIX,2024-11-20,17.16
加權指數,2024-11-20,22688.3594
台積電ADR,2024-11-20,188.36
美元兌台幣,2024-11-20,32.3255
美元指數,2024-11-20,106.68
費城半導體,2024-11-20,4884.25
那斯達克,2024-11-20,18966.1406
VIX,2024-11-21,16.87
加權指數,2024-11-21,22555.6602
台積電ADR,2024-11-21,191.24
美元兌台幣,2024-11-21,32.4715
美元指數,2024-11-21,106.97
費城半導體,2024-11-21,4963.0498
那斯達克,2024-11-21,18972.4199
VIX,2024-11-22,15.24
加權指數,2024-11-22,22904.3203
台積電ADR,2024-11-22,190.08
美元兌台幣,2024-11-22,32.5053
美元指數,2024-11-22,107.49
費城半導體,2024-11-22,4955.7998
那斯達克,2024-11-22,19003.6504
VIX,2024-11-25,14.6
加權指數,2024-11-25,22948.3691
台積電ADR,2024-11-25,185.08
美元兌台幣,2024-11-25,32.5685
美元指數,2024-11-25,106.82
費城半導體,2024-11-25,4987.9199
那斯達克,2024-11-25,19054.8398
VIX,2024-11-26,14.1
加權指數,2024-11-26,22678.7598
台積電ADR,2024-11-26,183.84
美元兌台幣,2024-11-26,32.332
美元指數,2024-11-26,107.01
費城半導體,2024-11-26,4927.5601
那斯達克,2024-11-26,19174.3008
VIX,2024-11-27,14.1
加權指數,2024-11-27,22334.7793
台積電ADR,2024-11-27,181.19
美元兌台幣,2024-11-27,32.405
美元指數,2024-11-27,106.08
費城半導體,2024-11-27,4853.0098
那斯達克,2024-11-27,19060.4805
加權指數,2024-11-28,22298.9004
美元兌台幣,2024-11-28,32.4148
VIX,2024-11-29,13.51
加權指數,2024-11-29,22262.5
台積電ADR,2024-11-29,184.66
美元兌台幣,2024-11-29,32.4943
美元指數,2024-11-29,105.74
費城半導體,2024-11-29,4926.5601
那斯達克,2024-11-29,19218.1699
VIX,2024-12-02,13.34
加權指數,2024-12-02,22736.9297
台積電ADR,2024-12-02,194.4
美元兌台幣,2024-12-02,32.439
美元指數,2024-12-02,106.45
費城半導體,2024-12-02,5055.3198
那斯達克,2024-12-02,19403.9492
VIX,2024-12-03,13.3
加權指數,2024-12-03,23027.4609
台積電ADR,2024-12-03,198.89
美元兌台幣,2024-12-03,32.5915
美元指數,2024-12-03,106.37
費城半導體,2024-12-03,5035.8599
那斯達克,2024-12-03,19480.9102
VIX,2024-12-04,13.45
加權指數,2024-12-04,23255.3301
台積電ADR,2024-12-04,200.69
美元兌台幣,2024-12-04,32.464
美元指數,2024-12-04,106.34
費城半導體,2024-12-04,5121.7798
那斯達克,2024-12-04,19735.1191
VIX,2024-12-05,13.54
加權指數,2024-12-05,23267.9395
台積電ADR,2024-12-05,204.3
美元兌台幣,2024-12-05,32.313
美元指數,2024-12-05,105.71
費城半導體,2024-12-05,5026.3701
那斯達克,2024-12-05,19700.2598
VIX,2024-12-06,12.77
加權指數,2024-12-06,23193.2695
台積電ADR,2024-12-06,203.02
美元兌台幣,2024-12-06,32.3228
美元指數,2024-12-06,105.97
費城半導體,2024-12-06,5061.2998
那斯達克,2024-12-06,19859.7695
VIX,2024-12-09,14.19
加權指數,2024-12-09,23273.25
台積電ADR,2024-12-09,199.17
美元兌台幣,2024-12-09,32.388
美元指數,2024-12-09,106.15
費城半導體,2024-12-09,5018.8398
那斯達克,2024-12-09,19736.6895
VIX,2024-12-10,14.18
加權指數,2024-12-10,23125.0801
台積電ADR,2024-12-10,191.94
美元兌台幣,2024-12-10,32.3708
美元指數,2024-12-10,106.4
費城半導體,2024-12-10,4894.7002
那斯達克,2024-12-10,19687.2402
VIX,2024-12-11,13.58
加權指數,2024-12-11,22903.6309
台積電ADR,2024-12-11,194.6
美元兌台幣,2024-12-11,32.5238
美元指數,2024-12-11,106.71
費城半導體,2024-12-11,5027.7998
那斯達克,2024-12-11,20034.8906
VIX,2024-12-12,13.92
加權指數,2024-12-12,23046.8008
台積電ADR,2024-12-12,191.46
美元兌台幣,2024-12-12,32.4858
美元指數,2024-12-12,106.96
費城半導體,2024-12-12,4982.1899
那斯達克,2024-12-12,19902.8398
VIX,2024-12-13,13.81
加權指數,2024-12-13,23020.4805
台積電ADR,2024-12-13,200.99
美元兌台幣,2024-12-13,32.466
美元指數,2024-12-13,107.0
費城半導體,2024-12-13,5149.7798
那斯達克,2024-12-13,19926.7207
VIX,2024-12-16,14.69
加權指數,2024-12-16,23039.9004
台積電ADR,2024-12-16,202.22
美元兌台幣,2024-12-16,32.4983
美元指數,2024-12-16,106.86
費城半導體,2024-12-16,5256.0601
那斯達克,2024-12-16,20173.8906
VIX,2024-12-17,15.87
加權指數,2024-12-17,23018.0098
台積電ADR,2024-12-17,200.66
美元兌台幣,2024-12-17,32.417
美元指數,2024-12-17,106.96
費城半導體,2024-12-17,5169.79
那斯達克,2024-12-17,20109.0605
VIX,2024-12-18,27.62
加權指數,2024-12-18,23168.6699
台積電ADR,2024-12-18,195.56
美元兌台幣,2024-12-18,32.4298
美元指數,2024-12-18,108.03
費城半導體,2024-12-18,4970.98
那斯達克,2024-12-18,19392.6895
VIX,2024-12-19,24.09
加權指數,2024-12-19,22932.25
台積電ADR,2024-12-19,194.64
美元兌台幣,2024-12-19,32.678
美元指數,2024-12-19,108.41
費城半導體,2024-12-19,4893.4702
那斯達克,2024-12-19,19372.7695
VIX,2024-12-20,18.36
加權指數,2024-12-20,22510.25
台積電ADR,2024-12-20,197.21
美元兌台幣,2024-12-20,32.63
美元指數,2024-12-20,107.62
費城半導體,2024-12-20,4964.9102
那斯達克,2024-12-20,19572.5996
VIX,2024-12-23,16.78
加權指數,2024-12-23,23104.5391
台積電ADR,2024-12-23,207.36
美元兌台幣,2024-12-23,32.616
美元指數,2024-12-23,108.04
費城半導體,2024-12-23,5118.75
那斯達克,2024-12-23,19764.8809
VIX,2024-12-24,14.27
加權指數,2024-12-24,23120.2402
台積電ADR,2024-12-24,206.33
美元兌台幣,2024-12-24,32.608
美元指數,2024-12-24,108.26
費城半導體,2024-12-24,5173.5601
那斯達克,2024-12-24,20031.1309
加權指數,2024-12-25,23220.1309
美元兌台幣,2024-12-25,32.614
VIX,2024-12-26,14.73
加權指數,2024-12-26,23246.9395
台積電ADR,2024-12-26,203.06
美元兌台幣,2024-12-26,32.7079
美元指數,2024-12-26,108.13
費城半導體,2024-12-26,5175.3101
那斯達克,2024-12-26,20020.3594
VIX,2024-12-27,15.95
加權指數,2024-12-27,23275.6797
台積電ADR,2024-12-27,201.63
美元兌台幣,2024-12-27,32.7215
美元指數,2024-12-27,108.0
費城半導體,2024-12-27,5122.9702
那斯達克,2024-12-27,19722.0293
VIX,2024-12-30,17.4
加權指數,2024-12-30,23190.1992
台積電ADR,2024-12-30,200.39
美元兌台幣,2024-12-30,32.8085
美元指數,2024-12-30,108.13
費城半導體,2024-12-30,5026.5098
那斯達克,2024-12-30,19486.7891
VIX,2024-12-31,17.35
加權指數,2024-12-31,23035.0996
台積電ADR,2024-12-31,197.49
美元兌台幣,2024-12-31,32.76
美元指數,2024-12-31,108.49
費城半導體,2024-12-31,4979.9302
那斯達克,2024-12-31,19310.7891
VIX,2025-01-02,17.93
加權指數,2025-01-02,22832.0605
台積電ADR,2025-01-02,201.58
美元兌台幣,2025-01-02,32.801
美元指數,2025-01-02,109.39
費城半導體,2025-01-02,5021.5
那斯達克,2025-01-02,19280.7891
VIX,2025-01-03,16.13
加權指數,2025-01-03,22908.3008
台積電ADR,2025-01-03,208.61
美元兌台幣,2025-01-03,32.8698
美元指數,2025-01-03,108.95
費城半導體,2025-01-03,5163.6499
那斯達克,2025-01-03,19621.6797
VIX,2025-01-06,16.04
加權指數,2025-01-06,23547.7109
台積電ADR,2025-01-06,220.01
美元兌台幣,2025-01-06,32.9123
美元指數,2025-01-06,108.26
費城半導體,2025-01-06,5310.1401
那斯達克,2025-01-06,19864.9805
VIX,2025-01-07,17.82
加權指數,2025-01-07,23651.2695
台積電ADR,2025-01-07,211.42
美元兌台幣,2025-01-07,32.7358
美元指數,2025-01-07,108.54
費城半導體,2025-01-07,5212.25
那斯達克,2025-01-07,19489.6797
VIX,2025-01-08,17.7
加權指數,2025-01-08,23407.3301
台積電ADR,2025-01-08,207.12
美元兌台幣,2025-01-08,32.7245
美元指數,2025-01-08,109.09
費城半導體,2025-01-08,5162.3501
那斯達克,2025-01-08,19478.8809
加權指數,2025-01-09,23081.1309
美元兌台幣,2025-01-09,32.9203
美元指數,2025-01-09,109.18
VIX,2025-01-10,19.54
加權指數,2025-01-10,23011.8594
台積電ADR,2025-01-10,208.37
美元兌台幣,2025-01-10,32.831
美元指數,2025-01-10,109.65
費城半導體,2025-01-10,5037.4702
那斯達克,2025-01-10,19161.6309
VIX,2025-01-13,19.19
加權指數,2025-01-13,22488.3301
台積電ADR,2025-01-13,201.36
美元兌台幣,2025-01-13,33.0963
美元指數,2025-01-13,109.96
費城半導體,2025-01-13,5020.04
那斯達克,2025-01-13,19088.0996
VIX,2025-01-14,18.71
加權指數,2025-01-14,22797.5195
台積電ADR,2025-01-14,201.45
美元兌台幣,2025-01-14,33.0545
美元指數,2025-01-14,109.27
費城半導體,2025-01-14,5045.9502
那斯達克,2025-01-14,19044.3906
VIX,2025-01-15,16.12
加權指數,2025-01-15,22514.5703
台積電ADR,2025-01-15,206.8
美元兌台幣,2025-01-15,32.9524
美元指數,2025-01-15,109.09
費城半導體,2025-01-15,5153.6699
那斯達克,2025-01-15,19511.2305
VIX,2025-01-16,16.6
加權指數,2025-01-16,23025.0996
台積電ADR,2025-01-16,214.79
美元兌台幣,2025-01-16,32.796
美元指數,2025-01-16,108.96
費城半導體,2025-01-16,5162.96
那斯達克,2025-01-16,19338.2891
VIX,2025-01-17,15.97
加權指數,2025-01-17,23148.0801
台積電ADR,2025-01-17,211.5
美元兌台幣,2025-01-17,32.843
美元指數,2025-01-17,109.35
費城半導體,2025-01-17,5309.7402
那斯達克,2025-01-17,19630.1992
加權指數,2025-01-20,23266.8203
美元兌台幣,2025-01-20,32.91
VIX,2025-01-21,15.06
加權指數,2025-01-21,23300.0098
台積電ADR,2025-01-21,218.7
美元兌台幣,2025-01-21,32.316
美元指數,2025-01-21,108.06
費城半導體,2025-01-21,5378.5
那斯達克,2025-01-21,19756.7793
VIX,2025-01-22,15.1
加權指數,2025-01-22,23525.4102
台積電ADR,2025-01-22,223.2
美元兌台幣,2025-01-22,32.584
美元指數,2025-01-22,108.17
費城半導體,2025-01-22,5469.29
那斯達克,2025-01-22,20009.3398
VIX,2025-01-23,15.02
台積電ADR,2025-01-23,224.62
美元兌台幣,2025-01-23,32.581
美元指數,2025-01-23,108.05
費城半導體,2025-01-23,5444.6899
那斯達克,2025-01-23,20053.6797
VIX,2025-01-24,14.85
台積電ADR,2025-01-24,221.88
美元兌台幣,2025-01-24,32.6404
美元指數,2025-01-24,107.44
費城半導體,2025-01-24,5341.9399
那斯達克,2025-01-24,19954.3008
VIX,2025-01-27,17.9
台積電ADR,2025-01-27,192.31
美元兌台幣,2025-01-27,32.7333
美元指數,2025-01-27,107.34
費城半導體,2025-01-27,4853.2402
那斯達克,2025-01-27,19341.8301
VIX,2025-01-28,16.41
台積電ADR,2025-01-28,202.4
美元兌台幣,2025-01-28,32.9063
美元指數,2025-01-28,107.87
費城半導體,2025-01-28,4907.0298
那斯達克,2025-01-28,19733.5898
VIX,2025-01-29,16.56
台積電ADR,2025-01-29,202.33
美元兌台幣,2025-01-29,32.8651
美元指數,2025-01-29,108.0
費城半導體,2025-01-29,4918.1001
那斯達克,2025-01-29,19632.3203
VIX,2025-01-30,15.84
台積電ADR,2025-01-30,208.15
美元兌台幣,2025-01-30,32.713
美元指數,2025-01-30,107.8
費城半導體,2025-01-30,5030.5298
那斯達克,2025-01-30,19681.75
VIX,2025-01-31,16.43
台積電ADR,2025-01-31,209.32
美元兌台幣,2025-01-31,32.9385
美元指數,2025-01-31,108.37
費城半導體,2025-01-31,5015.8501
那斯達克,2025-01-31,19627.4395
VIX,2025-02-03,18.62
加權指數,2025-02-03,22694.7109
台積電ADR,2025-02-03,199.8
美元兌台幣,2025-02-03,32.828
美元指數,2025-02-03,108.99
費城半導體,2025-02-03,4924.8101
那斯達克,2025-02-03,19391.9609
VIX,2025-02-04,17.21
加權指數,2025-02-04,22793.9609
台積電ADR,2025-02-04,204.05
美元兌台幣,2025-02-04,32.987
美元指數,2025-02-04,107.96
費城半導體,2025-02-04,4976.5898
那斯達克,2025-02-04,19654.0195
VIX,2025-02-05,15.77
加權指數,2025-02-05,23161.5801
台積電ADR,2025-02-05,208.57
美元兌台幣,2025-02-05,32.8916
美元指數,2025-02-05,107.58
費城半導體,2025-02-05,5091.5
那斯達克,2025-02-05,19692.3301
VIX,2025-02-06,15.5
加權指數,2025-02-06,23316.5996
台積電ADR,2025-02-06,210.5
美元兌台幣,2025-02-06,32.8218
美元指數,2025-02-06,107.69
費城半導體,2025-02-06,5092.5898
那斯達克,2025-02-06,19791.9902
VIX,2025-02-07,16.54
加權指數,2025-02-07,23478.2695
台積電ADR,2025-02-07,206.12
美元兌台幣,2025-02-07,32.796
美元指數,2025-02-07,108.04
費城半導體,2025-02-07,5009.3398
那斯達克,2025-02-07,19523.4004
VIX,2025-02-10,15.81
加權指數,2025-02-10,23252.1406
台積電ADR,2025-02-10,207.95
美元兌台幣,2025-02-10,32.8279
美元指數,2025-02-10,108.32
費城半導體,2025-02-10,5082.6699
那斯達克,2025-02-10,19714.2695
VIX,2025-02-11,16.02
加權指數,2025-02-11,23384.0508
台積電ADR,2025-02-11,208.74
美元兌台幣,2025-02-11,32.8654
美元指數,2025-02-11,107.96
費城半導體,2025-02-11,5079.9702
那斯達克,2025-02-11,19643.8594
VIX,2025-02-12,15.89
加權指數,2025-02-12,23289.75
台積電ADR,2025-02-12,206.38
美元兌台幣,2025-02-12,32.8033
美元指數,2025-02-12,107.94
費城半導體,2025-02-12,5090.79
那斯達克,2025-02-12,19649.9492
VIX,2025-02-13,15.1
加權指數,2025-02-13,23399.4102
台積電ADR,2025-02-13,201.83
美元兌台幣,2025-02-13,32.8558
美元指數,2025-02-13,107.31
費城半導體,2025-02-13,5156.3901
那斯達克,2025-02-13,19945.6406
VIX,2025-02-14,14.77
加權指數,2025-02-14,23152.6094
台積電ADR,2025-02-14,203.9
美元兌台幣,2025-02-14,32.6153
美元指數,2025-02-14,106.57
費城半導體,2025-02-14,5160.9399
那斯達克,2025-02-14,20026.7695
加權指數,2025-02-17,23505.3301
美元兌台幣,2025-02-17,32.6655
VIX,2025-02-18,15.35
加權指數,2025-02-18,23666.1094
台積電ADR,2025-02-18,202.74
美元兌台幣,2025-02-18,32.7066
美元指數,2025-02-18,107.05
費城半導體,2025-02-18,5247.8599
那斯達克,2025-02-18,20041.2598
VIX,2025-02-19,15.27
加權指數,2025-02-19,23604.0801
台積電ADR,2025-02-19,200.95
美元兌台幣,2025-02-19,32.7213
美元指數,2025-02-19,107.17
費城半導體,2025-02-19,5309.6899
那斯達克,2025-02-19,20056.25
VIX,2025-02-20,15.66
加權指數,2025-02-20,23487.4609
台積電ADR,2025-02-20,200.1
美元兌台幣,2025-02-20,32.7462
美元指數,2025-02-20,106.34
費城半導體,2025-02-20,5310.6299
那斯達克,2025-02-20,19962.3594
VIX,2025-02-21,18.21
加權指數,2025-02-21,23730.25
台積電ADR,2025-02-21,198.24
美元兌台幣,2025-02-21,32.6933
美元指數,2025-02-21,106.61
費城半導體,2025-02-21,5136.5898
那斯達克,2025-02-21,19524.0098
VIX,2025-02-24,18.98
加權指數,2025-02-24,23565.3105
台積電ADR,2025-02-24,191.65
美元兌台幣,2025-02-24,32.773
美元指數,2025-02-24,106.6
費城半導體,2025-02-24,5003.54
那斯達克,2025-02-24,19286.9297
VIX,2025-02-25,19.43
加權指數,2025-02-25,23285.7207
台積電ADR,2025-02-25,189.37
美元兌台幣,2025-02-25,32.6997
美元指數,2025-02-25,106.31
費城半導體,2025-02-25,4888.8799
那斯達克,2025-02-25,19026.3906
VIX,2025-02-26,19.1
加權指數,2025-02-26,23402.5508
台積電ADR,2025-02-26,194.62
美元兌台幣,2025-02-26,32.7783
美元指數,2025-02-26,106.42
費城半導體,2025-02-26,4990.8198
那斯達克,2025-02-26,19075.2598
VIX,2025-02-27,21.13
加權指數,2025-02-27,23053.1797
台積電ADR,2025-02-27,181.09
美元兌台幣,2025-02-27,32.7503
美元指數,2025-02-27,107.24
費城半導體,2025-02-27,4686.75
那斯達克,2025-02-27,18544.4199
VIX,2025-02-28,19.63
台積電ADR,2025-02-28,180.53
美元兌台幣,2025-02-28,32.9017
美元指數,2025-02-28,107.61
費城半導體,2025-02-28,4766.75
那斯達克,2025-02-28,18847.2793
VIX,2025-03-03,22.78
加權指數,2025-03-03,22756.25
台積電ADR,2025-03-03,172.97
美元兌台幣,2025-03-03,32.905
美元指數,2025-03-03,106.75
費城半導體,2025-03-03,4575.3701
那斯達克,2025-03-03,18350.1895
VIX,2025-03-04,23.51
加權指數,2025-03-04,22596.8809
台積電ADR,2025-03-04,180.0
美元兌台幣,2025-03-04,32.8889
美元指數,2025-03-04,105.74
費城半導體,2025-03-04,4604.5098
那斯達克,2025-03-04,18285.1602
VIX,2025-03-05,21.93
加權指數,2025-03-05,22871.9004
台積電ADR,2025-03-05,184.28
美元兌台幣,2025-03-05,32.7948
美元指數,2025-03-05,105.74
費城半導體,2025-03-05,4700.79
那斯達克,2025-03-05,18552.7305
VIX,2025-03-06,24.87
加權指數,2025-03-06,22715.4297
台積電ADR,2025-03-06,175.85
美元兌台幣,2025-03-06,32.8011
美元指數,2025-03-06,104.06
費城半導體,2025-03-06,4487.8501
那斯達克,2025-03-06,18069.2598
VIX,2025-03-07,23.37
加權指數,2025-03-07,22576.0703
台積電ADR,2025-03-07,177.1
美元兌台幣,2025-03-07,32.8579
美元指數,2025-03-07,103.84
費城半導體,2025-03-07,4629.5898
那斯達克,2025-03-07,18196.2207
VIX,2025-03-10,27.86
加權指數,2025-03-10,22459.1504
台積電ADR,2025-03-10,170.65
美元兌台幣,2025-03-10,32.827
美元指數,2025-03-10,103.91
費城半導體,2025-03-10,4405.0898
那斯達克,2025-03-10,17468.3203
VIX,2025-03-11,26.92
加權指數,2025-03-11,22071.0898
台積電ADR,2025-03-11,170.97
美元兌台幣,2025-03-11,32.8666
美元指數,2025-03-11,103.44
費城半導體,2025-03-11,4374.0698
那斯達克,2025-03-11,17436.0996
VIX,2025-03-12,24.23
加權指數,2025-03-12,22278.3594
台積電ADR,2025-03-12,177.17
美元兌台幣,2025-03-12,32.8688
美元指數,2025-03-12,103.61
費城半導體,2025-03-12,4481.02
那斯達克,2025-03-12,17648.4492
VIX,2025-03-13,24.66
加權指數,2025-03-13,21961.6797
台積電ADR,2025-03-13,171.59
美元兌台幣,2025-03-13,32.9063
美元指數,2025-03-13,103.83
費城半導體,2025-03-13,4453.2402
那斯達克,2025-03-13,17303.0098
VIX,2025-03-14,21.77
加權指數,2025-03-14,21968.0508
台積電ADR,2025-03-14,174.09
美元兌台幣,2025-03-14,32.9684
美元指數,2025-03-14,103.72
費城半導體,2025-03-14,4598.79
那斯達克,2025-03-14,17754.0898
VIX,2025-03-17,20.51
加權指數,2025-03-17,22118.6309
台積電ADR,2025-03-17,176.24
美元兌台幣,2025-03-17,32.926
美元指數,2025-03-17,103.37
費城半導體,2025-03-17,4663.9702
那斯達克,2025-03-17,17808.6602
VIX,2025-03-18,21.7
加權指數,2025-03-18,22271.6699
台積電ADR,2025-03-18,173.13
美元兌台幣,2025-03-18,32.9564
美元指數,2025-03-18,103.24
費城半導體,2025-03-18,4589.0298
那斯達克,2025-03-18,17504.1191
VIX,2025-03-19,19.9
加權指數,2025-03-19,21960.8301
台積電ADR,2025-03-19,173.76
美元兌台幣,2025-03-19,32.9792
美元指數,2025-03-19,103.43
費城半導體,2025-03-19,4634.5298
那斯達克,2025-03-19,17750.7891
VIX,2025-03-20,19.8
加權指數,2025-03-20,22377.2598
台積電ADR,2025-03-20,177.47
美元兌台幣,2025-03-20,33.0033
美元指數,2025-03-20,103.85
費城半導體,2025-03-20,4601.3701
那斯達克,2025-03-20,17691.6309
VIX,2025-03-21,19.28
加權指數,2025-03-21,22209.0996
台積電ADR,2025-03-21,176.73
美元兌台幣,2025-03-21,32.9873
美元指數,2025-03-21,104.09
費城半導體,2025-03-21,4557.9502
那斯達克,2025-03-21,17784.0508
VIX,2025-03-24,17.48
加權指數,2025-03-24,22106.6406
台積電ADR,2025-03-24,181.16
美元兌台幣,2025-03-24,32.975
美元指數,2025-03-24,104.26
費城半導體,2025-03-24,4694.2202
那斯達克,2025-03-24,18188.5898
VIX,2025-03-25,17.15
加權指數,2025-03-25,22273.1895
台積電ADR,2025-03-25,180.9
美元兌台幣,2025-03-25,33.0113
美元指數,2025-03-25,104.18
費城半導體,2025-03-25,4661.3398
那斯達克,2025-03-25,18271.8594
VIX,2025-03-26,18.33
加權指數,2025-03-26,22260.2891
台積電ADR,2025-03-26,173.5
美元兌台幣,2025-03-26,33.0453
美元指數,2025-03-26,104.55
費城半導體,2025-03-26,4508.7402
那斯達克,2025-03-26,17899.0195
VIX,2025-03-27,18.69
加權指數,2025-03-27,21951.7598
台積電ADR,2025-03-27,168.24
美元兌台幣,2025-03-27,33.0885
美元指數,2025-03-27,104.07
費城半導體,2025-03-27,4415.25
那斯達克,2025-03-27,17804.0293
VIX,2025-03-28,21.65
加權指數,2025-03-28,21602.8906
台積電ADR,2025-03-28,165.25
美元兌台幣,2025-03-28,33.1114
美元指數,2025-03-28,104.04
費城半導體,2025-03-28,4284.9102
那斯達克,2025-03-28,17322.9902
VIX,2025-03-31,22.28
加權指數,2025-03-31,20695.9004
台積電ADR,2025-03-31,166.0
美元兌台幣,2025-03-31,33.1858
美元指數,2025-03-31,104.21
費城半導體,2025-03-31,4270.4302
那斯達克,2025-03-31,17299.2891
VIX,2025-04-01,21.77
加權指數,2025-04-01,21280.1699
台積電ADR,2025-04-01,168.64
美元兌台幣,2025-04-01,33.2391
美元指數,2025-04-01,104.26
費城半導體,2025-04-01,4282.46
那斯達克,2025-04-01,17449.8906
VIX,2025-04-02,21.51
加權指數,2025-04-02,21298.2207
台積電ADR,2025-04-02,170.39
美元兌台幣,2025-04-02,33.2035
美元指數,2025-04-02,103.81
費城半導體,2025-04-02,4320.75
那斯達克,2025-04-02,17601.0508
VIX,2025-04-03,30.02
台積電ADR,2025-04-03,157.38
美元兌台幣,2025-04-03,33.2625
美元指數,2025-04-03,102.07
費城半導體,2025-04-03,3893.6899
那斯達克,2025-04-03,16550.6094
VIX,2025-04-04,45.31
台積電ADR,2025-04-04,146.8
美元兌台幣,2025-04-04,33.0311
美元指數,2025-04-04,103.02
費城半導體,2025-04-04,3597.6599
那斯達克,2025-04-04,15587.79
VIX,2025-04-07,46.98
加權指數,2025-04-07,19232.3496
台積電ADR,2025-04-07,146.17
美元兌台幣,2025-04-07,33.1625
美元指數,2025-04-07,103.26
費城半導體,2025-04-07,3694.95
那斯達克,2025-04-07,15603.2598
VIX,2025-04-08,52.33
加權指數,2025-04-08,18459.9492
台積電ADR,2025-04-08,141.37
美元兌台幣,2025-04-08,32.9801
美元指數,2025-04-08,102.96
費城半導體,2025-04-08,3562.9399
那斯達克,2025-04-08,15267.9102
VIX,2025-04-09,33.62
加權指數,2025-04-09,17391.7598
台積電ADR,2025-04-09,158.75
美元兌台幣,2025-04-09,33.0807
美元指數,2025-04-09,102.9
費城半導體,2025-04-09,4230.4502
那斯達克,2025-04-09,17124.9707
VIX,2025-04-10,40.72
加權指數,2025-04-10,19000.0293
台積電ADR,2025-04-10,151.13
美元兌台幣,2025-04-10,32.5881
美元指數,2025-04-10,100.87
費城半導體,2025-04-10,3893.3
那斯達克,2025-04-10,16387.3105
VIX,2025-04-11,37.56
加權指數,2025-04-11,19528.7695
台積電ADR,2025-04-11,157.08
美元兌台幣,2025-04-11,32.7863
美元指數,2025-04-11,99.78
費城半導體,2025-04-11,3990.8999
那斯達克,2025-04-11,16724.4609
VIX,2025-04-14,30.89
加權指數,2025-04-14,19513.0898
台積電ADR,2025-04-14,155.84
美元兌台幣,2025-04-14,32.362
美元指數,2025-04-14,99.64
費城半導體,2025-04-14,4003.22
那斯達克,2025-04-14,16831.4805
VIX,2025-04-15,30.12
加權指數,2025-04-15,19857.6699
台積電ADR,2025-04-15,157.33
美元兌台幣,2025-04-15,32.3568
美元指數,2025-04-15,100.22
費城半導體,2025-04-15,4021.8899
那斯達克,2025-04-15,16823.1699
VIX,2025-04-16,32.64
加權指數,2025-04-16,19468.0
台積電ADR,2025-04-16,151.67
美元兌台幣,2025-04-16,32.504
美元指數,2025-04-16,99.38
費城半導體,2025-04-16,3857.1699
那斯達克,2025-04-16,16307.1602
VIX,2025-04-17,29.65
加權指數,2025-04-17,19338.7305
台積電ADR,2025-04-17,151.74
美元兌台幣,2025-04-17,32.3788
美元指數,2025-04-17,99.38
費城半導體,2025-04-17,3832.47
那斯達克,2025-04-17,16286.4502
加權指數,2025-04-18,19395.0293
VIX,2025-04-21,33.82
加權指數,2025-04-21,19106.1992
台積電ADR,2025-04-21,147.86
美元指數,2025-04-21,98.28
費城半導體,2025-04-21,3751.9099
那斯達克,2025-04-21,15870.9004
VIX,2025-04-22,30.57
加權指數,2025-04-22,18793.4297
台積電ADR,2025-04-22,151.4
美元兌台幣,2025-04-22,32.4406
美元指數,2025-04-22,98.92
費城半導體,2025-04-22,3832.05
那斯達克,2025-04-22,16300.4199
VIX,2025-04-23,28.45
加權指數,2025-04-23,19639.1406
台積電ADR,2025-04-23,157.81
美元兌台幣,2025-04-23,32.5736
美元指數,2025-04-23,99.84
費城半導體,2025-04-23,3983.9199
那斯達克,2025-04-23,16708.0508
VIX,2025-04-24,26.47
加權指數,2025-04-24,19478.8105
台積電ADR,2025-04-24,164.18
美元兌台幣,2025-04-24,32.5328
美元指數,2025-04-24,99.29
費城半導體,2025-04-24,4208.1899
那斯達克,2025-04-24,17166.0391
VIX,2025-04-25,24.84
加權指數,2025-04-25,19872.7305
台積電ADR,2025-04-25,165.1
美元兌台幣,2025-04-25,32.4356
美元指數,2025-04-25,99.47
費城半導體,2025-04-25,4251.6099
那斯達克,2025-04-25,17382.9395
VIX,2025-04-28,25.15
加權指數,2025-04-28,20034.4102
台積電ADR,2025-04-28,163.4
美元兌台幣,2025-04-28,32.519
美元指數,2025-04-28,99.01
費城半導體,2025-04-28,4235.6201
那斯達克,2025-04-28,17366.1309
VIX,2025-04-29,24.17
加權指數,2025-04-29,20232.6309
台積電ADR,2025-04-29,164.48
美元兌台幣,2025-04-29,32.4259
美元指數,2025-04-29,99.24
費城半導體,2025-04-29,4196.75
那斯達克,2025-04-29,17461.3203
VIX,2025-04-30,24.7
加權指數,2025-04-30,20235.0293
台積電ADR,2025-04-30,166.69
美元兌台幣,2025-04-30,32.3217
美元指數,2025-04-30,99.47
費城半導體,2025-04-30,4230.0898
那斯達克,2025-04-30,17446.3398
VIX,2025-05-01,24.6
台積電ADR,2025-05-01,172.72
美元兌台幣,2025-05-01,32.032
美元指數,2025-05-01,100.25
費城半導體,2025-05-01,4247.6602
那斯達克,2025-05-01,17710.7402
VIX,2025-05-02,22.68
加權指數,2025-05-02,20787.6406
台積電ADR,2025-05-02,179.28
美元兌台幣,2025-05-02,32.1116
美元指數,2025-05-02,100.0
費城半導體,2025-05-02,4397.0498
那斯達克,2025-05-02,17977.7305
VIX,2025-05-05,23.64
加權指數,2025-05-05,20532.9902
台積電ADR,2025-05-05,176.4
美元兌台幣,2025-05-05,30.7043
美元指數,2025-05-05,99.83
費城半導體,2025-05-05,4356.1802
那斯達克,2025-05-05,17844.2402
VIX,2025-05-06,24.76
加權指數,2025-05-06,20522.5898
台積電ADR,2025-05-06,172.28
美元兌台幣,2025-05-06,29.16
美元指數,2025-05-06,99.24
費城半導體,2025-05-06,4311.2002
那斯達克,2025-05-06,17689.6602
VIX,2025-05-07,23.55
加權指數,2025-05-07,20546.4902
台積電ADR,2025-05-07,174.54
美元兌台幣,2025-05-07,29.9776
美元指數,2025-05-07,99.61
費城半導體,2025-05-07,4386.3599
那斯達克,2025-05-07,17738.1602
VIX,2025-05-08,22.48
加權指數,2025-05-08,20543.4004
台積電ADR,2025-05-08,175.22
美元兌台幣,2025-05-08,30.3907
美元指數,2025-05-08,100.64
費城半導體,2025-05-08,4430.4399
那斯達克,2025-05-08,17928.1406
VIX,2025-05-09,21.9
加權指數,2025-05-09,20915.0391
台積電ADR,2025-05-09,176.52
美元兌台幣,2025-05-09,30.269
美元指數,2025-05-09,100.34
費城半導體,2025-05-09,4466.5
那斯達克,2025-05-09,17928.9199
VIX,2025-05-12,18.39
加權指數,2025-05-12,21129.5391
台積電ADR,2025-05-12,186.98
美元兌台幣,2025-05-12,30.2464
美元指數,2025-05-12,101.79
費城半導體,2025-05-12,4780.9302
那斯達克,2025-05-12,18708.3398
VIX,2025-05-13,18.22
加權指數,2025-05-13,21330.1406
台積電ADR,2025-05-13,193.99
美元兌台幣,2025-05-13,30.3931
美元指數,2025-05-13,101.0
費城半導體,2025-05-13,4931.3501
那斯達克,2025-05-13,19010.0898
VIX,2025-05-14,18.62
加權指數,2025-05-14,21782.8691
台積電ADR,2025-05-14,194.76
美元兌台幣,2025-05-14,30.425
美元指數,2025-05-14,101.04
費城半導體,2025-05-14,4960.73
那斯達克,2025-05-14,19146.8105
VIX,2025-05-15,17.83
加權指數,2025-05-15,21730.25
台積電ADR,2025-05-15,194.22
美元兌台幣,2025-05-15,30.3397
美元指數,2025-05-15,100.88
費城半導體,2025-05-15,4932.4502
那斯達克,2025-05-15,19112.3203
VIX,2025-05-16,17.24
加權指數,2025-05-16,21843.6895
台積電ADR,2025-05-16,194.22
美元兌台幣,2025-05-16,30.167
美元指數,2025-05-16,101.09
費城半導體,2025-05-16,4922.1899
那斯達克,2025-05-16,19211.0996
VIX,2025-05-19,18.14
加權指數,2025-05-19,21523.8301
台積電ADR,2025-05-19,193.5
美元兌台幣,2025-05-19,30.2026
美元指數,2025-05-19,100.43
費城半導體,2025-05-19,4897.71
那斯達克,2025-05-19,19215.4609
VIX,2025-05-20,18.09
加權指數,2025-05-20,21526.0293
台積電ADR,2025-05-20,193.45
美元兌台幣,2025-05-20,30.1458
美元指數,2025-05-20,100.12
費城半導體,2025-05-20,4890.7798
那斯達克,2025-05-20,19142.7109
VIX,2025-05-21,20.87
加權指數,2025-05-21,21803.9102
台積電ADR,2025-05-21,191.76
美元兌台幣,2025-05-21,30.1463
美元指數,2025-05-21,99.56
費城半導體,2025-05-21,4802.71
那斯達克,2025-05-21,18872.6406
VIX,2025-05-22,20.28
加權指數,2025-05-22,21670.9609
台積電ADR,2025-05-22,196.19
美元兌台幣,2025-05-22,30.0221
美元指數,2025-05-22,99.96
費城半導體,2025-05-22,4775.4702
那斯達克,2025-05-22,18925.7402
VIX,2025-05-23,22.29
加權指數,2025-05-23,21652.2402
台積電ADR,2025-05-23,191.98
美元兌台幣,2025-05-23,30.0469
美元指數,2025-05-23,99.11
費城半導體,2025-05-23,4702.3799
那斯達克,2025-05-23,18737.2109
加權指數,2025-05-26,21536.5703
美元兌台幣,2025-05-26,29.9715
美元指數,2025-05-26,98.93
VIX,2025-05-27,18.96
加權指數,2025-05-27,21336.5391
台積電ADR,2025-05-27,197.68
美元兌台幣,2025-05-27,29.915
美元指數,2025-05-27,99.52
費城半導體,2025-05-27,4861.0898
那斯達克,2025-05-27,19199.1602
VIX,2025-05-28,19.31
加權指數,2025-05-28,21357.7207
台積電ADR,2025-05-28,196.14
美元兌台幣,2025-05-28,29.9648
美元指數,2025-05-28,99.88
費城半導體,2025-05-28,4834.4199
那斯達克,2025-05-28,19100.9395
VIX,2025-05-29,19.18
加權指數,2025-05-29,21347.3008
台積電ADR,2025-05-29,197.15
美元兌台幣,2025-05-29,29.95
美元指數,2025-05-29,99.28
費城半導體,2025-05-29,4860.48
那斯達克,2025-05-29,19175.8691
VIX,2025-05-30,18.57
台積電ADR,2025-05-30,193.32
美元兌台幣,2025-05-30,29.8501
美元指數,2025-05-30,99.33
費城半導體,2025-05-30,4758.0601
那斯達克,2025-05-30,19113.7695
VIX,2025-06-02,18.36
加權指數,2025-06-02,21002.7109
台積電ADR,2025-06-02,194.84
美元兌台幣,2025-06-02,29.871
美元指數,2025-06-02,98.7
費城半導體,2025-06-02,4832.79
那斯達克,2025-06-02,19242.6094
VIX,2025-06-03,17.69
加權指數,2025-06-03,21126.9297
台積電ADR,2025-06-03,197.61
美元兌台幣,2025-06-03,29.9873
美元指數,2025-06-03,99.25
費城半導體,2025-06-03,4964.4102
那斯達克,2025-06-03,19398.9609
VIX,2025-06-04,17.61
加權指數,2025-06-04,21618.0898
台積電ADR,2025-06-04,202.4
美元兌台幣,2025-06-04,29.9659
美元指數,2025-06-04,98.79
費城半導體,2025-06-04,5033.3501
那斯達克,2025-06-04,19460.4902
VIX,2025-06-05,18.48
加權指數,2025-06-05,21674.4297
台積電ADR,2025-06-05,203.34
美元兌台幣,2025-06-05,29.942
美元指數,2025-06-05,98.74
費城半導體,2025-06-05,5010.9199
那斯達克,2025-06-05,19298.4492
VIX,2025-06-06,16.77
加權指數,2025-06-06,21660.6602
台積電ADR,2025-06-06,205.18
美元兌台幣,2025-06-06,29.9453
美元指數,2025-06-06,99.19
費城半導體,2025-06-06,5038.0601
那斯達克,2025-06-06,19529.9492
VIX,2025-06-09,17.16
加權指數,2025-06-09,21790.2891
台積電ADR,2025-06-09,207.0
美元兌台幣,2025-06-09,29.9177
美元指數,2025-06-09,98.94
費城半導體,2025-06-09,5136.6602
那斯達克,2025-06-09,19591.2402
VIX,2025-06-10,16.95
加權指數,2025-06-10,22242.1406
台積電ADR,2025-06-10,212.46
美元兌台幣,2025-06-10,29.9138
美元指數,2025-06-10,99.05
費城半導體,2025-06-10,5242.5
那斯達克,2025-06-10,19714.9902
VIX,2025-06-11,17.26
加權指數,2025-06-11,22470.0996
台積電ADR,2025-06-11,214.1
美元兌台幣,2025-06-11,29.8889
美元指數,2025-06-11,98.63
費城半導體,2025-06-11,5232.5298
那斯達克,2025-06-11,19615.8809
VIX,2025-06-12,18.02
加權指數,2025-06-12,22287.8203
台積電ADR,2025-06-12,215.43
美元兌台幣,2025-06-12,29.8075
美元指數,2025-06-12,97.92
費城半導體,2025-06-12,5249.1499
那斯達克,2025-06-12,19662.4902
VIX,2025-06-13,20.82
加權指數,2025-06-13,22072.9492
台積電ADR,2025-06-13,211.1
美元兌台幣,2025-06-13,29.5252
美元指數,2025-06-13,98.18
費城半導體,2025-06-13,5112.2402
那斯達克,2025-06-13,19406.8301
VIX,2025-06-16,19.11
加權指數,2025-06-16,22049.9004
台積電ADR,2025-06-16,215.68
美元兌台幣,2025-06-16,29.505
美元指數,2025-06-16,98.0
費城半導體,2025-06-16,5267.2998
那斯達克,2025-06-16,19701.2109
VIX,2025-06-17,21.6
加權指數,2025-06-17,22211.5898
台積電ADR,2025-06-17,213.9
美元兌台幣,2025-06-17,29.005
美元指數,2025-06-17,98.82
費城半導體,2025-06-17,5223.6499
那斯達克,2025-06-17,19521.0898
VIX,2025-06-18,20.14
加權指數,2025-06-18,22356.7305
台積電ADR,2025-06-18,213.5
美元兌台幣,2025-06-18,29.6471
美元指數,2025-06-18,98.91
費城半導體,2025-06-18,5251.02
那斯達克,2025-06-18,19546.2695
加權指數,2025-06-19,22003.5
美元兌台幣,2025-06-19,29.5417
VIX,2025-06-20,20.62
加權指數,2025-06-20,22045.7402
台積電ADR,2025-06-20,209.51
美元兌台幣,2025-06-20,29.5713
美元指數,2025-06-20,98.71
費城半導體,2025-06-20,5211.48
那斯達克,2025-06-20,19447.4102
VIX,2025-06-23,19.83
加權指數,2025-06-23,21732.0195
台積電ADR,2025-06-23,210.32
美元兌台幣,2025-06-23,29.533
美元指數,2025-06-23,98.42
費城半導體,2025-06-23,5244.2998
那斯達克,2025-06-23,19630.9707
VIX,2025-06-24,17.48
加權指數,2025-06-24,22188.7598
台積電ADR,2025-06-24,220.09
美元兌台幣,2025-06-24,29.6739
美元指數,2025-06-24,97.86
費城半導體,2025-06-24,5441.8701
那斯達克,2025-06-24,19912.5293
VIX,2025-06-25,16.76
加權指數,2025-06-25,22430.6094
台積電ADR,2025-06-25,222.74
美元兌台幣,2025-06-25,29.4581
美元指數,2025-06-25,97.68
費城半導體,2025-06-25,5493.2998
那斯達克,2025-06-25,19973.5508
VIX,2025-06-26,16.59
加權指數,2025-06-26,22492.3398
台積電ADR,2025-06-26,224.01
美元兌台幣,2025-06-26,29.3419
美元指數,2025-06-26,97.15
費城半導體,2025-06-26,5541.46
那斯達克,2025-06-26,20167.9102
VIX,2025-06-27,16.32
加權指數,2025-06-27,22580.0801
台積電ADR,2025-06-27,228.57
美元兌台幣,2025-06-27,28.819
美元指數,2025-06-27,97.4
費城半導體,2025-06-27,5544.9902
那斯達克,2025-06-27,20273.4609
VIX,2025-06-30,16.73
加權指數,2025-06-30,22256.0195
台積電ADR,2025-06-30,226.49
美元兌台幣,2025-06-30,29.095
美元指數,2025-06-30,96.88
費城半導體,2025-06-30,5546.54
那斯達克,2025-06-30,20369.7305
VIX,2025-07-01,16.83
加權指數,2025-07-01,22553.7207
台積電ADR,2025-07-01,224.68
美元兌台幣,2025-07-01,29.2066
美元指數,2025-07-01,96.82
費城半導體,2025-07-01,5507.5
那斯達克,2025-07-01,20202.8906
VIX,2025-07-02,16.64
加權指數,2025-07-02,22577.7402
台積電ADR,2025-07-02,233.6
美元兌台幣,2025-07-02,29.2259
美元指數,2025-07-02,96.78
費城半導體,2025-07-02,5611.0498
那斯達克,2025-07-02,20393.1309
VIX,2025-07-03,16.38
加權指數,2025-07-03,22712.9707
台積電ADR,2025-07-03,234.8
美元兌台幣,2025-07-03,28.9681
美元指數,2025-07-03,97.18
費城半導體,2025-07-03,5647.1201
那斯達克,2025-07-03,20601.0996
加權指數,2025-07-04,22547.5
美元兌台幣,2025-07-04,28.9171
VIX,2025-07-07,17.79
加權指數,2025-07-07,22428.7207
台積電ADR,2025-07-07,229.17
美元兌台幣,2025-07-07,28.901
美元指數,2025-07-07,97.48
費城半導體,2025-07-07,5541.2002
那斯達克,2025-07-07,20412.5195
VIX,2025-07-08,16.81
加權指數,2025-07-08,22362.2695
台積電ADR,2025-07-08,227.86
美元兌台幣,2025-07-08,29.0683
美元指數,2025-07-08,97.51
費城半導體,2025-07-08,5641.2202
那斯達克,2025-07-08,20418.4609
VIX,2025-07-09,15.94
加權指數,2025-07-09,22527.0098
台積電ADR,2025-07-09,231.84
美元兌台幣,2025-07-09,29.1071
美元指數,2025-07-09,97.47
費城半導體,2025-07-09,5665.9902
那斯達克,2025-07-09,20611.3398
VIX,2025-07-10,15.78
加權指數,2025-07-10,22693.25
台積電ADR,2025-07-10,229.76
美元兌台幣,2025-07-10,29.2056
美元指數,2025-07-10,97.65
費城半導體,2025-07-10,5708.2798
那斯達克,2025-07-10,20630.6602
VIX,2025-07-11,16.4
加權指數,2025-07-11,22751.0293
台積電ADR,2025-07-11,230.4
美元兌台幣,2025-07-11,29.243
美元指數,2025-07-11,97.85
費城半導體,2025-07-11,5696.29
那斯達克,2025-07-11,20585.5293
VIX,2025-07-14,17.2
加權指數,2025-07-14,22614.9707
台積電ADR,2025-07-14,228.67
美元兌台幣,2025-07-14,29.213
美元指數,2025-07-14,98.08
費城半導體,2025-07-14,5646.7202
那斯達克,2025-07-14,20640.3301
VIX,2025-07-15,17.38
加權指數,2025-07-15,22835.9395
台積電ADR,2025-07-15,236.95
美元兌台幣,2025-07-15,29.3461
美元指數,2025-07-15,98.62
費城半導體,2025-07-15,5718.6099
那斯達克,2025-07-15,20677.8008
VIX,2025-07-16,17.16
加權指數,2025-07-16,23042.9004
台積電ADR,2025-07-16,237.56
美元兌台幣,2025-07-16,29.3881
美元指數,2025-07-16,98.39
費城半導體,2025-07-16,5696.21
那斯達克,2025-07-16,20730.4902
VIX,2025-07-17,16.52
加權指數,2025-07-17,23113.2793
台積電ADR,2025-07-17,245.6
美元兌台幣,2025-07-17,29.401
美元指數,2025-07-17,98.73
費城半導體,2025-07-17,5737.6401
那斯達克,2025-07-17,20885.6504
VIX,2025-07-18,16.41
加權指數,2025-07-18,23383.1309
台積電ADR,2025-07-18,240.4
美元兌台幣,2025-07-18,29.4032
美元指數,2025-07-18,98.48
費城半導體,2025-07-18,5732.6201
那斯達克,2025-07-18,20895.6504
VIX,2025-07-21,16.65
加權指數,2025-07-21,23340.5605
台積電ADR,2025-07-21,238.85
美元兌台幣,2025-07-21,29.378
美元指數,2025-07-21,97.85
費城半導體,2025-07-21,5739.4199
那斯達克,2025-07-21,20974.1797
VIX,2025-07-22,16.5
加權指數,2025-07-22,22987.9199
台積電ADR,2025-07-22,234.6
美元兌台幣,2025-07-22,29.3336
美元指數,2025-07-22,97.39
費城半導體,2025-07-22,5638.71
那斯達克,2025-07-22,20892.6895
VIX,2025-07-23,15.37
加權指數,2025-07-23,23318.6699
台積電ADR,2025-07-23,240.33
美元兌台幣,2025-07-23,29.399
美元指數,2025-07-23,97.21
費城半導體,2025-07-23,5637.79
那斯達克,2025-07-23,21020.0195
VIX,2025-07-24,15.39
加權指數,2025-07-24,23373.7305
台積電ADR,2025-07-24,241.6
美元兌台幣,2025-07-24,29.2342
美元指數,2025-07-24,97.38
費城半導體,2025-07-24,5644.3701
那斯達克,2025-07-24,21057.9609
VIX,2025-07-25,14.93
加權指數,2025-07-25,23364.3809
台積電ADR,2025-07-25,245.6
美元兌台幣,2025-07-25,29.391
美元指數,2025-07-25,97.65
費城半導體,2025-07-25,5645.8599
那斯達克,2025-07-25,21108.3203
VIX,2025-07-28,15.03
加權指數,2025-07-28,23412.9805
台積電ADR,2025-07-28,242.75
美元兌台幣,2025-07-28,29.472
美元指數,2025-07-28,98.66
費城半導體,2025-07-28,5737.1001
那斯達克,2025-07-28,21178.5801
VIX,2025-07-29,15.98
加權指數,2025-07-29,23201.5195
台積電ADR,2025-07-29,241.33
美元兌台幣,2025-07-29,29.657
美元指數,2025-07-29,98.91
費城半導體,2025-07-29,5739.79
那斯達克,2025-07-29,21098.2891
VIX,2025-07-30,15.48
加權指數,2025-07-30,23461.7207
台積電ADR,2025-07-30,242.91
美元兌台幣,2025-07-30,29.6895
美元指數,2025-07-30,99.94
費城半導體,2025-07-30,5787.3198
那斯達克,2025-07-30,21129.6699
VIX,2025-07-31,16.72
加權指數,2025-07-31,23542.5195
台積電ADR,2025-07-31,241.62
美元兌台幣,2025-07-31,29.828
美元指數,2025-07-31,100.03
費城半導體,2025-07-31,5607.9199
那斯達克,2025-07-31,21122.4492
VIX,2025-08-01,20.38
加權指數,2025-08-01,23434.3809
台積電ADR,2025-08-01,235.21
美元兌台幣,2025-08-01,29.906
美元指數,2025-08-01,98.69
費城半導體,2025-08-01,5527.6099
那斯達克,2025-08-01,20650.1309
VIX,2025-08-04,17.52
加權指數,2025-08-04,23378.9395
台積電ADR,2025-08-04,239.0
美元兌台幣,2025-08-04,29.815
美元指數,2025-08-04,98.78
費城半導體,2025-08-04,5624.4102
那斯達克,2025-08-04,21053.5801
VIX,2025-08-05,17.85
加權指數,2025-08-05,23660.5898
台積電ADR,2025-08-05,232.47
美元兌台幣,2025-08-05,29.8841
美元指數,2025-08-05,98.78
費城半導體,2025-08-05,5561.6899
那斯達克,2025-08-05,20916.5508
VIX,2025-08-06,16.77
加權指數,2025-08-06,23447.3594
台積電ADR,2025-08-06,231.37
美元兌台幣,2025-08-06,29.9374
美元指數,2025-08-06,98.18
費城半導體,2025-08-06,5550.2998
那斯達克,2025-08-06,21169.4199
VIX,2025-08-07,16.57
加權指數,2025-08-07,24003.7695
台積電ADR,2025-08-07,242.62
美元兌台幣,2025-08-07,29.9147
美元指數,2025-08-07,98.4
費城半導體,2025-08-07,5633.7002
那斯達克,2025-08-07,21242.6992
VIX,2025-08-08,15.15
加權指數,2025-08-08,24021.2598
台積電ADR,2025-08-08,241.83
美元兌台幣,2025-08-08,29.8081
美元指數,2025-08-08,98.18
費城半導體,2025-08-08,5678.02
那斯達克,2025-08-08,21450.0195
VIX,2025-08-11,16.25
加權指數,2025-08-11,24135.5
台積電ADR,2025-08-11,242.09
美元兌台幣,2025-08-11,29.851
美元指數,2025-08-11,98.52
費城半導體,2025-08-11,5670.3701
那斯達克,2025-08-11,21385.4004
VIX,2025-08-12,14.73
加權指數,2025-08-12,24158.3594
台積電ADR,2025-08-12,244.29
美元兌台幣,2025-08-12,29.948
美元指數,2025-08-12,98.1
費城半導體,2025-08-12,5840.0898
那斯達克,2025-08-12,21681.9004
VIX,2025-08-13,14.49
加權指數,2025-08-13,24370.0195
台積電ADR,2025-08-13,241.44
美元兌台幣,2025-08-13,29.8781
美元指數,2025-08-13,97.84
費城半導體,2025-08-13,5892.6099
那斯達克,2025-08-13,21713.1406
VIX,2025-08-14,14.83
加權指數,2025-08-14,24238.0996
台積電ADR,2025-08-14,241.0
美元兌台幣,2025-08-14,29.9397
美元指數,2025-08-14,98.25
費城半導體,2025-08-14,5885.4902
那斯達克,2025-08-14,21710.6699
VIX,2025-08-15,15.09
加權指數,2025-08-15,24334.4805
台積電ADR,2025-08-15,238.88
美元兌台幣,2025-08-15,30.079
美元指數,2025-08-15,97.85
費城半導體,2025-08-15,5752.7402
那斯達克,2025-08-15,21622.9805
VIX,2025-08-18,14.99
加權指數,2025-08-18,24482.5195
台積電ADR,2025-08-18,241.41
美元兌台幣,2025-08-18,29.989
美元指數,2025-08-18,98.17
費城半導體,2025-08-18,5776.3101
那斯達克,2025-08-18,21629.7695
VIX,2025-08-19,15.57
加權指數,2025-08-19,24353.5
台積電ADR,2025-08-19,232.7
美元兌台幣,2025-08-19,30.0251
美元指數,2025-08-19,98.27
費城半導體,2025-08-19,5671.5098
那斯達克,2025-08-19,21314.9492
VIX,2025-08-20,15.69
加權指數,2025-08-20,23625.4395
台積電ADR,2025-08-20,228.6
美元兌台幣,2025-08-20,30.1073
美元指數,2025-08-20,98.22
費城半導體,2025-08-20,5630.8198
那斯達克,2025-08-20,21172.8594
VIX,2025-08-21,16.6
加權指數,2025-08-21,23962.1309
台積電ADR,2025-08-21,227.33
美元兌台幣,2025-08-21,30.2801
美元指數,2025-08-21,98.62
費城半導體,2025-08-21,5603.2598
那斯達克,2025-08-21,21100.3105
VIX,2025-08-22,14.22
加權指數,2025-08-22,23764.4707
台積電ADR,2025-08-22,232.99
美元兌台幣,2025-08-22,30.516
美元指數,2025-08-22,97.72
費城半導體,2025-08-22,5754.46
那斯達克,2025-08-22,21496.5391
VIX,2025-08-25,14.79
加權指數,2025-08-25,24277.3809
台積電ADR,2025-08-25,235.59
美元兌台幣,2025-08-25,30.3673
美元指數,2025-08-25,98.43
費城半導體,2025-08-25,5756.2998
那斯達克,2025-08-25,21449.2891
VIX,2025-08-26,14.62
加權指數,2025-08-26,24305.0996
台積電ADR,2025-08-26,238.72
美元兌台幣,2025-08-26,30.444
美元指數,2025-08-26,98.23
費城半導體,2025-08-26,5807.9199
那斯達克,2025-08-26,21544.2695
VIX,2025-08-27,14.85
加權指數,2025-08-27,24519.9004
台積電ADR,2025-08-27,239.29
美元兌台幣,2025-08-27,30.5466
美元指數,2025-08-27,98.23
費城半導體,2025-08-27,5824.6099
那斯達克,2025-08-27,21590.1406
VIX,2025-08-28,14.43
加權指數,2025-08-28,24236.4492
台積電ADR,2025-08-28,238.27
美元兌台幣,2025-08-28,30.575
美元指數,2025-08-28,97.81
費城半導體,2025-08-28,5853.0498
那斯達克,2025-08-28,21705.1602
VIX,2025-08-29,15.36
加權指數,2025-08-29,24233.0996
台積電ADR,2025-08-29,230.87
美元兌台幣,2025-08-29,30.4928
美元指數,2025-08-29,97.77
費城半導體,2025-08-29,5668.9399
那斯達克,2025-08-29,21455.5508
加權指數,2025-09-01,24071.7305
美元兌台幣,2025-09-01,30.5605
VIX,2025-09-02,17.17
加權指數,2025-09-02,24016.7793
台積電ADR,2025-09-02,228.39
美元兌台幣,2025-09-02,30.6253
美元指數,2025-09-02,98.4
費城半導體,2025-09-02,5605.46
那斯達克,2025-09-02,21279.6309
VIX,2025-09-03,16.35
加權指數,2025-09-03,24100.3008
台積電ADR,2025-09-03,231.39
美元兌台幣,2025-09-03,30.744
美元指數,2025-09-03,98.14
費城半導體,2025-09-03,5592.8198
那斯達克,2025-09-03,21497.7305
VIX,2025-09-04,15.3
加權指數,2025-09-04,24179.8496
台積電ADR,2025-09-04,235.21
美元兌台幣,2025-09-04,30.722
美元指數,2025-09-04,98.35
費城半導體,2025-09-04,5667.8599
那斯達克,2025-09-04,21707.6895
VIX,2025-09-05,15.18
加權指數,2025-09-05,24494.5801
台積電ADR,2025-09-05,243.41
美元兌台幣,2025-09-05,30.694
美元指數,2025-09-05,97.77
費城半導體,2025-09-05,5761.3999
那斯達克,2025-09-05,21700.3906
VIX,2025-09-08,15.11
加權指數,2025-09-08,24547.3809
台積電ADR,2025-09-08,247.19
美元兌台幣,2025-09-08,30.479
美元指數,2025-09-08,97.45
費城半導體,2025-09-08,5809.6099
那斯達克,2025-09-08,21798.6992
VIX,2025-09-09,15.04
加權指數,2025-09-09,24855.1797
台積電ADR,2025-09-09,250.92
美元兌台幣,2025-09-09,30.3311
美元指數,2025-09-09,97.79
費城半導體,2025-09-09,5819.8301
那斯達克,2025-09-09,21879.4902
VIX,2025-09-10,15.35
加權指數,2025-09-10,25192.5898
台積電ADR,2025-09-10,260.44
美元兌台幣,2025-09-10,30.3516
美元指數,2025-09-10,97.78
費城半導體,2025-09-10,5958.0898
那斯達克,2025-09-10,21886.0605
VIX,2025-09-11,14.71
加權指數,2025-09-11,25215.7109
台積電ADR,2025-09-11,258.91
美元兌台幣,2025-09-11,30.2368
美元指數,2025-09-11,97.54
費城半導體,2025-09-11,5995.3901
那斯達克,2025-09-11,22043.0703
VIX,2025-09-12,14.76
加權指數,2025-09-12,25474.6406
台積電ADR,2025-09-12,259.33
美元兌台幣,2025-09-12,30.29
美元指數,2025-09-12,97.55
費城半導體,2025-09-12,6001.7402
那斯達克,2025-09-12,22141.0996
VIX,2025-09-15,15.69
加權指數,2025-09-15,25357.1602
台積電ADR,2025-09-15,261.38
美元兌台幣,2025-09-15,30.2849
美元指數,2025-09-15,97.3
費城半導體,2025-09-15,6059.8301
那斯達克,2025-09-15,22348.75
VIX,2025-09-16,16.36
加權指數,2025-09-16,25629.6406
台積電ADR,2025-09-16,262.06
美元兌台幣,2025-09-16,30.1941
美元指數,2025-09-16,96.63
費城半導體,2025-09-16,6079.2202
那斯達克,2025-09-16,22333.9609
VIX,2025-09-17,15.72
加權指數,2025-09-17,25438.25
台積電ADR,2025-09-17,262.79
美元兌台幣,2025-09-17,30.0472
美元指數,2025-09-17,96.87
費城半導體,2025-09-17,6060.2202
那斯達克,2025-09-17,22261.3301
VIX,2025-09-18,15.7
加權指數,2025-09-18,25769.3594
台積電ADR,2025-09-18,268.64
美元兌台幣,2025-09-18,30.0864
美元指數,2025-09-18,97.35
費城半導體,2025-09-18,6278.1602
那斯達克,2025-09-18,22470.7207
VIX,2025-09-19,15.45
加權指數,2025-09-19,25578.3691
台積電ADR,2025-09-19,264.87
美元兌台幣,2025-09-19,30.1105
美元指數,2025-09-19,97.64
費城半導體,2025-09-19,6232.25
那斯達克,2025-09-19,22631.4805
VIX,2025-09-22,16.1
加權指數,2025-09-22,25880.5996
台積電ADR,2025-09-22,272.63
美元兌台幣,2025-09-22,30.216
美元指數,2025-09-22,97.33
費城半導體,2025-09-22,6330.1201
那斯達克,2025-09-22,22788.9805
VIX,2025-09-23,16.64
加權指數,2025-09-23,26247.3691
台積電ADR,2025-09-23,282.71
美元兌台幣,2025-09-23,30.2177
美元指數,2025-09-23,97.26
費城半導體,2025-09-23,6308.21
那斯達克,2025-09-23,22573.4707
VIX,2025-09-24,16.18
加權指數,2025-09-24,26196.7305
台積電ADR,2025-09-24,280.71
美元兌台幣,2025-09-24,30.274
美元指數,2025-09-24,97.87
費城半導體,2025-09-24,6297.0
那斯達克,2025-09-24,22497.8594
VIX,2025-09-25,16.74
加權指數,2025-09-25,26023.8496
台積電ADR,2025-09-25,276.66
美元兌台幣,2025-09-25,30.3641
美元指數,2025-09-25,98.55
費城半導體,2025-09-25,6284.6699
那斯達克,2025-09-25,22384.6992
VIX,2025-09-26,15.29
加權指數,2025-09-26,25580.3203
台積電ADR,2025-09-26,273.36
美元兌台幣,2025-09-26,30.5615
美元指數,2025-09-26,98.15
費城半導體,2025-09-26,6305.0498
那斯達克,2025-09-26,22484.0703
VIX,2025-09-29,16.12
台積電ADR,2025-09-29,273.23
美元兌台幣,2025-09-29,30.444
美元指數,2025-09-29,97.91
費城半導體,2025-09-29,6315.1099
那斯達克,2025-09-29,22591.1504
VIX,2025-09-30,16.28
加權指數,2025-09-30,25820.5391
台積電ADR,2025-09-30,279.29
美元兌台幣,2025-09-30,30.4582
美元指數,2025-09-30,97.77
費城半導體,2025-09-30,6369.8198
那斯達克,2025-09-30,22660.0098
VIX,2025-10-01,16.29
加權指數,2025-10-01,25982.9102
台積電ADR,2025-10-01,288.47
美元兌台幣,2025-10-01,30.4421
美元指數,2025-10-01,97.71
費城半導體,2025-10-01,6500.2798
那斯達克,2025-10-01,22755.1602
VIX,2025-10-02,16.63
加權指數,2025-10-02,26378.3906
台積電ADR,2025-10-02,288.11
美元兌台幣,2025-10-02,30.447
美元指數,2025-10-02,97.85
費城半導體,2025-10-02,6626.3799
那斯達克,2025-10-02,22844.0508
VIX,2025-10-03,16.65
加權指數,2025-10-03,26761.0605
台積電ADR,2025-10-03,292.19
美元兌台幣,2025-10-03,30.4638
美元指數,2025-10-03,97.72
費城半導體,2025-10-03,6583.7402
那斯達克,2025-10-03,22780.5098
VIX,2025-10-06,16.37
台積電ADR,2025-10-06,302.4
美元兌台幣,2025-10-06,30.42
美元指數,2025-10-06,98.11
費城半導體,2025-10-06,6774.0601
那斯達克,2025-10-06,22941.6699
VIX,2025-10-07,17.24
加權指數,2025-10-07,27211.9492
台積電ADR,2025-10-07,294.03
美元兌台幣,2025-10-07,30.5105
美元指數,2025-10-07,98.58
費城半導體,2025-10-07,6634.7598
那斯達克,2025-10-07,22788.3594
VIX,2025-10-08,16.3
加權指數,2025-10-08,27063.6797
台積電ADR,2025-10-08,304.52
美元兌台幣,2025-10-08,30.5367
美元指數,2025-10-08,98.85
費城半導體,2025-10-08,6860.2002
那斯達克,2025-10-08,23043.3809
VIX,2025-10-09,16.43
加權指數,2025-10-09,27301.9199
台積電ADR,2025-10-09,299.88
美元兌台幣,2025-10-09,30.525
美元指數,2025-10-09,99.54
費城半導體,2025-10-09,6840.2002
那斯達克,2025-10-09,23024.6309
VIX,2025-10-10,21.66
台積電ADR,2025-10-10,280.66
美元兌台幣,2025-10-10,30.5833
美元指數,2025-10-10,98.98
費城半導體,2025-10-10,6407.6001
那斯達克,2025-10-10,22204.4297
VIX,2025-10-13,19.03
加權指數,2025-10-13,26923.4199
台積電ADR,2025-10-13,302.89
美元兌台幣,2025-10-13,30.665
美元指數,2025-10-13,99.27
費城半導體,2025-10-13,6723.4702
那斯達克,2025-10-13,22694.6094
VIX,2025-10-14,20.81
加權指數,2025-10-14,26793.1504
台積電ADR,2025-10-14,295.94
美元兌台幣,2025-10-14,30.691
美元指數,2025-10-14,99.05
費城半導體,2025-10-14,6570.3301
那斯達克,2025-10-14,22521.6992
VIX,2025-10-15,20.64
加權指數,2025-10-15,27275.7109
台積電ADR,2025-10-15,304.71
美元兌台幣,2025-10-15,30.6839
美元指數,2025-10-15,98.79
費城半導體,2025-10-15,6767.0601
那斯達克,2025-10-15,22670.0801
VIX,2025-10-16,25.31
加權指數,2025-10-16,27647.8691
台積電ADR,2025-10-16,299.84
美元兌台幣,2025-10-16,30.6098
美元指數,2025-10-16,98.39
費城半導體,2025-10-16,6800.02
那斯達克,2025-10-16,22562.5391
VIX,2025-10-17,20.78
加權指數,2025-10-17,27302.3691
台積電ADR,2025-10-17,295.08
美元兌台幣,2025-10-17,30.6119
美元指數,2025-10-17,98.43
費城半導體,2025-10-17,6777.98
那斯達克,2025-10-17,22679.9707
VIX,2025-10-20,18.23
加權指數,2025-10-20,27688.6309
台積電ADR,2025-10-20,297.7
美元兌台幣,2025-10-20,30.6219
美元指數,2025-10-20,98.59
費城半導體,2025-10-20,6885.0298
那斯達克,2025-10-20,22990.5391
VIX,2025-10-21,17.87
加權指數,2025-10-21,27752.4102
台積電ADR,2025-10-21,294.51
美元兌台幣,2025-10-21,30.5973
美元指數,2025-10-21,98.93
費城半導體,2025-10-21,6839.27
那斯達克,2025-10-21,22953.6699
VIX,2025-10-22,18.6
加權指數,2025-10-22,27648.9102
台積電ADR,2025-10-22,288.88
美元兌台幣,2025-10-22,30.6773
美元指數,2025-10-22,98.9
費城半導體,2025-10-22,6677.5698
那斯達克,2025-10-22,22740.4004
VIX,2025-10-23,17.3
加權指數,2025-10-23,27532.2598
台積電ADR,2025-10-23,290.73
美元兌台幣,2025-10-23,30.7451
美元指數,2025-10-23,98.94
費城半導體,2025-10-23,6847.3901
那斯達克,2025-10-23,22941.8008
VIX,2025-10-24,16.37
台積電ADR,2025-10-24,294.96
美元兌台幣,2025-10-24,30.775
美元指數,2025-10-24,98.95
費城半導體,2025-10-24,6976.9399
那斯達克,2025-10-24,23204.8691
VIX,2025-10-27,15.79
加權指數,2025-10-27,27993.6309
台積電ADR,2025-10-27,298.25
美元兌台幣,2025-10-27,30.8333
美元指數,2025-10-27,98.78
費城半導體,2025-10-27,7167.98
那斯達克,2025-10-27,23637.4609
VIX,2025-10-28,16.42
加權指數,2025-10-28,27949.1094
台積電ADR,2025-10-28,301.53
美元兌台幣,2025-10-28,30.6011
美元指數,2025-10-28,98.69
費城半導體,2025-10-28,7194.71
那斯達克,2025-10-28,23827.4902
VIX,2025-10-29,16.92
加權指數,2025-10-29,28294.7402
台積電ADR,2025-10-29,305.09
美元兌台幣,2025-10-29,30.5431
美元指數,2025-10-29,99.22
費城半導體,2025-10-29,7327.9302
那斯達克,2025-10-29,23958.4707
VIX,2025-10-30,16.91
加權指數,2025-10-30,28287.5293
台積電ADR,2025-10-30,303.22
美元兌台幣,2025-10-30,30.6652
美元指數,2025-10-30,99.53
費城半導體,2025-10-30,7216.0
那斯達克,2025-10-30,23581.1406
VIX,2025-10-31,17.44
加權指數,2025-10-31,28233.3496
台積電ADR,2025-10-31,300.43
美元兌台幣,2025-10-31,30.7307
美元指數,2025-10-31,99.8
費城半導體,2025-10-31,7228.6602
那斯達克,2025-10-31,23724.9609
VIX,2025-11-03,17.17
加權指數,2025-11-03,28334.5898
台積電ADR,2025-11-03,304.86
美元兌台幣,2025-11-03,30.7818
美元指數,2025-11-03,99.87
費城半導體,2025-11-03,7270.9702
那斯達克,2025-11-03,23834.7207
VIX,2025-11-04,19.0
加權指數,2025-11-04,28116.5605
台積電ADR,2025-11-04,294.05
美元兌台幣,2025-11-04,30.9031
美元指數,2025-11-04,100.22
費城半導體,2025-11-04,6979.5698
那斯達克,2025-11-04,23348.6406
VIX,2025-11-05,18.01
加權指數,2025-11-05,27717.0605
台積電ADR,2025-11-05,293.64
美元兌台幣,2025-11-05,30.919
美元指數,2025-11-05,100.2
費城半導體,2025-11-05,7190.27
那斯達克,2025-11-05,23499.8008
VIX,2025-11-06,19.5
加權指數,2025-11-06,27899.4492
台積電ADR,2025-11-06,289.24
美元兌台幣,2025-11-06,30.8929
美元指數,2025-11-06,99.73
費城半導體,2025-11-06,7018.3901
那斯達克,2025-11-06,23053.9902
VIX,2025-11-07,19.08
加權指數,2025-11-07,27651.4102
台積電ADR,2025-11-07,286.5
美元兌台幣,2025-11-07,30.9788
美元指數,2025-11-07,99.6
費城半導體,2025-11-07,6947.3599
那斯達克,2025-11-07,23004.5391
VIX,2025-11-10,17.6
加權指數,2025-11-10,27869.5098
台積電ADR,2025-11-10,295.27
美元兌台幣,2025-11-10,30.9668
美元指數,2025-11-10,99.62
費城半導體,2025-11-10,7156.9502
那斯達克,2025-11-10,23527.1699
VIX,2025-11-11,17.28
加權指數,2025-11-11,27784.9492
台積電ADR,2025-11-11,291.17
美元兌台幣,2025-11-11,30.9668
美元指數,2025-11-11,99.46
費城半導體,2025-11-11,6979.7002
那斯達克,2025-11-11,23468.3008
VIX,2025-11-12,17.51
加權指數,2025-11-12,27947.0898
台積電ADR,2025-11-12,290.62
美元兌台幣,2025-11-12,30.9643
美元指數,2025-11-12,99.48
費城半導體,2025-11-12,7082.1299
那斯達克,2025-11-12,23406.4609
VIX,2025-11-13,20.0
加權指數,2025-11-13,27903.5605
台積電ADR,2025-11-13,282.2
美元兌台幣,2025-11-13,31.0641
美元指數,2025-11-13,99.18
費城半導體,2025-11-13,6818.7402
那斯達克,2025-11-13,22870.3594
VIX,2025-11-14,19.83
加權指數,2025-11-14,27397.5
台積電ADR,2025-11-14,284.82
美元兌台幣,2025-11-14,31.1249
美元指數,2025-11-14,99.27
費城半導體,2025-11-14,6811.2002
那斯達克,2025-11-14,22900.5898
VIX,2025-11-17,22.38
加權指數,2025-11-17,27447.3105
台積電ADR,2025-11-17,282.01
美元兌台幣,2025-11-17,30.5545
美元指數,2025-11-17,99.59
費城半導體,2025-11-17,6705.7402
那斯達克,2025-11-17,22708.0703
VIX,2025-11-18,24.69
加權指數,2025-11-18,26756.1191
台積電ADR,2025-11-18,277.91
美元兌台幣,2025-11-18,31.175
美元指數,2025-11-18,99.55
費城半導體,2025-11-18,6551.0298
那斯達克,2025-11-18,22432.8496
VIX,2025-11-19,23.66
加權指數,2025-11-19,26580.1191
台積電ADR,2025-11-19,282.37
美元兌台幣,2025-11-19,31.1032
美元指數,2025-11-19,100.23
費城半導體,2025-11-19,6670.0298
那斯達克,2025-11-19,22564.2305
VIX,2025-11-20,26.42
加權指數,2025-11-20,27426.3594
台積電ADR,2025-11-20,277.5
美元兌台幣,2025-11-20,31.183
美元指數,2025-11-20,100.16
費城半導體,2025-11-20,6352.0698
那斯達克,2025-11-20,22078.0508
VIX,2025-11-21,23.43
加權指數,2025-11-21,26434.9395
台積電ADR,2025-11-21,275.06
美元兌台幣,2025-11-21,31.3521
美元指數,2025-11-21,100.18
費城半導體,2025-11-21,6406.4302
那斯達克,2025-11-21,22273.0801
VIX,2025-11-24,20.52
加權指數,2025-11-24,26504.2402
台積電ADR,2025-11-24,284.64
美元兌台幣,2025-11-24,31.3386
美元指數,2025-11-24,100.14
費城半導體,2025-11-24,6703.2002
那斯達克,2025-11-24,22872.0098
VIX,2025-11-25,18.56
加權指數,2025-11-25,26912.1699
台積電ADR,2025-11-25,284.68
美元兌台幣,2025-11-25,31.4261
美元指數,2025-11-25,99.66
費城半導體,2025-11-25,6714.1802
那斯達克,2025-11-25,23025.5898
VIX,2025-11-26,17.19
加權指數,2025-11-26,27409.5391
台積電ADR,2025-11-26,289.96
美元兌台幣,2025-11-26,31.3881
美元指數,2025-11-26,99.6
費城半導體,2025-11-26,6899.46
那斯達克,2025-11-26,23214.6895
加權指數,2025-11-27,27554.5293
美元兌台幣,2025-11-27,31.2489
VIX,2025-11-28,16.35
加權指數,2025-11-28,27626.4805
台積電ADR,2025-11-28,291.51
美元兌台幣,2025-11-28,31.3147
美元指數,2025-11-28,99.46
費城半導體,2025-11-28,7025.1499
那斯達克,2025-11-28,23365.6895
VIX,2025-12-01,17.24
加權指數,2025-12-01,27342.5293
台積電ADR,2025-12-01,287.68
美元兌台幣,2025-12-01,31.3769
美元指數,2025-12-01,99.41
費城半導體,2025-12-01,7020.5298
那斯達克,2025-12-01,23275.9199
VIX,2025-12-02,16.59
加權指數,2025-12-02,27564.2695
台積電ADR,2025-12-02,292.09
美元兌台幣,2025-12-02,31.396
美元指數,2025-12-02,99.36
費城半導體,2025-12-02,7149.4702
那斯達克,2025-12-02,23413.6699
VIX,2025-12-03,16.08
加權指數,2025-12-03,27793.0391
台積電ADR,2025-12-03,295.45
美元兌台幣,2025-12-03,31.402
美元指數,2025-12-03,98.85
費城半導體,2025-12-03,7280.5098
那斯達克,2025-12-03,23454.0898
VIX,2025-12-04,15.78
加權指數,2025-12-04,27795.7109
台積電ADR,2025-12-04,292.93
美元兌台幣,2025-12-04,31.3147
美元指數,2025-12-04,98.99
費城半導體,2025-12-04,7215.9702
那斯達克,2025-12-04,23505.1406
VIX,2025-12-05,15.41
加權指數,2025-12-05,27980.8906
台積電ADR,2025-12-05,294.72
美元兌台幣,2025-12-05,31.365
美元指數,2025-12-05,98.99
費城半導體,2025-12-05,7294.8398
那斯達克,2025-12-05,23578.1309
VIX,2025-12-08,16.66
加權指數,2025-12-08,28303.7793
台積電ADR,2025-12-08,301.87
美元兌台幣,2025-12-08,31.274
美元指數,2025-12-08,99.09
費城半導體,2025-12-08,7375.2202
那斯達克,2025-12-08,23545.9004
VIX,2025-12-09,16.93
加權指數,2025-12-09,28182.5996
台積電ADR,2025-12-09,303.41
美元兌台幣,2025-12-09,31.1647
美元指數,2025-12-09,99.22
費城半導體,2025-12-09,7372.5098
那斯達克,2025-12-09,23576.4902
VIX,2025-12-10,15.77
加權指數,2025-12-10,28400.7305
台積電ADR,2025-12-10,310.14
美元兌台幣,2025-12-10,31.151
美元指數,2025-12-10,98.79
費城半導體,2025-12-10,7467.4902
那斯達克,2025-12-10,23654.1504
VIX,2025-12-11,14.85
加權指數,2025-12-11,28024.75
台積電ADR,2025-12-11,304.85
美元兌台幣,2025-12-11,31.077
美元指數,2025-12-11,98.35
費城半導體,2025-12-11,7411.48
那斯達克,2025-12-11,23593.8594
VIX,2025-12-12,15.74
加權指數,2025-12-12,28198.0195
台積電ADR,2025-12-12,292.04
美元兌台幣,2025-12-12,31.1801
美元指數,2025-12-12,98.4
費城半導體,2025-12-12,7033.5698
那斯達克,2025-12-12,23195.1699
VIX,2025-12-15,16.5
加權指數,2025-12-15,27866.9395
台積電ADR,2025-12-15,287.74
美元兌台幣,2025-12-15,31.3201
美元指數,2025-12-15,98.15
費城半導體,2025-12-15,6990.4102
那斯達克,2025-12-15,23057.4102
VIX,2025-12-16,16.48
加權指數,2025-12-16,27536.6602
台積電ADR,2025-12-16,286.87
美元兌台幣,2025-12-16,31.3287
美元指數,2025-12-16,98.15
費城半導體,2025-12-16,6958.4399
那斯達克,2025-12-16,23111.4609
VIX,2025-12-17,17.62
加權指數,2025-12-17,27525.1699
台積電ADR,2025-12-17,276.96
美元兌台幣,2025-12-17,31.469
美元指數,2025-12-17,98.37
費城半導體,2025-12-17,6695.3101
那斯達克,2025-12-17,22693.3203
VIX,2025-12-18,16.87
加權指數,2025-12-18,27468.5293
台積電ADR,2025-12-18,284.68
美元兌台幣,2025-12-18,31.6321
美元指數,2025-12-18,98.43
費城半導體,2025-12-18,6863.6299
那斯達克,2025-12-18,23006.3594
VIX,2025-12-19,14.91
加權指數,2025-12-19,27696.3496
台積電ADR,2025-12-19,288.95
美元兌台幣,2025-12-19,31.5141
美元指數,2025-12-19,98.6
費城半導體,2025-12-19,7067.8701
那斯達克,2025-12-19,23307.6191
VIX,2025-12-22,14.08
加權指數,2025-12-22,28149.6406
台積電ADR,2025-12-22,293.28
美元兌台幣,2025-12-22,31.5039
美元指數,2025-12-22,98.29
費城半導體,2025-12-22,7145.5698
那斯達克,2025-12-22,23428.8301
VIX,2025-12-23,14.0
加權指數,2025-12-23,28310.4707
台積電ADR,2025-12-23,296.95
美元兌台幣,2025-12-23,31.5322
美元指數,2025-12-23,97.94
費城半導體,2025-12-23,7184.54
那斯達克,2025-12-23,23561.8398
VIX,2025-12-24,13.47
加權指數,2025-12-24,28371.9805
台積電ADR,2025-12-24,298.8
美元兌台幣,2025-12-24,31.4895
美元指數,2025-12-24,97.98
費城半導體,2025-12-24,7204.3701
那斯達克,2025-12-24,23613.3105
VIX,2025-12-26,13.6
加權指數,2025-12-26,28556.0195
台積電ADR,2025-12-26,302.84
美元兌台幣,2025-12-26,31.5702
美元指數,2025-12-26,98.02
費城半導體,2025-12-26,7207.6401
那斯達克,2025-12-26,23593.0996
VIX,2025-12-29,14.2
加權指數,2025-12-29,28810.8906
台積電ADR,2025-12-29,300.92
美元兌台幣,2025-12-29,31.38
美元指數,2025-12-29,98.04
費城半導體,2025-12-29,7178.27
那斯達克,2025-12-29,23474.3496
VIX,2025-12-30,14.33
加權指數,2025-12-30,28707.1309
台積電ADR,2025-12-30,299.58
美元兌台幣,2025-12-30,31.3178
美元指數,2025-12-30,98.24
費城半導體,2025-12-30,7169.1001
那斯達克,2025-12-30,23419.0801
VIX,2025-12-31,14.95
加權指數,2025-12-31,28963.5996
台積電ADR,2025-12-31,303.89
美元兌台幣,2025-12-31,31.2436
美元指數,2025-12-31,98.28
費城半導體,2025-12-31,7083.1299
那斯達克,2025-12-31,23241.9902
VIX,2026-01-02,14.51
加權指數,2026-01-02,29349.8105
台積電ADR,2026-01-02,319.61
美元兌台幣,2026-01-02,31.3035
美元指數,2026-01-02,98.42
費城半導體,2026-01-02,7367.4702
那斯達克,2026-01-02,23235.6309
VIX,2026-01-05,14.9
加權指數,2026-01-05,30105.0391
台積電ADR,2026-01-05,322.25
美元兌台幣,2026-01-05,31.3587
美元指數,2026-01-05,98.27
費城半導體,2026-01-05,7446.4502
那斯達克,2026-01-05,23395.8203
VIX,2026-01-06,14.75
加權指數,2026-01-06,30576.3008
台積電ADR,2026-01-06,327.43
美元兌台幣,2026-01-06,31.4746
美元指數,2026-01-06,98.58
費城半導體,2026-01-06,7650.9302
那斯達克,2026-01-06,23547.1699
VIX,2026-01-07,15.38
加權指數,2026-01-07,30435.4707
台積電ADR,2026-01-07,318.68
美元兌台幣,2026-01-07,31.4921
美元指數,2026-01-07,98.68
費城半導體,2026-01-07,7574.8701
那斯達克,2026-01-07,23584.2793
VIX,2026-01-08,15.45
加權指數,2026-01-08,30360.5508
台積電ADR,2026-01-08,318.01
美元兌台幣,2026-01-08,31.4491
美元指數,2026-01-08,98.93
費城半導體,2026-01-08,7436.1001
那斯達克,2026-01-08,23480.0195
VIX,2026-01-09,14.49
加權指數,2026-01-09,30288.9609
台積電ADR,2026-01-09,323.63
美元兌台幣,2026-01-09,31.5448
美元指數,2026-01-09,99.13
費城半導體,2026-01-09,7638.7798
那斯達克,2026-01-09,23671.3496
VIX,2026-01-12,15.12
加權指數,2026-01-12,30567.2891
台積電ADR,2026-01-12,331.77
美元兌台幣,2026-01-12,31.5933
美元指數,2026-01-12,98.86
費城半導體,2026-01-12,7674.8398
那斯達克,2026-01-12,23733.9004
VIX,2026-01-13,15.98
加權指數,2026-01-13,30707.2207
台積電ADR,2026-01-13,331.21
美元兌台幣,2026-01-13,31.5699
美元指數,2026-01-13,99.13
費城半導體,2026-01-13,7747.9902
那斯達克,2026-01-13,23709.8691
VIX,2026-01-14,16.75
加權指數,2026-01-14,30941.7793
台積電ADR,2026-01-14,327.11
美元兌台幣,2026-01-14,31.6169
美元指數,2026-01-14,99.13
費城半導體,2026-01-14,7701.4702
那斯達克,2026-01-14,23471.75
VIX,2026-01-15,15.84
加權指數,2026-01-15,30810.5801
台積電ADR,2026-01-15,341.64
美元兌台幣,2026-01-15,31.5107
美元指數,2026-01-15,99.32
費城半導體,2026-01-15,7837.2998
那斯達克,2026-01-15,23530.0195
VIX,2026-01-16,15.86
加權指數,2026-01-16,31408.6992
台積電ADR,2026-01-16,342.4
美元兌台幣,2026-01-16,31.5642
美元指數,2026-01-16,99.39
費城半導體,2026-01-16,7927.4102
那斯達克,2026-01-16,23515.3906
加權指數,2026-01-19,31639.2891
美元兌台幣,2026-01-19,31.608
VIX,2026-01-20,20.09
加權指數,2026-01-20,31759.9902
台積電ADR,2026-01-20,327.16
美元兌台幣,2026-01-20,31.549
美元指數,2026-01-20,98.64
費城半導體,2026-01-20,7794.1899
那斯達克,2026-01-20,22954.3203
VIX,2026-01-21,16.9
加權指數,2026-01-21,31246.3691
台積電ADR,2026-01-21,326.12
美元兌台幣,2026-01-21,31.6823
美元指數,2026-01-21,98.76
費城半導體,2026-01-21,8042.0698
那斯達克,2026-01-21,23224.8203
VIX,2026-01-22,15.64
加權指數,2026-01-22,31746.0801
台積電ADR,2026-01-22,327.37
美元兌台幣,2026-01-22,31.64
美元指數,2026-01-22,98.36
費城半導體,2026-01-22,8055.1699
那斯達克,2026-01-22,23436.0195
VIX,2026-01-23,16.09
加權指數,2026-01-23,31961.5098
台積電ADR,2026-01-23,334.87
美元兌台幣,2026-01-23,31.584
美元指數,2026-01-23,97.6
費城半導體,2026-01-23,7957.9302
那斯達克,2026-01-23,23501.2402
VIX,2026-01-26,16.15
加權指數,2026-01-26,32064.5195
台積電ADR,2026-01-26,332.71
美元兌台幣,2026-01-26,31.3708
美元指數,2026-01-26,97.04
費城半導體,2026-01-26,7927.04
那斯達克,2026-01-26,23601.3594
VIX,2026-01-27,16.35
加權指數,2026-01-27,32317.9199
台積電ADR,2026-01-27,338.34
美元兌台幣,2026-01-27,31.4405
美元指數,2026-01-27,96.22
費城半導體,2026-01-27,8117.1802
那斯達克,2026-01-27,23817.0996
VIX,2026-01-28,16.35
加權指數,2026-01-28,32803.8203
台積電ADR,2026-01-28,342.3
美元兌台幣,2026-01-28,31.1103
美元指數,2026-01-28,96.45
費城半導體,2026-01-28,8306.7402
那斯達克,2026-01-28,23857.4492
VIX,2026-01-29,16.88
加權指數,2026-01-29,32536.2695
台積電ADR,2026-01-29,339.55
美元兌台幣,2026-01-29,31.2696
美元指數,2026-01-29,96.28
費城半導體,2026-01-29,8320.3896
那斯達克,2026-01-29,23685.1191
VIX,2026-01-30,17.44
加權指數,2026-01-30,32063.75
台積電ADR,2026-01-30,330.56
美元兌台幣,2026-01-30,31.3617
美元指數,2026-01-30,96.99
費城半導體,2026-01-30,7998.4702
那斯達克,2026-01-30,23461.8203
VIX,2026-02-02,16.34
加權指數,2026-02-02,31624.0293
台積電ADR,2026-02-02,341.36
美元兌台幣,2026-02-02,31.583
美元指數,2026-02-02,97.61
費城半導體,2026-02-02,8134.4902
那斯達克,2026-02-02,23592.1094
VIX,2026-02-03,18.0
加權指數,2026-02-03,32195.3594
台積電ADR,2026-02-03,335.75
美元兌台幣,2026-02-03,31.5771
美元指數,2026-02-03,97.44
費城半導體,2026-02-03,7966.3301
那斯達克,2026-02-03,23255.1895
VIX,2026-02-04,18.64
加權指數,2026-02-04,32289.8105
台積電ADR,2026-02-04,325.74
美元兌台幣,2026-02-04,31.5732
美元指數,2026-02-04,97.62
費城半導體,2026-02-04,7619.1602
那斯達克,2026-02-04,22904.5801
VIX,2026-02-05,21.77
加權指數,2026-02-05,31801.2695
台積電ADR,2026-02-05,330.73
美元兌台幣,2026-02-05,31.6571
美元指數,2026-02-05,97.82
費城半導體,2026-02-05,7614.6401
那斯達克,2026-02-05,22540.5898
VIX,2026-02-06,20.37
加權指數,2026-02-06,31782.9199
台積電ADR,2026-02-06,348.85
美元兌台幣,2026-02-06,31.6488
美元指數,2026-02-06,97.63
費城半導體,2026-02-06,8048.6201
那斯達克,2026-02-06,23031.2109
VIX,2026-02-09,17.36
加權指數,2026-02-09,32404.6191
台積電ADR,2026-02-09,355.41
美元兌台幣,2026-02-09,31.575
美元指數,2026-02-09,96.82
費城半導體,2026-02-09,8162.5801
那斯達克,2026-02-09,23238.6699
VIX,2026-02-10,17.79
加權指數,2026-02-10,33072.9688
台積電ADR,2026-02-10,361.91
美元兌台幣,2026-02-10,31.5612
美元指數,2026-02-10,96.8
費城半導體,2026-02-10,8107.1299
那斯達克,2026-02-10,23102.4707
VIX,2026-02-11,17.65
加權指數,2026-02-11,33605.7109
台積電ADR,2026-02-11,374.09
美元兌台幣,2026-02-11,31.4787
美元指數,2026-02-11,96.83
費城半導體,2026-02-11,8291.8604
那斯達克,2026-02-11,23066.4707
VIX,2026-02-12,20.82
台積電ADR,2026-02-12,368.1
美元兌台幣,2026-02-12,31.337
美元指數,2026-02-12,96.93
費城半導體,2026-02-12,8084.7002
那斯達克,2026-02-12,22597.1504
VIX,2026-02-13,20.6
台積電ADR,2026-02-13,366.36
美元兌台幣,2026-02-13,31.4169
美元指數,2026-02-13,96.88
費城半導體,2026-02-13,8137.8599
那斯達克,2026-02-13,22546.6699
美元兌台幣,2026-02-16,31.369
VIX,2026-02-17,20.29
台積電ADR,2026-02-17,364.2
美元兌台幣,2026-02-17,31.327
美元指數,2026-02-17,97.16
費城半導體,2026-02-17,8136.0498
那斯達克,2026-02-17,22578.3809
VIX,2026-02-18,19.62
台積電ADR,2026-02-18,362.26
美元兌台幣,2026-02-18,31.376
美元指數,2026-02-18,97.7
費城半導體,2026-02-18,8214.3496
那斯達克,2026-02-18,22753.6309
VIX,2026-02-19,20.23
台積電ADR,2026-02-19,360.39
美元兌台幣,2026-02-19,31.5291
美元指數,2026-02-19,97.93
費城半導體,2026-02-19,8173.2998
那斯達克,2026-02-19,22682.7305
VIX,2026-02-20,19.09
台積電ADR,2026-02-20,370.54
美元兌台幣,2026-02-20,31.579
美元指數,2026-02-20,97.8
費城半導體,2026-02-20,8260.4199
那斯達克,2026-02-20,22886.0703
VIX,2026-02-23,21.01
加權指數,2026-02-23,33773.2617
台積電ADR,2026-02-23,370.04
美元兌台幣,2026-02-23,31.511
美元指數,2026-02-23,97.7
費城半導體,2026-02-23,8213.46
那斯達克,2026-02-23,22627.2695
VIX,2026-02-24,19.55
加權指數,2026-02-24,34700.8203
台積電ADR,2026-02-24,385.75
美元兌台幣,2026-02-24,31.4348
美元指數,2026-02-24,97.88
費城半導體,2026-02-24,8332.3398
那斯達克,2026-02-24,22863.6797
VIX,2026-02-25,17.93
加權指數,2026-02-25,35413.0703
台積電ADR,2026-02-25,387.73
美元兌台幣,2026-02-25,31.3771
美元指數,2026-02-25,97.7
費城半導體,2026-02-25,8467.4297
那斯達克,2026-02-25,23152.0801
VIX,2026-02-26,18.63
加權指數,2026-02-26,35414.4883
台積電ADR,2026-02-26,376.81
美元兌台幣,2026-02-26,31.2691
美元指數,2026-02-26,97.79
費城半導體,2026-02-26,8197.2598
那斯達克,2026-02-26,22878.3809
VIX,2026-02-27,19.86
台積電ADR,2026-02-27,374.58
美元兌台幣,2026-02-27,31.2468
美元指數,2026-02-27,97.61
費城半導體,2026-02-27,8098.3701
那斯達克,2026-02-27,22668.2109
VIX,2026-03-02,21.44
加權指數,2026-03-02,35095.0898
台積電ADR,2026-03-02,369.11
美元兌台幣,2026-03-02,31.375
美元指數,2026-03-02,98.38
費城半導體,2026-03-02,8137.3599
那斯達克,2026-03-02,22748.8594
VIX,2026-03-03,23.57
加權指數,2026-03-03,34323.6484
台積電ADR,2026-03-03,353.13
美元兌台幣,2026-03-03,31.535
美元指數,2026-03-03,99.05
費城半導體,2026-03-03,7764.8799
那斯達克,2026-03-03,22516.6895
VIX,2026-03-04,21.15
加權指數,2026-03-04,32828.8789
台積電ADR,2026-03-04,357.44
美元兌台幣,2026-03-04,31.734
美元指數,2026-03-04,98.77
費城半導體,2026-03-04,7914.48
那斯達克,2026-03-04,22807.4805
VIX,2026-03-05,23.75
加權指數,2026-03-05,33672.9414
台積電ADR,2026-03-05,353.86
美元兌台幣,2026-03-05,31.63
美元指數,2026-03-05,99.32
費城半導體,2026-03-05,7821.7598
那斯達克,2026-03-05,22748.9902
VIX,2026-03-06,29.49
加權指數,2026-03-06,33599.5391
台積電ADR,2026-03-06,338.89
美元兌台幣,2026-03-06,31.9059
美元指數,2026-03-06,98.99
費城半導體,2026-03-06,7514.7402
那斯達克,2026-03-06,22387.6797
VIX,2026-03-09,25.5
加權指數,2026-03-09,32110.4199
台積電ADR,2026-03-09,348.7
美元兌台幣,2026-03-09,31.8023
美元指數,2026-03-09,99.18
費城半導體,2026-03-09,7810.3999
那斯達克,2026-03-09,22695.9492
VIX,2026-03-10,24.93
加權指數,2026-03-10,32771.8711
台積電ADR,2026-03-10,347.09
美元兌台幣,2026-03-10,31.802
美元指數,2026-03-10,98.83
費城半導體,2026-03-10,7865.1201
那斯達克,2026-03-10,22697.0996
VIX,2026-03-11,24.23
加權指數,2026-03-11,34114.1914
台積電ADR,2026-03-11,354.56
美元兌台幣,2026-03-11,31.7739
美元指數,2026-03-11,99.23
費城半導體,2026-03-11,7914.5698
那斯達克,2026-03-11,22716.1309
VIX,2026-03-12,27.29
加權指數,2026-03-12,33581.8594
台積電ADR,2026-03-12,336.71
美元兌台幣,2026-03-12,31.8115
美元指數,2026-03-12,99.74
費城半導體,2026-03-12,7643.1699
那斯達克,2026-03-12,22311.9805
VIX,2026-03-13,27.19
加權指數,2026-03-13,33400.3203
台積電ADR,2026-03-13,338.31
美元兌台幣,2026-03-13,31.8958
美元指數,2026-03-13,100.36
費城半導體,2026-03-13,7646.6401
那斯達克,2026-03-13,22105.3594
VIX,2026-03-16,23.51
加權指數,2026-03-16,33342.5117
台積電ADR,2026-03-16,340.23
美元兌台幣,2026-03-16,32.1631
美元指數,2026-03-16,99.71
費城半導體,2026-03-16,7796.2402
那斯達克,2026-03-16,22374.1797
VIX,2026-03-17,22.37
加權指數,2026-03-17,33836.5703
台積電ADR,2026-03-17,345.98
美元兌台幣,2026-03-17,31.945
美元指數,2026-03-17,99.58
費城半導體,2026-03-17,7836.8301
那斯達克,2026-03-17,22479.5293
VIX,2026-03-18,25.09
加權指數,2026-03-18,34348.5781
台積電ADR,2026-03-18,339.57
美元兌台幣,2026-03-18,31.885
美元指數,2026-03-18,100.09
費城半導體,2026-03-18,7795.1299
那斯達克,2026-03-18,22152.4199
VIX,2026-03-19,24.06
加權指數,2026-03-19,33689.6797
台積電ADR,2026-03-19,338.79
美元兌台幣,2026-03-19,32.0312
美元指數,2026-03-19,99.23
費城半導體,2026-03-19,7863.2998
那斯達克,2026-03-19,22090.6895
VIX,2026-03-20,26.78
加權指數,2026-03-20,33543.8789
台積電ADR,2026-03-20,329.24
美元兌台幣,2026-03-20,31.8021
美元指數,2026-03-20,99.65
費城半導體,2026-03-20,7670.6099
那斯達克,2026-03-20,21647.6094
VIX,2026-03-23,26.15
加權指數,2026-03-23,32722.5
台積電ADR,2026-03-23,338.45
美元兌台幣,2026-03-23,32.0217
美元指數,2026-03-23,98.95
費城半導體,2026-03-23,7773.1299
那斯達克,2026-03-23,21946.7598
VIX,2026-03-24,26.95
加權指數,2026-03-24,32612.2402
台積電ADR,2026-03-24,343.25
美元兌台幣,2026-03-24,31.862
美元指數,2026-03-24,99.43
費城半導體,2026-03-24,7872.71
那斯達克,2026-03-24,21761.8906
VIX,2026-03-25,25.33
加權指數,2026-03-25,33439.1094
台積電ADR,2026-03-25,347.75
美元兌台幣,2026-03-25,31.9258
美元指數,2026-03-25,99.6
費城半導體,2026-03-25,7967.75
那斯達克,2026-03-25,21929.8203
VIX,2026-03-26,27.44
加權指數,2026-03-26,33337.6211
台積電ADR,2026-03-26,326.11
美元兌台幣,2026-03-26,31.9359
美元指數,2026-03-26,99.9
費城半導體,2026-03-26,7585.8701
那斯達克,2026-03-26,21408.0801
VIX,2026-03-27,31.05
加權指數,2026-03-27,33112.5898
台積電ADR,2026-03-27,326.74
美元兌台幣,2026-03-27,31.93
美元指數,2026-03-27,100.15
費城半導體,2026-03-27,7457.6699
那斯達克,2026-03-27,20948.3594
VIX,2026-03-30,30.61
加權指數,2026-03-30,32518.1602
台積電ADR,2026-03-30,316.5
美元兌台幣,2026-03-30,31.977
美元指數,2026-03-30,100.51
費城半導體,2026-03-30,7142.3301
那斯達克,2026-03-30,20794.6406
VIX,2026-03-31,25.25
加權指數,2026-03-31,31722.9902
台積電ADR,2026-03-31,337.95
美元兌台幣,2026-03-31,32.039
美元指數,2026-03-31,99.96
費城半導體,2026-03-31,7588.2002
那斯達克,2026-03-31,21590.6309
VIX,2026-04-01,24.54
加權指數,2026-04-01,33174.8203
台積電ADR,2026-04-01,341.49
美元兌台幣,2026-04-01,31.9379
美元指數,2026-04-01,99.65
費城半導體,2026-04-01,7802.3101
那斯達克,2026-04-01,21840.9492
VIX,2026-04-02,23.87
加權指數,2026-04-02,32572.4297
台積電ADR,2026-04-02,339.04
美元兌台幣,2026-04-02,32.002
美元指數,2026-04-02,100.03
費城半導體,2026-04-02,7833.3901
那斯達克,2026-04-02,21879.1797
美元兌台幣,2026-04-03,31.9381
VIX,2026-04-06,24.17
台積電ADR,2026-04-06,341.76
美元兌台幣,2026-04-06,31.963
美元指數,2026-04-06,99.98
費城半導體,2026-04-06,7916.1099
那斯達克,2026-04-06,21996.3398
VIX,2026-04-07,25.78
加權指數,2026-04-07,33229.8203
台積電ADR,2026-04-07,345.32
美元兌台幣,2026-04-07,31.914
美元指數,2026-04-07,99.64
費城半導體,2026-04-07,8003.8701
那斯達克,2026-04-07,22017.8496
VIX,2026-04-08,21.04
加權指數,2026-04-08,34761.3789
台積電ADR,2026-04-08,365.9
美元兌台幣,2026-04-08,31.894
美元指數,2026-04-08,99.13
費城半導體,2026-04-08,8510.9199
那斯達克,2026-04-08,22634.9902
VIX,2026-04-09,19.49
加權指數,2026-04-09,34861.1602
台積電ADR,2026-04-09,365.49
美元兌台幣,2026-04-09,31.7204
美元指數,2026-04-09,98.82
費城半導體,2026-04-09,8689.5303
那斯達克,2026-04-09,22822.4199
VIX,2026-04-10,19.23
加權指數,2026-04-10,35417.8281
台積電ADR,2026-04-10,370.6
美元兌台幣,2026-04-10,31.7258
美元指數,2026-04-10,98.65
費城半導體,2026-04-10,8889.8301
那斯達克,2026-04-10,22902.8906
VIX,2026-04-13,19.12
加權指數,2026-04-13,35457.2891
台積電ADR,2026-04-13,369.57
美元兌台幣,2026-04-13,31.767
美元指數,2026-04-13,98.37
費城半導體,2026-04-13,9039.5195
那斯達克,2026-04-13,23183.7402
VIX,2026-04-14,18.36
加權指數,2026-04-14,36296.1211
台積電ADR,2026-04-14,379.89
美元兌台幣,2026-04-14,31.6412
美元指數,2026-04-14,98.12
費城半導體,2026-04-14,9224.1201
那斯達克,2026-04-14,23639.0801
VIX,2026-04-15,18.17
加權指數,2026-04-15,36722.1406
台積電ADR,2026-04-15,375.1
美元兌台幣,2026-04-15,31.517
美元指數,2026-04-15,98.06
費城半導體,2026-04-15,9239.29
那斯達克,2026-04-15,24016.0195
VIX,2026-04-16,17.94
加權指數,2026-04-16,37132.0195
台積電ADR,2026-04-16,363.35
美元兌台幣,2026-04-16,31.587
美元指數,2026-04-16,98.22
費城半導體,2026-04-16,9329.3496
那斯達克,2026-04-16,24102.6992
VIX,2026-04-17,17.48
加權指數,2026-04-17,36804.3398
台積電ADR,2026-04-17,370.5
美元兌台幣,2026-04-17,31.558
美元指數,2026-04-17,98.1
費城半導體,2026-04-17,9555.8799
那斯達克,2026-04-17,24468.4805
VIX,2026-04-20,18.87
加權指數,2026-04-20,36958.8008
台積電ADR,2026-04-20,366.24
美元兌台幣,2026-04-20,31.468
美元指數,2026-04-20,98.05
費城半導體,2026-04-20,9599.21
那斯達克,2026-04-20,24404.3906
VIX,2026-04-21,19.5
加權指數,2026-04-21,37605.1094
台積電ADR,2026-04-21,368.08
美元兌台幣,2026-04-21,31.419
美元指數,2026-04-21,98.41
費城半導體,2026-04-21,9647.21
那斯達克,2026-04-21,24259.9609
VIX,2026-04-22,18.92
加權指數,2026-04-22,37878.4688
台積電ADR,2026-04-22,387.44
美元兌台幣,2026-04-22,31.482
美元指數,2026-04-22,98.59
費城半導體,2026-04-22,9909.2695
那斯達克,2026-04-22,24657.5703
VIX,2026-04-23,19.31
加權指數,2026-04-23,37714.1484
台積電ADR,2026-04-23,382.66
美元兌台幣,2026-04-23,31.4668
美元指數,2026-04-23,98.8
費城半導體,2026-04-23,10078.5703
那斯達克,2026-04-23,24438.5
VIX,2026-04-24,18.71
加權指數,2026-04-24,38932.3984
台積電ADR,2026-04-24,402.46
美元兌台幣,2026-04-24,31.53
美元指數,2026-04-24,98.51
費城半導體,2026-04-24,10513.6602
那斯達克,2026-04-24,24836.5996
VIX,2026-04-27,18.02
加權指數,2026-04-27,39616.6289
台積電ADR,2026-04-27,404.98
美元兌台幣,2026-04-27,31.44
美元指數,2026-04-27,98.48
費城半導體,2026-04-27,10408.04
那斯達克,2026-04-27,24887.0996
VIX,2026-04-28,17.83
加權指數,2026-04-28,39521.7305
台積電ADR,2026-04-28,392.34
美元兌台幣,2026-04-28,31.4557
美元指數,2026-04-28,98.62
費城半導體,2026-04-28,10035.5801
那斯達克,2026-04-28,24663.8008
VIX,2026-04-29,18.81
加權指數,2026-04-29,39303.5
台積電ADR,2026-04-29,393.83
美元兌台幣,2026-04-29,31.513
美元指數,2026-04-29,98.92
費城半導體,2026-04-29,10271.2998
那斯達克,2026-04-29,24673.2402
VIX,2026-04-30,16.89
加權指數,2026-04-30,38926.6289
台積電ADR,2026-04-30,396.06
美元兌台幣,2026-04-30,31.6265
美元指數,2026-04-30,98.08
費城半導體,2026-04-30,10503.7002
那斯達克,2026-04-30,24892.3105
VIX,2026-05-01,16.99
台積電ADR,2026-05-01,397.67
美元兌台幣,2026-05-01,31.569
美元指數,2026-05-01,98.21
費城半導體,2026-05-01,10595.3398
那斯達克,2026-05-01,25114.4395
VIX,2026-05-04,18.29
加權指數,2026-05-04,40705.1406
台積電ADR,2026-05-04,401.61
美元兌台幣,2026-05-04,31.554
美元指數,2026-05-04,98.47
費城半導體,2026-05-04,10534.6602
那斯達克,2026-05-04,25067.8008
VIX,2026-05-05,17.38
加權指數,2026-05-05,40769.2891
台積電ADR,2026-05-05,394.41
美元兌台幣,2026-05-05,31.598
美元指數,2026-05-05,98.48
費城半導體,2026-05-05,10980.5801
那斯達克,2026-05-05,25326.1309
VIX,2026-05-06,17.39
加權指數,2026-05-06,41138.8516
台積電ADR,2026-05-06,419.5
美元兌台幣,2026-05-06,31.545
美元指數,2026-05-06,98.02
費城半導體,2026-05-06,11472.75
那斯達克,2026-05-06,25838.9395
VIX,2026-05-07,17.08
加權指數,2026-05-07,41933.7812
台積電ADR,2026-05-07,414.15
美元兌台幣,2026-05-07,31.3985
美元指數,2026-05-07,98.25
費城半導體,2026-05-07,11160.9902
那斯達克,2026-05-07,25806.1992
VIX,2026-05-08,17.19
加權指數,2026-05-08,41603.9414
台積電ADR,2026-05-08,411.68
美元兌台幣,2026-05-08,31.3921
美元指數,2026-05-08,97.84
費城半導體,2026-05-08,11775.5
那斯達克,2026-05-08,26247.0801
VIX,2026-05-11,18.38
加權指數,2026-05-11,41790.0586
台積電ADR,2026-05-11,404.54
美元兌台幣,2026-05-11,31.301
美元指數,2026-05-11,97.94
費城半導體,2026-05-11,12081.04
那斯達克,2026-05-11,26274.1309
VIX,2026-05-12,17.99
加權指數,2026-05-12,41898.3203
台積電ADR,2026-05-12,397.28
美元兌台幣,2026-05-12,31.3518
美元指數,2026-05-12,98.29
費城半導體,2026-05-12,11717.2598
那斯達克,2026-05-12,26088.1992
VIX,2026-05-13,17.87
加權指數,2026-05-13,41374.5
台積電ADR,2026-05-13,399.8
美元兌台幣,2026-05-13,31.5011
美元指數,2026-05-13,98.48
費城半導體,2026-05-13,12017.9805
那斯達克,2026-05-13,26402.3398
VIX,2026-05-14,17.26
加權指數,2026-05-14,41751.75
台積電ADR,2026-05-14,417.72
美元兌台幣,2026-05-14,31.559
美元指數,2026-05-14,98.88
費城半導體,2026-05-14,12073.7803
那斯達克,2026-05-14,26635.2207
VIX,2026-05-15,18.43
加權指數,2026-05-15,41172.3594
台積電ADR,2026-05-15,404.35
美元兌台幣,2026-05-15,31.5644
美元指數,2026-05-15,99.27
費城半導體,2026-05-15,11588.46
那斯達克,2026-05-15,26225.1406
VIX,2026-05-18,17.82
加權指數,2026-05-18,40891.8203
台積電ADR,2026-05-18,395.95
美元兌台幣,2026-05-18,31.587
美元指數,2026-05-18,98.97
費城半導體,2026-05-18,11302.5195
那斯達克,2026-05-18,26090.7305
VIX,2026-05-19,18.06
加權指數,2026-05-19,40175.5586
台積電ADR,2026-05-19,392.61
美元兌台幣,2026-05-19,31.5541
美元指數,2026-05-19,99.3
費城半導體,2026-05-19,11305.5
那斯達克,2026-05-19,25870.7109
VIX,2026-05-20,17.44
加權指數,2026-05-20,40020.8203
台積電ADR,2026-05-20,401.62
美元兌台幣,2026-05-20,31.7292
美元指數,2026-05-20,99.11
費城半導體,2026-05-20,11813.29
那斯達克,2026-05-20,26270.3594
VIX,2026-05-21,16.76
加權指數,2026-05-21,41368.2109
台積電ADR,2026-05-21,407.15
美元兌台幣,2026-05-21,31.5912
美元指數,2026-05-21,99.19
費城半導體,2026-05-21,11964.0801
那斯達克,2026-05-21,26293.0996
VIX,2026-05-22,16.7
加權指數,2026-05-22,42267.9688
台積電ADR,2026-05-22,404.52
美元兌台幣,2026-05-22,31.5508
美元指數,2026-05-22,99.32
費城半導體,2026-05-22,12202.54
那斯達克,2026-05-22,26343.9707
VIX,2026-05-25,16.59
加權指數,2026-05-25,43644.3984
美元兌台幣,2026-05-25,31.439
VIX,2026-05-26,17.01
加權指數,2026-05-26,43525.3711
台積電ADR,2026-05-26,412.32
美元兌台幣,2026-05-26,31.4484
美元指數,2026-05-26,99.17
費城半導體,2026-05-26,12876.9102
那斯達克,2026-05-26,26656.1797
VIX,2026-05-27,16.29
加權指數,2026-05-27,44256.8008
台積電ADR,2026-05-27,422.73
美元兌台幣,2026-05-27,31.4459
美元指數,2026-05-27,99.21
費城半導體,2026-05-27,12702.1904
那斯達克,2026-05-27,26674.7305
VIX,2026-05-28,15.74
加權指數,2026-05-28,43636.4414
台積電ADR,2026-05-28,424.86
美元兌台幣,2026-05-28,31.4659
美元指數,2026-05-28,99.02
費城半導體,2026-05-28,12829.1396
那斯達克,2026-05-28,26917.4707
VIX,2026-05-29,15.32
加權指數,2026-05-29,44732.9414
台積電ADR,2026-05-29,418.45
美元兌台幣,2026-05-29,31.424
美元指數,2026-05-29,98.91
費城半導體,2026-05-29,12829.3799
那斯達克,2026-05-29,26972.6191
VIX,2026-06-01,16.05
加權指數,2026-06-01,45337.9102
台積電ADR,2026-06-01,435.63
美元兌台幣,2026-06-01,31.4129
美元指數,2026-06-01,99.2
費城半導體,2026-06-01,12965.6504
那斯達克,2026-06-01,27086.8105
VIX,2026-06-02,15.77
加權指數,2026-06-02,45557.3086
台積電ADR,2026-06-02,446.69
美元兌台幣,2026-06-02,31.3305
美元指數,2026-06-02,99.22
費城半導體,2026-06-02,13726.2695
那斯達克,2026-06-02,27093.9004
VIX,2026-06-03,16.06
加權指數,2026-06-03,46459.1602
台積電ADR,2026-06-03,436.69
美元兌台幣,2026-06-03,31.4782
美元指數,2026-06-03,99.53
費城半導體,2026-06-03,13916.96
那斯達克,2026-06-03,26853.9805
VIX,2026-06-04,15.4
加權指數,2026-06-04,45677.4609
台積電ADR,2026-06-04,444.92
美元兌台幣,2026-06-04,31.5055
美元指數,2026-06-04,99.41
費城半導體,2026-06-04,13617.5
那斯達克,2026-06-04,26830.9609
VIX,2026-06-05,21.51
加權指數,2026-06-05,45070.9414
台積電ADR,2026-06-05,415.17
美元兌台幣,2026-06-05,31.503
美元指數,2026-06-05,100.07
費城半導體,2026-06-05,12220.7598
那斯達克,2026-06-05,25709.4297
VIX,2026-06-08,18.92
加權指數,2026-06-08,43502.7812
台積電ADR,2026-06-08,426.8
美元兌台幣,2026-06-08,31.5881
美元指數,2026-06-08,100.05
費城半導體,2026-06-08,12906.6904
那斯達克,2026-06-08,25929.6602
VIX,2026-06-09,19.87
加權指數,2026-06-09,44704.4414
台積電ADR,2026-06-09,427.92
美元兌台幣,2026-06-09,31.582
美元指數,2026-06-09,99.91
費城半導體,2026-06-09,12657.8096
那斯達克,2026-06-09,25678.8203
VIX,2026-06-10,22.22
加權指數,2026-06-10,43225.5391
台積電ADR,2026-06-10,408.75
美元兌台幣,2026-06-10,31.5409
美元指數,2026-06-10,99.95
費城半導體,2026-06-10,12206.46
那斯達克,2026-06-10,25169.5
VIX,2026-06-11,19.44
加權指數,2026-06-11,43149.4609
台積電ADR,2026-06-11,421.07
美元兌台幣,2026-06-11,31.6498
美元指數,2026-06-11,99.86
費城半導體,2026-06-11,13171.4404
那斯達克,2026-06-11,25809.6602
VIX,2026-06-12,17.68
加權指數,2026-06-12,44169.0391
台積電ADR,2026-06-12,423.93
美元兌台幣,2026-06-12,31.579
美元指數,2026-06-12,99.75
費城半導體,2026-06-12,13371.4697
那斯達克,2026-06-12,25888.8398
VIX,2026-06-15,16.2
加權指數,2026-06-15,45396.9883
台積電ADR,2026-06-15,441.4
美元兌台幣,2026-06-15,31.613
美元指數,2026-06-15,99.63
費城半導體,2026-06-15,14099.6201
那斯達克,2026-06-15,26683.9395
VIX,2026-06-16,16.41
加權指數,2026-06-16,45809.1914
台積電ADR,2026-06-16,425.83
美元兌台幣,2026-06-16,31.5186
美元指數,2026-06-16,99.54
費城半導體,2026-06-16,13294.2197
那斯達克,2026-06-16,26376.3398
VIX,2026-06-17,18.44
加權指數,2026-06-17,45877.3906
台積電ADR,2026-06-17,432.15
美元兌台幣,2026-06-17,31.5639
美元指數,2026-06-17,100.09
費城半導體,2026-06-17,13477.0703
那斯達克,2026-06-17,26021.6602
VIX,2026-06-18,16.4
加權指數,2026-06-18,46465.1992
台積電ADR,2026-06-18,462.12
美元兌台幣,2026-06-18,31.6384
美元指數,2026-06-18,100.85
費城半導體,2026-06-18,14341.7803
那斯達克,2026-06-18,26517.9297
美元兌台幣,2026-06-19,31.6359
VIX,2026-06-22,17.28
加權指數,2026-06-22,47741.5117
台積電ADR,2026-06-22,467.67
美元兌台幣,2026-06-22,31.702
美元指數,2026-06-22,101.02
費城半導體,2026-06-22,14634.7197
那斯達克,2026-06-22,26166.5996
VIX,2026-06-23,19.49
加權指數,2026-06-23,47100.6484
台積電ADR,2026-06-23,436.39
美元兌台幣,2026-06-23,31.687
美元指數,2026-06-23,101.41
費城半導體,2026-06-23,13482.5098
那斯達克,2026-06-23,25587.0391
VIX,2026-06-24,18.63
加權指數,2026-06-24,46043.6016
台積電ADR,2026-06-24,440.83
美元兌台幣,2026-06-24,31.7021
美元指數,2026-06-24,101.61
費城半導體,2026-06-24,13458.2002
那斯達克,2026-06-24,25476.6406
VIX,2026-06-25,18.89
加權指數,2026-06-25,46255.2617
台積電ADR,2026-06-25,434.99
美元兌台幣,2026-06-25,31.808
美元指數,2026-06-25,101.43
費城半導體,2026-06-25,13940.8701
那斯達克,2026-06-25,25358.5996
VIX,2026-06-26,18.41
加權指數,2026-06-26,44571.7617
台積電ADR,2026-06-26,432.35
美元兌台幣,2026-06-26,31.86
美元指數,2026-06-26,101.36
費城半導體,2026-06-26,13203.5703
那斯達克,2026-06-26,25297.6191
VIX,2026-06-29,17.65
加權指數,2026-06-29,44999.8984
台積電ADR,2026-06-29,455.1
美元兌台幣,2026-06-29,31.847
美元指數,2026-06-29,101.11
費城半導體,2026-06-29,13709.6602
那斯達克,2026-06-29,25820.1406
VIX,2026-06-30,16.45
加權指數,2026-06-30,46125.9102
台積電ADR,2026-06-30,477.57
美元兌台幣,2026-06-30,31.8659
美元指數,2026-06-30,101.19
費城半導體,2026-06-30,14246.96
那斯達克,2026-06-30,26213.7207
VIX,2026-07-01,16.59
加權指數,2026-07-01,47018.9883
台積電ADR,2026-07-01,444.23
美元兌台幣,2026-07-01,31.8344
美元指數,2026-07-01,101.39
費城半導體,2026-07-01,13353.2803
那斯達克,2026-07-01,26040.0293
VIX,2026-07-02,16.15
加權指數,2026-07-02,46744.1602
台積電ADR,2026-07-02,434.16
美元兌台幣,2026-07-02,31.8948
美元指數,2026-07-02,100.86
費城半導體,2026-07-02,12626.2197
那斯達克,2026-07-02,25832.6699
加權指數,2026-07-03,46780.6211
美元兌台幣,2026-07-03,31.9309
VIX,2026-07-06,15.57
加權指數,2026-07-06,46556.3906
台積電ADR,2026-07-06,451.79
美元兌台幣,2026-07-06,31.928
美元指數,2026-07-06,100.85
費城半導體,2026-07-06,12900.1396
那斯達克,2026-07-06,26121.1602
VIX,2026-07-07,16.13
加權指數,2026-07-07,45479.1094
台積電ADR,2026-07-07,432.57
美元兌台幣,2026-07-07,32.0549
美元指數,2026-07-07,101.14
費城半導體,2026-07-07,12300.5195
那斯達克,2026-07-07,25818.6895
VIX,2026-07-08,16.9
加權指數,2026-07-08,45734.4102
台積電ADR,2026-07-08,436.98
美元兌台幣,2026-07-08,32.1359
美元指數,2026-07-08,101.05
費城半導體,2026-07-08,12574.9697
那斯達克,2026-07-08,25870.6504
VIX,2026-07-09,15.84
加權指數,2026-07-09,45354.6094
台積電ADR,2026-07-09,436.96
美元兌台幣,2026-07-09,32.1092
美元指數,2026-07-09,100.94
費城半導體,2026-07-09,12960.0
那斯達克,2026-07-09,26206.8906
VIX,2026-07-10,15.03
台積電ADR,2026-07-10,434.11
美元兌台幣,2026-07-10,32.0972
美元指數,2026-07-10,100.97
費城半導體,2026-07-10,12967.1602
那斯達克,2026-07-10,26281.6094
VIX,2026-07-13,17.16
加權指數,2026-07-13,45380.5195
台積電ADR,2026-07-13,421.58
美元兌台幣,2026-07-13,32.0991
美元指數,2026-07-13,101.28
費城半導體,2026-07-13,12347.7803
那斯達克,2026-07-13,25873.1797
VIX,2026-07-14,16.5
加權指數,2026-07-14,44737.9492
台積電ADR,2026-07-14,420.39
美元兌台幣,2026-07-14,32.162
美元指數,2026-07-14,100.94
費城半導體,2026-07-14,12661.9297
那斯達克,2026-07-14,26107.0098
VIX,2026-07-15,15.67
加權指數,2026-07-15,45631.5898
台積電ADR,2026-07-15,419.48
美元兌台幣,2026-07-15,32.1339
美元指數,2026-07-15,100.5
費城半導體,2026-07-15,12398.8896
那斯達克,2026-07-15,26269.2305
VIX,2026-07-16,16.73
加權指數,2026-07-16,45624.9805
台積電ADR,2026-07-16,409.74
美元兌台幣,2026-07-16,32.2109
美元指數,2026-07-16,100.73
費城半導體,2026-07-16,11867.5
那斯達克,2026-07-16,25881.9492
VIX,2026-07-17,18.77
加權指數,2026-07-17,42671.2695
台積電ADR,2026-07-17,398.37
美元兌台幣,2026-07-17,32.2643
美元指數,2026-07-17,100.75
費城半導體,2026-07-17,11673.8896
那斯達克,2026-07-17,25520.2402
VIX,2026-07-20,18.65
加權指數,2026-07-20,42449.6992
台積電ADR,2026-07-20,402.3
美元兌台幣,2026-07-20,32.313
美元指數,2026-07-20,100.99
費城半導體,2026-07-20,11743.8496
那斯達克,2026-07-20,25508.0703
VIX,2026-07-21,17.05
加權指數,2026-07-21,44232.8711
台積電ADR,2026-07-21,424.61
美元兌台幣,2026-07-21,32.2759
美元指數,2026-07-21,101.18
費城半導體,2026-07-21,12356.1602
那斯達克,2026-07-21,25837.2109
VIX,2026-07-22,16.64
加權指數,2026-07-22,44825.7812
台積電ADR,2026-07-22,421.21
美元兌台幣,2026-07-22,32.3254
美元指數,2026-07-22,101.14
費城半導體,2026-07-22,12410.6699
那斯達克,2026-07-22,25690.9004
VIX,2026-07-23,18.7
加權指數,2026-07-23,44850.8086
台積電ADR,2026-07-23,415.58
美元兌台幣,2026-07-23,32.3791
美元指數,2026-07-23,101.43
費城半導體,2026-07-23,12343.8398
那斯達克,2026-07-23,25137.6895
VIX,2026-07-24,18.58
加權指數,2026-07-24,43654.8398
台積電ADR,2026-07-24,403.41
美元兌台幣,2026-07-24,32.299
美元指數,2026-07-24,101.47
費城半導體,2026-07-24,11818.8799
那斯達克,2026-07-24,24975.8203
VIX,2026-07-27,18.67
加權指數,2026-07-27,43634.1914
台積電ADR,2026-07-27,399.09
美元兌台幣,2026-07-27,32.3223
美元指數,2026-07-27,101.51
費城半導體,2026-07-27,11554.8799
那斯達克,2026-07-27,24932.0801
VIX,2026-07-28,18.21
加權指數,2026-07-28,41603.3594
台積電ADR,2026-07-28,392.31
美元兌台幣,2026-07-28,32.302
美元指數,2026-07-28,101.38
費城半導體,2026-07-28,11035.6797
那斯達克,2026-07-28,24876.9102
VIX,2026-07-29,20.66
加權指數,2026-07-29,40039.1797
台積電ADR,2026-07-29,374.67
美元兌台幣,2026-07-29,32.3638
美元指數,2026-07-29,100.8
費城半導體,2026-07-29,10447.4902
那斯達克,2026-07-29,24442.9395
VIX,2026-07-30,17.09
加權指數,2026-07-30,39933.3008
台積電ADR,2026-07-30,403.31
美元兌台幣,2026-07-30,32.3489
美元指數,2026-07-30,100.01
費城半導體,2026-07-30,11302.9902
那斯達克,2026-07-30,25122.1797
VIX,2026-07-31,15.99
加權指數,2026-07-31,43119.75
台積電ADR,2026-07-31,404.25
美元兌台幣,2026-07-31,32.395
美元指數,2026-07-31,99.8
費城半導體,2026-07-31,11311.0801
那斯達克,2026-07-31,25373.8496
VIX,2026-08-03,15.86
加權指數,2026-08-03,43386.4102
台積電ADR,2026-08-03,406.11
美元兌台幣,2026-08-03,32.2931
美元指數,2026-08-03,99.96
費城半導體,2026-08-03,11430.3496
那斯達克,2026-08-03,25913.9004
VIX,2026-08-04,16.5
加權指數,2026-08-04,43360.6602
台積電ADR,2026-08-04,417.17
美元兌台幣,2026-08-04,32.396
美元指數,2026-08-04,99.89
費城半導體,2026-08-04,12179.2598
那斯達克,2026-08-04,26584.9902
VIX,2026-08-05,15.81
加權指數,2026-08-05,44611.6016
台積電ADR,2026-08-05,414.0
美元兌台幣,2026-08-05,32.3951
美元指數,2026-08-05,99.69
費城半導體,2026-08-05,12008.8799
那斯達克,2026-08-05,26363.4395
VIX,2026-08-06,15.15
加權指數,2026-08-06,44396.6992
台積電ADR,2026-08-06,418.2
美元兌台幣,2026-08-06,32.2648
美元指數,2026-08-06,99.97
費城半導體,2026-08-06,12048.6904
那斯達克,2026-08-06,26348.3496
VIX,2026-08-07,14.9
加權指數,2026-08-07,44225.9102
台積電ADR,2026-08-07,420.04
美元兌台幣,2026-08-07,32.2068
美元指數,2026-08-07,99.6
費城半導體,2026-08-07,12356.79
那斯達克,2026-08-07,26690.6191
VIX,2026-08-10,15.46
加權指數,2026-08-10,44928.7617
台積電ADR,2026-08-10,418.47
美元兌台幣,2026-08-10,32.2351
美元指數,2026-08-10,99.81
費城半導體,2026-08-10,11993.8604
那斯達克,2026-08-10,26605.3594
VIX,2026-08-11,15.28
加權指數,2026-08-11,45120.7188
台積電ADR,2026-08-11,422.06
美元兌台幣,2026-08-11,32.2271
美元指數,2026-08-11,99.82
費城半導體,2026-08-11,12098.4697
那斯達克,2026-08-11,26445.4492
VIX,2026-08-12,14.55
加權指數,2026-08-12,45518.0703
台積電ADR,2026-08-12,429.15
美元兌台幣,2026-08-12,32.2091
美元指數,2026-08-12,100.01
費城半導體,2026-08-12,12399.3799
那斯達克,2026-08-12,26588.4902
VIX,2026-08-13,14.63
加權指數,2026-08-13,46021.4805
台積電ADR,2026-08-13,430.49
美元兌台幣,2026-08-13,32.2023
美元指數,2026-08-13,99.96
費城半導體,2026-08-13,12456.0
那斯達克,2026-08-13,26803.0293
VIX,2026-08-14,14.25
加權指數,2026-08-14,45811.0117
台積電ADR,2026-08-14,426.35
美元兌台幣,2026-08-14,32.1241
美元指數,2026-08-14,99.67
費城半導體,2026-08-14,12417.0498
那斯達克,2026-08-14,26729.1602
VIX,2026-08-17,15.19
加權指數,2026-08-17,45857.2695
台積電ADR,2026-08-17,430.97
美元兌台幣,2026-08-17,31.9902
美元指數,2026-08-17,99.64
費城半導體,2026-08-17,12621.0
那斯達克,2026-08-17,26644.9102
VIX,2026-08-18,15.84
加權指數,2026-08-18,45308.6797
台積電ADR,2026-08-18,413.41
美元兌台幣,2026-08-18,31.8503
美元指數,2026-08-18,99.65
費城半導體,2026-08-18,11992.46
那斯達克,2026-08-18,26289.7109
VIX,2026-08-19,14.89
加權指數,2026-08-19,44719.3516
台積電ADR,2026-08-19,412.09
美元兌台幣,2026-08-19,31.8819
美元指數,2026-08-19,98.83
費城半導體,2026-08-19,11738.2305
那斯達克,2026-08-19,26331.0898
VIX,2026-08-20,16.01
加權指數,2026-08-20,44933.7383
台積電ADR,2026-08-20,416.0
美元兌台幣,2026-08-20,31.8151
美元指數,2026-08-20,98.9
費城半導體,2026-08-20,11800.0195
那斯達克,2026-08-20,26067.1699
VIX,2026-08-21,15.13
加權指數,2026-08-21,45224.2891
台積電ADR,2026-08-21,418.95
美元兌台幣,2026-08-21,31.8383
美元指數,2026-08-21,98.8
費城半導體,2026-08-21,11740.3701
那斯達克,2026-08-21,26180.4609
VIX,2026-08-24,15.85
加權指數,2026-08-24,44762.3203
台積電ADR,2026-08-24,410.12
美元兌台幣,2026-08-24,31.822
美元指數,2026-08-24,99.0
費城半導體,2026-08-24,11423.1699
那斯達克,2026-08-24,25980.1895
VIX,2026-08-25,15.45
加權指數,2026-08-25,45169.4609
台積電ADR,2026-08-25,417.41
美元兌台幣,2026-08-25,31.812
美元指數,2026-08-25,98.92
費城半導體,2026-08-25,11588.04
那斯達克,2026-08-25,26151.3008
VIX,2026-08-26,15.21
加權指數,2026-08-26,45832.6211
台積電ADR,2026-08-26,417.69
美元兌台幣,2026-08-26,31.8419
美元指數,2026-08-26,99.17
費城半導體,2026-08-26,11611.2402
那斯達克,2026-08-26,26130.1992
VIX,2026-08-27,14.51
加權指數,2026-08-27,45975.2188
台積電ADR,2026-08-27,427.3
美元兌台幣,2026-08-27,31.8059
美元指數,2026-08-27,99.16
費城半導體,2026-08-27,11882.1699
那斯達克,2026-08-27,26541.3496
VIX,2026-08-28,14.43
加權指數,2026-08-28,46331.4492
台積電ADR,2026-08-28,417.52
美元兌台幣,2026-08-28,31.6609
美元指數,2026-08-28,99.7
費城半導體,2026-08-28,11469.6602
那斯達克,2026-08-28,26402.4199
VIX,2026-08-31,14.92
加權指數,2026-08-31,46128.4688
台積電ADR,2026-08-31,415.32
美元兌台幣,2026-08-31,31.626
美元指數,2026-08-31,99.43
費城半導體,2026-08-31,11535.0498
那斯達克,2026-08-31,26370.8906
VIX,2026-09-01,16.34
加權指數,2026-09-01,46948.7188
台積電ADR,2026-09-01,414.0
美元兌台幣,2026-09-01,31.688
美元指數,2026-09-01,99.67
費城半導體,2026-09-01,11288.6104
那斯達克,2026-09-01,26099.7695
VIX,2026-09-02,15.2
加權指數,2026-09-02,46164.7188
台積電ADR,2026-09-02,415.5
美元兌台幣,2026-09-02,31.675
美元指數,2026-09-02,99.56
費城半導體,2026-09-02,11339.25
那斯達克,2026-09-02,26217.8301
VIX,2026-09-03,14.32
加權指數,2026-09-03,45857.6602
台積電ADR,2026-09-03,417.01
美元兌台幣,2026-09-03,31.7262
美元指數,2026-09-03,99.0
費城半導體,2026-09-03,11352.1299
那斯達克,2026-09-03,26584.0605
VIX,2026-09-04,14.53
加權指數,2026-09-04,46551.1289
台積電ADR,2026-09-04,428.91
美元兌台幣,2026-09-04,31.6954
美元指數,2026-09-04,99.16
費城半導體,2026-09-04,11735.2598
那斯達克,2026-09-04,26506.9902
VIX,2026-09-07,15.3
加權指數,2026-09-07,47326.2695
美元兌台幣,2026-09-07,31.621
VIX,2026-09-08,15.72
加權指數,2026-09-08,47105.7812
台積電ADR,2026-09-08,439.0
美元兌台幣,2026-09-08,31.5049
美元指數,2026-09-08,98.84
費城半導體,2026-09-08,11887.8701
那斯達克,2026-09-08,26421.4102
VIX,2026-09-09,16.46
加權指數,2026-09-09,47183.3594
台積電ADR,2026-09-09,435.36
美元兌台幣,2026-09-09,31.4992
美元指數,2026-09-09,98.77
費城半導體,2026-09-09,11931.3203
那斯達克,2026-09-09,26253.3398
VIX,2026-09-10,17.84
加權指數,2026-09-10,46940.4883
台積電ADR,2026-09-10,428.03
美元兌台幣,2026-09-10,31.464
美元指數,2026-09-10,99.09
費城半導體,2026-09-10,11614.1699
那斯達克,2026-09-10,26081.7207
VIX,2026-09-11,15.84
加權指數,2026-09-11,46184.8516
台積電ADR,2026-09-11,433.24
美元兌台幣,2026-09-11,31.635
美元指數,2026-09-11,99.12
費城半導體,2026-09-11,11824.0
那斯達克,2026-09-11,26333.0391
VIX,2026-09-14,17.1
加權指數,2026-09-14,45862.5195
台積電ADR,2026-09-14,418.01
美元兌台幣,2026-09-14,31.6762
美元指數,2026-09-14,99.46
費城半導體,2026-09-14,11131.2803
那斯達克,2026-09-14,26186.4102
VIX,2026-09-15,17.2
加權指數,2026-09-15,45511.4883
台積電ADR,2026-09-15,413.75
美元兌台幣,2026-09-15,31.7176
美元指數,2026-09-15,99.65
費城半導體,2026-09-15,11175.5498
那斯達克,2026-09-15,25981.5703
VIX,2026-09-16,17.71
加權指數,2026-09-16,45848.8984
台積電ADR,2026-09-16,417.72
美元兌台幣,2026-09-16,31.7734
美元指數,2026-09-16,100.31
費城半導體,2026-09-16,11246.1104
那斯達克,2026-09-16,25978.4297
VIX,2026-09-17,15.44
加權指數,2026-09-17,46288.0
台積電ADR,2026-09-17,430.26
美元兌台幣,2026-09-17,31.8596
美元指數,2026-09-17,100.22
費城半導體,2026-09-17,11599.4902
那斯達克,2026-09-17,26418.3008
VIX,2026-09-18,14.81
加權指數,2026-09-18,47180.75
台積電ADR,2026-09-18,434.67
美元兌台幣,2026-09-18,31.8511
美元指數,2026-09-18,100.22
費城半導體,2026-09-18,11921.6904
那斯達克,2026-09-18,26522.5391
VIX,2026-09-21,14.87
加權指數,2026-09-21,47718.8398
台積電ADR,2026-09-21,445.14
美元兌台幣,2026-09-21,31.8091
美元指數,2026-09-21,100.43
費城半導體,2026-09-21,12433.1699
那斯達克,2026-09-21,27122.0898
VIX,2026-09-22,14.21
加權指數,2026-09-22,47800.1719
台積電ADR,2026-09-22,452.0
美元兌台幣,2026-09-22,31.7384
美元指數,2026-09-22,100.6
費城半導體,2026-09-22,12689.8203
那斯達克,2026-09-22,27244.2793
VIX,2026-09-23,15.18
加權指數,2026-09-23,48157.2891
台積電ADR,2026-09-23,446.57
美元兌台幣,2026-09-23,31.6795
美元指數,2026-09-23,101.1
費城半導體,2026-09-23,12534.2803
那斯達克,2026-09-23,26936.0391
VIX,2026-09-24,15.67
加權指數,2026-09-24,48024.6016
台積電ADR,2026-09-24,451.15
美元兌台幣,2026-09-24,31.7895
美元指數,2026-09-24,101.29
費城半導體,2026-09-24,12492.54
那斯達克,2026-09-24,26939.3691
VIX,2026-09-25,14.87
台積電ADR,2026-09-25,450.61
美元兌台幣,2026-09-25,31.8062
美元指數,2026-09-25,100.97
費城半導體,2026-09-25,12668.9297
那斯達克,2026-09-25,27068.7207
VIX,2026-09-28,16.07
台積電ADR,2026-09-28,452.88
美元兌台幣,2026-09-28,31.7787
美元指數,2026-09-28,101.2
費城半導體,2026-09-28,12465.2402
那斯達克,2026-09-28,26820.3809
VIX,2026-09-29,16.04
加權指數,2026-09-29,47631.9609
台積電ADR,2026-09-29,456.94
美元兌台幣,2026-09-29,31.7822
美元指數,2026-09-29,101.37
費城半導體,2026-09-29,12629.1602
那斯達克,2026-09-29,26797.5391
VIX,2026-09-30,16.34
加權指數,2026-09-30,47940.1289
台積電ADR,2026-09-30,456.19
美元兌台幣,2026-09-30,31.853
美元指數,2026-09-30,101.45
費城半導體,2026-09-30,12603.1377
那斯達克,2026-09-30,27070.2969
VIX,2026-10-01,16.39
加權指數,2026-10-01,48353.4883
台積電ADR,2026-10-01,459.2
美元兌台幣,2026-10-01,31.936
美元指數,2026-10-01,102.1
費城半導體,2026-10-01,12736.9199
那斯達克,2026-10-01,26821.1621
VIX,2026-10-02,15.31
加權指數,2026-10-02,48475.7383
台指期夜盤,2026-10-02,48475.0
台積電ADR,2026-10-02,472.78
美元兌台幣,2026-10-02,31.874
美元指數,2026-10-02,101.93
費城半導體,2026-10-02,13238.3652
那斯達克,2026-10-02,27180.3672
